battery_id,cycle_index,cycle,time_seconds,capacity_ahr,ambient_temp_c,voltage_measured_mean,voltage_measured_min,voltage_measured_max,current_measured_mean,current_measured_std,temperature_measured_mean,temperature_measured_max,current_load_mean,voltage_load_mean,discharge_time_sec,re_ohm_interp,rct_ohm_interp,sense_current_interp,battery_current_interp,current_ratio_interp,battery_impedance_interp,rectified_impedance_interp,regen_cycles,capacity_after_regen,capacity_deg,cluster,dcr,lli,lam,soh,capacity_derivative,regen_strength,impedance_sum,impedance_growth,dcr_growth,lli_scaled,lli_smooth,lam_scaled,lam_smooth,dcr_scaled,dcr_smooth,temp_rise,thermal_stress,ir_drop,voltage_range,C_rate_avg,C_rate_max,current_temp_product,load_temp_interact,cycle_diff_time,cycle_duration_rate,battery_encoded,_crate_bin,_temp_bin,C_rate_abs,C_rate_max_abs,current_temp_product_abs,load_temp_interact_abs,ir_drop_abs,impedance_growth_log,dcr_growth_log,capacity_smooth
B0006,1,1,1207149941.0,2.035337591005598,24.0,3.556946061827572,2.4757677568281857,4.179823027658306,-1.990533350635129,0.2014980448792201,32.14277785992152,39.16298653238707,-1.9788233502538075,2.650081218274112,3690.234,0.0625493835344991,0.0775258483204754,782.7203482875194,250.45339718019392,3.204612669706172,0.5918465642769367,0.103149830778563,1.0,2.035337591005598,41.74552477030949,0.0,0.0,0.0,0.0,1.0,-0.0097530215577461,0.0,0.1400752318549745,0.0,0.0,0.132359869196964,-0.006036311562381,-0.0616046142506126,0.0,-0.3362197248490324,0.0,15.162986532387071,0.0041089498748271,-0.90686484355346,1.70405527083012,-0.9779868256025678,-0.779987195791116,-30.18243038794778,-14.82920106546372,17678.0,5.797782126547359,1,3,1,0.9779868256025678,0.779987195791116,30.18243038794778,14.82920106546372,0.90686484355346,0.0,0.0,2.035337591005598
B0006,3,2,1207165428.0,2.025140246031412,24.0,3.56147580138708,2.35152551190002,4.177288238505559,-1.990277542145709,0.2019092784154672,32.29307515705474,39.2462026826329,-1.9786683673469383,2.655775510204082,3672.344,0.0625493835344991,0.0776625282052546,784.1047608490053,255.55465308285767,3.164029117163407,0.5716602734826255,0.1015306060188037,1.0,2.035337591005598,41.74552477030949,0.0,0.0,-0.0090411271034478,0.0,0.9949898508143076,-0.0101973449741858,0.0101973449741858,0.1402119117397537,0.0975760539485986,0.0,0.1015843700524511,-0.0072612559142834,-0.0616046142506126,0.0,-0.3362197248490324,0.0,15.246202682632898,0.0041516270487265,-0.905700291182998,1.8257627266055396,-0.977861142035171,-0.7794574185363993,-30.34417480224592,-14.908669166939092,15487.0,4.217197517442751,1,3,1,0.977861142035171,0.7794574185363993,30.34417480224592,14.908669166939092,0.905700291182998,0.0931041610137024,0.0,2.025140246031412
B0006,5,3,1207180866.0,2.013326371345464,24.0,3.566752469641321,2.440479715106544,4.1781213228923,-1.9899467848963857,0.2024727155112687,32.24414709253608,38.999202460252846,-1.9785333333333333,2.6617999999999995,3651.641,0.0625493835344991,0.077799917256621,785.4891734104912,260.6559089855214,3.1234455646206425,0.5514739826883144,0.0999113812590444,1.0,2.035337591005598,41.74552477030949,0.0,0.0,-0.0090678075836953,0.0,0.9891854698908896,-0.0118138746859481,0.022011219660134,0.1403493007911201,0.1956583833984045,0.0,0.1014935511658635,-0.0066304592801792,-0.0616046142506126,0.0,-0.3362197248490324,0.0,14.999202460252846,0.0041075238393502,-0.9049524696413216,1.7376416077857564,-0.9776986347191254,-0.7787412565362223,-29.847614711790108,-14.664699767264954,15438.0,4.227688318757449,1,3,1,0.9776986347191254,0.7787412565362223,29.847614711790108,14.664699767264954,0.9049524696413216,0.1786969821176467,0.0,2.013326371345464
B0006,7,4,1207196197.0,2.0132846655407413,24.0,3.5687953371516272,2.479155853900392,4.1785623580417175,-1.989600928209944,0.202976043273228,32.14711742429942,38.84362777186652,-1.9784103092783505,2.6641443298969074,3631.563,0.0625493835344991,0.0779380154745745,786.873585971977,265.7571648881852,3.082862012077878,0.5312876918940032,0.0982921564992851,1.0,2.035337591005598,41.74552477030949,0.0,0.0,-0.0109360889699907,0.0,0.9891649790372312,-4.170580472262486e-05,0.0220529254648567,0.1404873990090736,0.2942469883493385,0.0,0.0951340241348015,-0.0097833960237201,-0.0616046142506126,0.0,-0.3362197248490324,0.0,14.843627771866522,0.0040873937122562,-0.9046510072547198,1.699406504141325,-0.9775287087629596,-0.7780767416097193,-29.532895592908535,-14.51007228919069,15331.0,4.221598248466508,1,3,1,0.9775287087629596,0.7780767416097193,29.532895592908535,14.51007228919069,0.9046510072547198,0.2579290498505475,0.0,2.0132846655407413
B0006,9,5,1207211605.0,2.000528337624771,24.0,3.563970503289941,2.280187848173442,4.17824995156942,-1.98954836065757,0.2027939059818593,32.06687277315468,38.97798888258284,-1.9784381443298968,2.659417525773196,3629.172,0.0625493835344991,0.0780768228591152,788.2579985334629,270.8584207908489,3.042278459535113,0.5111014010996919,0.0966729317395258,1.0,2.035337591005598,41.74552477030949,0.0,0.0,-0.0041072727437622,0.0,0.9828975529491258,-0.0127563279159703,0.034809253380827,0.1406262063936142,0.3933418688014799,0.0,0.1183789387924206,-0.0105733954216628,-0.0616046142506126,0.0,-0.3362197248490324,0.0,14.977988882582842,0.0041271091264284,-0.9045529775167452,1.898062103395978,-0.9775028813264792,-0.7782298891915198,-29.79943322729,-14.6410272892007,15408.0,4.245596516228979,1,3,1,0.9775028813264792,0.7782298891915198,29.79943322729,14.6410272892007,0.9045529775167452,0.3317050837838683,0.0,2.000528337624771
B0006,11,6,1207227310.0,2.0138990759931645,24.0,3.5735512387791406,2.4392842568466446,4.193216523251186,-1.9901040351037365,0.2022953831615659,32.03447836207717,38.83989920742278,-1.9786574358974365,2.6672923076923074,3652.281,0.0625493835344991,0.0782163394102431,789.6424110949488,275.9596766935127,3.0016949069923484,0.4909151103053807,0.0950537069797665,1.0,2.035337591005598,41.74552477030949,0.0,0.0,-0.0157646837177046,0.0,0.989466850557287,0.0133707383683936,0.0214385150124334,0.1407657229447422,0.4929430247548484,0.0,0.0786977533217521,-0.0094452157633023,-0.0616046142506126,0.0,-0.3362197248490324,0.0,14.839899207422782,0.004063186596929,-0.9062589310868332,1.7539322664045414,-0.9777758947314048,-0.7789927700486573,-29.532943293224815,-14.510095725261674,15705.0,4.300052487745521,1,3,1,0.9777758947314048,0.7789927700486573,29.532943293224815,14.510095725261674,0.9062589310868332,0.400749356244721,0.0,2.000528337624771
B0006,13,7,1207243036.0,2.013101105626967,24.0,3.5711391343785897,2.2812068449406446,4.193732603145628,-1.9900886222380367,0.2021566588924074,32.11157496697372,39.04610837498471,-1.9786112820512824,2.6654256410256414,3650.828,0.0625493835344991,0.0783565651279581,791.0268236564347,281.06093259617643,2.961111354449584,0.4707288195110696,0.0934344822200072,1.0,2.035337591005598,41.74552477030949,0.0,0.0,-0.0129911240931612,0.0,0.98907479256665,-0.0007979703661975,0.0222364853786309,0.1409059486624572,0.5930504562093253,0.0,0.0881387976601112,-0.0080056576703337,-0.0616046142506126,0.0,-0.3362197248490324,0.0,15.046108374984712,0.0041212865615637,-0.9057134933529484,1.912525758204984,-0.977768322097872,-0.7791215131493824,-29.943089086017512,-14.711608139911542,15726.0,4.3075159936309495,1,3,1,0.977768322097872,0.7791215131493824,29.943089086017512,14.711608139911542,0.9057134933529484,0.4656507041295905,0.0,2.000528337624771
B0006,15,8,1207258094.0,1.96878982627284,24.0,3.568150746216304,2.366410527029613,4.176826628115461,-1.9891170520197208,0.2044815234039151,32.112576242471775,38.87507521022778,-1.9781267015706805,2.662795811518324,3572.453,0.0625493835344991,0.0784975000122603,792.4112362179205,286.1621884988402,2.920527801906819,0.4505425287167584,0.0918152574602479,1.0,2.035337591005598,41.74552477030949,0.0,0.0,-0.003426909291893,0.0,0.9673038197560736,-0.0443112793541269,0.0665477647327579,0.1410468835467594,0.6936641631650093,0.0,0.1206948585435071,-0.0075199629827388,-0.0616046142506126,0.0,-0.3362197248490324,0.0,14.875075210227775,0.00416382670681,-0.90535493469798,1.810416101085848,-0.9772909712042748,-0.7763596621112987,-29.588265750739904,-14.537276698940136,15058.0,4.215030960518105,1,3,1,0.9772909712042748,0.7763596621112987,29.588265750739904,14.537276698940136,0.90535493469798,0.5268943257875074,0.0,1.96878982627284
B0006,17,9,1207273095.0,1.9681661764334244,24.0,3.569283415581244,2.436020049578708,4.176369138969733,-1.9892116643905464,0.2046990658224278,32.03566207329278,38.7260539826455,-1.9779873684210525,2.6642578947368416,3550.594,0.0625493835344991,0.0786391440631496,793.7956487794064,291.26344440150393,2.8799442493640544,0.4303562379224471,0.0901960327004886,1.0,2.035337591005598,41.74552477030949,0.0,0.0,-0.0037382985051479,0.0,0.966997408749776,-0.0006236498394156,0.0671714145721735,0.1411885275976487,0.7947841456218414,0.0,0.1196349067967296,-0.0048076075084822,-0.0616046142506126,0.0,-0.3362197248490324,0.0,14.726053982645505,0.004147490246038,-0.9050255208444024,1.740349089391025,-0.9773374560582848,-0.7761923815247577,-29.293238352723296,-14.392324137175727,15001.0,4.224926871389907,1,3,1,0.9773374560582848,0.7761923815247577,29.293238352723296,14.392324137175727,0.9050255208444024,0.5848847615737898,0.0,1.9681661764334244
B0006,19,10,1207288088.0,1.9572307917560536,24.0,3.563388513484579,2.1864377487643725,4.176897989902666,-1.989191243247005,0.2048713624028979,31.99527968872302,38.98629728904917,-1.977964210526316,2.6590000000000003,3551.25,0.0625493835344991,0.0787814972806262,795.1800613408923,296.3647003041677,2.8393606968212897,0.4101699471281359,0.0885768079407293,1.0,2.035337591005598,41.74552477030949,0.0,0.0,-0.0016787993057876,0.0,0.9616246466459876,-0.0109353846773707,0.0781067992495443,0.1413308808151253,0.8964104035799204,0.0,0.1266453287411205,-0.0026852002956001,-0.0616046142506126,0.0,-0.3362197248490324,0.0,14.986297289049167,0.0042200062763942,-0.9043885134845788,1.9904602411382932,-0.977327422762766,-0.7760130430671399,-29.81061133607293,-14.646519306263048,14993.0,4.221893699400431,1,3,1,0.977327422762766,0.7760130430671399,29.81061133607293,14.646519306263048,0.9043885134845788,0.6399628379936135,0.0,1.9572307917560536
B0006,21,11,1207303039.0,1.9455991514129352,24.0,3.566658719765511,2.3406023605912454,4.177579509962451,-1.9891317699701736,0.2054573708045248,31.87412757184136,38.65978861919643,-1.977943915343916,2.660603174603174,3530.25,0.0625493835344991,0.0789245596646899,796.5644739023782,301.46595620683144,2.798777144278525,0.3899836563338247,0.08695758318097,1.0,2.035337591005598,41.74552477030949,0.0,0.0,-0.0022029063464217,0.0,0.9559098009149796,-0.0116316403431184,0.0897384395926628,0.141473943199189,0.9985429370391476,0.0,0.1248612972153922,-0.0024452199342138,-0.0616046142506126,0.0,-0.3362197248490324,0.0,14.659788619196434,0.0041526205280623,-0.9060555451623368,1.8369771493712053,-0.9772982024127536,-0.7754079886108561,-29.16025128349081,-14.326985065291618,14951.0,4.235110827843854,1,3,1,0.9772982024127536,0.7754079886108561,29.16025128349081,14.326985065291618,0.9060555451623368,0.6924183835714983,0.0,1.9455991514129352
B0006,24,12,1207331787.0,1.934750504484113,24.0,3.568703597012284,2.4263021374140443,4.177996110793395,-1.9887805507702208,0.2065843983752092,32.120959708576166,38.84979195732924,-1.977655614973262,2.662352941176471,3491.016,0.0625493835344991,0.0790683312153407,797.948886463864,306.5672121094952,2.7581935917357603,0.3697973655395136,0.0853383584212107,1.0,2.035337591005598,41.74552477030949,0.0,0.0,-0.0023790880287504,0.0,0.9505796547137972,-0.0108486469288222,0.100587086521485,0.1416177147498398,1.1011817459995223,0.0,0.1242615844636803,-0.0019937101133585,-0.0616046142506126,0.0,-0.3362197248490324,0.0,14.849791957329238,0.0042537163843777,-0.906350655835813,1.7516939733793508,-0.977125641751892,-0.7741279678656222,-29.53297742772044,-14.510112496187418,28748.0,8.234851974322593,1,3,1,0.977125641751892,0.7741279678656222,29.53297742772044,14.510112496187418,0.906350655835813,0.7424999226429919,0.0,1.934750504484113
B0006,26,13,1207346514.0,1.9232799539368028,24.0,3.569207084156356,2.475369770000704,4.176316409477926,-1.988732086640128,0.2072942912114452,32.11021168908644,38.75128344015104,-1.9775182795698925,2.6636182795698926,3470.281,0.0625493835344991,0.0792128119325787,799.3332990253499,311.66846801215894,2.717610039192996,0.3496110747452023,0.0837191336614514,1.0,2.035337591005598,41.74552477030949,0.0,0.0,-0.0022270074849617,0.0,0.9449439554578114,-0.01147055054731,0.1120576370687951,0.1417621954670778,1.2043268304610846,0.0,0.1247792582660407,-0.0017881814556292,-0.0616046142506126,0.0,-0.3362197248490324,0.0,14.751283440151042,0.004250746103888,-0.9055888045864636,1.7009466394772224,-0.977101830404682,-0.7734065888627817,-29.336350696551545,-14.41350605018986,14727.0,4.24374856099427,1,3,1,0.977101830404682,0.7734065888627817,29.336350696551545,14.41350605018986,0.9055888045864636,0.7904221699797277,0.0,1.9232799539368028
B0006,28,14,1207362026.0,1.911889930948487,24.0,3.5659271296109383,2.342364523655007,4.177992455010172,-1.988720029036864,0.2072069655826112,31.98906127891816,38.76853764058789,-1.977513978494624,2.6609301075268816,3470.0,0.0625493835344991,0.0793580018164039,800.7177115868358,316.7697239148227,2.677026486650231,0.3294247839508911,0.0820999089016921,1.0,2.035337591005598,41.74552477030949,0.0,0.0,-0.0014807494008714,0.0,0.939347820920401,-0.0113900229883159,0.123447660057111,0.141907385350903,1.3079781904238543,0.0,0.1273194797191545,-0.0013736703065874,-0.0616046142506126,0.0,-0.3362197248490324,0.0,14.768537640587889,0.0042560627206292,-0.9049970220840566,1.8356279313551656,-0.977095906275284,-0.773486474212044,-29.370486605421963,-14.430277670290865,15512.0,4.470317002880556,1,3,1,0.977095906275284,0.773486474212044,29.370486605421963,14.430277670290865,0.9049970220840566,0.8363718990448169,0.0,1.911889930948487
B0006,30,15,1207376701.0,1.9010667141979305,24.0,3.561241727064949,2.188400081882664,4.177439981618572,-1.988787404228788,0.2076990497369646,31.87881444863544,38.84686112344348,-1.977388108108108,2.656816216216216,3450.297,0.0625493835344991,0.0795039008668162,802.1021241483216,321.87097981748644,2.636442934107466,0.30923849315658,0.0804806841419328,1.0,2.035337591005598,41.74552477030949,0.0,0.0,-0.0006511560171408,0.0,0.9340301690486008,-0.0108232167505564,0.1342708768076674,0.1420532844013153,1.412135825887772,0.0,0.1301433699464647,-0.0010502072923251,-0.0616046142506126,0.0,-0.3362197248490324,0.0,14.846861123443482,0.0043030675688032,-0.9044255108487328,1.989039899735908,-0.9771290089861996,-0.7730360363483776,-29.52725039463847,-14.507298696106066,14675.0,4.253257038450819,1,3,1,0.9771290089861996,0.7730360363483776,29.52725039463847,14.507298696106066,0.9044255108487328,0.8805125898365659,0.0,1.9010667141979305
B0006,32,16,1207391432.0,1.8891989948061456,24.0,3.557881987836072,2.1206980945954057,4.17561570814845,-1.98859108959304,0.2080360311620029,31.7674507110244,38.8658897816528,-1.977279347826087,2.653130434782609,3429.407,0.0625493835344991,0.0796505090838158,803.4865367098075,326.9722357201502,2.595859381564701,0.2890522023622688,0.0788614593821736,1.0,2.035337591005598,41.74552477030949,0.0,0.0,-0.0001303506012128,0.0,0.9281993331989462,-0.0118677193917848,0.1461385961994523,0.1421998926183149,1.516799736852937,0.0,0.1319161629233754,-0.0006593813930894,-0.0616046142506126,0.0,-0.3362197248490324,0.0,14.865889781652797,0.0043348280859193,-0.9047515530534632,2.054917613553044,-0.9770325558786076,-0.772608452497304,-29.562175958666977,-14.524458288777907,14731.0,4.295494818782286,1,3,1,0.9770325558786076,0.772608452497304,29.562175958666977,14.524458288777907,0.9047515530534632,0.9229881487656632,0.0,1.8891989948061456
B0006,34,17,1207406081.0,1.878278372248849,24.0,3.56282437243777,2.369981457799298,4.177602520456299,-1.9884892463229664,0.2089614865733148,31.78991634963658,38.647578733807656,-1.9771781420765029,2.657338797814208,3409.484,0.0625493835344991,0.0797978264674024,804.8709492712934,332.07349162281395,2.555275829021937,0.2688659115679576,0.0772422346224143,1.0,2.035337591005598,41.74552477030949,0.0,0.0,-0.0007617729574392,0.0,0.922833824005014,-0.0109206225572966,0.157059218756749,0.1423472100019014,1.62196992331917,0.0,0.1297668359687238,-0.0003910059201901,-0.0616046142506126,0.0,-0.3362197248490324,0.0,14.647578733807656,0.0042961277230816,-0.9054855746235622,1.8076210626570008,-0.9769825183465176,-0.7716490273383685,-29.12655279684549,-14.3104283590343,14649.0,4.296544579765063,1,3,1,0.9769825183465176,0.7716490273383685,29.12655279684549,14.3104283590343,0.9054855746235622,0.9639259143829518,0.0,1.878278372248849
B0006,36,18,1207420765.0,1.8675697161520208,24.0,3.559195328016864,2.247991649924625,4.176354539745044,-1.988347427444488,0.2093662777742531,31.82883467218067,38.79218188173866,-1.9770472527472525,2.6534615384615385,3390.422,0.0625493835344991,0.0799458530175763,806.2553618327793,337.1747475254777,2.514692276479172,0.2486796207736464,0.075623009862655,1.0,2.035337591005598,41.74552477030949,0.0,0.0,-0.0002728779887829,0.0,0.9175724579573612,-0.0107086560968281,0.1677678748535771,0.1424952365520754,1.7276463852867094,0.0,0.1314310075390915,-0.0009149786719726,-0.0616046142506126,0.0,-0.3362197248490324,0.0,14.792181881738657,0.0043629323670428,-0.9057337895553252,1.928362889820419,-0.9769128400390784,-0.7711815858269003,-29.411996790846025,-14.45067241246391,14684.0,4.33102427957218,1,3,1,0.9769128400390784,0.7711815858269003,29.411996790846025,14.45067241246391,0.9057337895553252,1.0034391074175144,0.0,1.8675697161520208
B0006,38,19,1207435595.0,1.8675892574453767,24.0,3.5580906165580983,2.4115317107898875,4.177450270459645,-1.9774549866256104,0.2555143974441181,31.890449470827843,38.77022223929529,-1.9660538461538464,2.6421263736263736,3390.281,0.0625493835344991,0.0800945887343373,807.6397743942651,342.27600342814145,2.4741087239364075,0.2284933299793352,0.0740037851028957,1.0,2.035337591005598,41.74552477030949,0.0,0.0,-0.000138872036375,0.0,0.9175820589657848,1.954129335590693e-05,0.1677483335602212,0.1426439722688364,1.8338291227553571,0.0,0.1318871564270013,-0.001614636865241,-0.0616046142506126,-0.1494377963583475,-0.3362197248490324,-0.57112981995406,14.770222239295292,0.0043566365853718,-0.9159642429317248,1.7659185596697575,-0.9715611770709002,-0.7204830282195962,-29.207449620662967,-14.350174504408525,14830.0,4.374268681562273,1,3,1,0.9715611770709002,0.7204830282195962,29.207449620662967,14.350174504408525,0.9159642429317248,1.0416288440220496,0.0,1.8675697161520208
B0006,41,20,1208553019.0,1.979626548250818,24.0,3.565899462157853,2.203355846859377,4.174584178175673,-1.9892347833261184,0.2038860410248102,31.51177053595285,37.54320599748628,-1.97821875,2.6565104166666664,3591.734,0.0625493835344991,0.0816826308396736,809.024186955751,347.3772593308052,2.4335251713936428,0.208307039185024,0.0723845603431364,1.0,2.035337591005598,41.74552477030949,0.0,0.0,-0.0032710197760531,0.0,0.9726281070025072,0.1120372908054412,0.05571104275478,0.1442320143741727,2.9675356838434768,0.0,0.1212254978771295,-0.0019049746394451,-0.0616046142506126,-0.262431056834004,-0.3362197248490324,-1.068120960827611,13.543205997486282,0.0037706595191855,-0.9093890454911864,1.971228331316296,-0.9773488148302462,-0.7770026493335402,-26.94061644795061,-13.2364363306451,1117424.0,311.109898450077,1,3,1,0.9773488148302462,0.7770026493335402,26.94061644795061,13.2364363306451,0.9093890454911864,1.3781451674154042,0.0,1.8675697161520208
B0006,45,21,1208572149.0,1.9575499080884025,24.0,3.570814209348872,2.35887751155593,4.175224020262452,-1.9890474874073767,0.2051049765214555,31.874488497680712,37.90362577530197,-1.9779547368421049,2.662689473684211,3552.297,0.0607631926266843,0.0787490586468138,810.4085995172369,352.4785152334689,2.392941618850878,0.1881207483907128,0.0707653355833771,1.0,2.035337591005598,41.74552477030949,0.0,-2.8556490997703,-0.003628641567555,-0.7471889817917376,0.9617814345585968,-0.0220766401624155,0.0777876829171955,0.1395122512734981,-0.401913007747265,-1000.0,0.120008172978088,-0.0022129115919572,-0.2028739751104703,-0.3939017741786119,-0.5163877202075987,-1.7857059196174276,13.903625775301968,0.0039139817913023,-0.9081247356646612,1.816346508706522,-0.9772567927895404,-0.7757128549906541,-27.65497191421682,-13.587412733317588,19130.0,5.385247911420305,1,3,1,0.9772567927895404,0.7757128549906541,27.65497191421682,13.587412733317588,0.9081247356646612,-0.337837738004892,-6.90875477931522,1.8675697161520208
B0006,49,22,1208591235.0,1.9458150170787551,24.0,3.5666817833633124,2.218672914041916,4.177217300859919,-1.988682950523383,0.2054837524109853,31.53911453638972,37.6701605139887,-1.9778169312169307,2.660365079365079,3531.578,0.0609950590603117,0.0789753605710973,812.963309069223,353.3144723182369,2.398972019621457,0.186983944983373,0.0711359618524508,1.0,2.035337591005598,41.74552477030949,0.0,-2.4849557043677546,-0.0022134618284599,-0.5649663023782826,0.956015859814876,-0.0117348910096473,0.0895225739268428,0.139970419631409,-0.0748256643442637,-1000.0,0.1248253669353818,-0.0028277383935795,-0.1684215379329576,-0.6216368977709312,-0.4930000126815903,-2.785520597301778,13.670160513988698,0.003870836355302,-0.9063167039982334,1.9585443868180028,-0.9770776888976722,-0.7751615515275527,-27.18561514508729,-13.356808841868292,19086.0,5.404382969877657,1,3,1,0.9770776888976722,0.7751615515275527,27.18561514508729,13.356808841868292,0.9063167039982334,-0.0721584757252009,-6.90875477931522,1.8675697161520208
B0006,53,23,1208610102.0,1.9242461121680088,24.0,3.566839274502584,2.339723057947995,4.176681511062203,-1.9885447318884863,0.2067225742974954,31.220866832188783,37.34166959188387,-1.977594652406417,2.659668449197861,3492.907,0.0603051586942025,0.0786978415955123,812.6975838542401,353.0078787944141,2.40136095969852,0.1846092618671018,0.070609759959643,1.0,2.035337591005598,41.74552477030949,0.0,-3.5879247939490844,-0.0018125627513432,-0.6573535867230392,0.9454186473396275,-0.0215689049107463,0.1110914788375891,0.1390030002897148,-0.7654683439790039,-1000.0,0.1261900053331913,-0.0024678950464053,-0.1858889965398345,-0.7103945330305778,-0.5625882999218944,-3.3695652297708234,13.341669591883871,0.0038196463839088,-0.907170825304723,1.836958453114208,-0.9770097794582556,-0.7738763286641852,-26.530506781537483,-13.034941665571376,18867.0,5.401517990600551,1,3,1,0.9770097794582556,0.7738763286641852,26.530506781537483,13.034941665571376,0.907170825304723,-0.5684160058823101,-6.90875477931522,1.8675697161520208
B0006,57,24,1208629649.0,1.945981133142164,24.0,3.571051969392875,2.399750820894273,4.190384318239257,-1.9885639445355097,0.205949863235092,31.119005145018026,37.28979017254232,-1.977675531914893,2.663840425531915,3511.594,0.0594224939476041,0.0785139209642899,812.4996357354171,349.8130864564654,2.407647657931573,0.1881866991414303,0.0701389204606391,1.0,2.035337591005598,41.74552477030949,0.0,-4.999073388421747,-0.0032130060444865,-1.1386756179615964,0.9560974757905956,0.0217350209741551,0.089356457863434,0.137936414911894,-1.5269058630049848,-1000.0,0.1214229734269995,-0.0016328580336707,-0.2768914836988219,-0.6390861081685573,-0.6516201818291106,-3.3998103984684915,13.289790172542318,0.0037845463264086,-0.90721154386096,1.790633497344984,-0.9770192189964918,-0.7746450634323022,-26.427597567560003,-12.984380415004548,19547.0,5.566417985676714,1,3,1,0.9770192189964918,0.7746450634323022,26.427597567560003,12.984380415004548,0.90721154386096,-0.9269955752408509,-6.90875477931522,1.8675697161520208
B0006,61,25,1208648515.0,1.901407930553079,24.0,3.56663084740298,2.491410879472442,4.176973413125379,-1.9880563928902784,0.2082194776973129,31.03324407815673,37.16794481484507,-1.9772206521739129,2.659152173913044,3431.937000000006,0.0607228019486205,0.0796250218284354,811.5338433690066,351.3035093288327,2.4062637381017384,0.1874460435670905,0.0713632208674899,1.0,2.035337591005598,41.74552477030949,0.0,-2.92022316234523,-0.001471803040182,-0.4437881762982328,0.9341978151219876,-0.0445732025890848,0.1339296604525188,0.1403478237770559,0.1946039399867536,-1000.0,0.1273499326386405,-0.0011694484609629,-0.1455106588398618,-0.627769237380528,-0.5204618129969473,-3.737233936858428,13.167944814845072,0.0038368841895527,-0.907478673489936,1.6855625336529363,-0.9767698492372808,-0.7721654843248874,-26.178616870379138,-12.862051471561056,18866.0,5.497187156988742,1,3,1,0.9767698492372808,0.7721654843248874,26.178616870379138,12.862051471561056,0.907478673489936,0.1778146994746624,-6.90875477931522,1.8675697161520208
B0006,65,26,1208667281.0,1.878674213680085,24.0,3.552739224085492,2.1387303309558976,4.173452155236546,-1.9772969675547487,0.254357010276143,31.001249222460967,37.51577848501052,-1.9663858695652168,2.636086956521739,3431.125,0.0606686017938375,0.0800367208360728,810.7901247613602,352.35550194235924,2.396801611307111,0.1943396003496364,0.0714350729029975,1.0,2.035337591005598,41.74552477030949,0.0,-3.006874943258641,0.0005465434961181,-0.3906468574816353,0.923028308415357,-0.0227337168729941,0.156663377325513,0.1407053226299103,0.4498231144032207,-1000.0,0.1342202731825254,-0.0006594676226109,-0.1354633477480032,-0.559281665332535,-0.52592882841655,-3.574530309362677,13.515778485010522,0.003939168198479,-0.916652267563753,2.034721824280648,-0.9714835393013812,-0.7215426830275061,-26.72470781255302,-13.13035631903148,18766.0,5.469343145468186,1,3,1,0.9714835393013812,0.7215426830275061,26.72470781255302,13.13035631903148,0.916652267563753,0.3714415589243453,-6.90875477931522,1.8675697161520208
B0006,69,27,1208686588.0,1.8683061328264217,24.0,3.556095975504661,2.346064498302046,4.1764585468168685,-1.9771693646864963,0.2551582914599148,30.92143474404136,37.24165964092258,-1.966187978142076,2.63872131147541,3412.406,0.0599397773444957,0.0790784924974372,810.8410105908533,352.3395003577337,2.395324034240974,0.1869996128757714,0.0707940022474521,1.0,2.035337591005598,41.74552477030949,0.0,-4.172073396317436,0.0001035860350787,-0.5083819484381363,0.9179342734506016,-0.0103680808536632,0.1670314581791763,0.1390182698419329,-0.7545673788998125,-1000.0,0.132712470360234,0.0002173270409101,-0.1577232598392096,-0.3823734648677847,-0.5994432771978768,-3.049532149767002,13.241659640922578,0.0038804467114753,-0.9173746640292512,1.8303940485148225,-0.971420845589658,-0.7206926199998336,-26.18100377963771,-12.863224205395456,19307.0,5.657884788619626,1,3,1,0.971420845589658,0.7206926199998336,26.18100377963771,12.863224205395456,0.9173746640292512,-0.5622223187804053,-6.90875477931522,1.8675697161520208
B0006,73,28,1208705825.0,1.8560244070083,24.0,3.5504500858303394,2.327337743316428,4.17626102066065,-1.9660385076397235,0.2937138458930206,30.92936024820721,37.27233216178077,-1.9552841530054643,2.620950819672131,3410.688,0.0608140092741368,0.0803530538882252,811.9024232975155,351.0981709560744,2.406879018332725,0.1887326280194556,0.0718605651250684,1.0,2.035337591005598,41.74552477030949,0.0,-2.774406656470329,0.0007373414404172,-0.3149157264830738,0.9119000283836428,-0.0122817258181215,0.1793131839972979,0.141167063162362,0.7794606406386693,-1000.0,0.1348697388856801,0.0005731243495778,-0.1211450310515949,-0.3675531740473419,-0.5112619895467255,-3.1124998049207537,13.272332161780769,0.0038913943936756,-0.9294992661582082,1.8489232773442223,-0.9659520442023636,-0.6773376668659745,-26.093916116246167,-12.820436383004903,19237.0,5.640211007278989,1,3,1,0.9659520442023636,0.6773376668659745,26.093916116246167,12.820436383004903,0.9294992661582082,0.5763103075097701,-6.90875477931522,1.8560244070083
B0006,77,29,1208724638.0,1.8451997961855773,24.0,3.546007083640312,2.486311723336632,4.172855540858831,-1.9445990482746272,0.3577078373373369,31.00810965793079,37.2071345030198,-1.93344262295082,2.5915628415300547,3410.718,0.0610644095095769,0.0802015855404529,811.2015934694621,351.7978435698371,2.405513917114231,0.1963926930189242,0.0718867518999801,1.0,2.035337591005598,41.74552477030949,0.0,-2.3740825904433724,0.0011709672731187,-0.2541346156378452,0.9065816915777204,-0.0108246108227227,0.1901377948200207,0.1412659950500298,0.8500883209583051,-1000.0,0.1363457773586106,0.00050389565074,-0.1096532814531634,-0.1878679634191969,-0.4860048301584558,-1.9594636977053843,13.207134503019802,0.0038722446426283,-0.9544442421102572,1.6865438175221987,-0.9554184307864336,-0.6039211275947252,-25.682581185007297,-12.618339722060544,18813.0,5.515847396353051,1,3,1,0.9554184307864336,0.6039211275947252,25.682581185007297,12.618339722060544,0.9544442421102572,0.6152333790092087,-6.90875477931522,1.8451997961855773
B0006,81,30,1208744102.0,1.857228890885317,24.0,3.554257954720065,2.292166351092089,4.188187801734904,-1.9769156942357176,0.2558933807761204,30.96779499306422,37.49607769896255,-1.966032967032967,2.635472527472527,3392.719,0.0605258725479965,0.0801752986134318,816.9031837494034,349.33431199528627,2.4316992056056392,0.189342245580884,0.0716200756575421,1.0,2.035337591005598,41.74552477030949,0.0,-3.235061438113989,0.0003071835031564,-0.3696867221960186,0.9124918141799352,0.0120290946997396,0.178108700120281,0.1407011711614283,0.446859372421575,-1000.0,0.1334055049379982,0.0005686670291549,-0.1315004615338157,-0.0858269187326369,-0.5403255213958424,-1.1223059447825814,13.496077698962551,0.0039779532873068,-0.918785427247538,1.8960214506428152,-0.9712962124812364,-0.719845660217849,-26.680607813703737,-13.108689152354806,19464.0,5.736991480872499,1,3,1,0.9712962124812364,0.719845660217849,26.680607813703737,13.108689152354806,0.918785427247538,0.3693952573159976,-6.90875477931522,1.8451997961855773
B0006,85,31,1208878429.0,1.924776088909064,24.0,3.555857469677978,2.434300686181212,4.189991619197343,-1.9997552547832569,0.1470043535498793,31.10097217303459,37.25007396118109,1.988290026954178,2.647320754716981,3470.672,0.0642746866788045,0.0825061044079035,818.0168871883823,347.668844376301,2.449240326872048,0.1924027488115844,0.0728147147911618,1.0,2.035337591005598,41.74552477030949,0.0,2.7583055928182056,0.000200400001929,0.5077791956590891,0.945679034974287,0.0675471980237469,0.110561502096534,0.146780791086708,4.787112678710324,1000.0,0.1330420197759083,0.0006852749851806,0.0344000702091031,-0.0347141078191798,-0.1621933049768038,-0.6724383045249922,13.250073961181087,0.0038177257779407,-0.9085367149609967,1.755690933016131,-0.982517722189134,-0.8380656626121052,-26.496905030138684,-13.018432487177195,134327.0,38.70345569963433,1,3,1,0.982517722189134,0.8380656626121052,26.496905030138684,13.018432487177195,0.9085367149609967,1.7556334934079023,6.90875477931522,1.8451997961855773
B0006,89,32,1208895978.0,1.8822317526092551,24.0,3.5537306734803207,2.472619908000758,4.186982490201218,-1.9884344406296768,0.2090147822320789,31.307368922041046,37.39699052067588,1.9771358904109588,2.633427397260274,3414.109,0.0625579624128181,0.0808266008362798,817.4028719142128,348.4123689948967,2.4369681257622213,0.1913699443474938,0.0725403418452227,1.0,2.035337591005598,41.74552477030949,0.0,0.0137153682965786,0.0004274429271534,0.001823274994664,0.9247761948322796,-0.0425443362998088,0.1531058383963428,0.1433845632490978,2.362538563508693,1000.0,0.133814861399642,0.0008359075167866,-0.0612598916978921,0.00150629186813,-0.3353543977989415,-0.3383426664574807,13.396990520675878,0.003924007851147,-0.9203032762200464,1.7143625822004598,-0.976955591268914,-0.7715697299228185,-26.639037352101223,-13.08826479535094,17549.0,5.140140516894704,1,3,1,0.976955591268914,0.7715697299228185,26.639037352101223,13.08826479535094,0.9203032762200464,1.2126962135636623,6.90875477931522,1.8451997961855773
B0006,93,33,1208913491.0,1.855276687885587,24.0,3.545265000362152,2.403422072720937,4.186483106541616,-1.9771310999966945,0.25597312110332,31.13133998716456,37.2852066420257,1.965976859504132,2.615388429752066,3395.219,0.0622209564526484,0.0812429128613342,817.3897351688977,348.2664415034715,2.4381204762483213,0.1915388009868909,0.0727341016263577,1.0,2.035337591005598,41.74552477030949,0.0,-0.5250684551823842,0.0013203812205456,-0.0593516719157884,0.9115326597829658,-0.026955064723668,0.1800609031200108,0.1434638693139825,2.4191553281346128,-1000.0,0.1368543742136931,0.0012847600571479,-0.0728261030062437,0.0686436724808726,-0.3693472302571159,0.236238470053762,13.2852066420257,0.0039129159686081,-0.929876570610086,1.7830610338206792,-0.9714020454211,-0.7198731372844532,-26.26659522183166,-12.90527690590575,17513.0,5.158135601855092,1,3,1,0.9714020454211,0.7198731372844532,26.26659522183166,12.90527690590575,0.929876570610086,1.229393540492313,-6.90875477931522,1.8451997961855773
B0006,97,34,1208931499.0,1.839250891718188,24.0,3.538408778928339,2.4006679782182205,4.187721936001791,-1.965705768920947,0.2951821945658388,30.82871377910505,37.080390421974414,1.9548204419889503,2.597480662983425,3386.0,0.0621092833197113,0.0819957816220966,818.2331344513688,347.728066925665,2.4433996232864814,0.1922844114066103,0.0731912628107447,1.0,2.035337591005598,41.74552477030949,0.0,-0.7036044001058145,0.001924129931149,-0.0730326172012961,0.9036588818710268,-0.016025796167399,0.1960866992874099,0.1441050649418079,2.8769062201064908,-1000.0,0.1389095016014709,0.0017378417662157,-0.0754127289382908,-0.0314322830130509,-0.3806113814789482,-0.2992912779127644,13.080390421974414,0.0038630804553959,-0.940928115944914,1.787053957783571,-0.9657885633527572,-0.6757313308570221,-25.71219891221341,-12.632891473731837,18008.0,5.318369757824773,1,3,1,0.9657885633527572,0.6757313308570221,25.71219891221341,12.632891473731837,0.940928115944914,1.3550374696179286,-6.90875477931522,1.839250891718188
B0006,101,35,1208948880.0,1.8185396073994429,24.0,3.529768831133268,2.3194299432177345,4.184171356892756,-1.9542494702422435,0.3301024928060525,30.761533072057244,36.98024266357476,1.9434838888888888,2.5765,3368.187,0.062322857341963,0.0818474480993822,818.0342624619233,347.7102024596963,2.4442868284142727,0.1922964210361631,0.0731013460721365,1.0,2.035337591005598,41.74552477030949,0.0,-0.3621557555577753,0.0025514462049626,-0.0339998191323052,0.8934830346748316,-0.0207112843187451,0.2167979836061551,0.1441703054413452,2.9234815483837178,-1000.0,0.1410448516775391,0.0022001164291397,-0.0680328845212124,-0.0357351540189772,-0.3590687774485481,-0.3481310695014858,12.980242663574757,0.0038537773180559,-0.953268831133268,1.8647414136750216,-0.9601598663131596,-0.6357886228372572,-25.36663234890673,-12.463108060570312,17381.0,5.160342938202315,1,3,1,0.9601598663131596,0.6357886228372572,25.36663234890673,12.463108060570312,0.953268831133268,1.366979409728332,-6.90875477931522,1.8185396073994429
B0006,105,36,1208966785.0,1.8134770059567056,24.0,3.53006768404233,2.340173173498008,4.186779863144672,-1.9490605727432448,0.3456683188151143,31.30305692941581,37.59874124546701,1.9379655555555555,2.567927777777778,3368.266,0.0625998338988199,0.0817081812947661,818.4576875536923,347.3604616701403,2.446775672887427,0.1926930924215548,0.0733595077510278,1.0,2.035337591005598,41.74552477030949,0.0,0.080656852985573,0.0024658085472683,0.0073994181894711,0.8909956824708977,-0.0050626014427372,0.2218605850488924,0.144308015193586,3.0217928268545946,1000.0,0.1407533458032213,0.0025418947526736,-0.0602056226918041,-0.0322918788600953,-0.3311309401256186,-0.3484207413815937,13.59874124546701,0.0040373121497717,-0.9621399062645524,1.846606689646664,-0.957610462460266,-0.6179436473109454,-26.50477040047712,-13.022296892949155,17905.0,5.315791567529015,1,3,1,0.957610462460266,0.6179436473109454,26.50477040047712,13.022296892949155,0.9621399062645524,1.3917277800423224,6.90875477931522,1.8134770059567056
B0006,109,37,1208984578.0,1.7971018450305436,24.0,3.5248882875629555,2.382960351080877,4.186482965601712,-1.9373547119632697,0.3750698159946979,31.06432144678013,37.33680914521836,1.926603899721448,2.5514401114206127,3358.719,0.0624052174700267,0.0818331799900638,818.10263806793,347.7098571043961,2.4427720586195885,0.1921985760821052,0.0731311526573585,1.0,2.035337591005598,41.74552477030949,0.0,-0.2304835896470282,0.0027388162417732,-0.0196910800349678,0.8829502550201761,-0.0163751609261619,0.2382357459750543,0.1442383974600904,2.972092582152816,-1000.0,0.141682648972234,0.0028002625512547,-0.0653275630078463,-0.0077463232193483,-0.3507613456360863,-0.0786239668803362,13.33680914521836,0.0039708023044542,-0.9734481761423428,1.8035226145208352,-0.9518591508223572,-0.5833013081648072,-25.83813004004362,-12.694763827647394,17793.0,5.2975554072831645,1,3,1,0.9518591508223572,0.5833013081648072,25.83813004004362,12.694763827647394,0.9734481761423428,1.3792930546103803,-6.90875477931522,1.7971018450305436
B0006,113,38,1209001893.0,1.7810046294120476,24.0,3.5190926887152725,2.351855540704836,4.184741677172267,-1.931260408871348,0.3898005855519572,30.96654665282149,37.39499820465976,1.9205871148459384,2.539901960784314,3339.5,0.062220050512772,0.0819925716489756,818.2426361032767,347.62269743713847,2.443303984594884,0.1922802789744746,0.0732251342009695,1.0,2.035337591005598,41.74552477030949,0.0,-0.5265168145829237,0.0030292728382154,-0.0421352961213787,0.8750413873759919,-0.0160972156184959,0.2543329615935503,0.1442126221617476,2.953691543070075,-1000.0,0.1426713472432622,0.0029255584285484,-0.0695710410820606,0.016500650607577,-0.3694386098351512,0.2294239149364449,13.394998204659757,0.0040110789653108,-0.9791907279309586,1.8328861364674316,-0.9488649040124624,-0.5658320478582632,-25.869229709562177,-12.710043685711586,17315.0,5.184907920345805,1,3,1,0.9488649040124624,0.5658320478582632,25.869229709562177,12.710043685711586,0.9791907279309586,1.374649710342223,-6.90875477931522,1.7810046294120476
B0006,117,39,1209019800.0,1.7710130422682329,24.0,3.5151810230271,2.3535104841115886,4.186114015167315,-1.925413982519257,0.4032503267568939,30.82645569799297,37.35233964342659,1.9147432584269664,2.527817415730337,3331.265,0.0629530644159438,0.0834958334319842,819.5102626660326,346.11282501231585,2.457256585063269,0.1940947375334347,0.0744346963277228,1.0,2.035337591005598,41.74552477030949,0.0,0.6453794724004728,0.0032159689240544,0.0496951610024391,0.8701323309187394,-0.0099915871438147,0.2643245487373651,0.146448897847928,4.550173405424505,1000.0,0.143306850445936,0.0030437041225174,-0.0522088605608198,0.0005350868096313,-0.2955015827645181,0.0104225988776117,13.352339643426587,0.0040081889742853,-0.9873636072967628,1.8326035310557267,-0.9459924437508064,-0.5497433611998023,-25.708781448799748,-12.631212409075887,17907.0,5.37543545769989,1,3,1,0.9459924437508064,0.5497433611998023,25.708781448799748,12.631212409075887,0.9873636072967628,1.7138291714908842,6.90875477931522,1.7710130422682329
B0006,121,40,1209037764.0,1.7604712448170945,24.0,3.514029112834162,2.3948058223938364,4.186378094589789,-1.9198444871883995,0.4166720426682412,31.080769482413952,37.58677381866742,1.9089329577464789,2.5166197183098595,3321.188,0.0632862675973004,0.0835953403520325,820.0492294490882,345.76294056655524,2.459128523676231,0.1944375798853136,0.0748814055583855,1.0,2.035337591005598,41.74552477030949,0.0,1.1780836535261308,0.0031779255914309,0.0872350500023214,0.8649529456915791,-0.0105417974511383,0.2748663461885035,0.1468816079493329,4.859086046571364,1000.0,0.1431773530351362,0.0031476959991892,-0.045111277144846,0.0177701533293022,-0.2618923257867415,0.2497947673869305,13.586773818667416,0.0040909378868836,-0.9974093945243024,1.7915722721959524,-0.9432560449574398,-0.5338182747272369,-26.08449281444432,-12.81580653592752,17964.0,5.408907896811199,1,3,1,0.9432560449574398,0.5338182747272369,26.08449281444432,12.81580653592752,0.9974093945243024,1.767993626676241,6.90875477931522,1.7604712448170945
B0006,125,41,1209055556.0,1.7502913788006589,24.0,3.514139684003936,2.44188584443803,4.185742966026202,-1.908733158939213,0.4405439902279281,31.694287817425337,38.20704456989348,1.897734647887324,2.503783098591549,3321.844,0.0619149140331837,0.0824791160537148,819.0743199372162,346.7547638951396,2.452635531242838,0.1934337682623206,0.0738389038570468,1.0,2.035337591005598,41.74552477030949,0.0,-1.014349727308593,0.0030565370171133,-0.0724284008002574,0.8599513842496731,-0.0101798660164356,0.2850462122049391,0.1443940300868985,3.0831990380450893,-1000.0,0.142764153007936,0.0032072101517983,-0.0752984910856513,0.1329091759576602,-0.4002168584521763,1.8265925706127617,14.207044569893483,0.0042768548342093,-1.0103565854123868,1.743857121588173,-0.9377968384391552,-0.5049015861151206,-27.11745706108298,-13.323321481210275,17792.0,5.356061271990691,1,3,1,0.9377968384391552,0.5049015861151206,27.11745706108298,13.323321481210275,1.0103565854123868,1.406880759139764,-6.90875477931522,1.7502913788006589
B0006,129,42,1209073091.0,1.7394925037732578,24.0,3.509578354212467,2.391848815367812,4.18499542353586,-1.90276801874341,0.4523465874192101,31.875581783696685,38.340431886092745,1.891758192090396,2.492796610169491,3311.828,0.0631538465488054,0.0823235650106305,819.5171296157171,345.9557476601868,2.45958388096466,0.1943261464444918,0.0744967771834911,1.0,2.035337591005598,41.74552477030949,0.0,0.9663772528995658,0.0032587756251321,0.0664842525633867,0.8546456919285944,-0.010798875027401,0.2958450872323401,0.1454774115594359,3.856627324014145,1000.0,0.1434525621008351,0.0031839611458606,-0.0490345843174185,0.172833101363148,-0.2752492602254069,2.35750575536356,14.340431886092745,0.0043300654158635,-1.016781744042976,1.7931466081680485,-0.9348660518122914,-0.4903731193415921,-27.286515167825517,-13.406382938634616,17535.0,5.294659022145686,1,3,1,0.9348660518122914,0.4903731193415921,27.286515167825517,13.406382938634616,1.016781744042976,1.5803442307541289,6.90875477931522,1.7394925037732578
B0006,133,43,1209125024.0,1.7546766553637203,24.0,3.5110708693292705,2.3166154227865463,4.175622772952551,-1.909324756651121,0.4388877345508464,31.543288143901563,38.521539672721865,-1.8985675977653635,2.512284916201117,3327.391,0.0671514370402884,0.0839680061846987,821.1833340365813,344.6034994820334,2.4845831245437084,0.1970138942657018,0.0752348928418522,1.0,2.035337591005598,41.74552477030949,0.0,7.3574722015462335,0.003326843601261,0.5335598170204111,0.8621059538809914,0.0151841515904624,0.2806609356418776,0.1511194432249871,7.884485461785465,1000.0,0.1436842617459297,0.0032380871690607,0.0392743550166099,0.1592505923365838,0.1279763199540872,2.179144185962056,14.521539672721865,0.0043642420360929,-0.9987859531281535,1.8590073501660045,-0.9380875016265456,-0.5068197490191056,-27.72633520181927,-13.622474871354418,51933.0,15.607723889372902,1,3,1,0.9380875016265456,0.5068197490191056,27.72633520181927,13.622474871354418,0.9987859531281535,2.184306549044567,6.90875477931522,1.7394925037732578
B0006,135,44,1209153835.0,1.7659390941842177,24.0,3.5159179315855056,2.4110989960643794,4.191704957733779,-1.9306372167933323,0.3913947338973055,31.420983409991024,38.03707160241571,1.9199203389830508,2.5359519774011297,3312.078,0.0646134790367688,0.0845432800198968,820.1650281171071,345.7321270251519,2.46705906340694,0.1951332127216404,0.0745025213165806,1.0,2.035337591005598,41.74552477030949,0.0,3.299945396154462,0.0030997238943659,0.2493147880298786,0.8676394038945261,0.0112624388204973,0.2693984968213803,0.1491567590566656,6.483321152921841,1000.0,0.1429111587616141,0.0033335361998904,-0.0144672211463487,0.1769280384636511,-0.1280202836551887,2.432511204854914,14.037071602415708,0.0042381464453468,-0.979965954184376,1.7806059616693997,-0.9485587179131816,-0.5639593910647744,-27.100492850416583,-13.314986642442973,28811.0,8.69876856764584,1,3,1,0.9485587179131816,0.5639593910647744,27.100492850416583,13.314986642442973,0.979965954184376,2.0126766978469144,6.90875477931522,1.7394925037732578
B0006,139,45,1209171875.0,1.7337887419624838,24.0,3.50585340727078,2.4510125175432287,4.185468369564667,-1.907114151507875,0.4422052936741676,31.15837149963786,37.9342856877206,1.8967727272727275,2.4963892045454545,3293.172,0.0627284472866849,0.0836038557350431,819.4999542352662,346.1881591862284,2.455806943667049,0.193916370639641,0.0744126504268397,1.0,2.035337591005598,41.74552477030949,0.0,0.2862758065186114,0.0034485557074314,0.0193225048695001,0.8518433254632082,-0.0321503522217339,0.3015488490431142,0.146332303021728,4.466936116559377,1000.0,0.1440985630577534,0.0034097467809902,-0.057951351181101,0.1595294528948686,-0.318158073582333,2.172141731276048,13.934285687720603,0.0042312656878281,-1.009464202725325,1.7344558520214384,-0.9370013893511528,-0.5024736771808846,-26.574273426205608,-13.056445049010089,18040.0,5.47800114904248,1,3,1,0.9370013893511528,0.5024736771808846,26.574273426205608,13.056445049010089,1.009464202725325,1.6987183345618702,6.90875477931522,1.7337887419624838
B0006,143,46,1209189455.0,1.713325912040734,24.0,3.5010379345914444,2.471216186082459,4.184201889006967,-1.8953541357988333,0.4660772511913581,31.15661421699882,37.88470784051604,1.8847577142857144,2.4762742857142857,3275.328,0.0627073115751698,0.0842984613511382,820.0725347739402,345.7252514329386,2.458946126068654,0.1944133610198626,0.0748423080974206,1.0,2.035337591005598,41.74552477030949,0.0,0.2524853671556961,0.0035337821712618,0.0159588298350791,0.8417895486292435,-0.0204628299217497,0.3220116789648639,0.147005772926308,4.947727681815795,1000.0,0.1443886692507858,0.0030917559002825,-0.0585873137472425,0.185696434648201,-0.3202899726741337,2.082216319697152,13.884707840516043,0.0042391808821931,-1.0247636488771588,1.7129857029245086,-0.9312234703684578,-0.4732382663197368,-26.31643842988057,-12.929765820297485,17580.0,5.3674013717083096,1,3,1,0.9312234703684578,0.4732382663197368,26.31643842988057,12.929765820297485,1.0247636488771588,1.7830092443984824,6.90875477931522,1.713325912040734
B0006,147,47,1209207505.0,1.7024077813673466,24.0,3.497407662636496,2.470968641396993,4.185838836583766,-1.8892713805954209,0.4777097893062262,31.206611383963253,38.065368726791895,1.87872893982808,2.463630372492837,3265.016,0.0623395490456274,0.0838667201339084,819.9940944705075,345.5295060028883,2.4632395854123823,0.1947940471965686,0.0749325667146064,1.0,2.035337591005598,41.74552477030949,0.0,-0.3354701149947623,0.0036398285306312,-0.0205086752805256,0.8364252637451849,-0.0109181306733874,0.3329298096382513,0.1462062691795358,4.376960294550435,-1000.0,0.1447496452225545,0.0029054321585941,-0.0654821439245844,0.2086480135265008,-0.3573851327859444,2.2350718336573903,14.065368726791895,0.0043079019296651,-1.033777290143659,1.7148701951867733,-0.9282348972554252,-0.4588191195656941,-26.57329859304978,-13.055966094973346,18050.0,5.528303689781144,1,3,1,0.9282348972554252,0.4588191195656941,26.57329859304978,13.055966094973346,1.033777290143659,1.682123213487544,-6.90875477931522,1.7024077813673466
B0006,149,48,1209471356.0,1.82371946178183,24.0,3.5388872766749144,2.4288023941361625,4.1729165619005535,-1.98193599249298,0.2364515161076043,33.61169282822636,39.788440481350335,1.9711168539325847,2.6103202247191013,3328.937,0.0668701980873711,0.0831813611872204,819.7142061644076,344.9761248598914,2.4701074864499013,0.1955018610743743,0.0747317348652513,1.0,2.035337591005598,41.74552477030949,0.0,6.907845143651752,0.0017368891977223,0.6643947257870731,0.8960279954741002,0.1213116804144833,0.211618129223768,0.1500515592745915,7.12212088909815,1000.0,0.1382721444483795,0.0027760588235587,0.064011020559111,0.2525758952556653,0.0996085468665832,2.787336160244769,15.788440481350335,0.0047427874067143,-0.9285670519558132,1.744114167764391,-0.9737627803257952,-0.741416542496416,-31.29167845532142,-15.374195700128038,263851.0,79.25983579740942,1,3,1,0.9737627803257952,0.741416542496416,31.29167845532142,15.374195700128038,0.9285670519558132,2.0945913133072596,6.90875477931522,1.7024077813673466
B0006,153,49,1209488727.0,1.8081284050314708,24.0,3.5327430295356828,2.3551430866643166,4.186982012423103,-1.9653277079992453,0.2976263378401198,32.85630077141311,39.21290317800791,1.9542286516853933,2.586707865168539,3329.266,0.0650915299451719,0.0810214931709481,818.6442016358052,346.3252305157048,2.456554624524963,0.1937847202819621,0.0739484071778171,1.0,2.035337591005598,41.74552477030949,0.0,4.064222965955653,0.0021681051859238,0.3640726824213772,0.8883678132914206,-0.0155910567503592,0.2272091859741272,0.14611302311612,4.310391735987101,1000.0,0.139739979943241,0.0027365719769291,0.0072297990043428,0.2665138197179674,-0.0798006485257628,2.981409321091585,15.212903178007911,0.0045694465921327,-0.9460351643671436,1.8318389257587864,-0.9656028148444082,-0.6731438743628518,-29.898340134848727,-14.689622130639885,17371.0,5.217666596779825,1,3,1,0.9656028148444082,0.6731438743628518,29.898340134848727,14.689622130639885,0.9460351643671436,1.6696656057883092,6.90875477931522,1.7024077813673466
B0006,157,50,1209506404.0,1.7757610945034283,24.0,3.521214759733266,2.365933525789291,4.186537777937825,-1.9470636598230844,0.3489537540343098,32.210981559158874,38.66937823121345,1.936715014164306,2.5573767705382435,3301.579,0.0644556369454917,0.0829918593972627,819.7457018616175,345.49034865128647,2.4643614080541107,0.1948419451523226,0.0748012179107492,1.0,2.035337591005598,41.74552477030949,0.0,3.047597439455505,0.0028016890322544,0.2389619135153228,0.8724651391251901,-0.0323673105280424,0.2595764965021696,0.1474474963427544,5.263074947312556,1000.0,0.1418966644912648,0.0026706086021304,-0.0164246161312513,0.2990957973413797,-0.143941366359271,3.4768682775317075,14.66937823121345,0.0044431401554253,-0.9638379891950226,1.820604252148534,-0.9566293412310388,-0.6137341326868339,-28.562213266195545,-14.033157633594666,17677.0,5.354104808636912,1,3,1,0.9566293412310388,0.6137341326868339,28.562213266195545,14.033157633594666,0.9638379891950226,1.8346712701509915,6.90875477931522,1.7024077813673466
B0006,161,51,1209523435.0,1.7447409841836798,24.0,3.509311143950668,2.3481961394586457,4.182282350256796,-1.92416284263864,0.4061890328898604,31.96509008165028,38.5170065164806,1.913577207977208,2.519803418803419,3283.563,0.0633142694037478,0.0826220641248703,819.219968499876,346.0019068968469,2.45745244435655,0.1940704050417276,0.0743257711861364,1.0,2.035337591005598,41.74552477030949,0.0,1.2228511713897787,0.0033363479381141,0.0856484521465899,0.8572243699983239,-0.0310201103197484,0.2905966068219181,0.1459363335286181,4.184252672070768,1000.0,0.1437166139855725,0.0030200749882628,-0.0454112516767018,0.2064717865043757,-0.2590678632323888,2.742493079179982,14.5170065164806,0.0044211140509489,-0.989507725147249,1.8340862107981504,-0.945377734974468,-0.5462409681940671,-27.933084525354968,-13.72405473916002,17031.0,5.186743790204364,1,3,1,0.945377734974468,0.5462409681940671,27.933084525354968,13.72405473916002,0.989507725147249,1.6456256986165736,6.90875477931522,1.7024077813673466
B0006,165,52,1209541302.0,1.729207034132373,24.0,3.50716091973708,2.46945948630322,4.185961817428056,-1.912447043935375,0.4317752957380261,31.74480184018953,38.29250529949152,1.9018851428571424,2.502922857142857,3275.125,0.0638890816602262,0.0834054052163702,819.5722032081806,345.6367746637001,2.46041953848843,0.1944825615805288,0.0747108881125883,1.0,2.035337591005598,41.74552477030949,0.0,2.1418246672058494,0.0033100116566375,0.1424012128365354,0.8495922454210777,-0.0155339500513067,0.3061305568732249,0.1472944868765964,5.153841171262796,1000.0,0.1436269667326604,0.0033053207878509,-0.0346811332928955,0.1761846663442545,-0.2010881861977863,2.6353447705136746,14.292505299491523,0.0043639571923169,-1.004238062594223,1.7165023311248355,-0.9396215406461744,-0.515342740476656,-27.333659510443244,-13.429545849201835,17867.0,5.455364299070888,1,3,1,0.9396215406461744,0.515342740476656,27.333659510443244,13.429545849201835,1.004238062594223,1.8170764675422215,6.90875477931522,1.7024077813673466
B0006,169,53,1209558529.0,1.7081086552553244,24.0,3.500928918686389,2.4666715880697576,4.1836566973224585,-1.8950209973545984,0.4667188589869889,31.876564068962463,38.52091685291118,1.8844647564469912,2.4735787965616045,3265.656,0.0645734622903748,0.0837129793488252,820.0275475492431,344.97854831273946,2.465839004348277,0.1952079147864175,0.0751847636031958,1.0,2.035337591005598,41.74552477030949,0.0,3.235969151893124,0.0034842211283846,0.2012746716020535,0.8392262113192732,-0.0210983788770486,0.3272289357502735,0.1482864416392,5.861999738902386,1000.0,0.1442199661880795,0.0034829229966216,-0.0235500592352053,0.1815230800863242,-0.1320566590207972,2.948018064319986,14.520916852911178,0.0044465543379053,-1.0273501221247845,1.7169851092527009,-0.9310597931261452,-0.4724441208954862,-27.51744233710693,-13.519841841073434,17227.0,5.27520351194208,1,3,1,0.9310597931261452,0.4724441208954862,27.51744233710693,13.519841841073434,1.0273501221247845,1.9259989063864735,6.90875477931522,1.7024077813673466
B0006,173,54,1209576016.0,1.6975954237461768,24.0,3.4973019898820894,2.448293126278513,4.184390004467988,-1.883708243517891,0.4881903895942605,32.24289319481841,38.95436345473558,1.87303553008596,2.455965616045845,3266.093,0.0647564269124798,0.0834705914168675,820.2837424959678,344.8072047219215,2.469417425689717,0.1955568109135223,0.0753062896124337,1.0,2.035337591005598,41.74552477030949,0.0,3.5284814226241155,0.0035943341838639,0.2126370816207712,0.8340608610817466,-0.0105132315091476,0.3377421672594212,0.1482270183293473,5.8195773144369385,1000.0,0.1445947849696239,0.003579609196895,-0.0214017936152778,0.1952924402531905,-0.1136015381028861,3.25583540668152,14.954363454735578,0.0045786704342867,-1.0413363738362444,1.7360968781894752,-0.9255016223926306,-0.4457872089098005,-28.169657716248093,-13.84028763920684,17487.0,5.354103511441544,1,3,1,0.9255016223926306,0.4457872089098005,28.169657716248093,13.84028763920684,1.0413363738362444,1.9197974925794077,6.90875477931522,1.6975954237461768
B0006,177,55,1209593694.0,1.6820634524029463,24.0,3.492903830118716,2.4745215382882586,4.184732708741646,-1.8716651994380047,0.508922907014493,32.07305565938816,38.73136385469604,1.8611735632183908,2.437537356321839,3257.594,0.065433513034256,0.0854470236880809,821.9507590336484,343.1750855438005,2.4863553024989105,0.1977012511164811,0.0766661093498698,1.0,2.035337591005598,41.74552477030949,0.0,4.6109639084870615,0.0036897000761081,0.2656539822256711,0.8264297086813447,-0.0155319713432304,0.3532741386026516,0.1508805367223369,7.71392961277427,1000.0,0.1449194052190238,0.0037288869500963,-0.0113780059983019,0.2182319857332288,-0.045305787233365,3.773787423780989,14.731363854696042,0.0045221607894327,-1.055366473796877,1.7102111704533876,-0.9195846461980234,-0.4194976738810562,-27.57218106709348,-13.54673601833501,17678.0,5.426704494174097,1,3,1,0.9195846461980234,0.4194976738810562,27.57218106709348,13.54673601833501,1.055366473796877,2.164922850175167,6.90875477931522,1.6820634524029463
B0006,181,56,1209611733.0,1.6714768322295086,24.0,3.488659224822318,2.469127855241356,4.185835940524748,-1.8654809345089407,0.5191412899392004,32.0301409298912,38.74827601131975,1.855014985590778,2.426706051873199,3248.593,0.0642769586540449,0.0844631186140149,821.0794435035239,344.21739967211846,2.4740072297552427,0.1962375940117853,0.0758788379776931,1.0,2.035337591005598,41.74552477030949,0.0,2.7619378831974504,0.0038197789394814,0.1544952529809215,0.821228301199745,-0.0105866201734377,0.3638607587760893,0.1487400772680598,6.185851157610678,1000.0,0.1453621865119599,0.0038729515451894,-0.0323945399904703,0.2511765855339095,-0.1619641372978192,4.50840241404762,14.748276011319753,0.0045398965063691,-1.061953172949119,1.716708085283392,-0.916546199429608,-0.4064182560571823,-27.512627715992565,-13.517476326313975,18039.0,5.55286550207873,1,3,1,0.916546199429608,0.4064182560571823,27.512627715992565,13.517476326313975,1.061953172949119,1.9721139756477952,6.90875477931522,1.6714768322295086
B0006,185,57,1209629763.0,1.6607591387047655,24.0,3.482293080477401,2.4177173347922416,4.185703389994729,-1.8592903578576,0.5292867036601664,31.984935871368258,38.84227056628921,1.8488052023121384,2.411560693641619,3238.766,0.0655089606287273,0.0863587784858475,822.6590217816215,342.6881897077837,2.488150800564359,0.1981147325323032,0.0772065777582527,1.0,2.035337591005598,41.74552477030949,0.0,4.731584752703191,0.0040564004226439,0.2570989402367267,0.8159624948921792,-0.010717693524743,0.3745784523008324,0.1518677391145748,8.418695453327961,1000.0,0.1461676330198255,0.0039595869032133,-0.0129954887815856,0.2755873655318118,-0.0376956030189859,5.10244892008226,14.842270566289208,0.0045826930893694,-1.070732386835782,1.7679860552024875,-0.9135046515922092,-0.3934074394745739,-27.596090552615188,-13.558483202495326,18030.0,5.566935061067837,1,3,1,0.9135046515922092,0.3934074394745739,27.596090552615188,13.558483202495326,1.070732386835782,2.2426965920902147,6.90875477931522,1.6607591387047655
B0006,189,58,1209647664.0,1.651121015038069,24.0,3.477575664197982,2.3775131079338427,4.184887437252902,-1.848156298789804,0.5476209059238868,32.23677365476226,39.22138199620832,1.8373369942196536,2.391008670520231,3240.14,0.0668709480291938,0.0864502850802235,822.9568243870642,341.9608873447853,2.496844170168941,0.1990297477340035,0.0775354424215361,1.0,2.035337591005598,41.74552477030949,0.0,6.909044103226283,0.0042045441038498,0.3659976706054569,0.8112271017518528,-0.0096381236666964,0.3842165759675289,0.1533212331094173,9.456347838562523,1000.0,0.146671905958592,0.0040528537800304,0.0075937522438239,0.2795542490975897,0.0996841913647384,5.319601161425622,15.221381996208322,0.0046977544168473,-1.086566993677751,1.8073743293190596,-0.9080342769911954,-0.3699211815766234,-28.13149301257813,-13.821536595733823,17901.0,5.52476127574564,1,3,1,0.9080342769911954,0.3699211815766234,28.13149301257813,13.821536595733823,1.086566993677751,2.34720924265483,6.90875477931522,1.651121015038069
B0006,193,59,1209665470.0,1.640134925619093,24.0,3.478743650648925,2.443723814618984,4.1845671326128535,-1.841574247353844,0.5572043810030383,32.56097148037261,39.46651089916252,1.8310591304347827,2.3845739130434787,3230.109,0.0666142890496443,0.0869351700921321,823.1376805163245,341.6823847912096,2.498651092120713,0.1993417372428712,0.0778619240182857,1.0,2.035337591005598,41.74552477030949,0.0,6.498713952797313,0.0040275109739837,0.3346909816102827,0.8058294274458678,-0.0109860894189761,0.395202665386505,0.1535494591417764,9.619278877624495,1000.0,0.1460692949263163,0.0041012166621211,0.0016746661052929,0.3064523939527383,0.0737957302635781,5.978305451398032,15.466510899162522,0.0047882318829357,-1.0941697376054464,1.7408433179938694,-0.9048003901599332,-0.3572702082464988,-28.482728168315244,-13.994105095975106,17806.0,5.512507472656337,1,3,1,0.9048003901599332,0.3572702082464988,28.482728168315244,13.994105095975106,1.0941697376054464,2.3626711112130825,6.90875477931522,1.640134925619093
B0006,197,60,1209683415.0,1.629199941616544,24.0,3.4740152461288862,2.4324278256917147,4.184590722398005,-1.8297533943331723,0.5744007772604264,32.48984985901219,39.352653481724175,1.819434782608696,2.3673565217391306,3229.7810000000027,0.0661126499757141,0.0873697616938236,823.8373909161592,341.25091597327696,2.502014443969931,0.1998438315769483,0.0782836458437407,1.0,2.035337591005598,41.74552477030949,0.0,5.69672511520387,0.0041560344601935,0.285488400054561,0.8004568622012264,-0.0109349840025489,0.406137649389054,0.1534824116695377,9.57141354777841,1000.0,0.1465067818009772,0.0041738621648542,-0.0076279566828054,0.3110572401214397,0.0231968239831182,6.220595793633704,15.352653481724175,0.0047534657866026,-1.1066587243897557,1.75216289670629,-0.8989925806510332,-0.3345645668251611,-28.091569820205805,-13.801921573376283,17945.0,5.556104268368174,1,3,1,0.8989925806510332,0.3345645668251611,28.091569820205805,13.801921573376283,1.1066587243897557,2.3581535229917505,6.90875477931522,1.629199941616544
B0006,201,61,1209700414.0,1.6088496302961666,24.0,3.4718387718772696,2.494085641889116,4.181227276564003,-1.817086069772996,0.59213769752695,32.42612199208859,39.31890647034385,1.80672361516035,2.3472215743440232,3212.469,0.0663370360175101,0.0877754081312725,823.7223345955246,341.1407522268652,2.5049385754356472,0.2000757569328041,0.0783668255700143,1.0,2.035337591005598,41.74552477030949,0.0,6.055459333059502,0.0040615933499346,0.2889859772566643,0.7904583678923177,-0.0203503113203773,0.4264879607094314,0.1541124441487826,10.021195044766692,1000.0,0.1461853094585663,0.0042049571933726,-0.0069666775312923,0.3189428363852345,0.0458300056659696,6.577212318188148,15.318906470343848,0.004768577212835,-1.1246171975332464,1.6871416346748864,-0.8927688836044445,-0.3109118984509748,-27.83577155141722,-13.67624302756978,16999.0,5.291568572333214,1,3,1,0.8927688836044445,0.3109118984509748,27.83577155141722,13.67624302756978,1.1246171975332464,2.399820241108988,6.90875477931522,1.6088496302961666
B0006,205,62,1209717880.0,1.6035244898969248,24.0,3.463180130644551,2.382347172890769,4.182601669503782,-1.8111560774496664,0.6001337686853253,32.29984271249387,39.47196886600465,1.8008793002915455,2.332833819241982,3213.219,0.0662667162058875,0.0886878478064458,824.2543548988378,340.8260796784238,2.507014146482172,0.2004355941285532,0.0786685829318438,1.0,2.035337591005598,41.74552477030949,0.0,5.943036463881556,0.0044196279363098,0.2801231710802337,0.7878420253146665,-0.0053251403992418,0.4318131011086732,0.1549545640123333,10.62238616641386,1000.0,0.1474040394886412,0.004278926230875,-0.0086423486057865,0.3141858638345868,0.0387370463195716,6.645260951734355,15.471968866004651,0.0048150993959639,-1.130346311402569,1.8002544966130132,-0.8898553657946121,-0.3001411375088166,-28.022150441776347,-13.76781451482142,17466.0,5.435670584542966,1,3,1,0.8898553657946121,0.3001411375088166,28.022150441776347,13.76781451482142,1.130346311402569,2.452933080291908,6.90875477931522,1.6035244898969248
B0006,209,63,1209735785.0,1.5989712144027983,24.0,3.463469391967206,2.406668297987779,4.183991041340736,-1.8113056300795984,0.600869683312538,32.610757585145336,39.74009698783903,1.8004222222222224,2.330254385964912,3203.578,0.0679862552176486,0.0881951060458796,824.9608497975528,340.0275963500701,2.5162651833920164,0.2015036728634652,0.0792189358055701,1.0,2.035337591005598,41.74552477030949,0.0,8.692126725998506,0.0043600192464416,0.4054256519244308,0.7856049146190022,-0.0045532754941264,0.4363663766027996,0.1561813612635282,11.498199274977496,1000.0,0.1472011347884801,0.0042969316292765,0.015048313080052,0.3387171337912359,0.2121820545403669,7.320166814763944,15.740096987839031,0.0049132866400737,-1.133215006002294,1.7773227433529568,-0.8899288438409664,-0.299491477899675,-28.510126292071767,-14.007566314332266,17905.0,5.58906322867569,1,3,1,0.8899288438409664,0.299491477899675,28.510126292071767,14.007566314332266,1.133215006002294,2.5255845759291047,6.90875477931522,1.5989712144027983
B0006,213,64,1209755268.0,1.5876273123575604,24.0,3.46021805164007,2.4204142690378765,4.182425008087469,-1.803802475704306,0.609256745218589,32.25699351958767,39.03600072360686,1.7938815249266864,2.320041055718475,3195.125,0.0668271090535783,0.0887468719273598,824.9199585560158,340.00403079979003,2.514368333747119,0.2013798579462653,0.0793231951542611,1.0,2.035337591005598,41.74552477030949,0.0,6.838957120528338,0.0043973561614958,0.3109061188570444,0.780031440176547,-0.0113439020452379,0.4477102786480376,0.1555739809809381,11.064589228282834,1000.0,0.1473282275927468,0.0043821983857931,-0.0028222850558873,0.3449187274707068,0.09526227861137,7.58127446326951,15.03600072360686,0.0047059194002119,-1.1401769959215948,1.7620107390495925,-0.8862424016483968,-0.287563590220132,-27.121975329933797,-13.325541392476378,19483.0,6.0977270059837725,1,3,1,0.8862424016483968,0.287563590220132,27.121975329933797,13.325541392476378,1.1401769959215948,2.490274651939821,6.90875477931522,1.5876273123575604
B0006,215,65,1209770657.0,1.5829719744686166,24.0,3.462574876665621,2.45078452455252,4.190985194174346,-1.7982439953659044,0.6170700333090209,32.47193402838835,39.16106395962828,1.788001759530792,2.3176920821114373,3195.312999999994,0.0682233972595301,0.0893554643594031,825.3039171053103,339.91893266961,2.518839883072258,0.2018064623656934,0.0793039412751037,1.0,2.035337591005598,41.74552477030949,0.0,9.071254430351816,0.0042460614522007,0.4081447498378062,0.7777441842886215,-0.0046553378889437,0.4523656165369814,0.1575788616189332,12.49587768458747,1000.0,0.1468132287277596,0.0044046772506338,0.0155624068818862,0.3540011788954781,0.2361018976624527,7.908892365040186,15.16106395962828,0.0047447821104297,-1.1448827945541835,1.7402006696218262,-0.8835114147299444,-0.2771549697522174,-27.263292228759976,-13.394973067782354,15389.0,4.816116605789546,1,3,1,0.8835114147299444,0.2771549697522174,27.263292228759976,13.394973067782354,1.1448827945541835,2.60238428211631,6.90875477931522,1.5829719744686166
B0006,219,66,1209787988.0,1.567137636713563,24.0,3.4537077937586056,2.393032881923072,4.181860480163402,-1.7857963808615818,0.6325019447665697,32.40219271195366,39.20051799483514,1.7756188235294117,2.2912088235294115,3186.297,0.0671536421400184,0.0897576961257098,825.7298001060288,339.4188680093946,2.524817365044708,0.2024557529648134,0.079716071249355,1.0,2.035337591005598,41.74552477030949,0.0,7.360997575587333,0.0044879271325177,0.3199939456540191,0.7699644735295673,-0.0158343377550536,0.468199954292035,0.1569113382657282,12.019331374722606,1000.0,0.1476365261941611,0.0044252650499232,-0.0011040698325643,0.3406554665438228,0.1281987420905903,7.781853279748172,15.200517994835138,0.0047705904361176,-1.162498970229194,1.7888275982403297,-0.8773956654050097,-0.2558752382769383,-27.145030022397936,-13.3368686005792,17331.0,5.439229299715175,1,3,1,0.8773956654050097,0.2558752382769383,27.145030022397936,13.3368686005792,1.162498970229194,2.566435281753835,6.90875477931522,1.567137636713563
B0006,223,67,1209805819.0,1.5613446139713882,24.0,3.4514035349888337,2.3938995980718403,4.183449364094532,-1.7850748194527644,0.6334473857166003,32.30987415652578,39.15878418316098,1.7749634218289088,2.285702064896755,3176.438,0.0672913310954186,0.0899683420397402,825.9433231126256,339.5001850719088,2.5195004206476006,0.2020632192152143,0.0798898103652721,1.0,2.035337591005598,41.74552477030949,0.0,7.581125972734938,0.0045320222605133,0.3255354282040903,0.7671182514739364,-0.0057930227421747,0.4739929770342097,0.1572596731351588,12.26800836231774,1000.0,0.1477866235833891,0.0044579203294339,-5.63540375758469e-05,0.3506062533191716,0.1420870353121799,8.167140457180732,15.158784183160982,0.0047722587952782,-1.1657014700920785,1.7895497660226916,-0.8770411485859564,-0.2545916952818403,-27.05956393887951,-13.294877491166137,17831.0,5.613520553523911,1,3,1,0.8770411485859564,0.2545916952818403,27.05956393887951,13.294877491166137,1.1657014700920785,2.5853557513467225,6.90875477931522,1.5613446139713882
B0006,227,68,1209823474.0,1.551171189279042,24.0,3.450781146333252,2.4373294683003053,4.182943907496545,-1.7785916660457872,0.6414164907293518,32.35440526839345,39.18225956809825,1.7684142011834325,2.27503550295858,3167.593,0.0675889443941585,0.0906245215000803,826.3089681094118,338.8522344661263,2.5291960575836576,0.2030964190296756,0.0803169532382884,1.0,2.035337591005598,41.74552477030949,0.0,8.056931299538435,0.0044629582428885,0.3386970901661539,0.7621198547768461,-0.0101734246923461,0.4841664017265559,0.1582134658942388,12.948922996289808,1000.0,0.1475515334678527,0.0045276067286894,0.0024320921501283,0.340380528199487,0.1721064420796322,8.142142531946607,15.182259568098251,0.0047929956809771,-1.1757456433746718,1.74561443919624,-0.8738558522339204,-0.2435756537560772,-27.003040339563466,-13.267106373717091,17655.0,5.573632723646765,1,3,1,0.8738558522339204,0.2435756537560772,27.003040339563466,13.267106373717091,1.1757456433746718,2.63540230071991,6.90875477931522,1.551171189279042
B0006,231,69,1209841093.0,1.5406741606295171,24.0,3.446105572450592,2.3705330061374523,4.182592999177517,-1.7727874712030285,0.6485964889257356,32.4731363791227,39.38159156766375,1.7625065088757397,2.2648757396449706,3167.719,0.068032082825186,0.0908292055240439,827.1151210365139,338.19537286603094,2.533727379198608,0.2037840166362226,0.0809592555945685,1.0,2.035337591005598,41.74552477030949,0.0,8.765393007691143,0.0045606325590494,0.3606600527337885,0.7569624653118686,-0.0104970286495249,0.4946634303760808,0.1588612883492299,13.411404793954809,1000.0,0.147884011465237,0.004532002617251,0.0065845806906827,0.3508063845031862,0.2168045549382626,8.517198438481467,15.381591567663747,0.0048557310694726,-1.1812298328056214,1.812059993040065,-0.8710041411145678,-0.2336686037832731,-27.268292818316443,-13.39742995236804,17619.0,5.562046381006155,1,3,1,0.8710041411145678,0.2336686037832731,27.268292818316443,13.39742995236804,1.1812298328056214,2.6680198926959817,6.90875477931522,1.5406741606295171
B0006,235,70,1209858150.0,1.5253138744624433,24.0,3.4418152533277144,2.351294851260762,4.177556435498103,-1.7601807681971695,0.6631565458391762,32.52334649341759,39.44712875501599,1.74993234421365,2.2442967359050443,3159.077999999994,0.0681452170188783,0.0915979614954884,827.2219322822186,338.0747461716531,2.5349930119570105,0.2039347658758197,0.0810458601702787,1.0,2.035337591005598,41.74552477030949,0.0,8.94626480418119,0.0045944934484786,0.3570161242393836,0.7494156650980108,-0.0153602861670738,0.5100237165431547,0.1597431785143667,14.040988016600489,1000.0,0.1479992720695551,0.0045485000361704,0.0058956312254628,0.3688161611116237,0.2282160792019179,9.086435372399736,15.447128755015989,0.0048897585798803,-1.19751851742267,1.8262615842373413,-0.8648102285885202,-0.2131674264863791,-27.18973895844463,-13.35883494966168,17057.0,5.399360193067292,1,3,1,0.8648102285885202,0.2131674264863791,27.18973895844463,13.35883494966168,1.19751851742267,2.7107790089571475,6.90875477931522,1.5253138744624433
B0006,239,71,1209876100.0,1.5301570318067428,24.0,3.445008015985666,2.436845595522602,4.183199732433941,-1.76530278835697,0.6571846357909039,32.518264823491045,39.40950590627068,1.7551404761904763,2.251517857142857,3148.829,0.0683266179272548,0.0916738870270344,827.5929646647528,337.7560174336531,2.5364833096097787,0.2041720609088158,0.0813585937269314,1.0,2.035337591005598,41.74552477030949,0.0,9.23627710826163,0.0045099065753252,0.372123227172515,0.7517952002501654,0.0048431573442995,0.5051805591988552,0.1600005049542892,14.22469389713178,1000.0,0.1477113430079919,0.0045417024552071,0.0087518976156468,0.3861863144261398,0.2465134727646266,9.652774739919192,15.40950590627068,0.0048937258600787,-1.1934901588428093,1.7463541369113391,-0.8673267743349943,-0.2215521978006693,-27.202443743542837,-13.365077051781793,17950.0,5.700531848504411,1,3,1,0.8673267743349943,0.2215521978006693,27.202443743542837,13.365077051781793,1.1934901588428093,2.722918708115146,6.90875477931522,1.5253138744624433
B0006,243,72,1209894011.0,1.524656683447409,24.0,3.441164687975023,2.39030487147494,4.183585552184287,-1.7593486488770236,0.6641591087376718,32.5437072434024,39.48443326993031,1.7491755952380952,2.2415565476190475,3149.094,0.0690716020605014,0.0920341841949676,827.8728338796399,337.304283969572,2.541276051179011,0.2047734344881492,0.0817331320530442,1.0,2.035337591005598,41.74552477030949,0.0,10.42731064232628,0.0046145093551106,0.4155843112462778,0.7490927746753415,-0.0055003483593338,0.5106809075581891,0.161105786255469,15.013756516305977,1000.0,0.1480674051142941,0.0045351447360671,0.0169689882299305,0.3941827235349401,0.3216579028889431,9.970272976040487,15.484433269930308,0.0049171073552981,-1.1996081403559753,1.7932806807093464,-0.8644013925686804,-0.2117734340950031,-27.24251675207832,-13.384765681664565,17911.0,5.6876676275761575,1,3,1,0.8644013925686804,0.2117734340950031,27.24251675207832,13.384765681664565,1.1996081403559753,2.773448135107851,6.90875477931522,1.524656683447409
B0006,247,73,1209911893.0,1.5145492986655429,24.0,3.443620591429828,2.4892160721496315,4.183170360974043,-1.752616789873766,0.6716629492050046,32.562223096007365,39.4416762582387,1.7424805970149253,2.232925373134328,3140.547,0.0693601533096415,0.0927979293473322,828.6092363811633,336.53729599471274,2.5496371776190205,0.2057531999808199,0.0823568230886252,1.0,2.035337591005598,41.74552477030949,0.0,10.888628137135717,0.0044289703380718,0.4255478567387342,0.7441268246400591,-0.010107384781866,0.5207882923400551,0.1621580826569737,15.764993105428186,1000.0,0.1474358405101449,0.0045426233040088,0.0188527736415437,0.4069559260106457,0.350763246493778,10.378508842926504,15.4416762582387,0.0049168747540583,-1.2106952182954998,1.6939542888244117,-0.861093902435496,-0.2010923853965897,-27.063341073984255,-13.29673326935231,17882.0,5.693912557269261,1,3,1,0.861093902435496,0.2010923853965897,27.063341073984255,13.29673326935231,1.2106952182954998,2.8192929686701613,6.90875477931522,1.5145492986655429
B0006,251,74,1209929827.0,1.509391504602082,24.0,3.439943269617906,2.450611393803655,4.183501501534186,-1.7516949849801624,0.6726373836789596,32.58978020040808,39.53866201326228,1.7416934131736526,2.228730538922155,3131.625,0.0690250487723199,0.0930841639585602,828.985829016672,336.16121151292714,2.552987067208206,0.2061986004568761,0.0826862449078303,1.0,2.035337591005598,41.74552477030949,0.0,10.352884188297628,0.0045278439633495,0.4006420982777898,0.7415927024943012,-0.0051577940634608,0.5259460864035159,0.16210921273088,15.730104763572475,1000.0,0.1477724008897671,0.0045469861247141,0.0141438972190481,0.403444095379055,0.3169622051489555,10.418989247329169,15.538662013262282,0.0049618527164833,-1.2112127306957507,1.7328901077305314,-0.8606410021907287,-0.1996819688382807,-27.218996321933293,-13.373209647797056,17934.0,5.726739312655338,1,3,1,0.8606410021907287,0.1996819688382807,27.218996321933293,13.373209647797056,1.2112127306957507,2.817209776997804,6.90875477931522,1.509391504602082
B0006,255,75,1209947753.0,1.5039974333050703,24.0,3.43602719305159,2.4111946043456745,4.183243008796117,-1.7510429704034998,0.6733747307759468,32.57089563557426,39.5867547936938,1.740908708708709,2.2244174174174174,3121.907,0.0694219621093979,0.093585070820827,829.0370940633982,336.4372113217124,2.5491691910993457,0.2058283779501908,0.0826177550294274,1.0,2.035337591005598,41.74552477030949,0.0,10.987444138611265,0.0046318862881871,0.4208821366179117,0.7389424928579004,-0.0053940712970117,0.5313401577005277,0.1630070329302249,16.37106047076331,1000.0,0.1481265552382677,0.0045640825512711,0.0179706363034917,0.4077723844746181,0.3569977242861057,10.68665871048657,15.5867547936938,0.0049927031118123,-1.2116097756341726,1.7720484044504423,-0.8603206550506652,-0.1986370764435299,-27.29307741290058,-13.409607094224748,17926.0,5.742003205090432,1,3,1,0.8603206550506652,0.1986370764435299,27.29307741290058,13.409607094224748,1.2116097756341726,2.8548056302468403,6.90875477931522,1.5039974333050703
B0006,259,76,1209965293.0,1.4935201918040188,24.0,3.436309312279291,2.4609139768640715,4.182038001412004,-1.7388746112390865,0.6864768027433327,32.5378543470942,39.49975288442087,1.7288882882882886,2.206984984984985,3122.125,0.0684532191442855,0.09275196055407,828.2388730566928,336.88495636743,2.5488115681507315,0.2055099904690446,0.0819927953315978,1.0,2.035337591005598,41.74552477030949,0.0,9.438679130274943,0.0045317206788516,0.3545640740145619,0.7337948251946333,-0.0104772415010514,0.5418173992015791,0.1612051796983555,15.084713701855984,1000.0,0.1477855970160081,0.0046069147127025,0.0054320275368402,0.4300867442229515,0.259283377360255,11.174557369194115,15.499752884420872,0.0049644882522051,-1.229324327294306,1.721124024547933,-0.854342109175913,-0.1797839371658471,-26.952126771199257,-13.24209157098157,17540.0,5.617968531046765,1,3,1,0.854342109175913,0.1797839371658471,26.952126771199257,13.24209157098157,1.229324327294306,2.7778693614561765,6.90875477931522,1.4935201918040188
B0006,263,77,1209987691.0,1.4876323024497422,24.0,3.430470227771154,2.378420264362521,4.182440318401142,-1.738622547139575,0.6863796794736801,32.65645090520509,39.9686395722832,1.7289219219219218,2.201558558558559,3121.672,0.0699087300560767,0.0969729215589216,831.6790835428764,333.2111301906699,2.584097361509442,0.209930174151059,0.0851281833201765,1.0,2.035337591005598,41.74552477030949,0.0,11.7656579581133,0.0046999914878959,0.4372257567240928,0.7309019933714036,-0.0058878893542766,0.5477052885558558,0.1668816516149983,19.13715880649476,1000.0,0.1483583815903799,0.0046315708177575,0.0210606882485832,0.4361925088532087,0.4060966222674063,11.35485573686852,15.968639572283202,0.0051154123726894,-1.2289116692125952,1.8040200540386209,-0.8542182652983659,-0.1797555303008468,-27.76343680751684,-13.640703594610596,22398.0,7.175001089157614,1,3,2,0.8542182652983659,0.1797555303008468,27.76343680751684,13.640703594610596,1.2289116692125952,3.00256680516873,6.90875477931522,1.4876323024497422
B0006,265,78,1210020008.0,1.5302876214401704,24.0,3.4417311090871063,2.3844697219937414,4.189962701965466,-1.7870762809520675,0.6310954422556229,33.180785234653264,40.42668250871336,1.7769105105105107,2.281807807807808,3120.86,0.0708860413261148,0.0916928089596416,828.0330359212019,336.8824530108797,2.546691703419573,0.2053850947163219,0.0819203540040739,1.0,2.035337591005598,41.74552477030949,0.0,13.328121430673445,0.0046431311452286,0.5371196554804015,0.7518593614163546,0.0426553189904281,0.5050499695654276,0.1625788502857564,16.065379990537522,1000.0,0.1481648321128544,0.0046712345166509,0.0399474057658344,0.4342801850181874,0.5046752297352458,11.366522200480514,16.426682508713363,0.0052635115028255,-1.1599233012792984,1.8054929799717243,-0.8780245046184713,-0.2578861602627826,-29.355734686051857,-14.423029772237957,32317.0,10.355158513996027,1,3,2,0.8780245046184713,0.2578861602627826,29.355734686051857,14.423029772237957,1.1599233012792984,2.8370518493558525,6.90875477931522,1.4876323024497422
B0006,269,79,1210037926.0,1.5040760088360112,24.0,3.4355429213552537,2.448639661640692,4.181214475643097,-1.7612682208672186,0.6615169962236325,32.71220835503141,40.02451449021777,1.751318429003021,2.239350453172205,3103.828,0.0695889263598354,0.0940863518567662,829.2706976405915,335.7124738305617,2.5589661212678205,0.206822521972552,0.0829504012665245,1.0,2.035337591005598,41.74552477030949,0.0,11.254376026669632,0.0046511244886246,0.4311709214290755,0.7389810985080334,-0.0262116126041591,0.5312615821695867,0.1636752782166016,16.84812217022061,1000.0,0.1481920410139162,0.0046870327401342,0.0199159139905532,0.4550623395040262,0.373838933233179,11.988422557934705,16.02451449021777,0.0051628229689959,-1.1961924681830487,1.732574814002405,-0.8653445147306916,-0.2153127963347459,-28.22346812644681,-13.86672571533243,17918.0,5.772871434884352,1,3,2,0.8653445147306916,0.2153127963347459,28.22346812644681,13.86672571533243,1.1961924681830487,2.881898302143817,6.90875477931522,1.4876323024497422
B0006,273,80,1210055826.0,1.4887593608730894,24.0,3.4272336842373576,2.362869757217078,4.182157933832856,-1.7545532300777185,0.6692392427565726,32.543943889007906,40.02167483360719,1.7445387878787877,2.222924242424243,3095.094,0.0694584486147458,0.0947525985293223,829.7685093968485,335.3240010256766,2.5596337897396086,0.207019702597105,0.0833918312930946,1.0,2.035337591005598,41.74552477030949,0.0,11.04577645667125,0.0048302047826542,0.4113205174428052,0.7314557385723608,-0.0153166479629218,0.5465782301325086,0.1642110471440681,17.23060872158775,1000.0,0.1488016204803531,0.0046685515112034,0.0161628422077951,0.461341902714815,0.3606780142805351,12.199641723498072,16.021674833607193,0.0051764743925716,-1.2043094418131148,1.8192881766157776,-0.8620453122711708,-0.2044254212170168,-28.110881330560392,-13.81140968504407,17900.0,5.783346160082446,1,3,2,0.8620453122711708,0.2044254212170168,28.110881330560392,13.81140968504407,1.2043094418131148,2.9031019793337425,6.90875477931522,1.4876323024497422
B0006,277,81,1210073121.0,1.4782779285546637,24.0,3.430753651868756,2.479712742728869,4.1802491747767325,-1.7364250156958492,0.6892528926488453,32.6655410721976,40.07821178158415,1.7264660606060604,2.198254545454545,3095.781,0.0703981933432177,0.0954200671133271,830.2694571192982,334.6482637574735,2.5701827342162527,0.2082075195388923,0.0839095430249458,1.0,2.035337591005598,41.74552477030949,0.0,12.548180917545888,0.0046107117962681,0.4584748464437559,0.7263060118809538,-0.0104814323184256,0.5570596624509343,0.1658182604565448,18.378001647316967,1000.0,0.1480544784329665,0.0046448476817138,0.0250782064356853,0.4422897424578541,0.4554673915731878,11.974682942772708,16.07821178158415,0.0051935882355951,-1.232499106414211,1.700536432047863,-0.8531385763797523,-0.1758525130199502,-27.91860914519845,-13.716942710072864,17295.0,5.586635488748853,1,3,2,0.8531385763797523,0.1758525130199502,27.91860914519845,13.716942710072864,1.232499106414211,2.964138486972457,6.90875477931522,1.4782779285546637
B0006,281,82,1210091016.0,1.478459982215684,24.0,3.430880434209888,2.460990256984241,4.182775550999248,-1.7371686757879778,0.6891473173604608,33.160922870564626,40.56578932835109,1.726570303030303,2.195630303030303,3094.328,0.0705693114859097,0.0947459440261541,830.0267665508406,334.5638094157355,2.569378007272119,0.2081187365987661,0.0838660577449621,1.0,2.035337591005598,41.74552477030949,0.0,12.821753785930138,0.0046075853432416,0.4686235727780371,0.7263954583009604,0.0001820536610204,0.5568776087899139,0.1653152555120638,18.018905371530817,1000.0,0.1480438361589069,0.0046468177302057,0.0269970035776714,0.4490012490931389,0.4727275918146138,12.316818570620942,16.565789328351087,0.0053535983671885,-1.2352501311795852,1.7217852940150076,-0.8535039507014618,-0.1763216296287369,-28.777570310914275,-14.138966638235768,17895.0,5.783161966021125,1,3,2,0.8535039507014618,0.1763216296287369,28.777570310914275,14.138966638235768,1.2352501311795852,2.94543350401687,6.90875477931522,1.4782779285546637
B0006,285,83,1210108909.0,1.473214844899973,24.0,3.431984614031654,2.4794507375590507,4.182970513713943,-1.7358183569582517,0.6899134259363504,33.414445545408455,40.75221353269305,1.725651671732523,2.197589665653496,3086.531,0.0701824896733626,0.0936606319868525,829.7606384024683,335.13249906229265,2.566000858928009,0.2076115842014559,0.0833697260260656,1.0,2.035337591005598,41.74552477030949,0.0,12.203327527046635,0.004524611997781,0.441858854195597,0.7238184227571322,-0.0052451373157111,0.5621227461056251,0.163843121660215,16.967945953620816,1000.0,0.1477613994568207,0.0046215714023233,0.0219366576948019,0.4535467978289972,0.4337099760476413,12.597251097036189,16.752213532693048,0.0054275215550038,-1.2343949483781578,1.703519776154892,-0.8528405134245058,-0.1749053849758461,-29.078799769733035,-14.286966390218891,17893.0,5.797123048494962,1,3,2,0.8528405134245058,0.1749053849758461,29.078799769733035,14.286966390218891,1.2343949483781578,2.888589390067522,6.90875477931522,1.473214844899973
B0006,289,84,1210126645.0,1.4675164935067897,24.0,3.426913589626702,2.421513989921717,4.182588389688278,-1.7297302660430056,0.696447397100997,33.3541679486525,40.71162611325717,1.7195550151975685,2.1855258358662613,3085.625,0.0706589449901902,0.0945208361307596,830.2961431469375,334.39079724804066,2.571814103164747,0.2083856142171175,0.0839882748586983,1.0,2.035337591005598,41.74552477030949,0.0,12.965054165910797,0.0046609747310837,0.4647284546054994,0.7210187145326269,-0.0056983513931831,0.5678210974988083,0.1651797811209497,17.922189922016422,1000.0,0.1482255706972073,0.004653073040777,0.0262605622380407,0.4613513888769526,0.4817686683941252,12.939693051931172,16.711626113257168,0.0054159614707722,-1.2413877537604407,1.761074399766561,-0.8498493187749505,-0.1654936621639744,-28.90660548289556,-14.202364067973278,17736.0,5.747944095602755,1,3,2,0.8498493187749505,0.1654936621639744,28.90660548289556,14.202364067973278,1.2413877537604407,2.9403353033324215,6.90875477931522,1.4675164935067897
B0006,293,85,1210143842.0,1.4516292657521337,24.0,3.422042235670516,2.392798962354417,4.180388252515709,-1.727867109899114,0.698121088593313,33.13634596100404,40.58721297402195,1.7177755351681956,2.179492354740061,3067.203,0.0703354926972606,0.095400516139099,830.3288475901313,334.4651544271678,2.5697274406460497,0.2081609558695283,0.0840686067672128,1.0,2.035337591005598,41.74552477030949,0.0,12.447939088747487,0.0047039731432425,0.4340482611220965,0.7132130179126344,-0.015887227754656,0.5837083252534643,0.1657360088363595,18.31928204463719,1000.0,0.148371934926077,0.0046459540136605,0.0204599262141209,0.4777071917347658,0.4491429557917967,13.556542461285485,16.587212974021952,0.0054079279962938,-1.2425498809304547,1.7875892901612915,-0.8489339147892876,-0.1629336253676269,-28.6604997427044,-14.081447645480118,17197.0,5.606736821786623,1,3,2,0.8489339147892876,0.1629336253676269,28.6604997427044,14.081447645480118,1.2425498809304547,2.9611036668432127,6.90875477931522,1.4516292657521337
B0006,297,86,1210161709.0,1.4519237720967175,24.0,3.4202687142856667,2.410475236770924,4.182476201666448,-1.726907314763758,0.6989995507446921,32.92241762841388,40.37035790264624,1.716926993865031,2.174625766871165,3058.157,0.0714691700019692,0.0961668623513507,831.7819670853142,333.09080768923667,2.5838858093524526,0.209927404440034,0.0852711075728314,1.0,2.035337591005598,41.74552477030949,0.0,14.260390692020804,0.0047682199885365,0.4974978016835329,0.7133577144710261,0.0002945063445838,0.5834138189088804,0.1676360323533199,19.675712784200915,1000.0,0.1485906276520789,0.004664114460617,0.0324561898909106,0.4971706484485662,0.5634937603330268,14.2337519784445,16.37035790264624,0.00535301421825,-1.2456429474145017,1.7720009648955242,-0.8484623492174993,-0.1615988495305446,-28.270090807380484,-13.889632323610485,17867.0,5.842407698491005,1,3,2,0.8484623492174993,0.1615988495305446,28.270090807380484,13.889632323610485,1.2456429474145017,3.0289597159721176,6.90875477931522,1.4516292657521337
B0006,301,87,1210179569.0,1.4471484694777743,24.0,3.4248208106770663,2.4915333699239977,4.182567814531136,-1.7211995934038338,0.705261585612315,33.20338483123576,40.667923693760464,1.7109233128834358,2.166021472392638,3058.812,0.0724984890003463,0.0958703768344716,831.7934619313246,332.64276181448696,2.587823016448736,0.2103909738846521,0.0855420600676596,1.0,2.035337591005598,41.74552477030949,0.0,15.906000832701702,0.004571990207659,0.5504025870671037,0.7110115176336829,-0.0047753026189432,0.5881891215278237,0.1683688658348179,20.198884130456484,1000.0,0.1479226722761147,0.0046384254616004,0.0424587801320608,0.493675108959517,0.6673182394022703,14.249806151647023,16.667923693760464,0.0054491494389831,-1.2587993382844282,1.691034444607138,-0.8456580373518202,-0.1526412244334694,-28.68882348458664,-14.095363637595376,17860.0,5.838868161885778,1,3,2,0.8456580373518202,0.1526412244334694,28.68882348458664,14.095363637595376,1.2587993382844282,3.053948544936852,6.90875477931522,1.4471484694777743
B0006,305,88,1210197369.0,1.4468538105659885,24.0,3.423499088319266,2.444861994529003,4.182606347806988,-1.721141114732718,0.70520381156388,33.533950654066935,40.99035688395247,1.7108981595092028,2.167450920245398,3058.578,0.0723004415644622,0.0961555819129631,831.7314743351734,332.94428404543,2.5848889303168208,0.2100958028962286,0.0853308581986909,1.0,2.035337591005598,41.74552477030949,0.0,15.589375112841704,0.0046154142325636,0.5391761377645984,0.7108667461161282,-0.0002946589117858,0.5884837804396095,0.1684560234774253,20.26110615274477,1000.0,0.1480704852673504,0.0046766542323867,0.0403362203027022,0.5336263276702422,0.6473417579673744,14.511444129834292,16.990356883952472,0.0055549856449457,-1.256048168073868,1.7377443532779853,-0.8456293056704788,-0.1526692637258101,-29.24280178695267,-14.367543694870369,17800.0,5.819697911903565,1,3,2,0.8456293056704788,0.1526692637258101,29.24280178695267,14.367543694870369,1.256048168073868,3.0568794013225196,6.90875477931522,1.4468538105659885
B0006,309,89,1210215229.0,1.4416741930284678,24.0,3.4247420964314874,2.484075539808225,4.183047552179642,-1.7200547727480755,0.7063056423778308,33.5767934055627,40.99774402817452,1.7099932307692312,2.16672,3049.328,0.0707091539220389,0.095981591556724,831.2629135132199,333.5937303035072,2.5778738066614384,0.2092832343625523,0.0848856857873545,1.0,2.035337591005598,41.74552477030949,0.0,13.04532503192343,0.0045325297360006,0.4472507571602538,0.708321901683239,-0.0051796175375207,0.5936633979771302,0.1666907454787629,19.00087051887645,1000.0,0.1477883510020225,0.0046296323791337,0.0229560928098766,0.5461943182287087,0.4868331005109267,14.351554876690589,16.997744028174523,0.0055742589935123,-1.2580220964314872,1.6989720123714167,-0.8450955652291341,-0.1510528224899844,-29.23705074161169,-14.364718097110288,17860.0,5.857028171450937,1,3,2,0.8450955652291341,0.1510528224899844,29.23705074161169,14.364718097110288,1.2580220964314872,2.995775798550587,6.90875477931522,1.4416741930284678
B0006,312,90,1210335907.0,1.5935866593100128,24.0,3.450702139255875,2.479017302613424,4.222516216835943,-1.8210481343824243,0.5870046814200932,33.224088400657315,40.77265883698999,1.810393510324484,2.3214896755162244,3177.219,0.0711537574095019,0.0939955479400356,829.8902548391242,334.76507912905,2.568708651625391,0.2080045132809946,0.083630840553984,1.0,2.035337591005598,41.74552477030949,0.0,13.756128979683812,0.0048951169971742,0.6338043546757222,0.7829593804744059,0.1519124662815449,0.4417509316955852,0.1651493053495375,17.900433205435537,1000.0,0.1490225780865863,0.0046300077998215,0.058227367051529,0.5367019222212766,0.5316789894442849,13.743362499114912,16.77265883698999,0.0052790376857826,-1.1292124637396506,1.7434989142225188,-0.8947155211671713,-0.3179024325417453,-30.543819083733503,-15.006758192696662,120678.0,37.9822731766246,1,3,2,0.8947155211671713,0.3179024325417453,30.543819083733503,15.006758192696662,1.1292124637396506,2.9391848427254317,6.90875477931522,1.4416741930284678
B0006,315,91,1210364889.0,1.5463902376915637,24.0,3.448047542990752,2.4820670710190385,4.1909374470770855,-1.821445703423604,0.5868021780918599,33.37083344726966,40.52220493430463,1.810706382978724,2.3284832826747723,3082.937,0.0709691212910727,0.0894738539774376,826.8337718258604,337.77315201315724,2.5399828193008323,0.2043865681977645,0.0809410494046219,1.0,2.035337591005598,41.74552477030949,0.0,13.4609444263023,0.0045331107222714,0.5603377544758654,0.759770882494014,-0.047196421618449,0.4889473533140342,0.1604429752685103,14.540574374502988,1000.0,0.1477903286473177,0.0046391622430781,0.0443372001624336,0.5364207212315053,0.5130552694473712,13.45978722734084,16.522204934304632,0.0053592418315065,-1.1195642603159794,1.708870376058047,-0.8949108543849832,-0.318296753218963,-30.094299188673443,-14.785900534082344,28982.0,9.400775948386425,1,3,2,0.8949108543849832,0.318296753218963,30.094299188673443,14.785900534082344,1.1195642603159794,2.7434543052926874,6.90875477931522,1.4416741930284678
B0006,319,92,1210382516.0,1.51470559175661,24.0,3.439948189189645,2.452449045714353,4.183028520369727,-1.7899159936953069,0.6278130340643914,33.43366634309322,40.57746834859555,1.7796335365853662,2.276801829268293,3074.266,0.0705963860859593,0.0929584202652769,828.9099829866743,335.91073236356306,2.558828875027674,0.2067090968081379,0.0826341003006656,1.0,2.035337591005598,41.74552477030949,0.0,12.86503894482331,0.004573867311098,0.5029406070299428,0.7442036144029749,-0.0316846459349537,0.5206319992489881,0.1635548063512362,16.762117055033592,1000.0,0.1479290618329278,0.0046495533607267,0.0334852490062206,0.5566512846235165,0.4754585296974185,13.826572484730246,16.577468348595552,0.0053923337631129,-1.163146359921352,1.7305794746553742,-0.8794197094013994,-0.2625067839679809,-29.672275732128902,-14.578552397732796,17627.0,5.733726359395793,1,3,2,0.8794197094013994,0.2625067839679809,29.672275732128902,14.578552397732796,1.163146359921352,2.8770679340090344,6.90875477931522,1.4416741930284678
B0006,323,93,1210400292.0,1.4989786083335404,24.0,3.434112914501242,2.4198491932573414,4.1838942747302825,-1.7769345930773324,0.6433896249887968,33.28676739403043,40.516963879873735,1.7667003058103976,2.2536850152905195,3066.0,0.0714135686427074,0.0932382509172775,829.7968730682221,335.03275514932045,2.5640082361259644,0.2075572266655985,0.0835832418075887,1.0,2.035337591005598,41.74552477030949,0.0,14.171498753971347,0.0046611864488464,0.5377701328157422,0.7364766488653811,-0.0157269834230695,0.5363589826720576,0.1646518195599849,17.54527706582899,1000.0,0.1482262913728212,0.0046106883374417,0.0400703900705507,0.5243422186978346,0.557885409403917,13.685084086355117,16.516963879873735,0.0053871375994352,-1.1804278992107229,1.7640450814729411,-0.8730417008248551,-0.2408226257034565,-29.349564490756432,-14.419998238147665,17776.0,5.797782126547359,1,3,2,0.8730417008248551,0.2408226257034565,29.349564490756432,14.419998238147665,1.1804278992107229,2.920215151020244,6.90875477931522,1.4416741930284678
B0006,327,94,1210418164.0,1.4831110745410492,24.0,3.432560094036392,2.4706823501191706,4.1839835007856605,-1.7640032117743043,0.6586649159229433,33.14347737377552,40.34325381638243,1.7537288343558282,2.231447852760736,3056.437,0.0718562635090014,0.0936740355965839,830.2611520224898,334.6101022438465,2.569108166467161,0.2081224715942012,0.0838938878545656,1.0,2.035337591005598,41.74552477030949,0.0,14.879251318870464,0.0045844853242437,0.5484035741203099,0.7286806282628964,-0.0158675337924911,0.5522265164645488,0.1655302991055853,18.172425440095797,1000.0,0.1479652049653871,0.0046254841859946,0.042080831195144,0.5138480095292117,0.6025387811497712,13.850336390238732,16.34325381638243,0.0053471587395313,-1.201112241275656,1.71330115066649,-0.8666882676873648,-0.2194591116888235,-28.82955222294126,-14.164506338495402,17872.0,5.847331386184028,1,3,2,0.8666882676873648,0.2194591116888235,28.82955222294126,14.164506338495402,1.201112241275656,2.9534730717509348,6.90875477931522,1.4416741930284678
B0006,331,95,1210435916.0,1.4729664825468278,24.0,3.4270614887575657,2.413759774558071,4.183640209073579,-1.7571701008871028,0.666669840838828,33.11021541795579,40.39341126895154,1.7468947692307693,2.217843076923077,3048.219,0.0707112568047195,0.0943668369017916,829.7712776966749,334.96086988648824,2.566858335647511,0.207752270669494,0.0834844711398731,1.0,2.035337591005598,41.74552477030949,0.0,13.048686987808155,0.0047007918807492,0.4722590250473129,0.7236963976177928,-0.0101445919942213,0.5623711084587701,0.1650780937065111,17.849595065405367,1000.0,0.1483611060836085,0.0046417938310925,0.0276843504618366,0.517651069581385,0.4870452123044534,14.27006906215908,16.39341126895154,0.0053780293571249,-1.2092184118344886,1.7698804345155086,-0.8633310305813238,-0.2082359314121493,-28.806012133347345,-14.15294064556742,17752.0,5.823728544436662,1,3,2,0.8633310305813238,0.2082359314121493,28.806012133347345,14.15294064556742,1.2092184118344886,2.9364914317219197,6.90875477931522,1.4416741930284678
B0006,335,96,1210453674.0,1.4627604396099307,24.0,3.427340316812041,2.4562499847243027,4.183387047926521,-1.7502670210777267,0.6742901923854049,33.18991802149879,40.46341487442664,1.7399543209876545,2.2096851851851853,3039.218,0.0714859427778515,0.0949157822248428,830.9437496396918,333.9701408420572,2.5746196983554404,0.2088703789408527,0.0845191105368948,1.0,2.035337591005598,41.74552477030949,0.0,14.287205945720387,0.0046070899650361,0.5078667086327511,0.7186819749578868,-0.010206042936897,0.5725771513956672,0.1664017250026943,18.79453820003759,1000.0,0.1480421499187551,0.0046423674655395,0.0344166160926178,0.5178765332265981,0.5651855825196092,14.55196259743946,16.46341487442664,0.0054169904476813,-1.2176551316268558,1.7271370632022185,-0.8599394164154527,-0.1973562704706395,-28.81537210902945,-14.157539379319928,17758.0,5.842950390526168,1,3,2,0.8599394164154527,0.1973562704706395,28.81537210902945,14.157539379319928,1.2176551316268558,2.9854060511643485,6.90875477931522,1.4416741930284678
B0006,339,97,1210471521.0,1.4518364681062514,24.0,3.423482197888437,2.401794655879554,4.18356344388626,-1.7439614243216512,0.6811805311767779,33.26265398635676,40.5818264138806,1.7337580246913578,2.1972623456790124,3039.047,0.0719090870798546,0.0958581315853318,831.2493130343006,333.3964791210324,2.583489527458786,0.2098177610551577,0.0848661666178153,1.0,2.035337591005598,41.74552477030949,0.0,14.963702304425055,0.0046554155365873,0.5219559072908087,0.7133148203630159,-0.0109239715036792,0.5835011228993465,0.1677672186651864,19.76936696502409,1000.0,0.1482066475050532,0.0046511189850425,0.0370804295828522,0.518897152098194,0.6078669444646021,14.806625716622438,16.5818264138806,0.0054562586277458,-1.2262198522094248,1.7817687880067057,-0.856841357016932,-0.1874875025484449,-28.918065610605588,-14.20799464628866,17847.0,5.87256465595765,1,3,2,0.856841357016932,0.1874875025484449,28.918065610605588,14.20799464628866,1.2262198522094248,3.033479159090571,6.90875477931522,1.4416741930284678
B0006,343,98,1210488927.0,1.4468670644030392,24.0,3.422095770106937,2.408768723613332,4.18171248971767,-1.736850855663561,0.6887151482292208,33.299978841087025,40.61670777074496,1.726738080495356,2.186699690402477,3030.375,0.0722951819854148,0.096548686582069,831.7280394043519,332.9459662188195,2.585381558512045,0.2101354503670889,0.0852848088304443,1.0,2.035337591005598,41.74552477030949,0.0,15.580966430373234,0.0046640546210812,0.5388974510418082,0.7108732579778997,-0.0049694037032121,0.5884705266025587,0.1688438685674838,20.537989569001542,1000.0,0.1482360544732785,0.0046365639280951,0.0402835296231444,0.5223039823581769,0.6468112391917752,15.101518437662998,16.61670777074496,0.0054833833339898,-1.23539607970446,1.772943766104338,-0.8533477996404951,-0.176590144365658,-28.860743109929725,-14.179831013434328,17406.0,5.743843583712992,1,3,2,0.8533477996404951,0.176590144365658,28.860743109929725,14.179831013434328,1.23539607970446,3.069818332599837,6.90875477931522,1.4416741930284678
B0006,347,99,1210506767.0,1.441380399427779,24.0,3.421883545422636,2.4308118485818704,4.1832473219705815,-1.7360045229798653,0.6896541510589468,33.31663547841367,40.63164766168104,1.7259136645962732,2.183130434782609,3021.0,0.0726527145646948,0.0962662224179317,831.8642298436716,332.88402678629666,2.5870340342004474,0.210270095084855,0.0853584415168715,1.0,2.035337591005598,41.74552477030949,0.0,16.152566914785353,0.0046282429217587,0.553506668478289,0.7081775553094546,-0.0054866649752602,0.593957191577819,0.1689189369826265,20.59158106666512,1000.0,0.1481141534194328,0.0046465638335403,0.0430456619085608,0.5240737379816129,0.682874533323677,15.337828370435163,16.631647661681043,0.0055053451379263,-1.2387531106400274,1.752435473388711,-0.8529319803253015,-0.1752516252158873,-28.87261556528579,-14.185664176150285,17840.0,5.905329361136741,1,3,2,0.8529319803253015,0.1752516252158873,28.87261556528579,14.185664176150285,1.2387531106400274,3.0723034732796597,6.90875477931522,1.441380399427779
B0006,351,100,1210524598.0,1.431210744960774,24.0,3.4195777411151886,2.398886415333129,4.183049768329545,-1.729690117077797,0.6962675710854851,33.39150630507064,40.74323383889164,1.7197062111801242,2.174552795031056,3021.75,0.0716335247002144,0.0954611929497878,830.9554812873029,333.758267658236,2.578071335689763,0.2091641811255431,0.0845572093157744,1.0,2.035337591005598,41.74552477030949,0.0,14.52315059301096,0.0046280165960127,0.4892931763472277,0.7031810109956533,-0.0101696544670049,0.6041268460448239,0.1670947176500022,19.289267091922007,1000.0,0.1481133830190477,0.0046235621982465,0.0309049596056687,0.5216270880839515,0.5800717511743454,15.424704259007672,16.74323383889164,0.005540906375076,-1.2450249460841327,1.7841633529964165,-0.8498295928261121,-0.1656506400860007,-28.96060609905341,-14.228895595897663,17831.0,5.900885248612261,1,3,2,0.8498295928261121,0.1656506400860007,28.96060609905341,14.228895595897663,1.2450249460841327,3.010092031545203,6.90875477931522,1.431210744960774
B0006,355,101,1210542432.0,1.4260247179525716,24.0,3.417528178959647,2.3814379490849835,4.183092498086332,-1.7287954627467013,0.697047878700166,33.41522427488497,40.81715493531611,1.7188218068535823,2.1702990654205605,3012.265,0.0722249948087504,0.0965438816274638,832.1773450977598,332.6180451828664,2.59097441793861,0.2106529768049296,0.0855177379733766,1.0,2.035337591005598,41.74552477030949,0.0,15.468755609581224,0.0046570894922616,0.5167154867499315,0.7006330174681323,-0.0051860270082024,0.6093128730530264,0.1687688764362142,20.48445253055361,1000.0,0.148212345558054,0.0046166922655724,0.0360896349131137,0.5246648289300232,0.639731658356279,15.655000871961828,16.81715493531611,0.005582893581843,-1.247229113539087,1.801654549001349,-0.8493900321681604,-0.1644443195374581,-29.073421148482787,-14.28432377148509,17834.0,5.920461845154421,1,3,2,0.8493900321681604,0.1644443195374581,29.073421148482787,14.28432377148509,1.247229113539087,3.0673295354293475,6.90875477931522,1.4260247179525716
B0006,359,102,1210559818.0,1.420487649966195,24.0,3.4197860540725715,2.459885297095542,4.181536580807847,-1.7216729981632184,0.7045973768027333,33.39690850726103,40.72877617289365,1.71168875,2.161678125,3002.641,0.0721807887435657,0.0966107332406805,831.942774400585,332.7765305279396,2.5893794384394404,0.2104647066049395,0.0853946535958628,1.0,2.035337591005598,41.74552477030949,0.0,15.39808174728758,0.0045404073601184,0.5097226578025013,0.6979125508434085,-0.0055370679863766,0.614849941039403,0.1687915219842461,20.50061923438157,1000.0,0.1478151660010292,0.0045735605897563,0.0347675162790341,0.5230515222276388,0.6352727183223941,15.549632033337373,16.728776172893653,0.0055713540755914,-1.2581079290725716,1.7216512837123048,-0.8458906300977332,-0.1535264939757926,-28.801482229187226,-14.150715017652958,17386.0,5.790235995576631,1,3,2,0.8458906300977332,0.1535264939757926,28.801482229187226,14.150715017652958,1.2581079290725716,3.068081736318002,6.90875477931522,1.420487649966195
B0006,363,103,1210596994.0,1.4207006230355006,24.0,3.4171369298988705,2.4007285025453995,4.172034399629829,-1.7228162229694663,0.703674489345141,33.73731993653,41.45494452672042,1.7127171339563867,2.1575700934579443,3012.0,0.0730154275439331,0.0966853742610795,832.3591610310107,332.2021307109384,2.594855497140585,0.2111853809756626,0.0858500377791277,1.0,2.035337591005598,41.74552477030949,0.0,16.73244949514404,0.0046297049577107,0.5540861552721665,0.6980171885557206,0.0002129730693056,0.6146369679700974,0.1697008018050126,21.149755989133805,1000.0,0.1481191301093604,0.0045369664423105,0.0431552241893127,0.5397507589745592,0.7194603596617172,16.043344650945944,17.454944526720418,0.0057951343050181,-1.2595668364409265,1.771305897084429,-0.8464523181492576,-0.1549950462853322,-30.07166160166603,-14.774778257809194,37176.0,12.342629482067617,1,3,2,0.8464523181492576,0.1549950462853322,30.07166160166603,14.774778257809194,1.2595668364409265,3.0978264801385373,6.90875477931522,1.420487649966195
B0006,366,104,1210618799.0,1.452255804330839,24.0,3.4305347141293625,2.472830716079143,4.188427549455566,-1.7486639022205694,0.6766364586222329,34.08965316576344,41.39678877103747,1.7383515527950313,2.2144906832298137,3020.11,0.0723231767697095,0.0919716611719549,828.9131882197767,335.77758648975885,2.5620332412368807,0.2071207598954433,0.0825645197697486,1.0,2.035337591005598,41.74552477030949,0.0,15.625722721663054,0.0044125845426785,0.5454401349663672,0.7135208482113887,0.0315551812953383,0.5830817866747591,0.1642948379416643,17.29042714622178,1000.0,0.1473800641643045,0.0045230231667419,0.0415205403377753,0.5503819920368356,0.6496349934415602,16.42325640682749,17.39678877103747,0.0057603162702788,-1.2160440308995488,1.715596833376423,-0.859151773685591,-0.1942630974483648,-30.42113653846937,-14.946481929070416,21805.0,7.219935697703984,1,3,2,0.859151773685591,0.1942630974483648,30.42113653846937,14.946481929070416,1.2160440308995488,2.906377816215462,6.90875477931522,1.420487649966195
B0006,370,105,1210636397.0,1.431557632772571,24.0,3.4250844180972875,2.467318928642863,4.181499335679726,-1.7345160724760178,0.6914329019224659,33.9987286593769,41.36669473718026,1.72423,2.182525,3002.172000000006,0.0731775956939454,0.0955297268711263,831.8745630291386,332.87619211867553,2.588378520202649,0.2104200371249872,0.0853344807241531,1.0,2.035337591005598,41.74552477030949,0.0,16.991713681053806,0.0044450458587837,0.5727893600818293,0.7033514435633659,-0.0206981715582679,0.603779958233027,0.1687073225650717,20.440509093953217,1000.0,0.1474905606980436,0.0045221450116155,0.0466913975723251,0.5588474658181489,0.735817799603267,16.737338023082625,17.36669473718026,0.0057847101156011,-1.2425594180972874,1.7141804070368631,-0.8522006763344089,-0.1727724530870448,-30.122811147423835,-14.799909000718236,17598.0,5.861756088589895,1,3,2,0.8522006763344089,0.1727724530870448,30.122811147423835,14.799909000718236,1.2425594180972874,3.06528208097448,6.90875477931522,1.420487649966195
B0006,374,106,1210653325.0,1.415015751158943,24.0,3.417133986279293,2.3692462667541,4.179546243153898,-1.7271570233190523,0.6989258053585963,33.907397114007345,41.37787352037061,1.7170921630094047,2.1661974921630094,2992.703,0.0734131571151454,0.0966167063244682,832.4023691822649,332.2569380119835,2.593771025056605,0.21111256655,0.0858952884219423,1.0,2.035337591005598,41.74552477030949,0.0,17.368314388988967,0.0045873731144186,0.5698716520613133,0.6952241030736463,-0.016541881613628,0.620321839846655,0.1700298634396136,21.38467377430836,1000.0,0.147975034844233,0.004492341950434,0.0461397529987587,0.565015282403188,0.7595782100138992,17.0143131443645,17.377873520370613,0.0058067484546127,-1.2509364941162835,1.810299976399798,-0.8485850357714524,-0.1617940011009996,-30.01431630105829,-14.746603422915472,16928.0,5.656424977685505,1,3,2,0.8485850357714524,0.1617940011009996,30.01431630105829,14.746603422915472,1.2509364941162835,3.1083765181808105,6.90875477931522,1.415015751158943
B0006,378,107,1210670644.0,1.4097311506517451,24.0,3.417521467040602,2.448261859512487,4.18101558225098,-1.7305179027385762,0.6950775843262647,33.70518417605219,41.14095609169821,1.7207164556962025,2.1683006329113925,2964.468,0.0731630693173796,0.0970936371191972,832.3512775058608,332.22050901115847,2.5950940580395385,0.2112050228507506,0.0858515810645987,1.0,2.035337591005598,41.74552477030949,0.0,16.96848982856327,0.0045360165844861,0.5520500267090683,0.6926276785146194,-0.0052846005071978,0.6256064403538528,0.1702567064365768,21.546617461525404,1000.0,0.1478002200423926,0.0044785144057624,0.0427702578852759,0.566545530905211,0.734352565324987,17.36843740346651,17.140956091698207,0.0057821356451452,-1.2492208341292097,1.7327537227384928,-0.8502362996368302,-0.1672266730703172,-29.662731386739605,-14.573863079642868,17319.0,5.8421949570695855,1,3,2,0.8502362996368302,0.1672266730703172,29.662731386739605,14.573863079642868,1.2492208341292097,3.115585052991116,6.90875477931522,1.4097311506517451
B0006,382,108,1210688424.0,1.404917318129309,24.0,3.418162323668036,2.4598632768748825,4.182667734360821,-1.7141443638380731,0.712645847764213,33.7458832944166,41.2168813199875,1.7036974842767298,2.1433930817610065,2983.375,0.0738816586984618,0.0970436339311818,832.7788053260039,331.6424281953132,2.601413882473236,0.2118861147024372,0.0862473727526861,1.0,2.035337591005598,41.74552477030949,0.0,18.117325101553387,0.0044806896518033,0.584925238197362,0.6902625512041874,-0.004813832522436,0.6304202728762889,0.1709252926296436,22.02392253497763,1000.0,0.1476118902080738,0.0044639491628169,0.0489859010870093,0.5648657889623265,0.8068346318885888,17.523935963898612,17.2168813199875,0.0057709410717666,-1.2747692419070296,1.722804457485939,-0.842191669122062,-0.1419187998316362,-29.51222007752558,-14.499914015956724,17780.0,5.959693300370902,1,3,2,0.842191669122062,0.1419187998316362,29.51222007752558,14.499914015956724,1.2747692419070296,3.1365337856057187,6.90875477931522,1.404917318129309
B0006,386,109,1210705460.0,1.395164296571563,24.0,3.420331935905118,2.497869764845928,4.179947555799937,-1.706782327346661,0.7197036155373028,34.01657212624259,41.40391881889191,1.6965444794952689,2.1350851735015777,2975.297,0.0734306894747816,0.0964547327851496,832.4599740929826,332.14024544803937,2.5961787594247343,0.2112975126689776,0.0858746506104486,1.0,2.035337591005598,41.74552477030949,0.0,17.396344017173114,0.0043434468193204,0.5530913774764816,0.6854707065486149,-0.0097530215577461,0.640173294434035,0.1698854222599312,21.281556915789945,1000.0,0.1471447231585079,0.0044449797545593,0.0429671437614442,0.5670904613524644,0.7613466492528064,17.738454107907835,17.40391881889191,0.0058494727816705,-1.2852467624035402,1.682077790954009,-0.8385745608249772,-0.1313664609361374,-29.70470106666068,-14.59448358018584,17036.0,5.725814935448217,1,3,2,0.8385745608249772,0.1313664609361374,29.70470106666068,14.59448358018584,1.2852467624035402,3.103759292141409,6.90875477931522,1.395164296571563
B0006,390,110,1210723166.0,1.3945343832614077,24.0,3.4192916311692465,2.472236707252471,4.182316086490744,-1.7063596521950202,0.7197068332356091,34.175023374593785,41.58657133119858,1.6964075709779185,2.136123028391167,2974.9850000000006,0.0736639126487219,0.0968794327680535,832.9401421825685,331.63097862430413,2.600041515509513,0.2117799335781423,0.0863450641319543,1.0,2.035337591005598,41.74552477030949,0.0,17.769206483214305,0.0043722196440566,0.5643906503674077,0.6851612181802287,-0.0006299133101552,0.6408032077441903,0.1705433454167754,21.75124962551072,1000.0,0.1472426642705974,0.0044390418773752,0.0451034721848834,0.5692683836526131,0.7848712073144032,17.948629773577267,17.586571331198577,0.0059114823540934,-1.283168602778079,1.7100793792382727,-0.8383668924984543,-0.1311556307770822,-30.00901574000692,-14.743999156639356,17706.0,5.951626646855042,1,3,2,0.8383668924984543,0.1311556307770822,30.00901574000692,14.743999156639356,1.283168602778079,3.124620072482317,6.90875477931522,1.3945343832614077
B0006,394,111,1210740957.0,1.3893171179312644,24.0,3.414352330355796,2.427874990476308,4.18300582450457,-1.7052696591517462,0.7206903789128402,33.976109677640174,41.43504077863728,1.6954037974683545,2.130693037974684,2966.25,0.0740840559983825,0.0968961331737217,833.1930652989303,331.32271096943987,2.603829367123215,0.2122107867678563,0.0865974252955816,1.0,2.035337591005598,41.74552477030949,0.0,18.440905109035093,0.0044925260731306,0.5809950140120028,0.6825978766720686,-0.0052172653301432,0.6460204730743335,0.1709801891721042,22.06311329078913,1000.0,0.1476521807349367,0.0044444335967372,0.0482428223315246,0.560622020764015,0.827249871733981,17.847084616930523,17.43504077863728,0.0058778055722314,-1.2836592923811123,1.755130834028262,-0.8378313582226884,-0.1296536271734817,-29.73144604588359,-14.607623896233632,17791.0,5.9978086809925,1,3,2,0.8378313582226884,0.1296536271734817,29.73144604588359,14.607623896233632,1.2836592923811123,3.1382345140017125,6.90875477931522,1.3893171179312644
B0006,398,112,1210758742.0,1.3838379472327809,24.0,3.412701167144591,2.427590520023505,4.182504606082063,-1.7046265574439607,0.7213952667094184,33.84150372451663,41.37436880579148,1.6945047619047622,2.1253079365079364,2956.359,0.0738203872334584,0.0980984599868798,833.6086400847976,330.98922275589587,2.606485016140065,0.2125740535703967,0.0869468093065769,1.0,2.035337591005598,41.74552477030949,0.0,18.019368156910435,0.0045063271985654,0.5629396382098115,0.6799058560840853,-0.0054791706984835,0.6514996437728171,0.1719188472203382,22.73322322321796,1000.0,0.1476991590064677,0.0044591798221797,0.0448291325397618,0.560352040609785,0.8006543535241392,17.928365821396813,17.374368805791477,0.0058769482345633,-1.2873932306366545,1.7549140860585584,-0.8375153901443159,-0.1286450095814884,-29.616810485178064,-14.55130126889368,17785.0,6.015845842806637,1,3,2,0.8375153901443159,0.1286450095814884,29.616810485178064,14.55130126889368,1.2873932306366545,3.1668758902679044,6.90875477931522,1.3838379472327809
B0006,402,113,1210775722.0,1.3736814238195123,24.0,3.410409522809144,2.37337869163978,4.179533028548021,-1.6985503106996724,0.7278602667366414,34.1008464215818,41.66477948989921,1.6882679365079367,2.116161904761905,2956.344,0.0735640793510034,0.0982205724097661,833.6037198601928,330.714864131435,2.610281392013272,0.212953305895807,0.0870300150509925,1.0,2.035337591005598,41.74552477030949,0.0,17.609599318319656,0.0045076482486134,0.5416934237543712,0.674915763306282,-0.0101565234132685,0.6616561671860857,0.1717846517607695,22.637420805593123,1000.0,0.1477036557881363,0.0044693813184915,0.0408121579724788,0.556011528363869,0.7748013065880688,17.902492209658575,17.66477948989921,0.0059752111019195,-1.294247618047239,1.806154336908241,-0.8345300147608146,-0.1193068796941484,-30.004516691009503,-14.741788688452122,16980.0,5.743580584666147,1,3,2,0.8345300147608146,0.1193068796941484,30.004516691009503,14.741788688452122,1.294247618047239,3.1628310836074403,6.90875477931522,1.3736814238195123
B0006,406,114,1210793499.0,1.3786059891863676,24.0,3.414419320260644,2.4248604132549767,4.18250512422575,-1.6982347588599789,0.7275938938122148,34.34663683304219,41.81816829502593,1.6881828571428574,2.1187873015873016,2956.406,0.073684893936397,0.0982970287921655,833.5475741884304,331.0150632284911,2.60619256211858,0.2125880538138449,0.0869894808127211,1.0,2.035337591005598,41.74552477030949,0.0,17.802750039504573,0.0044171779465328,0.5517414767053325,0.6773352957654757,0.0049245653668552,0.6567316018192304,0.1719819227285625,22.778252959695077,1000.0,0.1473956998582585,0.0044632919918084,0.0427119210215329,0.5487948435014757,0.7869875301127823,17.78619400648511,17.818168295025927,0.0060269693320267,-1.2956320186733423,1.757644710970773,-0.8343749781511961,-0.1194135912342942,-30.25943273782988,-14.867033781856591,17777.0,6.0130442165230304,1,3,2,0.8343749781511961,0.1194135912342942,30.25943273782988,14.867033781856591,1.2956320186733423,3.1687714217721905,6.90875477931522,1.3736814238195123
B0006,410,115,1210811275.0,1.3737600299108574,24.0,3.4131710032395315,2.426962848243194,4.1828227593786,-1.6971165805711328,0.7286470501073794,34.216231530637586,41.68664700078119,1.6871496815286628,2.116595541401274,2947.266,0.07358299372552,0.0975493075587718,833.1058110652768,331.57219357956166,2.600884643935541,0.2120145039409773,0.0865423616605769,1.0,2.035337591005598,41.74552477030949,0.0,17.639838424523116,0.0044232271256153,0.5426880891378268,0.6749543839713218,-0.0048459592755101,0.6615775610947405,0.1711323012842918,22.17170644397352,1000.0,0.1474162909309808,0.0044587404990465,0.0410002171468168,0.5494200785901951,0.7767091457362857,17.920433863194596,17.686647000781193,0.0060010351969503,-1.2965754618382577,1.7558599111354058,-0.8338255959291814,-0.1178293376481371,-30.01630187973446,-14.747578975415449,17776.0,6.031352446638332,1,3,2,0.8338255959291814,0.1178293376481371,30.01630187973446,14.747578975415449,1.2965754618382577,3.1429319845874777,6.90875477931522,1.3736814238195123
B0006,414,116,1210829044.0,1.3682580583942712,24.0,3.4107019261975147,2.417287750352038,4.182413969607667,-1.6959199401004303,0.7299387135336083,34.041617020161176,41.565382893773936,1.686141853035144,2.1117763578274764,2937.984,0.073720336952649,0.0986585350686825,833.7914853101989,330.7793422915157,2.609207420382853,0.212917305373296,0.0871661276177269,1.0,2.035337591005598,41.74552477030949,0.0,17.859414093167782,0.0044620794397151,0.5449115897000365,0.6722511609085237,-0.0055019715165862,0.6670795326113268,0.1723788720213315,23.06163588519768,1000.0,0.1475485420702093,0.0044199712856476,0.0414206094584668,0.547794213711636,0.7905625663307168,17.94929077026778,17.565382893773936,0.0059787197254198,-1.2989255683700385,1.7651262192556296,-0.8332376637476098,-0.1159721679392853,-29.789483105050216,-14.636138605240424,17769.0,6.048024768002124,1,3,2,0.8332376637476098,0.1159721679392853,29.789483105050216,14.636138605240424,1.2989255683700385,3.180618700138666,6.90875477931522,1.3682580583942712
B0006,418,117,1210846803.0,1.3633024037317505,24.0,3.4089059214760367,2.4185087281747166,4.182451170946608,-1.6953163120957455,0.7307162124593425,33.890212870710734,41.46394809540406,1.6851794871794874,2.1078525641025645,2929.125,0.0742402182476053,0.0980344764720994,833.6855181113059,330.9213102307351,2.607285478253132,0.2127150860386652,0.0870818382373554,1.0,2.035337591005598,41.74552477030949,0.0,18.69056744045785,0.0044835697347562,0.5660658136534089,0.6698163536881292,-0.0049556546625206,0.6720351872738475,0.1722746947197047,22.98726349294567,1000.0,0.1476216938519601,0.0044062419061494,0.0454201915858866,0.548929247951099,0.8430015135490074,18.124694331872995,17.463948095404056,0.0059621723536544,-1.3010533573734722,1.7639424427718915,-0.832941089848982,-0.1149115940744719,-29.606916079731924,-14.546439959651908,17759.0,6.062902743991444,1,3,2,0.832941089848982,0.1149115940744719,29.606916079731924,14.546439959651908,1.3010533573734722,3.177523001689409,6.90875477931522,1.3633024037317505
B0006,422,118,1210864259.0,1.35809661401726,24.0,3.4134080258317576,2.480937393224248,4.181305580928812,-1.6890383512433216,0.7365985147966571,34.116762412437,41.6123634180086,1.6788750000000003,2.0984102564102565,2928.454,0.0736543284384104,0.0980946101129633,833.4233334922498,331.13393819750456,2.6060232072682448,0.2123942230777998,0.0867162046893829,1.0,2.035337591005598,41.74552477030949,0.0,17.753883853685572,0.0043138021816188,0.533564099361575,0.6672586503678075,-0.0052057897144905,0.6772409769883381,0.1717489385513737,22.611925071145333,1000.0,0.1470438144430584,0.0044056804201046,0.0392751646693403,0.5398662315371663,0.7839044752862854,17.779273587590595,17.6123634180086,0.006014218907998,-1.3149977694215012,1.7003681877045635,-0.8298566084945951,-0.1060469390914752,-29.74795726905144,-14.61573617364289,17456.0,5.96082438037068,1,3,2,0.8298566084945951,0.1060469390914752,29.74795726905144,14.61573617364289,1.3149977694215012,3.161751884035501,6.90875477931522,1.35809661401726
B0006,426,119,1210881407.0,1.353269090999531,24.0,3.411221044859532,2.4078214169511205,4.1804870315884735,-1.689240311218937,0.7366705561751957,34.490493589415046,42.0075404495327,1.678894230769231,2.102355769230769,2929.375,0.0742334631688051,0.0974831283011058,833.594067227649,330.7506878259616,2.609274249243317,0.2128892947084829,0.0870681461369284,1.0,2.035337591005598,41.74552477030949,0.0,18.67976784753065,0.0043485310490418,0.5574166479026474,0.6648867966571198,-0.0048275230177288,0.6820685000060669,0.1717165914699109,22.58883242242828,1000.0,0.1471620295967043,0.0043785845219695,0.043784913032058,0.5465762167355048,0.8423201479678726,17.7895103530597,18.007540449532698,0.0061472295112529,-1.3088652756287629,1.772665614637353,-0.8299558352648413,-0.1060753752677465,-30.41906323325621,-14.945463274857326,17148.0,5.853808406228,1,3,2,0.8299558352648413,0.1060753752677465,30.41906323325621,14.945463274857326,1.3088652756287629,3.160773397596478,6.90875477931522,1.353269090999531
B0006,430,120,1210956899.0,1.3841605738237488,24.0,3.415521085221368,2.433234589649132,4.163570261072192,-1.7102007614808157,0.7162819617972487,34.23744800906639,41.61679232360952,1.7000292993630577,2.1353503184713376,2946.031,0.0725027009947754,0.0879974507591852,826.8511879052123,338.53400235249137,2.528052201208717,0.2035451113018686,0.0805160254488938,1.0,2.035337591005598,41.74552477030949,0.0,15.912734703111113,0.0044204196953915,0.4973730070681635,0.6800643686533974,0.0308914828242177,0.6511770171818492,0.1605001517539606,14.581392786355623,1000.0,0.1474067345929864,0.0043633646773415,0.0324325952502219,0.5559663268065713,0.667743091297682,18.006690857538526,17.616792323609523,0.0059798394258592,-1.2801707667500306,1.7303356714230604,-0.840254102414334,-0.1364082494112135,-30.128251646686397,-14.80258202129425,75492.0,25.62498493735279,1,3,2,0.840254102414334,0.1364082494112135,30.128251646686397,14.80258202129425,1.2801707667500306,2.7460774322336623,6.90875477931522,1.353269090999531
B0006,432,121,1210973859.0,1.4051467790651473,24.0,3.42298383625498,2.440822893388958,4.190012868765637,-1.730244918610445,0.6962615132210175,34.41428886050454,41.80245062827161,1.7199250793650795,2.175015873015873,2955.438,0.073752352121123,0.0921946183527235,829.690080906007,335.12343439653347,2.5664374741397875,0.2078228181979262,0.0832369171506709,1.0,2.035337591005598,41.74552477030949,0.0,17.910597920513318,0.0043265999490394,0.578461515691729,0.6903752897183545,0.0209862052413984,0.6301908119404507,0.1659469704738465,18.469887996301267,1000.0,0.1470873773391219,0.0043707156110119,0.0477638194324369,0.5710682408156023,0.7937918452951266,18.44833164451511,17.802450628271608,0.0060236251372099,-1.2479679632391067,1.7491899753766784,-0.8501021773520537,-0.1659291772995863,-30.802599738380277,-15.13390204129613,16960.0,5.738574113209027,1,3,2,0.8501021773520537,0.1659291772995863,30.802599738380277,15.13390204129613,1.2479679632391067,2.9688690667379403,6.90875477931522,1.353269090999531
B0006,436,122,1210991533.0,1.378719022627353,24.0,3.414757022019347,2.396078253891397,4.182418011462176,-1.715246592390148,0.7110232265703329,34.16445180476378,41.653004783464006,1.7053041533546331,2.1417571884984024,2937.625,0.0749194435811484,0.0981278632129278,834.0466864266007,330.41809990442795,2.6139497136542493,0.2133834630446475,0.0873188473278459,1.0,2.035337591005598,41.74552477030949,0.0,19.776469962851984,0.0044074705116161,0.6130163640087419,0.6773908312410081,-0.0264277564377943,0.6566185683782451,0.1730473067940762,23.53883285936709,1000.0,0.1473626562839833,0.0043881073703815,0.054297027837957,0.5728906201570607,0.9115130406236396,18.486877990260567,17.653004783464006,0.0060092778293546,-1.2729998335209447,1.7863397575707791,-0.842733214935594,-0.1440547948414622,-30.27925630028362,-14.87677347444204,17674.0,6.016424832983782,1,3,2,0.842733214935594,0.1440547948414622,30.27925630028362,14.87677347444204,1.2729998335209447,3.20025687740873,6.90875477931522,1.353269090999531
B0006,440,123,1211009119.0,1.3682657783199066,24.0,3.41435871627236,2.449306948268824,4.182070839014939,-1.701340492819173,0.7245002916787043,33.877146811272176,41.36061809844917,1.691546794871795,2.119301282051282,2929.078,0.0750355463868642,0.0992747197461769,834.3971970701073,330.02122203692534,2.62026455657662,0.2141058564802498,0.0876876484770997,1.0,2.035337591005598,41.74552477030949,0.0,19.962087788568475,0.0043505568499709,0.609073669406729,0.6722549538545536,-0.0104532443074463,0.6670718126856914,0.1743102661330411,24.4404621575832,1000.0,0.147168925311591,0.004368513243748,0.0535515913284994,0.5854806401751329,0.923224000336738,19.06403503886049,17.360618098449173,0.0059269907112214,-1.295057434221078,1.732763890746115,-0.8359008842079568,-0.1239793882120123,-29.536322551260973,-14.511756018890322,17586.0,6.003937075077549,1,3,2,0.8359008842079568,0.1239793882120123,29.536322551260973,14.511756018890322,1.295057434221078,3.236340904878578,6.90875477931522,1.353269090999531
B0006,444,124,1211026875.0,1.3573151296618016,24.0,3.409188669841805,2.384185417166802,4.182701902443236,-1.7004366132157598,0.7253678587355785,33.839566254190565,41.42815616511055,1.6905717041800643,2.1133504823151124,2918.375,0.0743540156769994,0.0994596912916664,834.1938249450035,330.0795637626614,2.6180478380976444,0.2138815301232316,0.0875684455115145,1.0,2.035337591005598,41.74552477030949,0.0,18.872499576257944,0.00443548984589,0.5665285446099397,0.6668746922672389,-0.010950648658105,0.6780224613437964,0.1738137069686658,24.08596753761751,1000.0,0.1474580325560022,0.0043760208653062,0.0455076790998518,0.5805952458195994,0.8544799365110729,19.227099524603226,17.42815616511055,0.0059718700184536,-1.2958381875266929,1.7985164852764344,-0.835456790998573,-0.1226827906708834,-29.635474843995947,-14.560471422725255,17756.0,6.084207821131251,1,3,2,0.835456790998573,0.1226827906708834,29.635474843995947,14.560471422725255,1.2958381875266929,3.2223086275578567,6.90875477931522,1.353269090999531
B0006,448,125,1211044537.0,1.3524934638801596,24.0,3.411930366643558,2.4440756213040964,4.182270325485355,-1.6873533635265776,0.7373003664947759,33.818304796930946,41.343265645039,1.6777163987138264,2.096906752411575,2919.812,0.0743077418744012,0.0988808401025058,834.194475374598,330.3170172138844,2.613935997415473,0.2134795293930446,0.0875606216692675,1.0,2.035337591005598,41.74552477030949,0.0,18.798519946110712,0.0043224490622237,0.5603231071585252,0.6645057163278422,-0.004821665781642,0.6828441271254384,0.173188581976907,23.639689506149946,1000.0,0.1470732479488164,0.0043616513746664,0.0443344308266841,0.5673409442426944,0.8498124296867692,19.02359962916528,17.343265645038997,0.0059398569651172,-1.3150236142319829,1.7381947041812589,-0.8290287420397316,-0.1045294065086184,-29.26421762069149,-14.378065700567577,17662.0,6.049019594410171,1,3,2,0.8290287420397316,0.1045294065086184,29.26421762069149,14.378065700567577,1.3150236142319829,3.204358537374476,6.90875477931522,1.3524934638801596
B0006,452,126,1211062251.0,1.3474099151661236,24.0,3.4094417183837504,2.429601429477468,4.182394535290608,-1.6919294969110734,0.7335386849531479,33.812621135472135,41.38118673567723,1.6821016181229778,2.099783171521036,2900.422,0.0742623312741019,0.0998463811737161,833.9714983257492,330.46154540368013,2.612285351120501,0.21330521151342,0.0874326687414767,1.0,2.035337591005598,41.74552477030949,0.0,18.72592034922698,0.0043641380568306,0.5540345439140614,0.6620080723318286,-0.0050835487140359,0.6879276758394743,0.174108712447818,24.296572562602645,1000.0,0.1472151549923941,0.0043562451872059,0.0431454661444936,0.5639210209193021,0.8452319916226406,19.126918234309837,17.381186735677232,0.005992640634939,-1.3096585468627144,1.7527931058131396,-0.8312770832497943,-0.1104741188331371,-29.4077425294118,-14.448582213053784,17714.0,6.107387131939384,1,3,2,0.8312770832497943,0.1104741188331371,29.4077425294118,14.448582213053784,1.3096585468627144,3.2306689147224494,6.90875477931522,1.3474099151661236
B0006,456,127,1211079919.0,1.3370075130842318,24.0,3.408189609747988,2.41022288115442,4.182061947471753,-1.6852952939579415,0.7395261452441036,33.79894614410012,41.378450473707446,1.6756323624595473,2.091456310679612,2901.375,0.0742830039306995,0.0994423099659704,834.1902021926753,330.22972230226674,2.615506940007404,0.213647483740003,0.0876144301139862,1.0,2.035337591005598,41.74552477030949,0.0,18.75897048566231,0.0043356230584169,0.5467448561242167,0.656897174696045,-0.0104024020818918,0.6983300779213661,0.1737253138966699,24.02286353971988,1000.0,0.1471180915069187,0.0043204559395931,0.0417672210685695,0.5589691512134947,0.8473171836822532,19.129039721707723,17.378450473707446,0.0059897291710659,-1.316733299068376,1.7718390663173325,-0.8280175733880447,-0.1013311031446654,-29.28782079962032,-14.389662390483556,17668.0,6.0895265175973154,1,3,2,0.8280175733880447,0.1013311031446654,29.28782079962032,14.389662390483556,1.316733299068376,3.2197899485186325,6.90875477931522,1.3370075130842318
B0006,460,128,1211097650.0,1.3312352966718526,24.0,3.40737851449911,2.4098927032454966,4.182288987105723,-1.6787428835073943,0.7454352436652836,33.702723745621576,41.306600641009794,1.669153398058253,2.0804304207119744,2901.187,0.075358672139836,0.0998421172500846,835.2307976990601,329.3858796060197,2.6263840336721485,0.2147977163346467,0.0882819374271554,1.0,2.035337591005598,41.74552477030949,0.0,20.47868081429124,0.0043235259126684,0.5919740527897673,0.6540611751852576,-0.0057722164123792,0.7041022943337454,0.1752007893899206,25.0762085623752,1000.0,0.1470769134884732,0.0043234294913288,0.0503186048026086,0.5621154046894017,0.9558167757824934,19.409588396968463,17.306600641009794,0.0059653516443455,-1.3269480937871356,1.7723962838602263,-0.8247982497356522,-0.0923052750142053,-29.0533326637997,-14.274453917578796,17731.0,6.111636375040247,1,3,2,0.8247982497356522,0.0923052750142053,29.0533326637997,14.274453917578796,1.3269480937871356,3.2610233492806215,6.90875477931522,1.3312352966718526
B0006,464,129,1211114688.0,1.3259303781727645,24.0,3.4085862639015,2.453938411405305,4.179662143533188,-1.6712137513430336,0.7521771809630792,33.63562651984647,41.20408103671912,1.6616019480519482,2.070675324675325,2891.64,0.0743606505634451,0.1003439660826178,834.6138005675557,329.98878492881886,2.615744467333297,0.2138046536931691,0.0879557352371889,1.0,2.035337591005598,41.74552477030949,0.0,18.883107013247376,0.004256543607826,0.541769196080903,0.6514547680110713,-0.005304918499088,0.7094072128328335,0.1747046166460629,24.72198980882052,1000.0,0.1468489094086955,0.0042990404667189,0.0408264840779231,0.5679961690145493,0.8551491786313432,19.7584734538947,17.204081036719117,0.0059495929772423,-1.337910939226175,1.7257237321278835,-0.821099044162123,-0.0819811858594199,-28.751696807784903,-14.126254494937772,17038.0,5.892158083300171,1,3,2,0.821099044162123,0.0819811858594199,28.751696807784903,14.126254494937772,1.337910939226175,3.2473462606390315,6.90875477931522,1.3259303781727645
B0006,468,130,1211132189.0,1.321578743867529,24.0,3.404843616147767,2.3940396792395253,4.181392635232333,-1.6768931248947176,0.7474282095747105,33.69072406179652,41.32955629442644,1.667013029315961,2.0741107491856674,2882.906,0.0751851492088502,0.1000175243374832,835.3783106395366,329.3515310102409,2.625006699414537,0.2146436242704234,0.0884032149874013,1.0,2.035337591005598,41.74552477030949,0.0,20.201263322414427,0.0043373168209025,0.5760543745380602,0.6493167274597319,-0.0043516343052354,0.7137588471380689,0.1752026735463334,25.077553665556096,1000.0,0.1471238569812152,0.0042677444958517,0.0473087066021289,0.5704206745542717,0.9383140113872224,19.95895483541919,17.32955629442644,0.006011141637785,-1.3307328669620997,1.787352955992808,-0.8238894282114284,-0.0894380895141429,-29.05981380759967,-14.277638226572758,17501.0,6.070610696288374,1,3,2,0.8238894282114284,0.0894380895141429,29.05981380759967,14.277638226572758,1.3307328669620997,3.26107493149152,6.90875477931522,1.321578743867529
B0006,472,131,1211149905.0,1.321225074066109,24.0,3.4081057374178703,2.45134737470238,4.182099866234647,-1.6701186583642826,0.7532835002669596,33.71317033815572,41.300370296451625,1.6604905537459285,2.0671433224755704,2883.265,0.0753534585358586,0.1007017004442198,835.4076172935868,329.16556838465743,2.625793543033009,0.2149188391824126,0.0886138734665526,1.0,2.035337591005598,41.74552477030949,0.0,20.470345633858123,0.0042421929337811,0.5834383655397991,0.6491429627717592,-0.0003536698014201,0.7141125169394891,0.1760551589800784,25.686144789318572,1000.0,0.1468000605039363,0.004234138247014,0.0487047813768253,0.54773823550106,0.955290894381411,19.222871168175026,17.300370296451625,0.0060002706294584,-1.3409624149422998,1.7307524915322667,-0.8205610041912345,-0.0803560345334169,-28.893671228715075,-14.19600922333655,17716.0,6.144423075920478,1,3,2,0.8205610041912345,0.0803560345334169,28.893671228715075,14.19600922333655,1.3409624149422998,3.284144508971349,6.90875477931522,1.321225074066109
B0006,476,132,1211167627.0,1.3156485301862682,24.0,3.409172854038073,2.475014603796582,4.182054276922838,-1.6634753413292604,0.7589708333972093,33.65376593260611,41.2436462295636,1.6539713355048862,2.0594495114006515,2882.969,0.0749100032719246,0.101173109196334,835.4833548741723,329.0851497361457,2.6267502519093515,0.2150007815388974,0.0886514101632565,1.0,2.035337591005598,41.74552477030949,0.0,19.761377393284786,0.0041791432040809,0.5588673838228285,0.6464031008911139,-0.0055765438798407,0.7196890608193298,0.1760831124682585,25.706100842655378,1000.0,0.1465854426935407,0.0042124476632032,0.0440592004495852,0.5032294524075731,0.9105608234888556,17.604089098137614,17.243646229563602,0.0059812111158869,-1.3497233426374216,1.7070396731262565,-0.8172970164080207,-0.0715034572674672,-28.684380297484328,-14.093180615417747,17722.0,6.147135123545849,1,3,2,0.8172970164080207,0.0715034572674672,28.684380297484328,14.093180615417747,1.3497233426374216,3.2848920352845754,6.90875477931522,1.3156485301862682
B0006,480,133,1211211273.0,1.3209025697502388,24.0,3.411081762218424,2.4569179775419294,4.168816046299314,-1.6645875549232958,0.7579357799006134,33.983578066068176,41.36464929786556,1.655229220779221,2.0605162337662337,2891.656,0.0730565931590392,0.1005370594511307,833.740985690754,331.2566881926705,2.6012126918397693,0.2119535949780306,0.0870095442558195,1.0,2.035337591005598,41.74552477030949,0.0,16.798262478070395,0.0041554946684799,0.478561857523709,0.648984510278524,0.0052540395639706,0.7144350212553592,0.1735936526101699,23.928870273518204,1000.0,0.1465049443796878,0.0041482855465417,0.0288760129960084,0.4746244928949041,0.7236126181459137,16.582093575969377,17.36464929786556,0.0060050881909395,-1.3505655284521905,1.7118980687573848,-0.8178434680622346,-0.0730669917885837,-28.90497911683456,-14.20156500345082,43646.0,15.093773256564718,1,3,2,0.8178434680622346,0.0730669917885837,28.90497911683456,14.20156500345082,1.3505655284521905,3.2160265805647534,6.90875477931522,1.3156485301862682
B0006,482,134,1211230788.0,1.3474328767273906,24.0,3.416748624671716,2.438240626221148,4.190149239555381,-1.6918384605140158,0.7334467668216439,33.816348135475515,40.89285784811417,1.682086084142395,2.11257928802589,2901.25,0.0692979595355681,0.0917966510773887,826.2885096975078,338.6832663805825,2.52796207847682,0.2032420266218031,0.0802275070182462,1.0,2.035337591005598,41.74552477030949,0.0,10.789196663060352,0.0041480906887717,0.319225280613469,0.6620193537828117,0.0265303069771518,0.6879047142782073,0.1610946106129568,15.005778201878485,1000.0,0.1464797416401877,0.004121424244374,-0.0012493996241432,0.4653222790574215,0.3444899374373023,16.314316772250983,16.89285784811417,0.005822613648637,-1.3041693366458258,1.751908613334233,-0.8312323553395866,-0.1105197131690914,-28.579986615435583,-14.04189001750476,19515.0,6.726411029726247,1,3,2,0.8312323553395866,0.1105197131690914,28.579986615435583,14.04189001750476,1.3041693366458258,2.7729497946626926,6.90875477931522,1.3156485301862682
B0006,484,135,1211246202.0,1.3260128072353616,24.0,3.4169689184247174,2.4946397780995584,4.187196878135145,-1.6711981411684529,0.7523130560666373,33.60692030225909,40.652964511118334,1.661601298701299,2.0812435064935064,2891.703,0.0719888897145181,0.0947688766988796,829.607266715544,334.8902224612481,2.5673568224034766,0.2079413656956893,0.0834435586411179,1.0,2.035337591005598,41.74552477030949,0.0,15.09128571157323,0.0040165062375953,0.4330295769747149,0.6514952669744675,-0.021420069492029,0.7093247837702363,0.1667577664133976,19.04871690347192,1000.0,0.1460318354092194,0.0040974350258525,0.0202673258654466,0.467256396531388,0.6159164091935674,16.440988539465028,16.652964511118334,0.0057588779038208,-1.335725411931211,1.6925571000355868,-0.8210913745869911,-0.0818400002483323,-27.830403335925173,-13.673605521382534,15414.0,5.330422937623494,1,3,2,0.8210913745869911,0.0818400002483323,27.830403335925173,13.673605521382534,1.335725411931211,2.998165156865515,6.90875477931522,1.3156485301862682
B0006,488,136,1211263926.0,1.3101186784831065,24.0,3.4105763913818787,2.4367455144223555,4.18232296515852,-1.6632769410531223,0.7590269335533172,33.47350597721994,40.58410707337388,1.6539661237785015,2.0597035830618893,2883.016,0.0745159948359874,0.099056786825062,834.1728120165375,330.1988581578053,2.612783837115296,0.2133584212084708,0.0876690817212745,1.0,2.035337591005598,41.74552477030949,0.0,19.13146161526616,0.0041078864229424,0.5369272963523861,0.643686179763337,-0.0158941287522551,0.7252189125224915,0.1735727816610494,23.913970459543155,1000.0,0.1463428885316672,0.0040906152459021,0.0399110368528384,0.4813580011870966,0.8708183134656611,17.04656221283075,16.58410707337388,0.0057523465264737,-1.3508728083199897,1.7455774507361648,-0.8171995385857088,-0.0713508533016318,-27.583962883098756,-13.552524648217124,17724.0,6.147728628628441,1,3,2,0.8171995385857088,0.0713508533016318,27.583962883098756,13.552524648217124,1.3508728083199897,3.2154287087661264,6.90875477931522,1.3101186784831065
B0006,492,137,1211281643.0,1.30521620229393,24.0,3.4113335283009314,2.485868996808533,4.1822817387062585,-1.6559085740676296,0.7654957106646719,33.209178727620106,40.322783635307104,1.6463424836601308,2.047421568627451,2873.453,0.0753061653194478,0.0995290412746891,834.5410327185086,329.9384752712193,2.6182283129828345,0.2139120140912372,0.0878895408131342,1.0,2.035337591005598,41.74552477030949,0.0,20.394736229355,0.0040591971114733,0.568537971192661,0.6412775001365069,-0.0049024761891764,0.730121388711668,0.1748352065941369,24.815218244292183,1000.0,0.1461771527947044,0.0040604711530049,0.0458875969197789,0.5155110101919906,0.9505205621859468,18.42811407488665,16.322783635307104,0.0056805465881298,-1.3639119596734806,1.6964127418977255,-0.8135793199966972,-0.061374168702497,-27.029037374355827,-13.27987921046637,17717.0,6.165752493600499,1,3,2,0.8135793199966972,0.061374168702497,27.029037374355827,13.27987921046637,1.3639119596734806,3.2509641724617557,6.90875477931522,1.30521620229393
B0006,496,138,1211299047.0,1.3004061951355774,24.0,3.4081283345557187,2.395755020190792,4.181394192711236,-1.656100922060331,0.7655069350374726,33.58088963686094,40.78032921971219,1.6463797385620915,2.046859477124183,2874.031,0.0749505061567266,0.0999281211748044,834.3607561592198,329.777779638404,2.6181524448264755,0.2139405052441788,0.0879172105441612,1.0,2.035337591005598,41.74552477030949,0.0,19.826130844899005,0.0041213957687282,0.5490698808022525,0.6389142523000749,-0.0048100071583525,0.7349313958700205,0.174878627331531,24.846216399004565,1000.0,0.1463888736013291,0.0040717753670949,0.0422068083192565,0.5370112948128793,0.914646234252671,19.371310149841776,16.780329219712193,0.0058386041137713,-1.361268857431536,1.7856391725204444,-0.8136738242172535,-0.0614576434281482,-27.78991869324128,-13.653714647827742,17404.0,6.055606219972556,1,3,2,0.8136738242172535,0.0614576434281482,27.78991869324128,13.653714647827742,1.361268857431536,3.2521642226983203,6.90875477931522,1.3004061951355774
B0006,500,139,1211316639.0,1.300235735841116,24.0,3.412573242269913,2.4504684570147006,4.182109437180301,-1.6493259508429792,0.7709658700007178,33.76400861956033,40.85731522464202,1.6397601307189542,2.042049019607843,2874.234,0.0736187204001949,0.0990816626404051,834.6090668042805,329.9890409411166,2.6174100140823544,0.2138580394885559,0.0878568731978598,1.0,2.035337591005598,41.74552477030949,0.0,17.696955973339872,0.0039973702242857,0.4899903256379382,0.6388305024124815,-0.0001704592944613,0.7351018551644819,0.1727003830406,23.29116327038602,1000.0,0.1459666974729311,0.0040556068809714,0.0310367680733022,0.5336255146833215,0.7803127937723618,19.408384240668084,16.857315224642022,0.0058649766249498,-1.3705242226620702,1.7316409801656008,-0.8103451522347959,-0.0527648146741683,-27.80320746154253,-13.660243671982482,17592.0,6.120587259072811,1,3,2,0.8103451522347959,0.0527648146741683,27.80320746154253,13.660243671982482,1.3705242226620702,3.1901126327848455,6.90875477931522,1.300235735841116
B0006,504,140,1211333978.0,1.2895066722480757,24.0,3.407693686560286,2.3942028718004007,4.181210531150237,-1.6481131076816375,0.7718560566678059,33.57003564415372,40.74860220857894,1.6385731147540985,2.0371573770491804,2864.984,0.0749387063665482,0.101438402082048,835.0897788252244,329.0504933875544,2.627196268262685,0.214974966325467,0.0885631948198878,1.0,2.035337591005598,41.74552477030949,0.0,19.80726608634884,0.0040730273080451,0.5405310000791586,0.6335591097744969,-0.0107290635930403,0.7458309187575223,0.1763771084485962,25.915985184337693,1000.0,0.146224230022786,0.0040386720890173,0.0405923811106039,0.5241806213052081,0.9134560229864548,19.202805853570737,16.748602208578937,0.0058459671008889,-1.3705363095111056,1.787007659349836,-0.8097492593637039,-0.0512941905834649,-27.60359083530457,-13.56216823377409,17339.0,6.052040779283217,1,3,2,0.8097492593637039,0.0512941905834649,27.60359083530457,13.56216823377409,1.3705363095111056,3.2927203548852044,6.90875477931522,1.2895066722480757
B0006,508,141,1211351067.0,1.279253057384795,24.0,3.407349960804196,2.4303844034459368,4.180183763169455,-1.6402541382604887,0.778065034301414,33.272050895552354,40.47227623020844,1.630754605263158,2.026506578947368,2855.093,0.0746319429123018,0.1001160234869568,834.7854527365268,329.698511213234,2.617361192439554,0.2139661417726645,0.0881468082470202,1.0,2.035337591005598,41.74552477030949,0.0,19.31683206939772,0.0040270439923249,0.5199983957045974,0.6285213141239901,-0.0102536148632808,0.7560845336208031,0.1747479663992586,24.75293728776605,1000.0,0.1460677053464468,0.0040025236967177,0.0367103272159828,0.5144517733300693,0.8825136660642265,18.98117934614708,16.472276230208443,0.0057694359624021,-1.380843381856828,1.7497993597235184,-0.8058879984839278,-0.0413317525250274,-27.01871925316928,-13.274809721637062,17089.0,5.985444256980076,1,3,2,0.8058879984839278,0.0413317525250274,27.01871925316928,13.274809721637062,1.380843381856828,3.2485486900321305,6.90875477931522,1.279253057384795
B0006,512,142,1211368686.0,1.2792078171714618,24.0,3.409292163767801,2.4755630989048205,4.181641969595387,-1.6339151095418003,0.7837204519359695,33.12740933210319,40.28187574900838,1.6242565789473684,2.0159078947368423,2855.625,0.0746632252504,0.1007807701100031,835.5698782153072,328.94045467487103,2.628814736778451,0.2151730663760983,0.0887807780229353,1.0,2.035337591005598,41.74552477030949,0.0,19.36684429386825,0.0039745231517028,0.521313504302094,0.6284990867482796,-4.5240213333075374e-05,0.7561297738341362,0.1754439953604031,25.249833810411943,1000.0,0.1458889272950888,0.0039871582823617,0.0369589718769147,0.5164780975780073,0.8856690265134509,19.182670531306663,16.28187574900838,0.0057016855325901,-1.3933842690309586,1.7060788706905663,-0.8027735133274668,-0.0326600392637362,-26.60320279798701,-13.070658598592736,17619.0,6.169927774127846,1,3,2,0.8027735133274668,0.0326600392637362,26.60320279798701,13.070658598592736,1.3933842690309586,3.2676596579856656,6.90875477931522,1.2792078171714618
B0006,516,143,1211386221.0,1.274036760902923,24.0,3.409549235480477,2.446712151873903,4.1818501497507565,-1.6340244573659812,0.7838316988955946,33.439116773449626,40.637565231244686,1.6243105263157898,2.0158914473684213,2855.594,0.0742573760860139,0.1001410753586294,834.2946876626858,329.9386546235167,2.617872474339113,0.2137760578948609,0.0877260182532546,1.0,2.035337591005598,41.74552477030949,0.0,18.717998307780707,0.0039406538072302,0.500425640926559,0.6259584486293798,-0.0051710562685387,0.7613008301026749,0.1743984514446433,24.503417834903765,1000.0,0.1457736379102682,0.0039516662632364,0.0330097499522098,0.5111522456762192,0.8447321758971591,19.117505012189152,16.637565231244686,0.0058263062715634,-1.3936577881120558,1.7351379978768535,-0.8028272379894642,-0.032604448439141,-27.186188498875715,-13.357090541469711,17535.0,6.140578807769543,1,3,2,0.8028272379894642,0.032604448439141,27.186188498875715,13.357090541469711,1.3936577881120558,3.238812475924119,6.90875477931522,1.274036760902923
B0006,520,144,1211403729.0,1.2741273923001468,24.0,3.410318915287339,2.46071120182069,4.1817089329030335,-1.632488007933941,0.7848803525722242,33.482874768414376,40.64243349478575,1.6230323432343237,2.0155148514851486,2847.437,0.0742488778711633,0.1012766522110975,834.3714706783728,330.06934903938816,2.616088821270357,0.2136961722429019,0.0877056497557147,1.0,2.035337591005598,41.74552477030949,0.0,18.704411899137817,0.0039205431525057,0.5001219468776278,0.6260029775555019,9.063139722376155e-05,0.7612101987054511,0.1755255300822608,25.308041617885017,1000.0,0.1457051823482361,0.0039188507485207,0.0329523311930539,0.5090690490738379,0.8438749851416463,19.145852347206397,16.64243349478575,0.0058447064833321,-1.3948040638021904,1.720997731082344,-0.802072351213887,-0.030819114743359,-27.16857310307588,-13.348435763083552,17508.0,6.148687398525008,1,3,2,0.802072351213887,0.030819114743359,27.16857310307588,13.348435763083552,1.3948040638021904,3.26987465738574,6.90875477931522,1.274036760902923
B0006,524,145,1211420579.0,1.263763942644078,24.0,3.409269478846637,2.46197885229738,4.178725976011113,-1.6192610042624402,0.7951183753696195,33.22136307064441,40.38713367022122,1.6097742574257423,1.9971023102310232,2847.36,0.0747349032141229,0.100591104871491,834.8746009115539,329.6101714709594,2.617851425284736,0.2139340843508176,0.0882336585452933,1.0,2.035337591005598,41.74552477030949,0.0,19.48143849076128,0.0038955672124188,0.5139017405702175,0.6209112179860496,-0.0103634496560687,0.7715736483615199,0.1753260080856139,25.1656024496036,1000.0,0.1456201656225577,0.0039206207578417,0.03555764617383,0.5186149493019447,0.8928989787984157,19.64557483406704,16.387133670221218,0.0057552025982718,-1.412167168615614,1.7167471237137328,-0.7955736731943516,-0.0142601667837329,-26.535046523825255,-13.03717212714473,16850.0,5.9177624185189375,1,3,2,0.7955736731943516,0.0142601667837329,26.535046523825255,13.03717212714473,1.412167168615614,3.264445664577391,6.90875477931522,1.263763942644078
B0006,528,146,1211437960.0,1.2581373688955233,24.0,3.409437443506909,2.4999079970509284,4.181148894438262,-1.6178242977824624,0.796212152834948,32.98562738901426,40.15316398972329,1.6084596026490063,1.9933178807947016,2837.328,0.0747205983288105,0.1023693224152224,835.4390265992527,328.9984226904324,2.625814042866164,0.2149883405261356,0.088769628817831,1.0,2.035337591005598,41.74552477030949,0.0,19.458568744483912,0.0038629664187463,0.5095824126926909,0.618146775481072,-0.0056265737485547,0.7772002221100747,0.1770899207440329,26.42486336423313,1000.0,0.1455091943148547,0.0039150420258895,0.0347410004476857,0.5203275200860856,0.8914560857127478,19.81369074805413,16.15316398972329,0.0056930901149664,-1.4161195627122074,1.681240897387334,-0.7948677920247506,-0.0124794983457941,-26.13298118863904,-12.83962979472506,17381.0,6.125833883144238,1,3,2,0.7948677920247506,0.0124794983457941,26.13298118863904,12.83962979472506,1.4161195627122074,3.31145002398783,6.90875477931522,1.2581373688955233
B0006,532,147,1211455402.0,1.253259864055301,24.0,3.403885091976961,2.4061574188511727,4.181246648937272,-1.6181015728870058,0.7959104627910828,32.97018278153956,40.26211669866818,1.6085456953642383,1.987609271523179,2837.281,0.076226091924973,0.1006384459159407,835.9188636540239,328.4675817307537,2.631890104427532,0.2156209057121098,0.0892699936017539,1.0,2.035337591005598,41.74552477030949,0.0,21.86545672817145,0.0039833731983077,0.5690430054426283,0.6157503647520722,-0.0048775048402223,0.782077726950297,0.1768645378409137,26.263962041047368,1000.0,0.145919052366731,0.0038928595594495,0.0459830826234547,0.526775136129275,1.043310941797302,20.19104883842632,16.26211669866818,0.0057315848161188,-1.416275820453782,1.775089230086099,-0.795004022547703,-0.0129121809610677,-26.313756608587024,-12.928448190581374,17442.0,6.14743481523115,1,3,2,0.795004022547703,0.0129121809610677,26.313756608587024,12.928448190581374,1.416275820453782,3.305565758372145,6.90875477931522,1.253259864055301
B0006,536,148,1211473078.0,1.2532313315493426,24.0,3.4065929107527846,2.40921365026611,4.182124874468928,-1.6180985297864203,0.7962214097717415,33.31018716138479,40.65437976632703,1.6085774834437088,1.9903609271523173,2838.515,0.0747831534251255,0.1020269426428048,835.234546329408,329.017718953943,2.6267143367783223,0.2148880818784198,0.0885981251948351,1.0,2.035337591005598,41.74552477030949,0.0,19.5585778777162,0.0039127601474691,0.5089884948472634,0.6157363461901961,-2.8532505958356325e-05,0.7821062594562553,0.1768100960679303,26.22509594611124,1000.0,0.1456786894273752,0.0038818367149017,0.0346287097200767,0.5325839700745874,0.897765840315811,20.46635982998204,16.654379766327033,0.0058672861571353,-1.416231983600467,1.7729112242028182,-0.7950025274146117,-0.0126051375180745,-26.94842741439848,-13.24027400675276,17676.0,6.227199785801298,1,3,2,0.7950025274146117,0.0126051375180745,26.94842741439848,13.24027400675276,1.416231983600467,3.304139193004228,6.90875477931522,1.2532313315493426
B0006,540,149,1211489990.0,1.2480874960313575,24.0,3.4095930016592684,2.4705399687343235,4.179545017207998,-1.6103535053387172,0.8022686918286582,33.23406652671602,40.41021687551566,1.600601993355482,1.981119601328904,2828.328,0.0754290536673901,0.1029585922317017,836.6828077261117,327.4061960281647,2.643356646459096,0.2169536651421093,0.0901159380501205,1.0,2.035337591005598,41.74552477030949,0.0,20.591202350998746,0.0038096308203058,0.5323600270935748,0.6132090821428379,-0.0051438355179851,0.7872500949742405,0.1783876458990917,27.35131205084889,1000.0,0.1453276428727174,0.0038594440478527,0.039047513400552,0.5268049070623227,0.9629159602393256,20.0961056945786,16.41021687551566,0.0058020911561565,-1.4284734003303643,1.7090050484736743,-0.791197249863544,-0.0028575710016094,-26.426250268855213,-12.983718461572307,16912.0,5.979504498768892,1,3,2,0.791197249863544,0.0028575710016094,26.426250268855213,12.983718461572307,1.4284734003303643,3.3446733095560774,6.90875477931522,1.2480874960313575
B0006,544,150,1211544796.0,1.2534354284944844,24.0,3.409409922814414,2.4996841687041944,4.164241788212258,-1.611644410040853,0.8010853524879897,33.117656712920734,40.49521984011741,1.6019509933774836,1.982185430463576,2838.265,0.075595929854227,0.10306882004119,836.0459911043291,327.997581361439,2.6379723916666107,0.2161574268449999,0.0894398438951746,1.0,2.035337591005598,41.74552477030949,0.0,20.85799344853988,0.00384045298968,0.5429459102967795,0.6158366228941904,0.0053479324631269,0.7819021625111136,0.178664749895417,27.549137170020465,1000.0,0.1454325598411832,0.0038104832990219,0.041048962820574,0.5129947962015057,0.979748286461537,19.51494419811137,16.495219840117407,0.0058117264737829,-1.427224492350838,1.6645576195080634,-0.7918314958516327,-0.0046546111574238,-26.58442884772019,-13.061434600401697,54806.0,19.309683909000988,1,3,2,0.7918314958516327,0.0046546111574238,26.58442884772019,13.061434600401697,1.427224492350838,3.3516267139297637,6.90875477931522,1.2480874960313575
B0006,547,151,1211573669.0,1.28980487732669,24.0,3.4195489282896943,2.4839695531514434,4.189238693156103,-1.6420364978388975,0.7774199520441293,33.78417036686004,41.357879741754175,1.632057049180328,2.03764262295082,2864.547,0.0735626399327813,0.0944120193439728,830.5660659494025,334.03589298510803,2.5773216871389746,0.2091264198011561,0.0841165962123653,1.0,2.035337591005598,41.74552477030949,0.0,17.607298067466708,0.0037510030835011,0.4806870976313681,0.6337056235911394,0.0363694488322055,0.745532713678908,0.1679746592767541,19.91745924896301,1000.0,0.1451280772828044,0.0037594198228406,0.0292778274218084,0.5084245460704295,0.7746561165669887,19.3644298380274,17.357879741754175,0.006059554876128,-1.381906305338874,1.7052691400046591,-0.8067637055830398,-0.0428413419440243,-28.50227206105877,-14.003707381522377,28873.0,10.079429661998883,1,3,2,0.8067637055830398,0.0428413419440243,28.50227206105877,14.003707381522377,1.381906305338874,3.040584181006587,6.90875477931522,1.2480874960313575
B0006,551,152,1211591361.0,1.2635402021758837,24.0,3.4151799904188,2.4675402264113453,4.180842923747738,-1.6194806393973795,0.7950525227865529,33.806439563441614,41.37902988743146,1.6098072607260727,1.997881188118812,2846.39,0.0744085272580724,0.0985274062380301,833.6572851421467,330.68008134003253,2.6091565880897014,0.2128663507576553,0.0872199816911284,1.0,2.035337591005598,41.74552477030949,0.0,18.959649245835323,0.0037385694541539,0.4999924511385426,0.6208012900462411,-0.0262646751508062,0.7717973888297143,0.1729359334961024,23.459323230360056,1000.0,0.145085753892705,0.0037268363889111,0.032927847721348,0.4980598155235441,0.8599783646145751,19.03892755940181,17.379029887431457,0.0061056390330999,-1.417298802299988,1.7133026973363927,-0.7956815841059379,-0.0144327869438736,-28.145002434203665,-13.828174031055902,17692.0,6.215592381927208,1,3,2,0.7956815841059379,0.0144327869438736,28.145002434203665,13.828174031055902,1.417298802299988,3.197011461452702,6.90875477931522,1.2480874960313575
B0006,555,153,1211608820.0,1.2479761706842851,24.0,3.4154594925159083,2.4946438160388325,4.18123823034649,-1.6048643562670923,0.8060358618163398,33.63735785291911,41.20920760771975,1.5952569536423842,1.9760331125827808,2837.969,0.0743124244033084,0.1005567075795503,834.4247315707073,329.99991228616767,2.6184268714755445,0.2137787958300846,0.0876910212378302,1.0,2.035337591005598,41.74552477030949,0.0,18.806006077296352,0.0036574427665623,0.486137244191883,0.6131543858862737,-0.0155640314915985,0.7873614203213128,0.1748691319828587,24.839437649843287,1000.0,0.1448096031123868,0.003701607638698,0.0303082745241602,0.4880438895481109,0.8502847430563693,18.78163057405106,17.209207607719748,0.006063916698073,-1.4394263799331275,1.6865944143076574,-0.7885003267127187,0.0035411164191613,-27.6184438892299,-13.569465821154026,17459.0,6.15193471105352,1,3,2,0.7885003267127187,0.0035411164191613,27.6184438892299,13.569465821154026,1.4394263799331275,3.2519019159006257,6.90875477931522,1.2479761706842851
B0006,559,154,1211625770.0,1.2321202877943334,24.0,3.4130336456755868,2.4577382116375843,4.1798277092808815,-1.5916400783224371,0.8158903428123628,33.58195933847606,41.20630554355683,1.5820225165562911,1.956155629139073,2838.156,0.0744110553240348,0.1010171334682641,834.9063995483681,329.47513439586066,2.620913555818252,0.214218387734846,0.0882659337587216,1.0,2.035337591005598,41.74552477030949,0.0,18.96369095787076,0.0036467136506586,0.4805363743591473,0.6053640895934027,-0.0158558828899517,0.8032173032112646,0.1754281887922989,25.238549468575027,1000.0,0.144773081792253,0.0036673617467272,0.0292493305075709,0.4919672416894561,0.8602333634361388,19.259960840311223,17.20630554355683,0.0060624946421376,-1.4568780165365138,1.7220894976432972,-0.7820029878945308,0.0197218424402678,-27.38624550298658,-13.45538234568767,16950.0,5.972187575310881,1,3,2,0.7820029878945308,0.0197218424402678,27.38624550298658,13.45538234568767,1.4568780165365138,3.2672296831491083,6.90875477931522,1.2321202877943334
B0006,563,155,1211643070.0,1.2271137666213534,24.0,3.4094524356574096,2.40986495422137,4.180792839927961,-1.5901105081883435,0.81704386414875,33.56245583951572,41.28239317323536,1.5806332225913622,1.9503654485049835,2829.843,0.0747912414632783,0.1014752665107287,835.6916339131213,328.4272403626189,2.6352629526116496,0.2157485766824759,0.0890296634003135,1.0,2.035337591005598,41.74552477030949,0.0,19.571508521786164,0.0037143092386143,0.4928662804196139,0.6029042906907026,-0.0050065211729799,0.8082238243842446,0.176266507974007,25.837027275551836,1000.0,0.1450031734540006,0.0036409268682128,0.0315805184547584,0.4921496973380653,0.8985816577147232,19.52498122300745,17.282393173235363,0.0061071915202466,-1.459086987152426,1.770927885706591,-0.7812514810486387,0.0216068431506842,-27.48091499140404,-13.50189526265501,17300.0,6.113413358972172,1,3,2,0.7812514810486387,0.0216068431506842,27.48091499140404,13.50189526265501,1.459086987152426,3.289782548724729,6.90875477931522,1.2271137666213534
B0006,567,156,1211660473.0,1.2217397581377356,24.0,3.413849600816502,2.479418189447868,4.181365190126037,-1.5767754479909837,0.8262753136633273,33.5111267532655,41.1595683576961,1.5673415282392025,1.934295681063123,2829.625,0.0750586030968046,0.1023644362569374,835.7967138492772,328.6005990505341,2.6317390558468112,0.2154889864027803,0.0890604082771612,1.0,2.035337591005598,41.74552477030949,0.0,19.99894939876752,0.0035797736236473,0.500303858338094,0.6002639382954212,-0.0053740084836177,0.8135978328678624,0.1774230393537419,26.66267743237319,1000.0,0.1445452216238859,0.0036275483697689,0.0329867247887564,0.4972930844328135,0.9255496650746728,19.93700884401876,17.159568357696102,0.0060642552838945,-1.4795539197533782,1.7019470006781692,-0.7746997128064871,0.0372297842054805,-27.056786084538174,-13.293512678590451,17403.0,6.150284931746733,1,3,2,0.7746997128064871,0.0372297842054805,27.056786084538174,13.293512678590451,1.4795539197533782,3.3200841195408968,6.90875477931522,1.2217397581377356
B0006,571,157,1211677609.0,1.211102678915174,24.0,3.410900672125043,2.434585389303289,4.180594670510683,-1.575262673173442,0.8272958161026505,33.53675907012135,41.230427315370186,1.56591,1.929503333333333,2819.437,0.0752373703361587,0.1019128339062353,835.7305728415006,328.64508131512537,2.632393269452201,0.2154971100398634,0.0889937302312949,1.0,2.035337591005598,41.74552477030949,0.0,20.28475115931645,0.0036063950615817,0.5009047293815889,0.5950377393250057,-0.0106370792225616,0.824234912090424,0.177150204242394,26.467899879063346,1000.0,0.1446358395336887,0.0036167543367247,0.0331003301420771,0.5006580933845843,0.9435814079355836,20.22241706224428,17.230427315370186,0.0061113007012974,-1.48139733879171,1.7460092812073935,-0.7739564578184774,0.0389758236390106,-27.14244899273073,-13.335600491702646,17136.0,6.077809151257475,1,3,2,0.7739564578184774,0.0389758236390106,27.14244899273073,13.335600491702646,1.48139733879171,3.313018045748996,6.90875477931522,1.211102678915174
B0006,575,158,1211695037.0,1.2056159765131735,24.0,3.410574414013007,2.425682710641569,4.181424135030176,-1.5684640005188113,0.8317378025292568,33.49803069556778,41.21487873613708,1.559248,1.9212266666666664,2819.579,0.0756010280879806,0.1032909417699507,836.2298111270494,327.9761922517134,2.636333956004161,0.2159439445655964,0.0895741324596478,1.0,2.035337591005598,41.74552477030949,0.0,20.86614418235292,0.003590550274343,0.5118541796656235,0.5923420182680926,-0.0054867024020004,0.8297216144924244,0.1788919698579313,27.71134997372827,1000.0,0.1445819047498359,0.0035682260892395,0.0351705183823842,0.5027987257783817,0.980262530796359,20.4881479435486,17.21487873613708,0.0061054784193423,-1.489347747346341,1.7557414243886074,-0.7706161408699109,0.0466810051132986,-27.000917570927783,-13.266063417185446,17428.0,6.181064619928655,1,3,2,0.7706161408699109,0.0466810051132986,27.000917570927783,13.266063417185446,1.489347747346341,3.35729251405602,6.90875477931522,1.2056159765131735
B0006,579,159,1211712697.0,1.2008936262717274,24.0,3.4096514247359915,2.417924401749313,4.181921994951423,-1.5671286757845893,0.8329428153403723,33.516977262709986,41.27439823262361,1.5578481605351175,1.9177391304347824,2810.672,0.0753036607293191,0.1011233825244712,835.8771746414552,328.5133197580281,2.631208023905931,0.2153718518743962,0.0890858624554655,1.0,2.035337591005598,41.74552477030949,0.0,20.390732048998345,0.0035927434854374,0.4973614191180013,0.5900218379391315,-0.0047223502414461,0.8344439647338706,0.1764270432537903,25.95163374559747,1000.0,0.1445893703197132,0.0035393459476659,0.0324304043422281,0.5137048601345765,0.950267931304943,21.123433887727487,17.27439823262361,0.0061460028892085,-1.491912294301209,1.7639975932021097,-0.7699600704767403,0.0485211668492013,-27.07120482726709,-13.300596880634153,17660.0,6.283194908546325,1,3,2,0.7699600704767403,0.0485211668492013,27.07120482726709,13.300596880634153,1.491912294301209,3.2940439168755824,6.90875477931522,1.2008936262717274
B0006,583,160,1211729828.0,1.1905903985558337,24.0,3.4128578373442537,2.4541577949851603,4.179593598747663,-1.5537993411647462,0.8418998631531451,33.531923269271225,41.237668013317766,1.544473578595318,1.902561872909699,2811.485,0.0756223066038615,0.1030118924872969,836.774272874521,327.64981033793134,2.641515274347208,0.2166121957050292,0.0899511815466831,1.0,2.035337591005598,41.74552477030949,0.0,20.90016292830774,0.0034716680011883,0.5035694423886008,0.5849596665522202,-0.0103032277158936,0.8447471924497643,0.1786341990911584,27.527326887334567,1000.0,0.1441772360338774,0.0034962593426733,0.0336041415104846,0.5161487775017592,0.9824088341582762,21.3808882993879,17.237668013317766,0.0061311612949425,-1.5102959644345548,1.7254358037625024,-0.7634111153195231,0.0638716572877933,-26.783877202309764,-13.159427363554585,17131.0,6.093221198047973,1,3,2,0.7634111153195231,0.0638716572877933,26.783877202309764,13.159427363554585,1.5102959644345548,3.3508624660350255,6.90875477931522,1.1905903985558337
B0006,587,161,1211746984.0,1.185179251041941,24.0,3.413450901705652,2.463616101176541,4.180557596235595,-1.5521827524962777,0.8426741525725665,33.567636169584304,41.24068073261839,1.5429087248322149,1.9005973154362408,2802.422,0.0770454403056307,0.1026315105698432,837.0573669392141,327.1721383916338,2.6468767314852983,0.2171151184635607,0.0902594739355817,1.0,2.035337591005598,41.74552477030949,0.0,23.175379119661983,0.0034353729157793,0.5548345301190681,0.5823010670462684,-0.0054111475138927,0.850158339963657,0.1796769508754739,28.27174955439884,1000.0,0.1440536895603931,0.0034616553275391,0.0432967177590544,0.5090792160688238,1.1259562820000362,21.23794118459838,17.240680732618387,0.0061520644401921,-1.5128535862694112,1.7169414950590545,-0.7626168546156389,0.0654267641750946,-26.76068727446515,-13.148033711741885,17156.0,6.121847459088559,1,3,2,0.7626168546156389,0.0654267641750946,26.76068727446515,13.148033711741885,1.5128535862694112,3.376622871872667,6.90875477931522,1.185179251041941
B0006,591,162,1211764382.0,1.1796706818144624,24.0,3.414388187503409,2.470375229475307,4.181414159913002,-1.5452652929126829,0.8470345896109175,33.60493096509702,41.28133907077437,1.5361557046979863,1.89253355704698,2801.625,0.0760425510730385,0.1027937712894449,836.1954250047665,328.0431174993601,2.637486469544106,0.216121576805817,0.0895363740989165,1.0,2.035337591005598,41.74552477030949,0.0,21.57202321761853,0.0033909620366189,0.5131243162175025,0.5795946024028492,-0.0055085692274785,0.8556669091911355,0.1788363223624834,27.671623111017656,1000.0,0.1439025173715753,0.0033994604067121,0.0354106602785595,0.5063463851947773,1.0247976982157991,21.349649632125995,17.281339070774372,0.0061683269783672,-1.521854630456429,1.7110389304376952,-0.759218175393693,0.0731101743974189,-26.70425348112355,-13.120306717673056,17398.0,6.209967429614524,1,3,2,0.759218175393693,0.0731101743974189,26.70425348112355,13.120306717673056,1.521854630456429,3.3559078918615963,6.90875477931522,1.1796706818144624
B0006,595,163,1211781668.0,1.1745952836753917,24.0,3.412419038813061,2.4357634426689945,4.180815073540562,-1.538651770825325,0.8513560117080599,33.54281440778599,41.28338645880181,1.529481879194631,1.8808456375838924,2802.031,0.0751539653925746,0.1023746234307516,836.0528061756968,328.4910081205247,2.6319076040354985,0.2155881334418874,0.08926340718561,1.0,2.035337591005598,41.74552477030949,0.0,20.15140860840531,0.003417530198672,0.4765063725009463,0.5771009629390572,-0.0050753981390707,0.8607423073302063,0.1775285888233262,26.7380294181832,1000.0,0.1439929539332098,0.0033610080971457,0.0284873870091445,0.5071202075964217,0.935168588553962,21.512354380308537,17.283386458801807,0.0061681638992558,-1.5315734012291686,1.7450516308715676,-0.755968826433926,0.0806059167949292,-26.59311318069384,-13.06570137806441,17286.0,6.169096630263488,1,3,2,0.755968826433926,0.0806059167949292,26.59311318069384,13.06570137806441,1.5315734012291686,3.322804374806917,6.90875477931522,1.1745952836753917
B0006,599,164,1211798678.0,1.15381833159625,24.0,3.414810305745517,2.481190011798763,4.1697037841892834,-1.5169723774339865,0.8647472127992183,33.472459360982775,41.14919304328959,1.50773468013468,1.8533265993266,2793.39,0.0756530254557415,0.1032544289949257,836.503132705909,327.8031404710921,2.640868672000439,0.2163743001460686,0.0896497199156567,1.0,2.035337591005598,41.74552477030949,0.0,20.9492742866364,0.0032817688813021,0.4836972647477688,0.5668928519254556,-0.0207769520791416,0.8815192594093479,0.1789074544506672,27.72240445668025,1000.0,0.1435308298795637,0.003346443809095,0.02984695303123,0.4947968959666582,0.9855073573557244,21.12547139196048,17.149193043289593,0.0061392047094331,-1.561483706418917,1.6885137723905204,-0.7453173288757368,0.1044161170113471,-26.01485214195339,-12.781590751398966,17010.0,6.089375275201068,1,3,2,0.7453173288757368,0.1044161170113471,26.01485214195339,12.781590751398966,1.561483706418917,3.3576774613121456,6.90875477931522,1.15381833159625
B0006,603,165,1211815843.0,1.1644009557372264,24.0,3.4166177332601,2.491537251958465,4.180283727512206,-1.5238501013926742,0.8603890556014289,33.58210389885497,41.26268252018065,1.5144821548821548,1.863026936026936,2793.39,0.0761311606887092,0.1032482350963658,836.2307016434893,328.01839394411763,2.6365385957774645,0.2159942409541271,0.0895710989765115,1.0,2.035337591005598,41.74552477030949,0.0,21.713686669220458,0.0032794064533563,0.5074385543968227,0.5720922960804411,0.0105826241409763,0.8709366352683716,0.179379395785075,28.05932435664317,1000.0,0.143522788304836,0.0033176094108963,0.0343356659224025,0.8653068102292476,1.0337354980640885,36.81106674843677,17.262682520180647,0.0061798325762512,-1.5535907972331642,1.6887464755537414,-0.7486964852307818,0.0967544699138254,-26.305740508686824,-12.924509728514105,17165.0,6.144863409689966,1,3,2,0.7486964852307818,0.0967544699138254,26.305740508686824,12.924509728514105,1.5535907972331642,3.369339407928397,6.90875477931522,1.15381833159625
B0006,607,166,1211833264.0,1.1587974947916069,24.0,3.4121341541171764,2.40904100737121,4.181170015245673,-1.523792814686802,0.8604329777233659,33.6634605108384,41.45791806300034,1.5144888888888888,1.8599494949494948,2792.485,0.0758354756845729,0.1050276035550301,837.3173686325657,326.90212159115936,2.649644110056597,0.2174670344000661,0.0905412448427493,1.0,2.035337591005598,41.74552477030949,0.0,21.240964177921686,0.0033625514755259,0.4932179719702508,0.5693392093343496,-0.0056034609456194,0.8765400962139911,0.180863079239603,29.11852905992152,1000.0,0.1438058093849926,0.003273584074031,0.0316470119949324,0.95554593604751,1.0039105928875185,40.52626640414277,17.457918063000342,0.0062517499871956,-1.5521846591676816,1.772129007874463,-0.7486683391845941,0.0968257755047584,-26.60225010379085,-13.070190521847191,17421.0,6.238529481803398,1,3,2,0.7486683391845941,0.0968257755047584,26.60225010379085,13.070190521847191,1.5521846591676816,3.4051405657471956,6.90875477931522,1.15381833159625
B0006,611,167,1211903561.0,1.1749748834769171,24.0,3.419700177568569,2.475767645530351,4.1575524997258,-1.539131085939872,0.8511924609455338,33.730546074122294,41.11666214070682,1.5295798657718125,1.8894697986577185,2802.016,0.1303104359935625,0.2172746797416732,939.876623558412,223.4283950491275,3.708563168891816,0.3400467853399639,0.1852553979790856,1.0,2.035337591005598,41.74552477030949,0.0,100.0,0.0032467900456254,2.3656738875304497,0.5772874675283711,0.0161773886853102,0.8603627075286808,0.3408708532613423,67.58961782715355,1000.0,0.1434117638477374,0.0032715378722132,0.3856680921708418,1.0735081038724454,3.0,45.420514433519365,17.116662140706822,0.0061086953610188,-1.5302303789108505,1.6817848541954494,-0.7562043230495389,0.0802097089900095,-26.344786788291984,-12.943693906980874,70297.0,25.08800806275728,1,3,2,0.7562043230495389,0.0802097089900095,26.344786788291984,12.943693906980874,1.5302303789108505,4.228141179650738,6.90875477931522,1.15381833159625
B0006,613,168,1211921142.0,1.1856752327929356,24.0,3.4234687742187893,2.4160441724133666,4.188511527828155,-1.5426703969635054,0.8495522069665737,33.8912822372509,41.36263766174168,1.5328073333333334,1.89745,2820.39,0.0867731378011743,0.1273430376256639,858.2290874779571,305.7861080830603,2.863685184661505,0.2423347828869728,0.1099119519132175,1.0,2.035337591005598,41.74552477030949,0.0,38.72740688693533,0.0031974035143454,0.9277020015922588,0.582544752296905,0.0107003493160184,0.8496623582126623,0.2141161754268382,52.85798357267144,1000.0,0.143243654812905,0.0032689150118322,0.113793942241857,1.2621979536976529,2.107161454167646,53.32279035495233,17.36263766174168,0.0061561123325978,-1.5260187742187892,1.772467355414788,-0.7579432537495541,0.0768590024495611,-26.784827133972545,-13.159894083015038,17581.0,6.233535078479844,1,3,2,0.7579432537495541,0.0768590024495611,26.784827133972545,13.159894083015038,1.5260187742187892,3.986350648373514,6.90875477931522,1.15381833159625
B0018,2,1,1215443728.0,1.8550045207910817,24.0,3.5275462263272543,2.472160843460044,4.188195942647034,-1.9541761960216968,0.3275552119001775,31.773285281389256,38.10180309676608,1.9443513661202183,2.567688524590164,3434.891,0.0643003333358498,0.0992365942394797,826.5238097360798,337.97946226767345,2.515885973580472,0.2022123966912787,0.0820748728895477,1.0,1.8550045207910817,27.706297984191288,0.0,0.0,0.0,0.0,1.0,-0.0089282379393371,0.0,0.1635369275753295,0.0,0.0,0.132359869196964,-0.0081124274045495,-0.0616046142506126,-2.984760400754878,-0.3362197248490324,-2.2304751699275784,14.101803096766083,0.0041054586875571,-0.9598577017370902,1.7160350991869897,-1.0534616886727914,-0.7003032914265035,-27.55740793268533,-14.855709303650398,14034.0,4.683082656726676,3,2,1,1.0534616886727914,0.7003032914265035,27.55740793268533,14.855709303650398,0.9598577017370902,0.0,0.0,1.8550045207910817
B0018,6,2,1215467586.0,1.8431955317089987,24.0,3.534835576186522,2.4114381994148304,4.186703558364525,-1.9474374301153288,0.3447491207313536,31.92489159472864,38.14987995994155,1.9380259668508284,2.574022099447514,3425.485,0.0627291740941006,0.0925937758385272,823.529620471717,341.4525309414465,2.48302101774426,0.1981995985362822,0.0792382110497603,1.0,1.8550045207910817,27.706297984191288,0.0,-2.443469823932023,-0.0114504102329009,-3.8383027863812655,0.993633983664338,-0.0118089890820829,0.0118089890820829,0.1553229499326278,-5.022705094353126,-1000.0,0.093383302857953,-0.0080192542824833,-0.7873039950396994,-3.125318084969734,-0.4903825944860592,-2.835947134108072,14.14987995994155,0.00413076687241,-0.9608134767390082,1.7752653589496945,-1.0498289396270577,-0.678132680473485,-27.556005865628965,-14.854953474195591,23858.0,6.964853152179336,3,2,1,1.0498289396270577,0.678132680473485,27.556005865628965,14.854953474195591,0.9608134767390082,-1.795536509614153,-6.90875477931522,1.8431955317089987
B0018,10,3,1215485768.0,1.8396018424355425,24.0,3.538246596159443,2.394395968141027,4.188811210133346,-1.952051132347974,0.3309288012685717,31.31691283374216,37.5266914843442,1.942836312849162,2.5820670391061453,3410.375,0.0615688836698886,0.0932488690855108,823.3116765596567,341.4702197977914,2.48155936696159,0.1980561416584831,0.0792463468411068,1.0,1.8550045207910817,27.706297984191288,0.0,-4.247955685850712,-0.0128868719807477,-5.115978415883366,0.9916966895859798,-0.0035936892734562,0.0154026783555392,0.1548177527553994,-5.331624420177248,-1000.0,0.088493666113976,-0.0089306321142145,-1.0288712878725683,-1.6279423733743492,-0.6042308261966415,-1.2199018951144718,13.526691484344198,0.0039663355156955,-0.9561795570532978,1.7944152419923185,-1.0523161045791898,-0.695520423079668,-26.404793428935783,-14.234355290649583,18182.0,5.331378514091462,3,2,1,1.0523161045791898,0.695520423079668,26.404793428935783,14.234355290649583,0.9561795570532978,-1.845556825695034,-6.90875477931522,1.8396018424355425
B0018,14,4,1215503935.0,1.8306736044962053,24.0,3.537697945111872,2.3999481734774424,4.188875360300162,-1.946091456212276,0.3479124254783602,30.821190751176527,37.06279237079503,1.9368157746478871,2.571304225352113,3404.719,0.0613088484017203,0.0913161309651924,823.1339038226209,341.88546707790823,2.4785775017668854,0.1976648530245735,0.078912387968966,1.0,1.8550045207910817,27.706297984191288,0.0,-4.652363026649551,-0.0077397349162846,-3.546991137614304,0.9868836350412232,-0.0089282379393371,0.0243309162948763,0.1526249793669127,-6.672467376926723,-1000.0,0.1060142374444761,-0.0113909510361814,-0.7322263487745533,-0.3639020443670839,-0.6297456066736532,0.5842053995413907,13.06279237079503,0.0038366726801216,-0.966393719759759,1.7889271868227192,-1.0491033489952069,-0.673996526999499,-25.42138862707911,-13.704219223430105,18167.0,5.335829476674776,3,2,1,1.0491033489952069,0.673996526999499,25.42138862707911,13.704219223430105,0.966393719759759,-2.037638255554422,-6.90875477931522,1.8306736044962053
B0018,17,5,1215543468.0,1.8327002069419656,24.0,3.542667604586918,2.3851461229395867,4.189908817357781,-1.9412796601390512,0.3634908467567985,31.95346971511436,38.2110354381278,1.9312022598870056,2.5684887005649712,3417.641,0.0676724222530449,0.0909719357098277,817.7781748195887,347.78172751002853,2.4294369428521803,0.1910100350968148,0.0733989590656291,1.0,1.8550045207910817,27.706297984191288,0.0,5.244279060859928,-0.0125761434411396,4.361560473007189,0.9879761404357094,0.0020266024457602,0.0223043138491161,0.1586443579628726,-2.991721597732744,1000.0,0.0895513689640153,-0.0112924141102781,0.7630259348988438,1.5119344210601209,-0.0053488046186584,3.0923034603730466,14.2110354381278,0.0041581416650033,-0.9741789040219468,1.8047626944181947,-1.0465093951709978,-0.6546064725777597,-27.587594045552752,-14.871982101108742,39533.0,11.56733548081511,3,2,1,1.0465093951709978,0.6546064725777597,27.587594045552752,14.871982101108742,0.9741789040219468,-1.3842226159703594,6.90875477931522,1.8306736044962053
B0018,19,6,1215557837.0,1.8285288846046388,24.0,3.5451037330477333,2.371677070838912,4.190509582057232,-1.940033881908304,0.3649633222354457,32.02311236185272,38.17496505957075,1.9304615384615376,2.572752136752137,3411.766,0.0701005683568503,0.0879243219885459,821.4010328037958,343.819883045134,2.4631579161486568,0.1954892828338822,0.0769670928518211,1.0,1.8550045207910817,27.706297984191288,0.0,9.020536473279313,-0.0123015946098344,6.320201645036327,0.9857274546289774,-0.0041713223373267,0.0264756361864428,0.1580248903453961,-3.3705153190487662,1000.0,0.0904859180778906,-0.0103231374464038,1.133341870049346,3.1609884202116065,0.2329020112845466,5.285867572235608,14.174965059570752,0.0041547295622169,-0.9723515962955962,1.81883251121832,-1.0458378182469998,-0.6523473248836101,-27.49991249043362,-14.82471453162893,14369.0,4.211601850770477,3,2,1,1.0458378182469998,0.6523473248836101,27.49991249043362,14.82471453162893,0.9723515962955962,-1.4748809241343714,6.90875477931522,1.8285288846046388
B0018,21,7,1215572201.0,1.8212011895697924,24.0,3.5475142438631493,2.49644915770408,4.1903241054041,-1.933566718484772,0.3808832811419138,31.63453315807769,37.64038685475582,1.9240701149425288,2.567810344827586,3399.516,0.0707927511616243,0.0854648817553903,824.7243311007426,340.1558074157076,2.49392460886258,0.1996100141971921,0.0803061788886462,1.0,1.8550045207910817,27.706297984191288,0.0,10.097020480226258,-0.0109577256033844,5.540879540754757,0.9817772243450524,-0.0073276950348464,0.0338033312212893,0.1562576329170146,-4.451162634476075,1000.0,0.0950603742253511,-0.0099408627651519,0.9859971711060964,3.5285268656283337,0.3008193074197016,5.281867935319004,13.640386854755818,0.0040124496707036,-0.9797038990355632,1.69387494770002,-1.0423514852771547,-0.6316966575744646,-26.374598049613027,-14.218077497809704,14364.0,4.225307367282806,3,2,1,1.0423514852771547,0.6316966575744646,26.374598049613027,14.218077497809704,0.9797038990355632,-1.6958289133508957,6.90875477931522,1.8212011895697924
B0018,23,8,1215586554.0,1.815170010643328,24.0,3.544812433691423,2.4374506721131883,4.190302498850287,-1.9332161326561408,0.3824771942488669,31.28819492159571,37.37602884738843,1.923457391304348,2.563631884057971,3388.75,0.0686212288492046,0.0849790288287762,825.6597950622698,339.0596102056528,2.502285071971037,0.2007935168444515,0.0813707719047062,1.0,1.8550045207910817,27.706297984191288,0.0,6.719864873462095,-0.0080404886613762,3.129291579874064,0.9785259228744272,-0.0060311789264644,0.0398345101477537,0.1536002576779808,-6.076101577737292,1000.0,0.1049904882460773,-0.0092381751969293,0.5300435928373249,0.4432624074663728,0.0877485363177534,0.4269472703064302,13.376028847388431,0.0039471866757313,-0.9811805496334522,1.752851826737099,-1.0421624906819864,-0.6297891624708296,-25.858754758645244,-13.939995539028429,14353.0,4.2354850608619,3,2,1,1.0421624906819864,0.6297891624708296,25.858754758645244,13.939995539028429,0.9811805496334522,-1.9567231314428488,6.90875477931522,1.815170010643328
B0018,26,9,1215602801.0,1.8042980520967649,24.0,3.543478027416409,2.4152206992194847,4.188517549229078,-1.932595948997046,0.3841188149850458,31.11122470608501,37.28928029078695,1.9228538011695904,2.558219298245614,3380.406,0.0612959895023723,0.0885439390250198,821.2255740304983,343.75647733594985,2.460383240129435,0.1953637460414785,0.0772731192800899,1.0,1.8550045207910817,27.706297984191288,0.0,-4.672361211232576,-0.0058283615100253,-1.709298910530669,0.9726650430627024,-0.010871958546563,0.0507064686943168,0.149839928527392,-8.375477739040582,-1000.0,0.1125204473402252,-0.0083014224755547,-0.3847779619491785,-2.0412570717630927,-0.6310073278099876,-4.198346219349871,13.289280290786948,0.0039312675136604,-0.9852587291707952,1.7732968500095936,-1.0418281606834288,-0.6276848952921792,-25.68280925506114,-13.845146442157109,16247.0,4.806227417651961,3,2,1,1.0418281606834288,0.6276848952921792,25.68280925506114,13.845146442157109,0.9852587291707952,-2.2380975293891128,-6.90875477931522,1.8042980520967649
B0018,29,10,1215707679.0,1.8231002302844224,24.0,3.543133206790044,2.377432309524995,4.191794143442699,-1.9387520938161948,0.369052527945247,31.13166983979621,37.52377766578506,1.928967930029154,2.5672915451895046,3404.141,0.0520637713990742,0.0977493355834134,824.0300601385904,340.1454797676216,2.487162914673138,0.1988959353882031,0.080307298272291,1.0,1.8550045207910817,27.706297984191288,0.0,-19.03032426420294,-0.0090627056000263,-11.064761817802616,0.9828009634752516,0.0188021781876575,0.0319042905066593,0.1498131069824876,-8.391878649304797,-1000.0,0.1015109180375205,-0.0073992834672313,-2.1535945500754625,-3.866046135756756,-1.536876827285294,-8.16140453082116,13.523777665785062,0.0039727430990023,-0.9758416616005392,1.814361833917704,-1.045146829046137,-0.6472474993033589,-26.21925226584548,-14.134333344120224,104878.0,30.80894710294585,3,2,1,1.045146829046137,0.6472474993033589,26.21925226584548,14.134333344120224,0.9758416616005392,-2.2398453423575493,-6.90875477931522,1.8042980520967649
B0018,31,11,1215722038.0,1.8121253520255487,24.0,3.545155146280937,2.3887487262583647,4.190699409462101,-1.9319248326301843,0.3851800477462704,31.51305775907457,37.72420412562674,1.922387058823529,2.5626,3396.141,0.0552301726987985,0.0955793596134238,826.3449951678247,337.65184227818776,2.5093817935154448,0.2017807968793825,0.0824979041152145,1.0,1.8550045207910817,27.706297984191288,0.0,-14.10593097500219,-0.0076178310029615,-6.102395751111001,0.9768846014740457,-0.0109748782588736,0.0428791687655329,0.1508095323122223,-7.782581814384892,-1000.0,0.1064291916572929,-0.0067477705475252,-1.2153710220556575,-4.865285051112451,-1.226188070972818,-10.796811722392516,13.72420412562674,0.004041117293311,-0.9825551462809368,1.8019506832037364,-1.0414663737664815,-0.6261789248988493,-26.514130758383928,-14.293297103547468,14359.0,4.228034112834471,3,2,1,1.0414663737664815,0.6261789248988493,26.514130758383928,14.293297103547468,0.9825551462809368,-2.1727704207290173,-6.90875477931522,1.8042980520967649
B0018,33,12,1215736225.0,1.8046916382117768,24.0,3.545032366549762,2.432289857016922,4.190263311275428,-1.9249594896453863,0.4008923507156673,31.31102568785445,37.41366095304306,1.915624925816024,2.556700296735905,3384.094,0.0580514526387736,0.0931343506754862,827.1120103379,336.87574299326354,2.5172368545727184,0.2027741964921626,0.0831820570007508,1.0,1.8550045207910817,27.706297984191288,0.0,-9.718271077130192,-0.0064470305617672,-3.5830657792135563,0.9728772183488542,-0.0074337138137718,0.0503128825793048,0.1511858033142598,-7.552498612189877,-1000.0,0.1104145319322493,-0.0062963074623623,-0.7390469011196296,-4.78458662460149,-0.9493627816967803,-10.869445577941692,13.413660953043063,0.0039637376955365,-0.9883320698138572,1.7579734542585066,-1.037711481040898,-0.6054835850909847,-25.82075394244602,-13.919509973762782,14187.0,4.192259434872615,3,2,1,1.037711481040898,0.6054835850909847,25.82075394244602,13.919509973762782,0.9883320698138572,-2.1462234756000833,-6.90875477931522,1.8042980520967649
B0018,35,13,1215750529.0,1.790844349786295,24.0,3.5440892170496827,2.497495633221204,4.18970538556629,-1.9179528942264992,0.4160479816041276,30.893964711700164,36.94724908852665,1.908868862275449,2.5484910179640714,3370.656,0.0601483508045179,0.0905316188742979,825.715980911722,338.4905501423251,2.504989389956984,0.2011226500677084,0.0817675642113173,1.0,1.8550045207910817,27.706297984191288,0.0,-6.457171084394692,-0.0047829240628457,-1.8669029969044129,0.9654123910288772,-0.0138472884254818,0.0641601710047867,0.1506799696788158,-7.861807121191859,-1000.0,0.1160790588820371,-0.0051675914523424,-0.4145758164324321,-2.912088793544979,-0.7436141662936308,-8.422734510416607,12.947249088526648,0.003841165959541,-0.9955981990856112,1.692209752345086,-1.0339343498605804,-0.5853661908973705,-24.832213861611084,-13.386605568828791,14304.0,4.243684315455435,3,2,1,1.0339343498605804,0.5853661908973705,24.832213861611084,13.386605568828791,0.9955981990856112,-2.181750707836297,-6.90875477931522,1.790844349786295
B0018,38,14,1215766748.0,1.783470722841926,24.0,3.541317108618481,2.478768686108376,4.188354430914051,-1.917373033348097,0.4177151568318644,30.540598970902945,36.70709131205994,1.9081456193353472,2.540510574018127,3357.797,0.0610624704462083,0.0876262476902983,820.6971904145028,344.1083844700011,2.4591171775330696,0.1950451136612828,0.0768381600721055,1.0,1.8550045207910817,27.706297984191288,0.0,-5.035530488978455,-0.003571046084211,-1.3058067779758655,0.9614373996680884,-0.0073736269443689,0.0715337979491557,0.1486887181365065,-9.079422958578704,-1000.0,0.1202042248340237,-0.0042509957249293,-0.3084906008302938,-2.086860339753243,-0.6539203253321819,-7.387000690251488,12.707091312059935,0.0037843536437897,-1.000806534600354,1.7095857448056746,-1.0336217571571178,-0.5832561090685153,-24.36423421403561,-13.134326050327338,16219.0,4.830250309948806,3,2,1,1.0336217571571178,0.5832561090685153,24.36423421403561,13.134326050327338,1.000806534600354,-2.31049601483185,-6.90875477931522,1.783470722841926
B0018,41,15,1215786425.0,1.7809386125310702,24.0,3.541197979542517,2.385849407868021,4.193543208571066,-1.918065242227558,0.4185103779219493,30.82566018736547,37.13061214416645,1.908073333333333,2.540351515151515,3363.015,0.059929988259993,0.0868376165059845,816.4011949447556,348.815093391416,2.420079594267839,0.1899146773181406,0.0726625225598243,1.0,1.8550045207910817,27.706297984191288,0.0,-6.796768926577497,-0.003419125549927,-1.7022726625200575,0.9600723839592448,-0.0025321103108557,0.0740659082600114,0.1467676047659775,-10.254150518442447,-1000.0,0.1207213539728352,-0.0036145436152604,-0.3834495248470659,-1.812371272480068,-0.7650399999015107,-7.501998038653154,13.130612144166449,0.0039044167641721,-1.0008464643910018,1.8076938007030448,-1.0339949146730858,-0.5827718874452485,-25.18537076289673,-13.576986183612773,19677.0,5.850999772523807,3,2,1,1.0339949146730858,0.5827718874452485,25.18537076289673,13.576986183612773,1.0008464643910018,-2.4207369955833182,-6.90875477931522,1.7809386125310702
B0018,43,16,1215800727.0,1.771209039672698,24.0,3.541255460524434,2.372854084449551,4.190238041929225,-1.9106033469326071,0.4333538762209249,31.451400678644536,37.686600065941576,1.901058103975535,2.532669724770642,3357.734,0.05856007419299,0.0884206892070877,817.6215273080546,347.35781251655425,2.431799259821162,0.1915065214843084,0.0738877983437266,1.0,1.8550045207910817,27.706297984191288,0.0,-8.92726187417661,-0.003034852365896,-1.9762534821523208,0.9548273439880092,-0.0097295728583721,0.0837954811183836,0.1469807634000777,-10.123807704769009,-1000.0,0.1220293987454715,-0.0031595189773159,-0.4352504697492459,-1.7914626796518691,-0.8994566001502495,-8.136786162578804,13.686600065941576,0.0040761418462384,-1.0085857357537922,1.8173839574796744,-1.0299723394139453,-0.5627455794462614,-26.149663894116017,-14.096819488540904,14302.0,4.2594201923069965,3,2,1,1.0299723394139453,0.5627455794462614,26.149663894116017,14.096819488540904,1.0085857357537922,-2.409087649703877,-6.90875477931522,1.771209039672698
B0018,45,17,1215814925.0,1.7686303996707076,24.0,3.5427478949705886,2.4086912736769084,4.19075698083662,-1.909404549449075,0.4345292193646614,31.518847747922937,37.633580732302406,1.9002553846153845,2.5351661538461543,3344.187,0.0576817342470253,0.0900736023290078,820.1345917995466,344.5045685360984,2.454947603823552,0.1946070862053625,0.0763693012458371,1.0,1.8550045207910817,27.706297984191288,0.0,-10.29325781913852,-0.0032647700134226,-2.210620442847685,0.9534372449488484,-0.0025786400019904,0.0863741211203741,0.1477553365760331,-9.650169620268356,-1000.0,0.1212467717252115,-0.0027004027683389,-0.4795617103469155,-1.695185699409031,-0.9856397208605336,-8.096627053692314,13.633580732302406,0.0040767997520169,-1.0075817411244343,1.782065707159712,-1.0293260889765743,-0.5608321157704004,-26.032021075539465,-14.03340033392722,14198.0,4.245575980050085,3,2,1,1.0293260889765743,0.5608321157704004,26.032021075539465,14.03340033392722,1.0075817411244343,-2.3655758188143654,-6.90875477931522,1.7686303996707076
B0018,47,18,1215829091.0,1.7536304801917124,24.0,3.541251093602656,2.496331992137246,4.189715378549557,-1.896056770245541,0.4608372568983002,31.11237289077096,37.15252578645951,1.887244582043344,2.518058823529412,3339.969,0.058107496406215,0.0902836897856369,821.8657943544429,342.633607523317,2.46993341276162,0.1966099933494469,0.0780619156603037,1.0,1.8550045207910817,27.706297984191288,0.0,-9.631111704022938,-0.0025078008731231,-1.762360032763418,0.945351054693852,-0.0149999194789951,0.1013740405993692,0.1483911861918519,-9.261358590638483,-1000.0,0.1238234530242528,-0.0021783505376263,-0.3948101104510906,-1.31794585794606,-0.9438637413802702,-6.5045848693595705,13.152525786459512,0.0039379185215358,-1.023192270073244,1.6933833864123105,-1.0221305382128243,-0.5252721731956401,-24.93793556324562,-13.443598260971912,14166.0,4.24135673115402,3,2,1,1.0221305382128243,0.5252721731956401,24.93793556324562,13.443598260971912,1.023192270073244,-2.3283852472179345,-6.90875477931522,1.7536304801917124
B0018,50,19,1215845143.0,1.7462197416415093,24.0,3.5350260562177453,2.4199896352919668,4.187635645163932,-1.8948411660605733,0.4628974572466668,30.586452588663985,36.78829001793698,1.886169375,2.509953125,3327.641,0.0611915826506019,0.0868862367943923,820.3041365533203,344.65869632585066,2.4526901098732368,0.1943118274959614,0.0764834777175712,1.0,1.8550045207910817,27.706297984191288,0.0,-4.834734944546004,-0.0012754650393261,-0.8244218767616728,0.9413560571253056,-0.0074107385502031,0.1087847791495724,0.1480778194449942,-9.452976930048198,-1000.0,0.128018256389456,-0.0017445724539555,-0.2174762269846827,-0.8229270685640575,-0.6412517762726224,-4.0549752440114215,12.78829001793698,0.0038430497814917,-1.0250729312177451,1.7676460098719655,-1.0214752275811314,-0.5223956277107004,-24.231778369508497,-13.062921456445688,16052.0,4.823837667583485,3,2,1,1.0214752275811314,0.5223956277107004,24.231778369508497,13.062921456445688,1.0250729312177451,-2.346886811530838,-6.90875477931522,1.7462197416415093
B0018,53,20,1215861336.0,1.7376647337053737,24.0,3.5326627624319777,2.3587321881999297,4.191004692440202,-1.90021436299665,0.4524585670439338,30.24291302110412,36.541146197392216,1.891400630914826,2.51618927444795,3312.844,0.0650484304168595,0.0838275324136804,819.2709730730071,346.5934702640902,2.4397547052290363,0.1924965372598144,0.0749768258478588,1.0,1.8550045207910817,27.706297984191288,0.0,1.1634419950862225,-0.0008088643963637,0.1839265447947966,0.9367442042482638,-0.0085550079361356,0.117339787085708,0.1488759628305399,-8.96492607052748,1000.0,0.129606539301975,-0.0010875851434143,-0.0268300310306942,-0.3074253084408735,-0.2628160941342095,-1.4171773555858955,12.541146197392216,0.0037856132668451,-1.0164734879840278,1.832272504240272,-1.0243718226421985,-0.5365470634798144,-23.830866132725507,-12.84679678824494,16193.0,4.8879452216872,3,2,1,1.0243718226421985,0.5365470634798144,23.830866132725507,12.84679678824494,1.0164734879840278,-2.2990715347237884,6.90875477931522,1.7376647337053737
B0018,55,21,1215875608.0,1.7315166735475835,24.0,3.5333109441755526,2.4458096660548825,4.1906972904216495,-1.8936767267608487,0.4661602471420678,30.10270376338569,36.372087786130464,1.88444253968254,2.5047142857142863,3302.031,0.0664356099656196,0.0852761924234487,822.5401146964779,343.8874173874723,2.4681867606002235,0.1961227875195738,0.0773630767763016,1.0,1.8550045207910817,27.706297984191288,0.0,3.3207862525641314,-0.0008659619475422,0.4988404647576911,0.933429894181155,-0.0061480601577901,0.1234878472434981,0.1517118023890682,-7.230859286203513,1000.0,0.1294121823797304,-0.0006391769901784,0.0327100442155309,0.0462199227065806,-0.126705396850228,0.5181230375076178,12.372087786130464,0.0037468115187673,-1.0285966584612662,1.744887624366767,-1.0208474990305831,-0.5182500749639601,-23.428734702037413,-12.630014874258109,14272.0,4.322188374365861,3,2,1,1.0208474990305831,0.5182500749639601,23.428734702037413,12.630014874258109,1.0285966584612662,-2.1078904182549594,6.90875477931522,1.7315166735475835
B0018,57,22,1215888765.0,1.7085949894470602,24.0,3.52738705832889,2.3808537751929744,4.185877977731026,-1.8739718829459888,0.5016651228882696,30.25118485222193,36.52608510498833,1.8649783439490448,2.475640127388535,3305.547,0.0661622984219434,0.0878950906985293,826.0213673689441,340.61151547853694,2.499830701139884,0.2002235762793219,0.0801759810877562,1.0,1.8550045207910817,27.706297984191288,0.0,2.895731622989111,2.01665392833582e-05,0.3668883577682351,0.9210732212762566,-0.0229216841005233,0.1464095313440214,0.1540573891204727,-5.796573616392869,1000.0,0.1324285149869591,-0.0004199143712273,0.0077621524869726,0.063609542968691,-0.1535228516049348,0.3122519723162087,12.526085104988333,0.0037894137052005,-1.051746930940355,1.805024202538052,-1.0102249676117194,-0.4693474473737724,-23.47353129013669,-12.65416391948848,13157.0,3.980279209460952,3,2,1,1.0102249676117194,0.4693474473737724,23.47353129013669,12.65416391948848,1.051746930940355,-1.9164186052496777,6.90875477931522,1.7085949894470602
B0018,59,23,1215903029.0,1.711469957068211,24.0,3.529602596572045,2.436955746154759,4.188109147549676,-1.8791764961687347,0.4927171230526787,30.212407704391104,36.476252762052624,1.8701054662379413,2.48348231511254,3289.562,0.0643295194252607,0.0898382845413431,827.1321354157176,339.26148592122377,2.510831967527237,0.2017068953396854,0.0812766879623177,1.0,1.8550045207910817,27.706297984191288,0.0,0.0453902614446283,-0.0002657601069434,0.0058661229738533,0.9226230652733616,0.0028749676211508,0.1435345637228706,0.1541678039666038,-5.729056849939582,1000.0,0.1314552364171899,-0.0004239860628874,-0.0604955194119088,0.2411793346678863,-0.3333559722913608,1.3017465224894178,12.476252762052624,0.0037926790138166,-1.0461202814595048,1.7511534013949173,-1.0130306821863235,-0.4818005776074514,-23.44508095070955,-12.638826846671176,14264.0,4.336139583323149,3,2,1,1.0130306821863235,0.4818005776074514,23.44508095070955,12.638826846671176,1.0461202814595048,-1.9064349926679784,6.90875477931522,1.7085949894470602
B0018,62,24,1215919145.0,1.7075021373272627,24.0,3.528970769422984,2.467136573179072,4.188302415854336,-1.8780560689384005,0.4939304971807474,30.12501100963617,36.37720890237669,1.869263430420712,2.4785307443365694,3283.797,0.0605297037448012,0.0879311938576377,820.9256096784923,344.4615113463524,2.456075886521687,0.1947473415010481,0.0766776619061739,1.0,1.8550045207910817,27.706297984191288,0.0,-5.864090270503049,-0.000179151944571,-0.7374737754511209,0.9204840841029782,-0.0039678197409482,0.1475023834638189,0.1484608976024389,-9.21873127019514,-1000.0,0.131750045836027,-0.0003992761040412,-0.2010371426305943,0.3712979612508431,-0.7061956398601557,2.152418926588225,12.377208902376688,0.0037691760186067,-1.0504400250864148,1.7211658426752638,-1.0124266797608998,-0.4798883582867962,-23.245092295626936,-12.53101651374028,16116.0,4.907733334306321,3,2,1,1.0124266797608998,0.4798883582867962,23.245092295626936,12.53101651374028,1.0504400250864148,-2.3242224352097445,-6.90875477931522,1.7075021373272627
B0018,65,25,1216040900.0,1.7492382064360228,24.0,3.5322741848919814,2.4129371999368505,4.18962510592865,-1.8993718818269207,0.4559875020816041,30.22428629982563,36.64000948247426,1.889927564102564,2.5105320512820515,3325.235,0.0682296718873667,0.0794141360657981,821.4435797072452,342.32965174814694,2.468858694901656,0.1964613357598986,0.078062225842667,1.0,1.8550045207910817,27.706297984191288,0.0,6.110914745952266,-0.0008292228546642,1.0717755032907732,0.9429832579006578,0.04173606910876,0.1057663143550589,0.1476438079531647,-9.718367441910177,1000.0,0.1295372402302064,-0.0006485018074766,0.1410335991396132,0.4943225551054325,0.0493287865818303,2.9790349388961395,12.640009482474262,0.0038012379523463,-1.02174213360993,1.7766879059917997,-1.0239176560028007,-0.5322881244032446,-24.00807859703726,-12.94232888114822,121755.0,36.61545725338612,3,2,1,1.0239176560028007,0.5322881244032446,24.00807859703726,12.94232888114822,1.02174213360993,-2.3719588531786364,6.90875477931522,1.7075021373272627
B0018,67,26,1216055025.0,1.7327697147429957,24.0,3.532438322521663,2.3497771039810256,4.190150750158746,-1.8926958551018207,0.4697948293651852,30.976376254737342,37.38165499248184,1.8828103225806443,2.502193548387097,3317.547,0.0691705359227777,0.0808513218957031,824.179715925796,339.9890392427053,2.493025313405302,0.1995494248488557,0.0801291222440212,1.0,1.8550045207910817,27.706297984191288,0.0,7.574148273058169,-0.0007424121533111,1.149433597672475,0.934105386440806,-0.0164684916930271,0.122234806048086,0.1500218578184808,-8.26423112784785,1000.0,0.1298327390805885,-0.0007505586281085,0.155716242522001,0.5956063174935468,0.1416467997933696,3.760659006397807,13.381654992481842,0.0040335992202907,-1.030244774134566,1.8403736461777205,-1.0203187285356838,-0.5138026269883094,-25.327402938672968,-13.65355320763226,14125.0,4.257663870322181,3,2,1,1.0203187285356838,0.5138026269883094,25.327402938672968,13.65355320763226,1.030244774134566,-2.22616086955308,6.90875477931522,1.7075021373272627
B0018,69,27,1216069052.0,1.7222313328292376,24.0,3.5363211310943603,2.4904700018477026,4.189151018945234,-1.8783667048362824,0.4950470415463233,31.41570291330098,37.59824760372582,1.8690272727272723,2.48763961038961,3311.766,0.0688198826785509,0.0823409301254663,825.270054706153,339.253367675922,2.5016947802807894,0.2006461641521371,0.0808394470163815,1.0,1.8550045207910817,27.706297984191288,0.0,7.028811684528681,-0.0012259619778934,0.982011327041182,0.9284243318688938,-0.0105383819137581,0.1327731879618441,0.1511608128040172,-7.567779876464748,1000.0,0.1281867620865158,-0.0007020217837158,0.1240620857528889,0.6639342791307371,0.1072405416999153,4.268833180180793,13.598247603725817,0.0041060411888163,-1.0486815207047502,1.698681017097531,-1.0125941380577572,-0.4788519980996988,-25.54249554295833,-13.769505811390706,14027.0,4.235504561613279,3,2,1,1.0125941380577572,0.4788519980996988,25.54249554295833,13.769505811390706,1.0486815207047502,-2.148008641459764,6.90875477931522,1.7075021373272627
B0018,71,28,1216082998.0,1.711846298984729,24.0,3.533535274219931,2.4650908929255406,4.189631312089484,-1.870834339681941,0.507764643561668,31.38329984153528,37.56055515516341,1.8615614379084968,2.4779281045751635,3305.218,0.0668424538294447,0.0837621739198811,824.142336175411,340.6521718164765,2.489617497279797,0.1990783978794785,0.0797380530698345,1.0,1.8550045207910817,27.706297984191288,0.0,3.9535105989529673,-0.0007760442101032,0.5122849349144242,0.9228259445182906,-0.0103850338445086,0.1431582218063527,0.1506046277493258,-7.907877406445679,1000.0,0.1297182574099748,-0.000575614269667,0.035251960320325,0.2430982317165009,-0.0867856892388813,1.2549133785867064,13.560555155163406,0.0041027717854493,-1.0556071696447673,1.7245404191639435,-1.008533573748691,-0.4610797669284242,-25.369552249430672,-13.676275152653185,13946.0,4.21938885725413,3,2,1,1.008533573748691,0.4610797669284242,25.369552249430672,13.676275152653185,1.0556071696447673,-2.1869359871142606,6.90875477931522,1.7075021373272627
B0018,74,29,1216098887.0,1.699267835126687,24.0,3.527012841842043,2.363133281953362,4.187690359657657,-1.869656723463972,0.5096182399964857,31.167937826253635,37.52114200586718,1.8606164473684208,2.470144736842105,3295.453,0.062163492183147,0.0851569271967598,819.4162587844282,345.5328547001463,2.4437870114868088,0.1931746951473509,0.0756868173174443,1.0,1.8550045207910817,27.706297984191288,0.0,-3.323219401588122,6.353227739284569e-05,-0.3958339672651694,0.916045117993578,-0.0125784638580419,0.1557366856643947,0.1473204193799068,-9.916113954624588,-1000.0,0.1325761295731517,-0.0004330315962082,-0.136444063071284,-0.1641351433790528,-0.5458875645597963,-1.91484634481045,13.521142005867183,0.0041029691535164,-1.0568681049999378,1.8245570777042956,-1.007898741755488,-0.4584464530845917,-25.27989406018072,-13.627942014810811,15889.0,4.821491916284401,3,2,1,1.007898741755488,0.4584464530845917,25.27989406018072,13.627942014810811,1.0568681049999378,-2.3902400420206793,-6.90875477931522,1.699267835126687
B0018,77,30,1216115008.0,1.6940366439243106,24.0,3.52925730014011,2.4790616361836206,4.190215357888677,-1.8623726014599724,0.5218817031204004,30.994690437264207,37.21887096740918,1.853080132450331,2.463758278145696,3287.0,0.0585398694928658,0.0870228532358682,816.1818796774191,348.8955457893354,2.411192680821509,0.1890218977431673,0.072978176764275,1.0,1.8550045207910817,27.706297984191288,0.0,-8.958684262018165,-0.0001971852844205,-1.0324047337804072,0.9132250757005568,-0.0052311912023763,0.160967876866771,0.145562722728734,-10.990915020344232,-1000.0,0.1316886613395189,-0.0001492179426419,-0.2567990837141644,-0.4682155973981136,-0.9014390946476468,-4.354011786000944,13.21887096740918,0.0040215609879541,-1.0654990219944138,1.7111537217050563,-1.003972000920934,-0.4412976818130725,-24.61846311193754,-13.271376335065437,16121.0,4.904472163065134,3,2,1,1.003972000920934,0.4412976818130725,24.61846311193754,13.271376335065437,1.0654990219944138,-2.484149281418988,-6.90875477931522,1.6940366439243106
B0018,79,31,1216129007.0,1.6819027078768087,24.0,3.527821497534469,2.491905723274248,4.189776104976122,-1.8547843408980225,0.5343935057246717,31.05531797855489,37.33441415744885,1.845574,2.451346666666667,3276.922,0.0589797055823283,0.0890173975585761,818.136793621773,347.12836669932324,2.426921154553816,0.1911197885078445,0.0746451499394441,1.0,1.8550045207910817,27.706297984191288,0.0,-8.274650343927613,-2.949878601674682e-05,-0.8867332778052939,0.9066838862255427,-0.0121339360475019,0.1731018129142729,0.1479971031409044,-9.502333552306538,-1000.0,0.1322594569526237,6.766679725999977e-05,-0.2292573051512879,-0.6160841017338339,-0.8582821746361673,-5.60857512135131,13.334414157448848,0.0040691887562306,-1.0764748308678025,1.697870381701874,-0.9998813043901118,-0.4237172040366602,-24.73246257428502,-13.332831421027928,13999.0,4.271996709105596,3,2,1,0.9998813043901118,0.4237172040366602,24.73246257428502,13.332831421027928,1.0764748308678025,-2.3515974755479565,-6.90875477931522,1.6819027078768087
B0018,81,32,1216142987.0,1.6769770618433686,24.0,3.525692957415014,2.4337177596826547,4.189846430994002,-1.8538766950740675,0.5360454651325246,31.373945543706103,37.7331798444306,1.844580536912752,2.447838926174496,3268.687,0.0609779251320592,0.0902360417332118,821.4820558526714,343.93703254348503,2.456514025900101,0.1949860301167226,0.0774637337340382,1.0,1.8550045207910817,27.706297984191288,0.0,-5.167015521423791,0.0001931062899379,-0.5383909430541217,0.9040285579078848,-0.0049256460334401,0.1780274589477131,0.151213966865271,-7.535277088429735,-1000.0,0.1330171923816494,0.0001815327656461,-0.1633969937843774,-0.587843490616934,-0.6622159505605189,-5.486992623704332,13.733179844430602,0.0042014361865869,-1.077854031240518,1.7561286713113469,-0.9993920086426932,-0.4214468243204995,-25.4596220628508,-13.724830189776846,13980.0,4.27694667614113,3,2,1,0.9993920086426932,0.4214468243204995,25.4596220628508,13.724830189776846,1.077854031240518,-2.1442078206789756,-6.90875477931522,1.6769770618433686
B0018,83,33,1216156890.0,1.6655229306478936,24.0,3.524396248234728,2.4424506461535755,4.188109551881256,-1.845735037450336,0.5481632922577944,31.56128410753226,37.84649344841882,1.8367094594594595,2.436908783783784,3260.594,0.0628090117967465,0.0896177624875674,823.2868728442688,342.1520973235194,2.473830205139535,0.1972084494607004,0.0789416811491537,1.0,1.8550045207910817,27.706297984191288,0.0,-2.3193060777988643,0.0003083794894065,-0.2270575867641775,0.8978538391580942,-0.011454131195475,0.1894815901431881,0.1524267742843139,-6.793666352794425,-1000.0,0.1334095760093807,0.0003660999430598,-0.1045338877573486,-0.4965845459121595,-0.4825488822702198,-4.979654132776943,13.84649344841882,0.0042466168582824,-1.0874874644509442,1.7456589057276806,-0.9950029855820536,-0.4039927903847712,-25.55695810357314,-13.777302321019071,13903.0,4.263946998613055,3,2,1,0.9950029855820536,0.4039927903847712,25.55695810357314,13.777302321019071,1.0874874644509442,-2.0533113977880597,-6.90875477931522,1.6655229306478936
B0018,86,34,1216172713.0,1.6571924575832084,24.0,3.520797576383474,2.4383419399858552,4.186368648390758,-1.838253855849893,0.5592550058413754,31.31847472390288,37.6701649416618,1.829296271186441,2.42208813559322,3258.812,0.0625543819394723,0.0853600458071268,819.8366557340642,345.33732544317485,2.446230284961004,0.193512308752461,0.075905514774296,1.0,1.8550045207910817,27.706297984191288,0.0,-2.715306913353222,0.0006328621193235,-0.2546309116806698,0.8933630290434469,-0.0083304730646851,0.1978120632078732,0.1479144277465991,-9.552888124307811,-1000.0,0.1345140970259708,0.0006187331514926,-0.1097471150434273,-0.4718600261430623,-0.5075332813365775,-5.103811455024337,13.670164941661804,0.0041948307977439,-1.098709440790254,1.7480267084049026,-0.9909700134180724,-0.3880011265267432,-25.12923341411384,-13.546723535665858,15823.0,4.855450391122638,3,2,1,0.9909700134180724,0.3880011265267432,25.12923341411384,13.546723535665858,1.098709440790254,-2.356399578316338,-6.90875477931522,1.6571924575832084
B0018,89,35,1216188754.0,1.6482241555294048,24.0,3.519457281260753,2.4157245398944123,4.1901657245031085,-1.8435676915974053,0.5514391809129776,31.104012325043943,37.53185198546868,1.8343876712328768,2.431705479452055,3243.422,0.0601709711969027,0.0826794797377839,815.6151285117619,349.14153183982154,2.411786493979029,0.188965212570169,0.0723566008302518,1.0,1.8550045207910817,27.706297984191288,0.0,-6.421991807381228,0.0007256506026479,-0.5761100102565347,0.8885283766459535,-0.0089683020538036,0.2067803652616768,0.1428504509346866,-12.64942225640135,-1000.0,0.1348299439172375,0.0007486623611957,-0.170528454025048,-0.525642188530322,-0.7413946429571714,-6.049322779912004,13.531851985468675,0.0041720910770983,-1.087751801808698,1.7744411846086965,-0.9938346079164088,-0.3992924659053039,-24.94688512788825,-13.44842281236114,16041.0,4.945702409367345,3,2,1,0.9938346079164088,0.3992924659053039,24.94688512788825,13.44842281236114,1.087751801808698,-2.6136971951968553,-6.90875477931522,1.6482241555294048
B0018,91,36,1216202740.0,1.6387701497987262,24.0,3.513165600287965,2.323395712524894,4.189966178473989,-1.83704467002657,0.5613521431263848,30.98973039800908,37.593333753421376,1.8279665480427043,2.417832740213523,3236.515,0.0585805377219986,0.085432524396891,816.9564556372488,347.5792647023271,2.424916157239265,0.1907205076221192,0.0737095434841702,1.0,1.8550045207910817,27.706297984191288,0.0,-8.895436955164579,0.0012336672561473,-0.7631106789598082,0.8834318900203323,-0.0094540057306786,0.2162343709923555,0.1440130621188896,-11.938505649167,-1000.0,0.136559204650582,0.0009345391117736,-0.2058842550229817,-0.6191088469419199,-0.8974487092433073,-7.328740167647615,13.593333753421376,0.0041999909635571,-1.095332860074442,1.8665704659490947,-0.9903181628111768,-0.3850882169732264,-24.97156131961501,-13.461725309167416,13986.0,4.321314747497132,3,2,1,0.9903181628111768,0.3850882169732264,24.97156131961501,13.461725309167416,1.095332860074442,-2.560207799341244,-6.90875477931522,1.6387701497987262
B0018,93,37,1216216662.0,1.6276486907262062,24.0,3.517217159454334,2.4985039496028567,4.188259618341401,-1.8211904293154169,0.5844065284351198,30.967851972472324,37.36141011067826,1.812067820069204,2.3934256055363323,3230.734,0.0579380904639043,0.0893574298463549,820.1009871794605,344.37903394066126,2.452949335520242,0.1944369834276256,0.0765848732366862,1.0,1.8550045207910817,27.706297984191288,0.0,-9.894572145862126,0.0008427523384534,-0.8073017549904196,0.8774365089051547,-0.0111214590725199,0.2273558300648754,0.1472955203102592,-9.931339304559003,-1000.0,0.1352285517820388,0.001091772569543,-0.2142393635948234,-0.6283785476957429,-0.960485930593317,-7.567729687250312,13.361410110678255,0.0041357196571039,-1.123791553918002,1.689755668738544,-0.9817714231537203,-0.351685057789121,-24.333672215725485,-13.1178506197011,13922.0,4.309237467397716,3,3,1,0.9817714231537203,0.351685057789121,24.333672215725485,13.1178506197011,1.123791553918002,-2.391633829408031,-6.90875477931522,1.6276486907262062
B0018,95,38,1216230696.0,1.62215370227252,24.0,3.5120091114107965,2.350237238739749,4.18974005757658,-1.8270453339799269,0.5765078413987346,31.285342046153826,37.89980324671546,1.8177714285714284,2.3996132404181187,3222.093,0.0586956635713924,0.0910515344444957,822.2904119823302,342.32808456075554,2.4716172725369243,0.196885392307818,0.0784704455003865,1.0,1.8550045207910817,27.706297984191288,0.0,-8.716393016476921,0.0012377632422959,-0.6943908788221675,0.8744742581978935,-0.0054949884536861,0.2328508185185616,0.1497471980158881,-8.432180841093325,-1000.0,0.1365731471620377,0.0011838039920185,-0.1928915550763335,-0.8130952019983386,-0.8861525077887757,-9.176849556015462,13.899803246715456,0.0043139050445505,-1.1123958709926778,1.8395028188368312,-0.9849276982979216,-0.3633574167957579,-25.395570665150515,-13.690301218581434,14034.0,4.355553983077349,3,3,1,0.9849276982979216,0.3633574167957579,25.395570665150515,13.690301218581434,1.1123958709926778,-2.2441273361951737,-6.90875477931522,1.62215370227252
B0018,98,39,1216246437.0,1.6140066510467586,24.0,3.50911052654104,2.3337740352348813,4.1862359225351335,-1.819052179250902,0.5872722027551459,31.41096207271253,38.03149707759718,1.80998041958042,2.3858146853146858,3220.344,0.0617860266507609,0.0859603804164965,820.0923598361899,344.9493518725637,2.4504606771407573,0.1940046162549638,0.0762042530332583,1.0,1.8550045207910817,27.706297984191288,0.0,-3.9102545113667055,0.0014190294081709,-0.3009794154497842,0.8700823275398015,-0.0081470512257615,0.2409978697443231,0.1477464070672574,-9.655629860260325,-1000.0,0.1371901672159519,0.0010910259445524,-0.1185101236849258,-0.9324374449152096,-0.5829246567369866,-10.413610741964842,14.03149707759718,0.0043571423045466,-1.123295841226354,1.8524618873002523,-0.980618730510982,-0.3474426968610901,-25.524025337155813,-13.759548851401902,15741.0,4.887987121871176,3,3,1,0.980618730510982,0.3474426968610901,25.524025337155813,13.759548851401902,1.123295841226354,-2.366088377858817,-6.90875477931522,1.6140066510467586
B0018,101,40,1216402092.0,1.6760516154424625,24.0,3.516106699716392,2.317647291087635,4.189625262426538,-1.869374596949812,0.51064241745496,30.755137125871208,37.42220155418978,1.860028472222222,2.46078125,3250.75,0.0549976239999558,0.0943824648842386,835.5655955599991,330.1298543653001,2.603524084515128,0.2129412872884046,0.0879107542384459,1.0,1.8550045207910817,27.706297984191288,0.0,-14.467591151206976,0.0011858077150253,-1.499693281769514,0.903529666185232,0.0620449643957039,0.1789529053486191,0.1493800888841944,-8.65666171822108,-1000.0,0.1363962934062201,0.001174534248219,-0.3451482913714473,-1.0069275002633506,-1.249005856586983,-11.266368129460355,13.422201554189783,0.0041289553346722,-1.055325449716392,1.8719779713389029,-1.0077466523611789,-0.4571901319254074,-25.091122620542667,-13.526178683551764,155655.0,47.88279627776732,3,2,1,1.0077466523611789,0.4571901319254074,25.091122620542667,13.526178683551764,1.055325449716392,-2.2676480106747454,-6.90875477931522,1.6140066510467586
B0018,103,41,1216415984.0,1.649300642552199,24.0,3.519010068254593,2.492394514304757,4.186586244011676,-1.839770443871628,0.5568545144084124,30.977446633931525,37.32511174435206,1.8309419580419584,2.422444055944056,3239.344,0.0546043298963293,0.0958371764391052,835.3740680978235,330.09737835079454,2.60138492660208,0.2127904024200515,0.0880450803481983,1.0,1.8550045207910817,27.706297984191288,0.0,-15.079242884911476,0.0007697770188166,-1.359821893544163,0.8891086916860135,-0.0267509728902635,0.2057038782388827,0.1504415063354345,-8.007623326411494,-1000.0,0.1349801478096849,0.0012285559540683,-0.3187031187328017,-1.0448321485857002,-1.2875960554766142,-11.796849886020588,13.325111744352055,0.0041135216711617,-1.0965660123105367,1.694191729706919,-0.9917875790918588,-0.3914068168166844,-24.51514674854563,-13.21568031805942,13892.0,4.288522614453949,3,2,1,0.9917875790918588,0.3914068168166844,24.51514674854563,13.21568031805942,1.0965660123105367,-2.1980712550713895,-6.90875477931522,1.6140066510467586
B0018,105,42,1216429807.0,1.63238299185809,24.0,3.512421274222929,2.372828310153791,4.189366482043888,-1.837963396328485,0.5595593689454879,30.800512192698992,37.31088262198154,1.8291441696113075,2.4184169611307422,3222.25,0.0551964612503758,0.0955141122984122,833.3012284507311,331.9417792606144,2.5813056224243285,0.2103517023981339,0.0866238527966967,1.0,1.8550045207910817,27.706297984191288,0.0,-14.1583590833397,0.0012602938567867,-1.1797520317311248,0.8799886865838726,-0.0169176506941088,0.2226215289329915,0.150710573548788,-7.843093384643909,-1000.0,0.1366498401339485,0.0012319684172455,-0.2846577099963795,-1.0675073562742632,-1.2294958538444498,-12.105306985293783,13.31088262198154,0.0041309279608898,-1.0940043130921868,1.8165381718900973,-0.9908134318475176,-0.3875163914659548,-24.464915032027,-13.188601291605014,13823.0,4.289859570174788,3,2,1,0.9908134318475176,0.3875163914659548,24.464915032027,13.188601291605014,1.0940043130921868,-2.179636745827775,-6.90875477931522,1.6140066510467586
B0018,107,43,1216443664.0,1.6164159719025777,24.0,3.50815215295169,2.3560703177076867,4.188553804618968,-1.8296109578903783,0.5718849545545559,30.61619279567613,37.23234655688736,1.8208199288256228,2.40270462633452,3206.157,0.0569901558826219,0.0929895032170787,828.9694148610222,336.04820985669267,2.5397119099264733,0.2051639941632351,0.0833229036098599,1.0,1.8550045207910817,27.706297984191288,0.0,-11.36880179927808,0.0015078717715424,-0.8839141204339152,0.8713811496336645,-0.0159670199555124,0.238588548888504,0.1499796590997006,-8.290034913664204,-1000.0,0.1374925817320462,0.0013142448319603,-0.2287242933300174,-0.738079242828823,-1.053497709027674,-8.799190682227184,13.232346556887356,0.0041271673710561,-1.1054475266171695,1.832483486911281,-0.9863107805924995,-0.3697247315165891,-24.210046259084127,-13.051206061594044,13857.0,4.321996708207264,3,2,1,0.9863107805924995,0.3697247315165891,24.210046259084127,13.051206061594044,1.1054475266171695,-2.2289423110172,-6.90875477931522,1.6140066510467586
B0018,110,44,1216459529.0,1.6109028378249377,24.0,3.508648568515266,2.4644431530094417,4.188764708195774,-1.8210831511954937,0.5838696197039824,30.399839302766903,36.94850857727268,1.8123935483870968,2.384924731182796,3197.969,0.0607943319356071,0.0868464837187822,820.7676166210883,344.00820676508147,2.4612448125363526,0.1952758227920071,0.0768291638893507,1.0,1.8550045207910817,27.706297984191288,0.0,-5.452540007732698,0.0014360917240567,-0.4143554538925992,0.8684091169427205,-0.0055131340776399,0.2441016829661439,0.1476408156543893,-9.7201971807964,-1000.0,0.1372482464003211,0.0012869746939583,-0.1399458794012801,-0.4432395299548206,-0.6802301996950494,-5.6251301677182735,12.948508577272683,0.0040489787666073,-1.12372383733247,1.7243215551863322,-0.981713591424114,-0.3522061019865865,-23.580310803181614,-12.71172685898031,15865.0,4.960961160034709,3,3,1,0.981713591424114,0.3522061019865865,23.580310803181614,12.71172685898031,1.12372383733247,-2.3721295492045007,-6.90875477931522,1.6109028378249377
B0018,113,45,1216475580.0,1.5954638693695655,24.0,3.505199343959548,2.4195167274486726,4.188636968174337,-1.8199201144788144,0.585778278664795,30.38386825126278,37.002663545357386,1.811057039711192,2.384595667870036,3181.625,0.0656268430166693,0.0787682042181166,810.6958071738479,353.85631515693615,2.36500954463188,0.1831075799247621,0.0687577566044822,1.0,1.8550045207910817,27.706297984191288,0.0,2.0629903641260343,0.0015971897885991,0.147447285457687,0.8600862431802414,-0.0154389684553721,0.2595406514215161,0.1443950472347859,-11.704928365293547,1000.0,0.1377966153471106,0.0010423218870671,-0.0337270835525833,-0.2069912704478456,-0.2060619829967426,-2.791235502750504,13.002663545357386,0.0040867995270823,-1.120603676089512,1.7691202407256643,-0.9810866189811808,-0.3495212812328905,-23.66380892799632,-12.756739215464531,16051.0,5.044906297880786,3,3,1,0.9810866189811808,0.3495212812328905,23.66380892799632,12.756739215464531,1.120603676089512,-2.541989978447971,6.90875477931522,1.5954638693695655
B0018,116,46,1217356467.0,1.726707440085764,24.0,3.523165280193865,2.3422406504312434,4.188466199744378,-1.8951156248467715,0.4638446938022648,30.576239500422748,36.71025442949399,1.885913621262458,2.502069767441861,3302.36,0.0648089873518834,0.0843411083938103,815.3621257825833,349.14166139120874,2.412272324060937,0.1889296699451959,0.072392636878662,1.0,1.8550045207910817,27.706297984191288,0.0,0.7910596876330795,0.0006334263288067,0.1143766708258485,0.930837321813855,0.1312435707161985,0.1282970807053176,0.1491500957456937,-8.79729853982725,1000.0,0.1345160175640042,0.0007590101289892,-0.0399796711925663,-0.0446910383963658,-0.2863103581340218,-0.6417526274605632,12.710254429493991,0.0038488397477834,-1.0210955127520045,1.846225549313135,-1.0216231834394456,-0.5215223067532757,-24.08740176511196,-12.985090592584967,880887.0,266.74469167496375,3,2,1,1.0216231834394456,0.5215223067532757,24.08740176511196,12.985090592584967,1.0210955127520045,-2.2821066884742436,6.90875477931522,1.5954638693695655
B0018,118,47,1217370113.0,1.7165673917429751,24.0,3.527269876472835,2.3755467142668496,4.189570916346704,-1.8867694858233448,0.4783212150453822,30.705906284556665,36.72807623650589,1.877986577181208,2.492510067114094,3285.812,0.0643074798301815,0.0850284084780318,816.6356245725149,347.89608101909533,2.4243500805648184,0.1904673105334747,0.0734139628035006,1.0,1.8550045207910817,27.706297984191288,0.0,0.0111142414991427,3.702982233107082e-05,0.0014892658037504,0.925371001797306,-0.0101400483427889,0.1384371290481065,0.1493358883082133,-8.683689605051399,1000.0,0.1324859166744999,0.0005665389185079,-0.0613230420735956,0.015243830507821,-0.3355185075282514,0.2296238604509463,12.728076236505892,0.003873647133951,-1.0347598093587411,1.8140242020798545,-1.0171239280870283,-0.5014149802904551,-24.01494585627256,-12.946030898666033,13646.0,4.153006927966618,3,2,1,1.0171239280870283,0.5014149802904551,24.01494585627256,12.946030898666033,1.0347598093587411,-2.270442986213033,6.90875477931522,1.5954638693695655
B0018,120,48,1217383788.0,1.6958235570934848,24.0,3.526762654741574,2.414629137532592,4.189584987657955,-1.8786631828974327,0.4932403281405002,30.62583594950684,36.72959308355185,1.8699830508474573,2.4844983050847453,3260.016,0.0639007791516641,0.0855416501344851,817.7218305911776,346.8338396006553,2.4346287752449167,0.1917783479164357,0.0742853735612487,1.0,1.8550045207910817,27.706297984191288,0.0,-0.621387422828374,9.13129811528069e-05,-0.072412960176516,0.914188368861919,-0.0207438346494903,0.1591809636975969,0.1494424292861492,-8.61854164191912,-1000.0,0.1326706935600325,0.0003951204306159,-0.0752955717612228,-0.0412389579805176,-0.3754241657311489,-0.4657789906559507,12.729593083551848,0.0039047639899767,-1.042264349656829,1.7749558501253633,-1.0127539641162209,-0.4809597583918524,-23.91461785933466,-12.891945856953562,13675.0,4.1947646882701815,3,2,1,1.0127539641162209,0.4809597583918524,23.91461785933466,12.891945856953562,1.042264349656829,-2.263692656711604,-6.90875477931522,1.5954638693695655
B0018,122,49,1217397422.0,1.6777783190792557,24.0,3.523020179476104,2.3844645496129964,4.189371286385834,-1.8704748023295987,0.5073349121605789,30.59735706865797,36.787462351640364,1.8617883561643835,2.4680890410958907,3240.031,0.0635958218672937,0.0858697227248714,818.6052430018622,345.97010080190563,2.442960585907335,0.1928440523295826,0.0749944466290379,1.0,1.8550045207910817,27.706297984191288,0.0,-1.0956575681751508,0.0004737356716501,-0.1146811093716649,0.9044605014567584,-0.018045238014229,0.177226201711826,0.1494655445921651,-8.604407032557633,-1000.0,0.1339724393545092,0.0003165285894032,-0.083287116828187,-0.0952398989678031,-0.4053467151621759,-0.9404370591053036,12.787462351640364,0.0039467098776636,-1.0549311383802134,1.8049067367728373,-1.0083397535460343,-0.4613492678616905,-23.918626114481697,-12.894106636132236,13634.0,4.207984429777305,3,2,1,1.0083397535460343,0.4613492678616905,23.918626114481697,12.894106636132236,1.0549311383802134,-2.2622220590267013,-6.90875477931522,1.5954638693695655
B0018,124,50,1217411541.0,1.6606586897774192,24.0,3.519792345798265,2.398646371281655,4.187606340824144,-1.856283397120224,0.5317240593773815,30.528493896066266,36.75689163314213,1.8472606896551724,2.439379310344828,3232.265,0.0633911112602256,0.0860069345688133,819.2992376600653,345.29180537145135,2.449468386191472,0.1936804961569231,0.0755519583165709,1.0,1.8550045207910817,27.706297984191288,0.0,-1.4140238914084509,0.0007400973491393,-0.1349666569840067,0.895231613273491,-0.0171196293018365,0.1943458310136625,0.1493980458290389,-8.645681357393144,-1000.0,0.1348791198473178,0.0004700017360679,-0.0871224602496275,-0.1241652885879829,-0.4254330143686278,-1.2639216649188942,12.756891633142132,0.0039467344518899,-1.0804130354534371,1.7889599695424887,-1.0006894189820663,-0.4274034208822016,-23.68040613746364,-12.765686476386186,14119.0,4.368144319848661,3,2,1,1.0006894189820663,0.4274034208822016,23.68040613746364,12.765686476386186,1.0804130354534371,-2.266510287449192,-6.90875477931522,1.5954638693695655
B0018,127,51,1217446087.0,1.6664109274827466,24.0,3.5251014582287223,2.4557130111721626,4.188829347125095,-1.862535475437064,0.5212662196305107,31.20375424610397,37.35015763097096,1.8535716262975777,2.4549584775086504,3232.031,0.0632829537507912,0.0855501925205974,820.0405790536679,344.56220870345527,2.456245011796407,0.194573463814353,0.0761556121960873,1.0,1.8550045207910817,27.706297984191288,0.0,-1.5822306546136848,0.000240467122743,-0.1556280341105786,0.8983325424846361,0.0057522377053274,0.1885935933083351,0.1488331462713886,-8.991107655032144,-1000.0,0.1331784060503435,0.000588752916707,-0.0910288609223944,-0.1374870759730379,-0.4360454790915791,-1.483249306118653,13.350157630970962,0.0041305784600973,-1.070142980720072,1.7331163359529325,-1.0040598033899728,-0.4420490767237034,-24.86514219036025,-13.404356646177847,34546.0,10.688635102815942,3,2,1,1.0040598033899728,0.4420490767237034,24.86514219036025,13.404356646177847,1.070142980720072,-2.3016954628937247,-6.90875477931522,1.5954638693695655
B0018,129,52,1217459814.0,1.6468336174407805,24.0,3.518519199837846,2.323665882820083,4.189202115880737,-1.8606833274060013,0.52395009380152,31.17263944933504,37.48126030855565,1.8519230769230768,2.4480489510489507,3209.5149999999994,0.06326747143104,0.0851952177106537,820.0029029995947,344.5873613055129,2.455808544191171,0.1945322928095186,0.0761380867502817,1.0,1.8550045207910817,27.706297984191288,0.0,-1.6063087875688105,0.0008043955556543,-0.1431376822971486,0.8877787622525443,-0.019577310041966,0.2081709033503012,0.1484626891416937,-9.217635774963338,-1000.0,0.1350979874040898,0.0007404187155079,-0.0886673378531345,-0.1448379802419797,-0.4375646114481599,-1.6606198475948566,13.481260308555647,0.0042004042070379,-1.070470248788895,1.865536233060654,-1.003061343273404,-0.4381569587863787,-25.084356288549778,-13.522531074118254,13727.0,4.2769701964302165,3,2,1,1.003061343273404,0.4381569587863787,25.084356288549778,13.522531074118254,1.070470248788895,-2.3241152248400705,-6.90875477931522,1.5954638693695655
B0018,131,53,1217472378.0,1.6257639928779952,24.0,3.5190801794284594,2.488054079510012,4.186778882107656,-1.8383636766891704,0.5585249663671572,30.96825922704022,37.12544389762631,1.829798591549296,2.422338028169014,3196.125,0.0631956371297186,0.0848622920254616,819.8294761373663,344.7370999515645,2.454130460519192,0.1943319579053684,0.076018669792869,1.0,1.8550045207910817,27.706297984191288,0.0,-1.7180256288271665,0.0006850688843487,-0.1390218971017909,0.8764205017595725,-0.0210696245627852,0.2292405279130864,0.1480579291551801,-9.465139497846984,-1000.0,0.1346918059812799,0.0008415862269232,-0.0878891754897249,-0.1557039856930456,-0.444613026233761,-1.8865531858051652,13.125443897626312,0.0041066741437278,-1.0967421512594453,1.6987248025976438,-0.991029215882534,-0.3888474316269582,-24.12933930181774,-13.007698373974794,12564.0,3.931010207672125,3,2,1,0.991029215882534,0.3888474316269582,24.12933930181774,13.007698373974794,1.0967421512594453,-2.348049685751498,-6.90875477931522,1.5954638693695655
B0018,133,54,1217484917.0,1.6121577411874597,24.0,3.511416727290241,2.3306937114568003,4.187888599491238,-1.84369585881154,0.5507329669971996,30.821704306343133,37.19112571388883,1.8351195729537368,2.424800711743772,3172.562,0.0630255726202497,0.0845701181157214,819.5402299802221,344.9888301580045,2.4514084857722653,0.1939981729993868,0.0758161519634157,1.0,1.8550045207910817,27.706297984191288,0.0,-1.982510275556172,0.0012320646656542,-0.1514356307163738,0.8690856130635962,-0.0136062516905355,0.242846779603622,0.1475956907359711,-9.747790287020967,-1000.0,0.1365537495207309,0.0010639324611798,-0.090236212526341,-0.1710290483303955,-0.4612998343601923,-2.024243766291594,13.19112571388883,0.0041578779906853,-1.0866160155464688,1.8571948880344376,-0.9939037005857956,-0.400122973339433,-24.32042385175925,-13.110708661926552,12539.0,3.9523262271930535,3,2,1,0.9939037005857956,0.400122973339433,24.32042385175925,13.110708661926552,1.0866160155464688,-2.374700178748686,-6.90875477931522,1.5954638693695655
B0018,135,55,1217499014.0,1.6057366823755344,24.0,3.5108038681605738,2.389399831578687,4.18915752014188,-1.8362729789790888,0.5621879622030944,30.7652197216374,37.17642722353301,1.8274271428571427,2.408760714285714,3172.735,0.0626647318122954,0.0843469523256118,819.0960236148563,345.37162847220503,2.44730517381,0.193488709413014,0.0755073247360315,1.0,1.8550045207910817,27.706297984191288,0.0,-2.543690582459993,0.001245934906216,-0.1892966842393366,0.8656241342693628,-0.0064210588119253,0.2492678384155473,0.1470116841379072,-10.10490020901323,-1000.0,0.1366009630563509,0.0010392991199733,-0.0973945178052064,-0.1709522450580934,-0.4967057009065054,-2.033230325996437,13.176427223533013,0.0041530185229869,-1.1020431538748596,1.7997576885631927,-0.9899021578697248,-0.3837710615850869,-24.19551727005813,-13.043373741588717,14097.0,4.443169694284444,3,2,1,0.9899021578697248,0.3837710615850869,24.19551727005813,13.043373741588717,1.1020431538748596,-2.4073864711748336,-6.90875477931522,1.5954638693695655
B0018,140,56,1217612793.0,1.673645314879889,24.0,3.51432611790755,2.4864200723178747,4.191289655270872,-1.864690278795044,0.5180525818431642,30.809988428281613,37.11936678632194,1.855558422939068,2.453232974910394,3238.109,0.062840276239667,0.0901262632937806,826.1756920294096,337.89078702163454,2.5028525858788955,0.2011627289386907,0.0820991410784815,1.0,1.8550045207910817,27.706297984191288,0.0,-2.270683557045828,0.0013521982940258,-0.2322533472973281,0.90223247227783,0.0679086325043547,0.1813592059111926,0.1529665395334475,-6.463609249584826,-1000.0,0.1369626777809881,0.0011346777640344,-0.1055162386586412,-0.1654224439912388,-0.4794812007073628,-1.9799015012981969,13.11936678632194,0.0040515519355024,-1.061093142997156,1.704869582952997,-1.0052214196192957,-0.4466755230918161,-24.4635557104011,-13.187868505452778,113779.0,35.1374830186275,3,2,1,1.0052214196192957,0.4466755230918161,24.4635557104011,13.187868505452778,1.061093142997156,-2.0100391108328663,-6.90875477931522,1.5954638693695655
B0018,142,57,1217626332.0,1.6404348572349936,24.0,3.5196664048265607,2.4673631110639858,4.190628233635541,-1.8572649157581864,0.5299496773990815,31.03903359070028,37.2702464066457,1.8483146953405016,2.448903225806452,3191.063,0.0632385794918118,0.0903070288473085,826.6953457063572,337.3942689478309,2.507532113055533,0.2017677109338231,0.0825160149466916,1.0,1.8550045207910817,27.706297984191288,0.0,-1.6512415860930292,0.0006812288496221,-0.142753665935638,0.8843293042409497,-0.0332104576448955,0.214569663556088,0.1535456083391203,-6.109518702136409,-1000.0,0.1346787347143802,0.0011671067251141,-0.0885947327327803,-0.1613094718172391,-0.440399501854201,-1.954363328290336,13.270246406645697,0.0041585660974545,-1.0707631790201089,1.7232651225715556,-1.0012185382518215,-0.429845615788653,-24.6463630745292,-13.286416709503294,13539.0,4.242786808030978,3,2,1,1.0012185382518215,0.429845615788653,24.6463630745292,13.286416709503294,1.0707631790201089,-1.9614345484347564,-6.90875477931522,1.5954638693695655
B0018,144,58,1217639829.0,1.6132653317422077,24.0,3.512403849382274,2.375173080957567,4.189158279329032,-1.8483454421357688,0.5439678410748331,31.04176453157222,37.39550861947664,1.839389855072464,2.432336956521739,3165.828,0.0633670901899439,0.0898110759235635,826.1093855086751,338.01284288607354,2.503460152750472,0.2011814369870591,0.0819614767768757,1.0,1.8550045207910817,27.706297984191288,0.0,-1.451381505335963,0.0011619621046541,-0.1113728917675177,0.8696826954654632,-0.0271695254927859,0.241739189048874,0.1531781661135073,-6.334203260427877,-1000.0,0.136315124260694,0.0011928027826792,-0.0826616394751852,-0.169353795040095,-0.427789972866519,-2.1098120363808923,13.395508619476637,0.0042312812381065,-1.0800668928605344,1.8139851983714648,-0.9964102083972908,-0.4099233996755416,-24.759527301900047,-13.347421535120422,13497.0,4.263339638159665,3,2,1,0.9964102083972908,0.4099233996755416,24.759527301900047,13.347421535120422,1.0800668928605344,-1.992548784076632,-6.90875477931522,1.5954638693695655
B0018,146,59,1217653435.0,1.5920964324686278,24.0,3.5077862234460104,2.371626022111289,4.185868202467219,-1.839168422289249,0.5579580602841322,30.95978419551177,37.378956702246384,1.830292307692308,2.412333333333333,3140.407,0.0631076782721094,0.0884501094632837,824.0698196427807,340.0925159857552,2.487843594750621,0.1990266589410858,0.080135753721532,1.0,1.8550045207910817,27.706297984191288,0.0,-1.8548194105168656,0.0013942094710526,-0.1308707698463752,0.8582709177386076,-0.0211688992735799,0.2629080883224539,0.1515577877353931,-7.325036579990851,-1000.0,0.137105681515794,0.0011931011456646,-0.0863480599677874,-0.175407605320301,-0.4532435899212017,-2.433837572598192,13.378956702246384,0.0042602620304445,-1.0954528901126772,1.8142421803559303,-0.9914630399463704,-0.3898924736973985,-24.606154689946656,-13.264741083320066,13606.0,4.332559442134624,3,2,1,0.9914630399463704,0.3898924736973985,24.606154689946656,13.264741083320066,1.0954528901126772,-2.119267429849749,-6.90875477931522,1.5920964324686278
B0018,149,60,1217669211.0,1.5866011820698824,24.0,3.5076596102713244,2.463955873060647,4.186906972044146,-1.8303326102702333,0.5706945055301016,30.843513277103145,37.245718322158105,1.821681918819188,2.398937269372694,3131.922,0.0621649616249529,0.0855620911023836,819.4523913623476,344.7620910016686,2.451799577575034,0.1940947894385883,0.0760562099202975,1.0,1.8550045207910817,27.706297984191288,0.0,-3.320934122912775,0.0013744151940414,-0.2295183003536163,0.855308525821416,-0.0054952503987453,0.2684033387211992,0.1477270527273365,-9.667464703980029,-1000.0,0.1370383028860884,0.0013778060085416,-0.1049991294090731,-0.1792070110945863,-0.5457433822518908,-2.610781041306164,13.245718322158105,0.004229261878857,-1.1087223408986304,1.7229510989834993,-0.9866998105767276,-0.3713972613634533,-24.244070191499898,-13.06954775942609,15776.0,5.037162483610691,3,2,1,0.9866998105767276,0.3713972613634533,24.244070191499898,13.06954775942609,1.1087223408986304,-2.3671984273311675,-6.90875477931522,1.5866011820698824
B0018,152,61,1217685303.0,1.580076649033625,24.0,3.507483356587461,2.475545296633258,4.189576283423886,-1.829290599843924,0.5724466902011421,30.797157400797865,37.21755583353321,1.820474349442379,2.39917843866171,3121.109,0.061798528740262,0.0849020416869629,817.130086041084,347.0269125003869,2.437233452862321,0.1919611356835163,0.0740542024868284,1.0,1.8550045207910817,27.706297984191288,0.0,-3.890811238132327,0.001353690108953,-0.2625223986983582,0.8517912659101168,-0.0065245330362573,0.2749278717574566,0.1467005704272249,-10.295140855815529,-1000.0,0.1369677558369086,0.0014409978151486,-0.1112391409624249,-0.1672225014073942,-0.5816979459474402,-2.486580079748137,13.217555833533211,0.0042348908139795,-1.108304917925751,1.714030986790628,-0.9861380812579744,-0.3689463887564147,-24.17875063919453,-13.03433514860059,16092.0,5.155859663983169,3,2,1,0.9861380812579744,0.3689463887564147,24.17875063919453,13.03433514860059,1.108304917925751,-2.424372620476607,-6.90875477931522,1.580076649033625
B0018,154,62,1217698919.0,1.5641732953289167,24.0,3.502386593344072,2.3791563087604626,4.189808713646982,-1.8278449003095163,0.5742593028566971,30.98443458075409,37.56150979821064,1.8191123595505616,2.3946779026217224,3105.265,0.0626697032908356,0.0878289552248782,819.7093707870866,344.2872370517684,2.4639524736260525,0.1953504054419016,0.0763950724436396,1.0,1.8550045207910817,27.706297984191288,0.0,-2.535958929632887,0.0016047531640071,-0.1617506948070644,0.8432180503052695,-0.0159033537047084,0.290831225462165,0.1504986585157138,-7.972675757824274,-1000.0,0.1378223606608016,0.001498642200429,-0.0921864587784016,-0.1418170301117517,-0.4962178971386055,-2.1286609798817206,13.561509798210643,0.0043672632764695,-1.1077086907223497,1.8106524048865191,-0.9853587303090012,-0.3662127432121864,-24.78833652515686,-13.36295207583792,13616.0,4.384810958161579,3,3,1,0.9853587303090012,0.3662127432121864,24.78833652515686,13.36295207583792,1.1077086907223497,-2.1941839323486674,-6.90875477931522,1.5641732953289167
B0018,156,63,1217712564.0,1.555618272193922,24.0,3.503693493885047,2.4776158338943337,4.188889298039903,-1.8188198987741453,0.586841984204412,30.967899275139946,37.4174791317661,1.810126037735849,2.3815018867924524,3091.25,0.0637663983513846,0.0911929645320211,823.3929455467593,340.4576958631001,2.498298855184834,0.1998192567660288,0.0796866348074558,1.0,1.8550045207910817,27.706297984191288,0.0,-0.8303766975458297,0.0014779211376889,-0.0514503433315572,0.8386061892347928,-0.0085550231349946,0.2993862485971597,0.1549593628834057,-5.245032279038278,-1000.0,0.137390631422534,0.0015931090303522,-0.0713322163641235,-0.1192383789724087,-0.3886096718496399,-1.870420388139062,13.4174791317661,0.0043404704025108,-1.1221916070925944,1.711273464145569,-0.9804935122303644,-0.3477813249438424,-24.403978036243025,-13.155751239182964,13645.0,4.414071977354011,3,3,1,0.9804935122303644,0.3477813249438424,24.403978036243025,13.155751239182964,1.1221916070925944,-1.831786312345332,-6.90875477931522,1.555618272193922
B0018,158,64,1217726167.0,1.5402045278637395,24.0,3.498994846204812,2.4205549690097223,4.188220838257245,-1.817194042260449,0.5888596862938004,30.976616345195183,37.55101533655474,1.808690494296578,2.375524714828898,3076.703,0.0642583941435433,0.0923307044401994,825.216132285608,338.6153469214472,2.513027687070379,0.2018046676800308,0.081268423580004,1.0,1.8550045207910817,27.706297984191288,0.0,-0.0652239111847842,0.0016824313974549,-0.0038434133681628,0.8302969133503281,-0.0154137443301825,0.3147999929273422,0.1565890985837427,-4.248477118968543,-1000.0,0.138086773092976,0.0017011709322517,-0.0623312798777457,-0.1263102201940457,-0.3403348177463191,-2.1308468199120645,13.55101533655474,0.0044043950087318,-1.1234701313759148,1.767665869247523,-0.9796170418527468,-0.3447294398265992,-24.624824336167247,-13.27480555809696,13603.0,4.421291232853993,3,3,1,0.9796170418527468,0.3447294398265992,24.624824336167247,13.27480555809696,1.1234701313759148,-1.6579379619469243,-6.90875477931522,1.5402045278637395
B0018,161,65,1217741951.0,1.5321613015959863,24.0,3.495405576723954,2.415388497112405,4.186454063976498,-1.8157980815469448,0.5908996546649903,30.89768961926806,37.59895044072871,1.807226819923372,2.3658122605363987,3062.328,0.0629952094314479,0.0874128919399666,821.1587179332367,342.95502604744865,2.4702408014289565,0.1963802720350783,0.0775136393077214,1.0,1.8550045207910817,27.706297984191288,0.0,-2.0297311641994824,0.0018467493436575,-0.1166250446569015,0.8259609528835993,-0.0080432262677532,0.3228432191950954,0.1504081013714145,-8.028049883465627,-1000.0,0.1386461023397529,0.0017291029795733,-0.0836546523539917,-0.1613461679246157,-0.4642790844531396,-2.832405641283791,13.598950440728707,0.0044407230188027,-1.129593316187555,1.771065566864093,-0.9788645042189538,-0.3417774807388678,-24.692948121327166,-13.311529881062029,15784.0,5.154248663106906,3,3,1,0.9788645042189538,0.3417774807388678,24.692948121327166,13.311529881062029,1.129593316187555,-2.2003363843571297,-6.90875477931522,1.5321613015959863
B0018,164,66,1217758122.0,1.5316232403693415,24.0,3.494528300232307,2.3974205597873093,4.1895672733133145,-1.822108117298183,0.5821582195156936,30.81568822237933,37.48923978216981,1.8134602316602315,2.378710424710425,3050.563,0.0609612534216385,0.0826624771148996,816.7432327796085,347.7533875614613,2.423318026039552,0.1904345306447595,0.0733645495209388,1.0,1.8550045207910817,27.706297984191288,0.0,-5.19294339699734,0.0018939996184502,-0.2978816048065428,0.8256708936300426,-0.0005380612266447,0.3233812804217402,0.1436237305365381,-12.17657517006555,-1000.0,0.1388069396750567,0.0018577724142232,-0.1179244275085901,-0.2108618427203522,-0.6638517864783031,-3.789830226449396,13.489239782169811,0.0044218853313848,-1.115817875521882,1.7921467135260052,-0.9822661324506444,-0.3546038139204487,-24.57885330327319,-13.250023390531316,16171.0,5.300988702739363,3,3,1,0.9822661324506444,0.3546038139204487,24.57885330327319,13.250023390531316,1.115817875521882,-2.57844064478123,-6.90875477931522,1.5316232403693415
B0018,166,67,1217771665.0,1.5222595950771978,24.0,3.496255482779393,2.497752653580319,4.189297764105604,-1.8129628028687808,0.5952783563830066,30.72618807915112,37.37911114363861,1.8042622568093385,2.366105058365759,3034.672,0.0604141799873902,0.0851006319607628,818.9418536406367,345.6525518387982,2.440430343413192,0.1927565516724039,0.0751752605308965,1.0,1.8550045207910817,27.706297984191288,0.0,-6.04375303649152,0.001744413400615,-0.3369304334599145,0.8206231187124103,-0.0093636452921437,0.3327449257138839,0.145514811948153,-11.02021163304106,-1000.0,0.138297756420984,0.001951469521676,-0.1253073027926445,-0.2553404989422826,-0.717530884232905,-4.639245345147306,13.37911114363861,0.0044087503175414,-1.130150424413634,1.6915451105252854,-0.9773360558271263,-0.3355280716522509,-24.255830838863996,-13.075887715596515,13543.0,4.462755777229149,3,3,1,0.9773360558271263,0.3355280716522509,24.255830838863996,13.075887715596515,1.130150424413634,-2.4865895356942493,-6.90875477931522,1.5222595950771978
B0018,168,68,1217785348.0,1.5065267126851285,24.0,3.48769646191346,2.3726090777895896,4.186793087812023,-1.8044876731207795,0.6065337513252166,30.76818712651005,37.559604168615785,1.7956921874999998,2.345828125,3031.25,0.0606882623528803,0.0896432622001255,823.0395965596819,341.4805566938524,2.477441801512529,0.1976122982105497,0.0787728457281998,1.0,1.8550045207910817,27.706297984191288,0.0,-5.617499623373851,0.0021212683109385,-0.2990287173102394,0.812141801165346,-0.0157328823920692,0.3484778081059532,0.1503315245530058,-8.074875281909762,-1000.0,0.1395805497981331,0.0020501807918961,-0.1181413095212812,-0.2545117994577258,-0.6906377960862085,-4.668248258901633,13.559604168615785,0.0044732714783047,-1.14186833691346,1.8141840100224336,-0.9727672638654667,-0.3188241125683652,-24.46813857466432,-13.190339046203157,13683.0,4.51397938144181,3,3,1,0.9727672638654667,0.3188241125683652,24.46813857466432,13.190339046203157,1.14186833691346,-2.2055096370162315,-6.90875477931522,1.5065267126851285
B0018,170,69,1217798809.0,1.5014219556532926,24.0,3.486547580844067,2.36844257542991,4.188594535127793,-1.809986175960184,0.5993292137989468,30.775415173787835,37.61805450748922,1.8011913043478265,2.353517786561265,3011.343,0.061527510379904,0.0925152099289108,825.5337582335401,338.77706114930214,2.502526736934748,0.2008410685678691,0.0810983072887787,1.0,1.8550045207910817,27.706297984191288,0.0,-4.312299504674334,0.0021509169347189,-0.2262366944778155,0.8093899172887186,-0.0051047570318358,0.3535825651377891,0.1540427203088148,-5.805543340714888,-1000.0,0.1396814720819756,0.0020835558719071,-0.1043786834764302,-0.2071513527649169,-0.6082903924970315,-3.841430509968801,13.61805450748922,0.0045222528644145,-1.1330297942828018,1.820151959697883,-0.9757314091140702,-0.3295559343284128,-24.64849040202776,-13.28756351398467,13461.0,4.4700985573531575,3,3,1,0.9757314091140702,0.3295559343284128,24.64849040202776,13.28756351398467,1.1330297942828018,-1.9177374772532756,-6.90875477931522,1.5014219556532926
B0018,173,70,1217814522.0,1.4963534117486457,24.0,3.482298183882304,2.331968556073514,4.186295492358637,-1.8090400456598723,0.6003399044077647,30.761821976538275,37.71101994346608,1.8004,2.3438452380952386,3003.0,0.0629019645803422,0.0890742626075919,822.0681648185215,341.87172479957314,2.4771967081270887,0.1973856541879608,0.0784068368991102,1.0,1.8550045207910817,27.706297984191288,0.0,-2.174745732971117,0.002340305694758,-0.1124815472341174,0.8066575552659644,-0.0050685439046469,0.358651109042436,0.151976227187934,-7.069168100506583,-1000.0,0.1403261409994539,0.0021105412560565,-0.0828712505013071,-0.1599144636080197,-0.4734283122610918,-2.992387554865179,13.711019943466075,0.0045657742069468,-1.1384529457870656,1.854326936285123,-0.9752213670687828,-0.3279562015606013,-24.80378414457129,-13.371279613174332,15713.0,5.23243423243249,3,3,1,0.9752213670687828,0.3279562015606013,24.80378414457129,13.371279613174332,1.1384529457870656,-2.0880503915291033,-6.90875477931522,1.4963534117486457
B0018,176,71,1217869705.0,1.5334262000312422,24.0,3.491819481711868,2.4057755306304176,4.187384370589753,-1.827369123350144,0.5753946456070788,30.913721930762733,37.767989299214086,1.8185458823529408,2.381392156862745,3045.187,0.0636194862648574,0.0747867833889974,808.552734820347,354.79836479265475,2.366826868876317,0.1826540079758152,0.0671140289756907,1.0,1.8550045207910817,27.706297984191288,0.0,-1.0588546523331843,0.0020608750185054,-0.0610793713424982,0.826642837170715,0.0370727882825965,0.3215783207598395,0.1384062696538548,-15.366962153688029,-1000.0,0.1393749743540162,0.0021389516393772,-0.0731527552986583,-0.1249217144149432,-0.4030247535559231,-2.3421557804952746,13.767989299214086,0.0045212295005888,-1.1104273248491232,1.7816088399593355,-0.98510224739816,-0.364732174066466,-25.159198535999007,-13.562877200809616,55183.0,18.121383021792056,3,3,1,0.98510224739816,0.364732174066466,25.159198535999007,13.562877200809616,1.1104273248491232,-2.7952648001662146,-6.90875477931522,1.4963534117486457
B0018,178,72,1217883313.0,1.523845267514426,24.0,3.493995853241935,2.4720838848798987,4.188929264481706,-1.8180385592622927,0.5884044857138683,31.22821565316561,37.91919394450186,1.8090909090909093,2.37309486166008,3028.469,0.0631438672388711,0.0760052771873733,809.759605293934,353.6968852894131,2.376704053501524,0.1839623748675166,0.0680566539153101,1.0,1.8550045207910817,27.706297984191288,0.0,-1.7985382609734084,0.001879340321362,-0.1007459876754284,0.8214779265683784,-0.0095809325168161,0.3311592532766556,0.1391491444262443,-14.912707094074756,-1000.0,0.138757040234441,0.0021347752794035,-0.0806524343268324,-0.1050737465698889,-0.4496927118071729,-1.9761624822678887,13.919193944501863,0.0045961157087945,-1.1209009915818546,1.716845379601807,-0.980072305973089,-0.3456754850470246,-25.3056313049546,-13.641816506474598,13608.0,4.493359515978373,3,3,1,0.980072305973089,0.3456754850470246,25.3056313049546,13.641816506474598,1.1209009915818546,-2.7671179783518456,-6.90875477931522,1.4963534117486457
B0018,180,73,1217896884.0,1.501192099426124,24.0,3.484377015629623,2.342731326096539,4.185269759332432,-1.8085351614741645,0.6017111392190142,31.261679783387308,37.99328509003338,1.7995976095617527,2.347454183266932,3012.937,0.0627787683447576,0.0785562646709055,812.1947670187925,351.4477371505902,2.396549692427072,0.1865968383752682,0.070017281430242,1.0,1.8550045207910817,27.706297984191288,0.0,-2.3663407515243304,0.0022633202275418,-0.1240649713448571,0.8092660058779417,-0.0226531680883019,0.3538124213649576,0.141335033015663,-13.57607407273742,-1000.0,0.1400640867054103,0.0020985975475801,-0.0850613027646165,-0.1007111813071762,-0.4855163837318466,-1.90455272873607,13.993285090033382,0.0046444001617122,-1.1369228323626914,1.8425384332358936,-0.9749491929690558,-0.3262056107830266,-25.30734810985754,-13.642742005513966,13571.0,4.504242869995455,3,3,1,0.9749491929690558,0.3262056107830266,25.30734810985754,13.642742005513966,1.1369228323626914,-2.679381422333547,-6.90875477931522,1.4963534117486457
B0018,182,74,1217910470.0,1.492417671450291,24.0,3.4859116793558376,2.4198650452188226,4.18799771486628,-1.806804118492653,0.6035048613646924,31.18408593575448,37.984838024989045,1.798001606425703,2.348277108433735,2998.875,0.0627041849336394,0.0821790067160901,815.5852854510993,348.3154846245448,2.4240984503564937,0.1902547648842888,0.0727761932497355,1.0,1.8550045207910817,27.706297984191288,0.0,-2.482333013537403,0.0021300351348506,-0.1269968552525438,0.8045358675534857,-0.008774427975833,0.3625868493407906,0.1448831916497295,-11.406436508319024,-1000.0,0.1396103915843086,0.0021281100908913,-0.0856156275416776,-0.0871463443330314,-0.4928345424389797,-1.6655650445867525,13.984838024989044,0.0046633614355331,-1.1376345709221027,1.7681326696474575,-0.9740160184343436,-0.3233385087299639,-25.267862940002868,-13.62145625154904,13586.0,4.530365553747812,3,3,1,0.9740160184343436,0.3233385087299639,25.267862940002868,13.62145625154904,1.1376345709221027,-2.518215411190606,-6.90875477931522,1.492417671450291
B0018,184,75,1217924628.0,1.483323851940123,24.0,3.484278753976678,2.438879997223475,4.187899339921793,-1.8050190987020625,0.6056880584788689,31.001432353085377,37.8288851383529,1.7963781376518213,2.338991902834008,2983.547,0.0631321911314519,0.0868039138985769,819.8314545281454,344.405569651019,2.45848456488764,0.1948192620836383,0.0762563267558182,1.0,1.8550045207910817,27.706297984191288,0.0,-1.8166969653120235,0.002159417035641,-0.090668720920554,0.799633550923934,-0.0090938195101679,0.3716806688509586,0.1499361050300288,-8.316667473081349,-1000.0,0.1397104059577704,0.0021776699128436,-0.0787471478887728,-0.0466171100391802,-0.4508383768537854,-0.8867253906450072,13.828885138352902,0.0046350485306074,-1.14528685114267,1.7490193426983178,-0.973053745960276,-0.3200223906576456,-24.961401788484103,-13.45624848632868,14158.0,4.745358460917577,3,3,1,0.973053745960276,0.3200223906576456,24.961401788484103,13.45624848632868,1.14528685114267,-2.2318049974891325,-6.90875477931522,1.483323851940123
B0018,187,76,1217940642.0,1.4807376792294196,24.0,3.482988652120672,2.430465824271706,4.1882916128809375,-1.8118563821702207,0.5969033315535529,30.981374033120872,37.844837975501,1.802892244897959,2.347489795918367,2966.86,0.0643878356525556,0.0925603123487784,825.0060673158252,339.6683614814802,2.500203295473237,0.2003541936227715,0.0805259609777068,1.0,1.8550045207910817,27.706297984191288,0.0,0.1360837684134024,0.0022084377350611,0.0067448135282259,0.7982393911352555,-0.0025861727107034,0.3742668415616621,0.156948148001334,-4.028924617451487,1000.0,0.1398772697210827,0.0021927738945673,-0.0603293873408601,0.0104975925666346,-0.327633957165652,0.2604108860429329,13.844837975501,0.0046664952089064,-1.1354988562023047,1.7578257886092317,-0.9767396040742802,-0.3331796293770556,-25.084858046024127,-13.522801562663409,16014.0,5.397625772700634,3,3,1,0.9767396040742802,0.3331796293770556,25.084858046024127,13.522801562663409,1.1354988562023047,-1.6152061675072875,6.90875477931522,1.4807376792294196
B0018,189,77,1217954172.0,1.4735077809902477,24.0,3.483799876979844,2.4907267597860656,4.187409532380725,-1.8021525551783737,0.6102519084386244,31.088687926688607,37.8984610468502,1.793182716049382,2.332164609053498,2954.797,0.0656478497070527,0.0966626817496748,828.6704680479503,336.3306522735324,2.529561922349688,0.2042510631275103,0.0835645292049806,1.0,1.8550045207910817,27.706297984191288,0.0,2.0956600087353188,0.0021271394311237,0.1019001837938274,0.7943418813674149,-0.0072298982391718,0.381496739800834,0.1623105314567275,-0.749919990112262,1000.0,0.1396005347681672,0.0022558747492876,-0.0423385728784067,0.0643369856906987,-0.204000796845123,1.3654038082065287,13.8984610468502,0.0047036940428887,-1.1516352679263462,1.6966827725946594,-0.9715084432453688,-0.3135565069887374,-25.047147088628183,-13.502472255131838,13530.0,4.578994766813226,3,3,1,0.9715084432453688,0.3135565069887374,25.047147088628183,13.502472255131838,1.1516352679263462,-0.5595700669543843,6.90875477931522,1.4735077809902477
B0018,191,78,1217967706.0,1.46801928526661,24.0,3.4787540756450497,2.367832802864477,4.188656943531829,-1.8092953592546848,0.6003267799218304,31.336420133762665,38.27784043980244,1.8004537190082643,2.344665289256198,2945.735,0.0664668305933916,0.0986794955251776,830.5292426899628,334.6501476735965,2.544168614759793,0.2061982894162486,0.0851160821119611,1.0,1.8550045207910817,27.706297984191288,0.0,3.36934063191537,0.0023388401361603,0.1615085416842176,0.7913831307756389,-0.0054884957236376,0.3869852355244716,0.1651463261185692,0.9841193406652388,1000.0,0.1403211523186341,0.0023416367525094,-0.0310685530758018,0.0776611289310214,-0.1236420144499548,1.6231815535055687,14.27784043980244,0.0048469534563691,-1.1340887863888516,1.8208241406673515,-0.9753590020943652,-0.3281079869408382,-25.83283044791342,-13.92602020342828,13534.0,4.594439078870097,3,3,1,0.9753590020943652,0.3281079869408382,25.83283044791342,13.92602020342828,1.1340887863888516,0.6851751585986287,6.90875477931522,1.46801928526661
B0018,193,79,1217981213.0,1.458092355711902,24.0,3.4752194351784507,2.3532703553328904,4.188198669984733,-1.8000309691416814,0.6124490248454585,31.22599987103565,38.24434303919528,1.7913327800829877,2.3332033195020747,2941.375,0.0662567555950831,0.0973048374384015,829.4934405928869,335.61301107220584,2.5352215053090363,0.2050336180376476,0.0842717567688796,1.0,1.8550045207910817,27.706297984191288,0.0,3.042631597280576,0.0024455394084521,0.1422001103677767,0.786031699313642,-0.0099269295547079,0.3969121650791796,0.1635615930334846,0.0150825005520038,1000.0,0.1406843507700622,0.0023883033976759,-0.0347191552899019,0.0325005556645427,-0.144254670199717,0.6459905323975675,14.24434303919528,0.0048427497477167,-1.142016115676376,1.834928314651843,-0.970364733884141,-0.3100439447422211,-25.64025860562924,-13.822208142583143,13507.0,4.592070035271058,3,3,1,0.970364733884141,0.3100439447422211,25.64025860562924,13.822208142583143,1.142016115676376,0.0149698905226257,6.90875477931522,1.458092355711902
B0018,196,80,1217996872.0,1.44786609888914,24.0,3.470739535801023,2.362897904778893,4.184528192003684,-1.7981302589297092,0.6145766343541279,31.0373234886888,38.06956259266949,1.789596652719665,2.322623430962343,2923.953,0.0639609508789165,0.0897771740388738,823.2619555602386,341.31220705892935,2.4839940183088007,0.1982863823304227,0.0791192278750074,1.0,1.8550045207910817,27.706297984191288,0.0,-0.5278082388168239,0.0025882270517499,-0.0240480047189404,0.7805189058362434,-0.010226256822762,0.4071384219019416,0.1537381249177903,-5.99179814791839,-1000.0,0.1411700516560247,0.0024440353983238,-0.0661513170786617,-0.039973882757295,-0.3695200880935962,-0.9314847236969112,14.069562592669492,0.0048118292574007,-1.1481161048386803,1.8216302872247916,-0.9693400947581206,-0.3067253926001663,-25.298906227784546,-13.638191136783552,15659.0,5.3554212396692575,3,3,1,0.9693400947581206,0.3067253926001663,25.298906227784546,13.638191136783552,1.1481161048386803,-1.9447377689317096,-6.90875477931522,1.44786609888914
B0018,199,81,1218012924.0,1.4527808777541982,24.0,3.474600910003521,2.420200016704328,4.1927676322495895,-1.8058248446047425,0.6046864853168988,30.811349225731828,37.81744565252647,1.7971235294117645,2.337966386554622,2921.031,0.0612461502330534,0.0842630760180197,818.5932224843779,345.3966291018439,2.448333030452861,0.1934860792309361,0.0752680105547107,1.0,1.8550045207910817,27.706297984191288,0.0,-4.749871337126603,0.0024417709608938,-0.2190580528041676,0.7831683758563823,0.004914778865058,0.4022236430368835,0.1455092262510731,-11.023627190082856,-1000.0,0.1406715231819441,0.00244451480796,-0.1030214336429993,-0.1192987472188044,-0.6358975799083424,-2.6592095121953485,13.817445652526471,0.0047303317398965,-1.1366345234488993,1.7725676155452614,-0.9734881092694836,-0.3215366145819668,-24.951886648308093,-13.45111904321184,16052.0,5.49531997434964,3,3,1,0.9734881092694836,0.3215366145819668,24.951886648308093,13.45111904321184,1.1366345234488993,-2.4868736464878625,-6.90875477931522,1.44786609888914
B0018,201,82,1218026442.0,1.4425356364492432,24.0,3.4740521567700093,2.472605886588914,4.187873640279204,-1.795955865281378,0.6181698739348518,30.93222317974605,37.90256777035479,1.7870338983050844,2.321927966101695,2902.75,0.0605762404672562,0.0871524226950469,820.852481747851,343.0267701165868,2.471289361096101,0.196339374809377,0.0771623880405638,1.0,1.8550045207910817,27.706297984191288,0.0,-5.791716271737075,0.0024057994343632,-0.2604720083153619,0.7776453481817188,-0.0102452413049549,0.4124688843418385,0.1477286631623031,-9.666479950884424,-1000.0,0.140549078085077,0.0024350585787936,-0.1108514782077835,-0.1817522229980398,-0.7016294351836785,-4.049506027189713,13.902567770354793,0.0047894471691843,-1.1521241906683142,1.7152677536902896,-0.968167917751117,-0.3016791122812695,-24.96839812964054,-13.460020089618189,13518.0,4.65696322452686,3,3,1,0.968167917751117,0.3016791122812695,24.96839812964054,13.460020089618189,1.1521241906683142,-2.3671061093738244,-6.90875477931522,1.4425356364492432
B0018,203,83,1218039932.0,1.4392712877203313,24.0,3.475075728648004,2.483165462226557,4.1880559282136725,-1.7951057003644757,0.618933989993131,31.215527070380897,38.16628336469349,1.786205106382978,2.321234042553192,2897.875,0.0609121666027386,0.0923519768584067,824.9912192426495,339.0004313272663,2.5089684976657995,0.201158627962823,0.0806017562657474,1.0,1.8550045207910817,27.706297984191288,0.0,-5.269283310576817,0.0023412371843413,-0.2351157806233292,0.7758855957432074,-0.0032643487289119,0.4157332330707504,0.1532641434611453,-6.2816296011406845,-1000.0,0.1403293117387374,0.0023986954897873,-0.1060574325685119,-0.1960350416627262,-0.6686682077944119,-4.386621732617457,14.166283364693491,0.0048885073941038,-1.153841686094812,1.7048904659871154,-0.967709608940052,-0.3003969606716528,-25.42997602093973,-13.7088485349815,13490.0,4.655135228398515,3,3,1,0.967709608940052,0.3003969606716528,25.42997602093973,13.7088485349815,1.153841686094812,-1.985354683469281,-6.90875477931522,1.4392712877203313
B0018,205,84,1218053351.0,1.4286475681888218,24.0,3.472424307596416,2.434198683008624,4.188063095530185,-1.7940097981352856,0.6205845867664036,31.40079708433756,38.36789486715962,1.7851470085470085,2.3195982905982904,2892.094,0.0617869291275927,0.0955053845409896,827.4110428795377,336.7927473475241,2.529321100826648,0.2038187876409861,0.0825863600070865,1.0,1.8550045207910817,27.706297984191288,0.0,-3.908850977691248,0.0023982582626199,-0.1700672685284004,0.7701585371768062,-0.0106237195315095,0.4263569526022599,0.1572923136685823,-3.818473271540488,-1000.0,0.1405234083514388,0.0024208668732114,-0.093758854896101,-0.1324676381877881,-0.5828361052939028,-3.026417041260953,14.36789486715962,0.0049679902752658,-1.1528260169981257,1.753864412521561,-0.9671188275072756,-0.2980265644143489,-25.77614417026204,-13.895461637675217,13419.0,4.639890681283306,3,3,1,0.9671188275072756,0.2980265644143489,25.77614417026204,13.895461637675217,1.1528260169981257,-1.5724571292440097,-6.90875477931522,1.4286475681888218
B0018,208,85,1218068859.0,1.4249026750004896,24.0,3.471751102262539,2.497859027600416,4.185913481526783,-1.7841592631620102,0.6322457302959145,31.25921326972124,38.19823604401131,1.7756489270386264,2.302519313304721,2886.921,0.0628771182673288,0.0910368842821095,823.469082886864,340.94767661865774,2.4903048394677607,0.1989326266943485,0.0792349632018584,1.0,1.8550045207910817,27.706297984191288,0.0,-2.213386765955544,0.0024064116067183,-0.0954620980423724,0.7681397317526905,-0.0037448931883321,0.4301018457905921,0.1539140025494383,-5.88425202168245,-1000.0,0.1405511618860871,0.0024543788836601,-0.079653421052405,-0.0585500815347011,-0.4758662439565332,-1.3946447625751237,14.19823604401131,0.0049181242036087,-1.169231788957818,1.688054453926367,-0.961808579010542,-0.2801436850776089,-25.331914358483512,-13.655985233946776,15508.0,5.371813083903103,3,3,1,0.961808579010542,0.2801436850776089,25.331914358483512,13.655985233946776,1.169231788957818,-1.929236487452915,-6.90875477931522,1.4249026750004896
B0018,211,86,1218135953.0,1.4698115324524124,24.0,3.4745407296058963,2.374740845794832,4.187259539606346,-1.8136320536623207,0.5946002285557522,31.134701292957462,38.09998280757164,1.8047063291139245,2.349945147679325,2942.531,0.0656192309860139,0.0712778108024884,809.2869298637222,355.2939323530445,2.359526085664995,0.182193739364029,0.06712741290826,1.0,1.8550045207910817,27.706297984191288,0.0,2.051152119655916,0.0025526278780143,0.0987789645705231,0.7923492994106556,0.0449088574519227,0.3851929883386693,0.1368970417885023,-16.287890778243877,1000.0,0.1410488740275819,0.0024915266579826,-0.0429286948629713,0.0106339726508686,-0.2068088789563749,0.1516130977361374,14.099982807571642,0.0047917873448289,-1.1245955819265712,1.8125186938115143,-0.9776968370466212,-0.3366199862132424,-25.57218077589957,-13.785508593374532,67094.0,22.80145901605699,3,3,1,0.9776968370466212,0.3366199862132424,25.57218077589957,13.785508593374532,1.1245955819265712,-2.850006301406046,6.90875477931522,1.4249026750004896
B0018,213,87,1218149451.0,1.4525819651050202,24.0,3.471720060423485,2.3589340839760866,4.187670932765983,-1.810960446087532,0.5979305613457744,31.24687969598809,38.21452378284136,1.802108547008547,2.344918803418804,2912.469,0.0658224155396411,0.073225755227897,811.3988567993501,353.2014851196904,2.379448467408482,0.18470142779318,0.0688559269819205,1.0,1.8550045207910817,27.706297984191288,0.0,2.3671451216920745,0.0025733594866067,0.109115774950073,0.7830611455790711,-0.0172295673473921,0.4024225556860614,0.1390481707675381,-14.974450737902426,1000.0,0.1411194432824104,0.0025762276305024,-0.0409743370883868,0.0648437116615798,-0.1868723168175709,1.3978732738046484,14.21452378284136,0.0048805751349925,-1.1268012570046806,1.8287368487898967,-0.9762566208404584,-0.3315891234605078,-25.741940330696224,-13.877022955093038,13498.0,4.634555766943911,3,3,1,0.9762566208404584,0.3315891234605078,25.741940330696224,13.877022955093038,1.1268012570046806,-2.7709906170685863,6.90875477931522,1.4249026750004896
B0018,215,88,1218162773.0,1.442834198908794,24.0,3.471398409828823,2.4413266342198545,4.187836103953847,-1.800802328247715,0.6114932928667776,31.027558674438325,37.93969653616424,1.7917603448275865,2.3282887931034484,2895.594,0.0658834113947982,0.0765589374179791,814.3814000156118,350.2675229725727,2.406747225931729,0.1881740757167646,0.0713223188698083,1.0,1.8550045207910817,27.706297984191288,0.0,2.4620059909794887,0.0025269760559539,0.1108044903045199,0.7778062979024363,-0.0097477661962261,0.4121703218822876,0.1424423488127773,-12.898969637206736,1000.0,0.1409615566368582,0.0026138109197259,-0.0406550554279093,0.0999395758110617,-0.1808873753698072,2.219757779857896,13.939696536164242,0.0048141060301131,-1.1431096167253747,1.746509469733993,-0.9707805598818527,-0.3114902070191481,-25.102637977391176,-13.532386407960647,13322.0,4.600783120836485,3,3,1,0.9707805598818527,0.3114902070191481,25.102637977391176,13.532386407960647,1.1431096167253747,-2.6318147105694583,6.90875477931522,1.4249026750004896
B0018,217,89,1218176207.0,1.428376058807949,24.0,3.4626491088970703,2.311419659807122,4.18719517574786,-1.798647877727257,0.6138855024551874,30.931917385258963,38.06666733482501,1.7899356521739134,2.3198782608695656,2884.406,0.0657936763648127,0.0811063280934246,817.9746503442253,346.7673546071869,2.4386838003552613,0.1922752969549021,0.0743108629228543,1.0,1.8550045207910817,27.706297984191288,0.0,2.3224499026513072,0.0028217631252192,0.1009814265251555,0.7700121712904541,-0.014458140100845,0.4266284619831326,0.1469000044582373,-10.173190399273508,1000.0,0.1419649955990787,0.0026080410048388,-0.0425122802741172,0.0790694342376,-0.1896922179102279,1.7854726307974496,14.066667334825013,0.0048767986666301,-1.1427708480275047,1.8757755159407377,-0.9696191338609728,-0.3077495855728037,-25.300981348478334,-13.639309797503469,13434.0,4.65745806935478,3,3,1,0.9696191338609728,0.3077495855728037,25.300981348478334,13.639309797503469,1.1427708480275047,-2.41351719443616,6.90875477931522,1.4249026750004896
B0018,219,90,1218190490.0,1.4154547844370715,24.0,3.466072725920186,2.495315923820125,4.183339938829854,-1.7804067367547436,0.6370599693980358,30.66708223665601,37.63260475617888,1.7716611353711793,2.2893668122270743,2873.766,0.0655194906524685,0.0869860186372348,822.083022738458,342.8228594867809,2.473818077621232,0.1968419177235238,0.0777445853066354,1.0,1.8550045207910817,27.706297984191288,0.0,1.8960357643106915,0.0025943280528354,0.0800172227050368,0.7630465417051595,-0.0129212743708775,0.4395497363540102,0.1525055092897033,-6.745521260382994,1000.0,0.1411908191279935,0.0026210765582226,-0.0464759357170845,0.0502154116791856,-0.2165954464979275,1.1503201871960709,13.632604756178878,0.0047438116938449,-1.1767059136931115,1.688024015009729,-0.9597856586547234,-0.2729302230863737,-24.271581347415637,-13.08437853508866,14283.0,4.97013326763384,3,3,1,0.9597856586547234,0.2729302230863737,24.271581347415637,13.08437853508866,1.1767059136931115,-2.0471147744295335,6.90875477931522,1.4154547844370715
B0018,222,91,1218226208.0,1.454576670077708,24.0,3.473067053341288,2.4398479869382084,4.192209704853633,-1.8167125180994763,0.5905432240305882,31.22678910771077,38.18223603956323,1.807627826086956,2.350430434782609,2893.375,0.0642229969936441,0.1024802194063876,830.8487578588841,334.6772519736095,2.5424515255468383,0.206020834454788,0.0851386593114749,1.0,1.8550045207910817,27.706297984191288,0.0,-0.1202736256463133,0.0025237783035792,-0.0055717432967854,0.7841364556121901,0.0391218856406365,0.4004278507133736,0.1667032164000317,1.9361307884926644,-1000.0,0.1409506716637408,0.002646420504282,-0.0626580513777563,0.0178483398729554,-0.3438080024245041,0.4184173552273386,14.182236039563229,0.0049016238958165,-1.1226366185586794,1.752361717915425,-0.9793574607275712,-0.3426547280998416,-25.76504574771606,-13.88947867514569,35718.0,12.34475309974948,3,3,1,0.9793574607275712,0.3426547280998416,25.76504574771606,13.88947867514569,1.1226366185586794,1.077092656249431,-6.90875477931522,1.4154547844370715
B0018,224,92,1218239641.0,1.4283179548274056,24.0,3.4668548162926327,2.376538319699514,4.186622455926472,-1.7981268087177564,0.615175869824526,31.387733116648285,38.3907466519188,1.7893737991266367,2.319371179039301,2884.9839999999967,0.0637803898475087,0.1056653569862739,832.3248598258192,333.342703173762,2.552845952447713,0.2074678757781183,0.0864084131949982,1.0,1.8550045207910817,27.706297984191288,0.0,-0.8086170963148197,0.0026385372535256,-0.035154337841999,0.7699808484662279,-0.0262587152503024,0.426686565963676,0.1694457468337826,3.613140658766464,-1000.0,0.1413413048143967,0.0026195045737706,-0.068251166808818,-0.0118375471229928,-0.3872368197951252,-0.270877855097629,14.390746651918803,0.0049881547529947,-1.1474836372533317,1.8100841362269584,-0.9693382348101192,-0.3060774582481851,-25.876387352280496,-13.949500957170605,13433.0,4.656178335822784,3,3,1,0.9693382348101192,0.3060774582481851,25.876387352280496,13.949500957170605,1.1474836372533317,1.5289088959309918,-6.90875477931522,1.4154547844370715
B0018,226,93,1218253026.0,1.4197026883204058,24.0,3.46527367520258,2.3722299202290382,4.186945959000922,-1.796443922299482,0.6175723216535413,31.50566683829289,38.51622654624205,1.787525110132158,2.314145374449339,2870.234,0.0635303315915461,0.1056702446535573,832.1047343418049,333.5482785951041,2.5504500614091725,0.2071886269288575,0.0862568508144399,1.0,1.8550045207910817,27.706297984191288,0.0,-1.197508168864173,0.0026536957862507,-0.0510308687266308,0.7653365112635747,-0.0086152665069998,0.4353018324706759,0.1692005762451034,3.463223089190566,-1000.0,0.1413929036256484,0.0026764583157632,-0.0712529072324594,-0.0299199387497827,-0.4117726512317312,-0.7004418571730614,14.516226546242052,0.0050575063030529,-1.1511283007532405,1.814716038771884,-0.968431020623574,-0.302586474803006,-26.07758695371893,-14.057964089780208,13385.0,4.663382846135659,3,3,1,0.968431020623574,0.302586474803006,26.07758695371893,14.057964089780208,1.1511283007532405,1.4958711707726184,-6.90875477931522,1.4154547844370715
B0018,228,94,1218266399.0,1.4155606630306516,24.0,3.4638878223448684,2.361475505115684,4.18744003081614,-1.795371462470329,0.6185854999461717,31.5462258449116,38.56612180540248,1.7864991150442473,2.313601769911505,2864.11,0.0635775807752777,0.1014059661890233,829.7498942789143,335.66568915926285,2.532542822031478,0.2047896047505276,0.0843116786073104,1.0,1.8550045207910817,27.706297984191288,0.0,-1.1240261489735308,0.0026871834726621,-0.0474480084545862,0.7631036189749955,-0.0041420252897541,0.43944385776043,0.164983546964301,0.8845827065323367,-1000.0,0.1415068938674306,0.0027344259567359,-0.0705755038003742,-0.0212169784980557,-0.4071365395261088,-0.4937051861671798,14.56612180540248,0.0050857410523329,-1.1502860524333631,1.8259645257004564,-0.9678528765724116,-0.3009159578969761,-26.1515994082864,-14.09786288986292,13373.0,4.66916424299183,3,3,1,0.9678528765724116,0.3009159578969761,26.1515994082864,14.09786288986292,1.1502860524333631,0.6337064205478106,-6.90875477931522,1.4154547844370715
B0018,231,95,1218281817.0,1.405680035419228,24.0,3.457807923440064,2.317937855025735,4.1845980039811215,-1.7937175263130196,0.621305543593045,31.38997788229748,38.5606541602861,1.7846446428571423,2.30109375,2846.64,0.0641384352263419,0.0897753099355905,823.8164623546461,340.96239834423307,2.489117623678475,0.1988823370784118,0.0793595011773525,1.0,1.8550045207910817,27.706297984191288,0.0,-0.2517842460664699,0.0028790967627988,-0.0103947354289126,0.7577771480684934,-0.0098806276114236,0.4493244853718536,0.1539137451619324,-5.884409409685352,-1000.0,0.1421601561464412,0.0027696660191277,-0.063569923785596,-0.0020468684623253,-0.3521052420438141,-0.0321662813749715,14.5606541602861,0.005115031813043,-1.1567141734400637,1.866660148955387,-0.966961268957508,-0.2970916958168997,-26.11770056188776,-14.079588623681662,15418.0,5.416209987913676,3,3,1,0.966961268957508,0.2970916958168997,26.11770056188776,14.079588623681662,1.1567141734400637,-1.9292593492254544,-6.90875477931522,1.405680035419228
B0018,234,96,1218297542.0,1.4084461071166137,24.0,3.459813554486507,2.3372859753156225,4.186742025132256,-1.801451773488821,0.6106925334860716,31.385433749863733,38.53842073636507,1.7926789237668157,2.31747533632287,2839.532,0.0648876588365652,0.0816377068856145,820.4514408086064,343.9980701160374,2.4670392089251703,0.1957238421945944,0.0764446250890292,1.0,1.8550045207910817,27.706297984191288,0.0,0.9134097293830944,0.0028136165084426,0.0379430579618496,0.759268288206635,0.0027660716973856,0.446558413674468,0.1465253657221797,-10.402275499086311,1000.0,0.1419372649638636,0.0027707525671445,-0.054430804574665,0.0225590852878846,-0.2785910757628405,0.5655338460430709,14.538420736365069,0.005120005950403,-1.142338218163637,1.8494560498166333,-0.9711306642797002,-0.3127036617445007,-26.190263819251506,-14.118706187283976,15725.0,5.537884411936354,3,3,1,0.9711306642797002,0.3127036617445007,26.190263819251506,14.118706187283976,1.142338218163637,-2.4338129406649953,6.90875477931522,1.405680035419228
B0018,236,97,1218310873.0,1.3968547782872414,24.0,3.458027727779737,2.35288102649522,4.1871520936423146,-1.791521575337878,0.6236313916998142,31.42370719914205,38.548873480234754,1.7827513513513509,2.302243243243243,2832.703,0.0652642451187888,0.0846541838848499,823.1691932898796,341.6452729336467,2.490633570482675,0.1987020926272645,0.0785463612960533,1.0,1.8550045207910817,27.706297984191288,0.0,1.4990774276462218,0.0028147375654843,0.0606962123366531,0.7530196086484692,-0.0115913288293723,0.4581497425038403,0.1499184290036387,-8.327476057138842,1000.0,0.141941080980344,0.0027625018100658,-0.0501289162245902,0.0469479794382183,-0.2416402560172278,1.164338590474016,14.548873480234754,0.0051360391400826,-1.1557844845364935,1.8342710671470948,-0.9657774707783956,-0.2934002508051817,-26.06462073670164,-14.050974232415992,13331.0,4.706105793651962,3,3,1,0.9657774707783956,0.2934002508051817,26.06462073670164,14.050974232415992,1.1557844845364935,-2.2329644591990094,6.90875477931522,1.3968547782872414
B0018,238,98,1218324120.0,1.3935670371440676,24.0,3.4613996718507845,2.4646122144537173,4.187096292904282,-1.7816941240706174,0.6362211262767111,31.435368910968148,38.45838357496903,1.772756561085972,2.290009049773756,2827.077999999994,0.0654519474629391,0.0910588590904871,827.3496483068982,337.9691012164167,2.5240798452024045,0.2030727166480426,0.081906485178552,1.0,1.8550045207910817,27.706297984191288,0.0,1.7909924682260387,0.002659128526335,0.0719989000244189,0.751247245774781,-0.0032877411431737,0.4614374836470141,0.1565108065534262,-4.2963513397935005,1000.0,0.1414113963739423,0.0027472602551103,-0.0479919421730987,0.063015860533485,-0.2232228154148405,1.5739872344397905,14.458383574969028,0.0051142499693902,-1.1713906220770285,1.7224840784505644,-0.9604796662976972,-0.2745286415935482,-25.76041705908144,-13.886983431290355,13247.0,4.685756813216806,3,3,1,0.9604796662976972,0.2745286415935482,25.76041705908144,13.886983431290355,1.1713906220770285,-1.667018157029717,6.90875477931522,1.3935670371440676
B0018,240,99,1218337268.0,1.3893644292809475,24.0,3.461128547669321,2.4684655225527004,4.187367312766795,-1.7797379985412234,0.6387591462974623,31.542375291159843,38.54382874673793,1.770660273972602,2.2865068493150686,2821.531,0.0655027480087776,0.0954904120429468,829.5873438872956,335.95430863941215,2.5403892234920766,0.2052953687203868,0.0837809499156295,1.0,1.8550045207910817,27.706297984191288,0.0,1.8699975731811944,0.0026459296872686,0.0744964622970823,0.7489816944965945,-0.0042026078631201,0.4656400915101342,0.1609931600517244,-1.5554697925205183,1000.0,0.1413664682520667,0.0027207746870059,-0.0475197336226986,0.0729665371748618,-0.2182382424209077,1.8357936511312587,14.54382874673793,0.0051545876145726,-1.1746216983542523,1.7189017902140944,-0.9594251537580158,-0.2707377259983093,-25.884204664845672,-13.95371513156929,13148.0,4.659881461516935,3,3,1,0.9594251537580158,0.2707377259983093,25.884204664845672,13.95371513156929,1.1746216983542523,-0.9382360785813064,6.90875477931522,1.3893644292809475
B0018,243,100,1218352748.0,1.378565141566671,24.0,3.455556822823358,2.409292353940073,4.18534593452204,-1.7856528650965158,0.6312222058682411,31.52669677306915,38.650883957434026,1.776681481481481,2.285481481481481,2805.156,0.0654554624442208,0.0911677202815645,825.268665583689,339.6216914764864,2.502230653579576,0.2005176629514746,0.0804892531971871,1.0,1.8550045207910817,27.706297984191288,0.0,1.7964589737624028,0.0028028889880213,0.0699446700474213,0.7431599902402237,-0.0107992877142764,0.4764393792244106,0.1566231827257853,-4.227635256314328,1000.0,0.1419007490746641,0.0027463807639718,-0.048380330871248,0.0846138009142738,-0.2228779238298827,2.157476818835087,14.650883957434026,0.0052228410674589,-1.1700753413418772,1.776053580581967,-0.9626137532928468,-0.2820523870501699,-26.16139291478865,-14.103142395323523,15480.0,5.51840967133182,3,3,1,0.9626137532928468,0.2820523870501699,26.16139291478865,14.103142395323523,1.1700753413418772,-1.6539590259819712,6.90875477931522,1.378565141566671
B0018,246,101,1218368379.0,1.384901110085747,24.0,3.459598362944341,2.477625480372779,4.186646524222555,-1.7784070647657095,0.6396665691444494,31.43592191429037,38.45654834997334,1.7696045871559627,2.28244495412844,2814.906,0.0657293708297015,0.0833735393639389,819.8934250723019,343.89715755865745,2.458441024860556,0.1949622621377767,0.076528268971143,1.0,1.8550045207910817,27.706297984191288,0.0,2.2224418128404366,0.0026811886679206,0.0876964411687335,0.7465755983684312,0.0063359685190758,0.4701034107053348,0.1491029101936404,-8.826151687837523,1000.0,0.141486487881973,0.0027693793395585,-0.0450240429420221,0.0999527185799592,-0.1960019066819728,2.571453483180913,14.45654834997334,0.0051357126490078,-1.1771534088159008,1.7090210438497755,-0.9587076709918668,-0.269041892143171,-25.70962771771965,-13.859603799184251,15631.0,5.552938535068115,3,3,1,0.9587076709918668,0.269041892143171,25.70962771771965,13.859603799184251,1.1771534088159008,-2.2850473710217165,6.90875477931522,1.378565141566671
B0018,248,102,1218381685.0,1.3703251814242443,24.0,3.4506569891269216,2.335608852853518,4.184730834033599,-1.7778412667349817,0.6413506214395214,31.47523811288649,38.6564130442344,1.7685695852534558,2.270115207373272,2801.156,0.0662984618643832,0.0831772157441764,821.2504635131482,342.1154591351839,2.4726987891851984,0.1968382131176191,0.0779981636595882,1.0,1.8550045207910817,27.706297984191288,0.0,3.107493266165361,0.0029427679503137,0.1189325310337129,0.7387179740348331,-0.0145759286615025,0.4846793393668374,0.1494756776085596,-8.598210868496833,1000.0,0.1423768893650404,0.0027863926180637,-0.0391183048241965,0.1149710712240711,-0.140162431815273,2.982981021150344,14.656413044234398,0.0052322730487802,-1.1805417817536497,1.8491219811800803,-0.9584026593198836,-0.2669211950911371,-26.056775932352792,-14.046745237684878,13306.0,4.750181710692032,3,3,1,0.9584026593198836,0.2669211950911371,26.056775932352792,14.046745237684878,1.1805417817536497,-2.261576713240229,6.90875477931522,1.3703251814242443
B0018,250,103,1218394867.0,1.3733464385229082,24.0,3.455515243082573,2.441999086782534,4.187175976285891,-1.7764462760420034,0.6426186512846561,31.5817445550721,38.655587491253975,1.7675111111111108,2.276078703703704,2794.187,0.0667828893384741,0.0860552601042539,824.7701364518026,338.61295513742334,2.5046885480743906,0.2009625139017804,0.0810638342107028,1.0,1.8550045207910817,27.706297984191288,0.0,3.860875789955173,0.0027741214042686,0.1486934883528461,0.7403466800917733,0.0030212570986638,0.4816580822681735,0.152838149442728,-6.542117566842623,1000.0,0.141802825802594,0.0028130240786772,-0.033491466739714,0.119030077330271,-0.0926301845723236,3.1084921159154835,14.655587491253977,0.0052450274413447,-1.179436539378869,1.745176889503357,-0.9576506446069322,-0.2648020356297617,-26.03486382204589,-14.03493280809266,13182.0,4.717651323979133,3,3,1,0.9576506446069322,0.2648020356297617,26.03486382204589,14.03493280809266,1.179436539378869,-2.0205029869992917,6.90875477931522,1.3703251814242443
B0018,252,104,1218408010.0,1.3679487285504814,24.0,3.455840338587253,2.465168783147216,4.186108406696249,-1.7752748972563317,0.6439585053065756,31.647958536134297,38.6997087046862,1.7664120930232552,2.2748976744186047,2785.391,0.0668258159021934,0.0892974871448548,827.3703834812395,336.432570066197,2.526721323039021,0.2037640603950949,0.0830596663342297,1.0,1.8550045207910817,27.706297984191288,0.0,3.927635263028344,0.0027309960797947,0.1495882255176415,0.7374368704864981,-0.0053977099724267,0.4870557922406002,0.1561233030470482,-4.533303023889433,1000.0,0.1416560295711875,0.0027755278636167,-0.0333223007716813,0.0051187600314038,-0.0884182103364993,0.6140977627281359,14.699708704686202,0.0052774309620017,-1.1809426641686485,1.7209396235490328,-0.957019175102728,-0.2627259831003629,-26.0960238604098,-14.06790309880918,13143.0,4.718547593495951,3,3,1,0.957019175102728,0.2627259831003629,26.0960238604098,14.06790309880918,1.1809426641686485,-1.7107849290690422,6.90875477931522,1.3679487285504814
B0018,255,105,1218423199.0,1.3567141087089647,24.0,3.448678293668265,2.370892032033162,4.183460397462309,-1.7742013268724648,0.6451719450259635,31.662032275252905,38.87481687744787,1.7653336448598125,2.2649299065420565,2779.5,0.0658589827057581,0.0900348174187296,825.2638087712197,339.4841487709439,2.504111143439004,0.2007528781145234,0.0805975117241171,1.0,1.8550045207910817,27.706297984191288,0.0,2.4240144475881023,0.0029360462910886,0.090239700578421,0.7313804864100185,-0.0112346198415167,0.498290412082117,0.1558938001244877,-4.673640086936803,1000.0,0.142354009206918,0.0026773087578574,-0.0445431945354438,-0.08998280249124,-0.1832843296083215,-1.5640437967180616,14.87481687744787,0.0053516160739134,-1.1837483871262084,1.812568365429147,-0.9564404323712384,-0.2608389527554109,-26.390919840952943,-14.226876285709237,15189.0,5.46465191581023,3,3,1,0.9564404323712384,0.2608389527554109,26.390919840952943,14.226876285709237,1.1837483871262084,-1.7358309023932372,6.90875477931522,1.3567141087089647
B0018,258,106,1218719089.0,1.4604310209194575,24.0,3.474503178644755,2.461879783248223,4.187091541628412,-1.8196650877007408,0.586549765279328,30.434500875864146,37.36397452607736,1.8106107623318377,2.353973094170404,2899.234,0.0577098514106511,0.074573361486798,807.1553233646243,360.8393449016252,2.307618968299249,0.1761551923997876,0.0634994177348744,1.0,1.8550045207910817,27.706297984191288,0.0,-10.2495299530963,0.002493707592618,-0.4818601453256025,0.7872924322020762,0.1037169122104928,0.3945734998716241,0.1322832128974491,-16.287890778243877,-1000.0,0.1408483126183615,0.0025954383414328,-0.1527088414445832,-0.1644377991787352,-0.9828808517940336,-3.341101017793629,13.363974526077357,0.0046094846176861,-1.120530084474351,1.7252117583801891,-0.9809491385734092,-0.3485520113545597,-24.31795787802502,-13.109379299272568,295890.0,102.05799186954138,3,3,1,0.9809491385734092,0.3485520113545597,24.31795787802502,13.109379299272568,1.120530084474351,-2.850006301406046,-6.90875477931522,1.3567141087089647
B0018,260,107,1218732596.0,1.4500998937104097,24.0,3.474031881945217,2.424706636890725,4.18736921126964,-1.809683685421604,0.6002875701859975,31.01799705807701,37.88258787662229,1.8007792792792787,2.340905405405405,2894.922,0.0592957004481303,0.0773024956216922,810.6073110390741,356.7549164248964,2.3447904526499723,0.1808197609274365,0.0667732122798489,1.0,1.8550045207910817,27.706297984191288,0.0,-7.783214531065628,0.0024516724215174,-0.3565752815795067,0.7817231049614924,-0.0103311272090478,0.404904627080672,0.1365981960698225,-16.287890778243877,-1000.0,0.1407052272090487,0.0025342922266207,-0.1290215105843451,-0.2108887756815695,-0.8272766126230078,-4.506881575500394,13.882587876622289,0.0047954963472651,-1.133126476539812,1.7626625743789153,-0.9755683418357824,-0.3283596012270041,-25.123092791755106,-13.54341323518594,13507.0,4.665756106725961,3,3,1,0.9755683418357824,0.3283596012270041,25.123092791755106,13.54341323518594,1.133126476539812,-2.850006301406046,-6.90875477931522,1.3567141087089647
B0018,262,108,1218745763.0,1.4381406901824496,24.0,3.474404210386772,2.444722297403138,4.187597633155394,-1.7993287687468955,0.6132733366274968,31.39483761465523,38.15898073660424,1.7906696832579183,2.3295203619909506,2888.25,0.0610696207548722,0.0804228285530091,814.2381816676218,352.4577486477687,2.3844750152683667,0.1857702750879915,0.0701920084509807,1.0,1.8550045207910817,27.706297984191288,0.0,-5.024410315422665,0.0023647693221457,-0.2235814950846299,0.7752761106852413,-0.01195920352796,0.4168638306086321,0.1414924493078813,-13.479816735884173,-1000.0,0.1404094138408958,0.0024444484555588,-0.1038766708258537,-0.2139807050835577,-0.6532187337473659,-4.636758580630193,14.158980736604242,0.0049022697954122,-1.1448838483958212,1.742875335752256,-0.969986190119672,-0.3087766572875292,-25.476661375505124,-13.734015780676575,13167.0,4.558815891974532,3,3,1,0.969986190119672,0.3087766572875292,25.476661375505124,13.734015780676575,1.1448838483958212,-2.672755730515888,-6.90875477931522,1.3567141087089647
B0018,264,109,1218758939.0,1.4283681980964316,24.0,3.471767043833224,2.443569395327192,4.187608979498198,-1.7959419603883284,0.6173426525372289,31.24511885640641,38.05243159675446,1.787275,2.324389423076923,2873.906,0.0630778119793435,0.0840206854637574,818.1227183744077,347.8592012955293,2.427542425696539,0.1911126411662577,0.0738240282886421,1.0,1.8550045207910817,27.706297984191288,0.0,-1.9012675255054807,0.002425265505734,-0.0826666569965297,0.7700079337204485,-0.009772492086018,0.4266363226946501,0.1470984974431009,-10.051815376156224,-1000.0,0.1406153395208432,0.0024707324146064,-0.0772342154397478,-0.0648172518393654,-0.456174084345869,-1.331485948943966,14.05243159675446,0.0048896629175587,-1.1473776207563011,1.744039584171006,-0.9681604218701708,-0.3025634971347427,-25.237351550098097,-13.605008103015518,13176.0,4.584701100173567,3,3,1,0.9681604218701708,0.3025634971347427,25.237351550098097,13.605008103015518,1.1473776207563011,-2.4025947019050116,-6.90875477931522,1.3567141087089647
B0018,266,110,1218772750.0,1.4147874517552432,24.0,3.468530527297593,2.4666000274194886,4.186194120124063,-1.7956017209600372,0.618300999238423,31.05306925187263,37.89096376444466,1.78683133640553,2.314373271889401,2847.406,0.0654414259696327,0.0883250241333256,822.4517766591971,342.73306767690394,2.476231965266757,0.1971186248849931,0.0778425517576783,1.0,1.8550045207910817,27.706297984191288,0.0,1.7746294219391088,0.0024868274357793,0.0747800535684796,0.7626867945054364,-0.0135807463411883,0.4402170690358384,0.1537664501029583,-5.974477787670234,1000.0,0.1408248929430842,0.00248685077459,-0.0474661156510314,0.0822237186296158,-0.2242551891920363,2.0869540503227526,13.890963764444663,0.0048784626303519,-1.154157255408192,1.7195940927045743,-0.967977004835714,-0.3013468247201115,-24.94263844123036,-13.446133498988578,13811.0,4.850379608666677,3,3,1,0.967977004835714,0.3013468247201115,24.94263844123036,13.446133498988578,1.154157255408192,-1.9422574557533736,6.90875477931522,1.3567141087089647
B0018,269,111,1218788392.0,1.413889163393182,24.0,3.46512136466626,2.4272514813701016,4.186991375693876,-1.7929541659933774,0.6216320056247608,30.88589263299331,37.81203585126145,1.784205853658536,2.3094634146341466,2849.281,0.0683363580098154,0.0936984851764104,827.5009235025141,336.75064360058576,2.5338558071877526,0.2041870476444845,0.0824958941208152,1.0,1.8550045207910817,27.706297984191288,0.0,6.276833205334836,0.0026251273878557,0.2639571208953591,0.7622025431993112,-0.0008982883620611,0.4411153573978996,0.1620348431862258,-0.9184985936750109,1000.0,0.1412956583695752,0.0025445376993751,-0.0116988278003394,0.2102728516696657,0.0597968781349359,5.1568333636701,13.812035851261449,0.0048475513125088,-1.1556579500321136,1.7597398943237743,-0.9665497549635124,-0.2963282020537113,-24.7643472203691,-13.350019867584,15642.0,5.489806024746072,3,3,1,0.9665497549635124,0.2963282020537113,24.7643472203691,13.350019867584,1.1556579500321136,-0.651542897670987,6.90875477931522,1.3567141087089647
B0018,271,112,1218801603.0,1.3989331662177225,24.0,3.4652879859475885,2.4762628371779,4.185443351643291,-1.784474211719448,0.6323087479107589,31.053992379018933,37.9591954678784,1.7757302325581386,2.296106976744186,2833.688,0.0702860420202029,0.097518940421793,830.9276134480696,332.67591959215827,2.5733981714260503,0.2090203114925802,0.0856459030663323,1.0,1.8550045207910817,27.706297984191288,0.0,9.308985465267964,0.0025322642214355,0.3786295707653997,0.7541400306782735,-0.0149559971754595,0.4560713545733592,0.1678049824419959,2.6098416448492965,1000.0,0.1409795572611601,0.0025724379394754,0.0099820375445004,0.2922236565297008,0.2511007726988867,7.1767811594904245,13.959195467878402,0.0049261582319131,-1.1691810092034025,1.7091805144653909,-0.96197836218559,-0.2802455248982292,-24.909824328780005,-13.428443993618174,13211.0,4.66212229433704,3,3,1,0.96197836218559,0.2802455248982292,24.909824328780005,13.428443993618174,1.1691810092034025,1.2836639056899464,6.90875477931522,1.3567141087089647
B0018,273,113,1218814636.0,1.3953322584033976,24.0,3.461799526154992,2.3607989727330003,4.186308413669027,-1.793581043096934,0.6220040809868876,31.492840068071885,38.52104349883516,1.7840532710280366,2.304943925233645,2826.453,0.0709393339123254,0.0992593842319099,832.3938160574326,330.896886265714,2.590632171159674,0.2111206585713857,0.0870063467177395,1.0,1.8550045207910817,27.706297984191288,0.0,10.32498625131407,0.002653203946071,0.4166641701156194,0.7521988452127043,-0.0036009078143248,0.4596722623876841,0.1701987181442353,4.073569576572556,1000.0,0.1413912294287417,0.0025869581316629,0.0171731547473822,0.2784903089672343,0.3152020745427927,6.852766324062249,14.521043498835162,0.0051375499606149,-1.156855600921347,1.825509440936027,-0.9668876932791296,-0.2962649819271188,-26.04466834549672,-14.04021825259463,13033.0,4.611079681846961,3,3,1,0.9668876932791296,0.2962649819271188,26.04466834549672,14.04021825259463,1.156855600921347,1.6240446283657546,6.90875477931522,1.3567141087089647
B0018,275,114,1218827614.0,1.390046129540245,24.0,3.463260140320492,2.377011586588198,4.187179397572641,-1.7920645354970144,0.6233712946026018,31.93832684630049,38.87868799770175,1.7830206572769949,2.30437558685446,2818.312,0.0695719778089566,0.097708840301745,830.8882678968304,332.59889799560017,2.5737244447903063,0.2090536838828003,0.0856674240374096,1.0,1.8550045207910817,27.706297984191288,0.0,8.198471453596143,0.0025647667062357,0.327087367303646,0.7493491870022229,-0.0052861288631524,0.4649583912508366,0.1672808181107016,2.289324232751241,1000.0,0.1410901939308715,0.0026233030199642,0.0002370676402464,0.1750487694854334,0.1810364628659295,4.3228513136334765,14.878687997701752,0.0052792905816305,-1.158884553466032,1.810167810984443,-0.966070170959316,-0.2939733784396819,-26.663569095406395,-14.373856657590055,12978.0,4.604884058257353,3,3,1,0.966070170959316,0.2939733784396819,26.663569095406395,14.373856657590055,1.158884553466032,1.1906821433001715,6.90875477931522,1.3567141087089647
B0018,278,115,1218842824.0,1.3860271454209647,24.0,3.462839429201602,2.456756319667845,4.1854460754417,-1.7809541104468565,0.6363041167015956,31.74562722135923,38.65118899876309,1.772414150943396,2.28461320754717,2812.7189999999973,0.0643997128734431,0.0900354280143159,823.941493101408,340.66579591084195,2.494083967560507,0.1993420593029641,0.0794020505574515,1.0,1.8550045207910817,27.706297984191288,0.0,0.1545552447982289,0.0025594283967167,0.0061133157561475,0.747182624023947,-0.0040189841192803,0.4689773753701169,0.154435140887759,-5.565584951889306,1000.0,0.1410720226190256,0.0026598226197166,-0.0604487832217148,0.0628037578105095,-0.326468558772749,1.5184073336766055,14.65118899876309,0.0052089060438521,-1.178226221654432,1.7286897557738548,-0.9600807380929042,-0.274040236059822,-26.093095270280887,-14.066324347871104,15210.0,5.407578929852078,3,3,1,0.9600807380929042,0.274040236059822,26.093095270280887,14.066324347871104,1.178226221654432,-1.8818416053679787,6.90875477931522,1.3567141087089647
B0018,281,116,1218858775.0,1.388215260193751,24.0,3.4569152237960306,2.3277314025979847,4.193052368415502,-1.7989851707207014,0.6136015374226743,31.31018499405759,38.434235278537344,1.790287203791469,2.3094834123222747,2803.5,0.0602026390857184,0.0852774845113851,819.0600109089614,346.45381095661264,2.435585268014896,0.1922632754964002,0.0749976526283209,1.0,1.8550045207910817,27.706297984191288,0.0,-6.372741846809025,0.0028068518293622,-0.2532505765136458,0.7483621978461461,0.0021881147727862,0.4667892605973307,0.1454801235971035,-11.041422959040448,-1000.0,0.1419142383685211,0.0027143160046171,-0.1094861381398998,-0.0236573263162261,-0.7382873750969514,-0.6292712424297207,14.434235278537344,0.0051486482177749,-1.1474318114737558,1.8653209658175176,-0.9698009625247213,-0.3082375752503687,-25.966975216782277,-13.998335266433804,15951.0,5.689673622255863,3,3,1,0.9698009625247213,0.3082375752503687,25.966975216782277,13.998335266433804,1.1474318114737558,-2.4883526188640785,-6.90875477931522,1.3567141087089647
B0018,283,117,1218872257.0,1.3761826562394497,24.0,3.4574690175816127,2.4537913827403948,4.186241953638429,-1.7873231599598716,0.6283660366326043,31.12736034547181,38.10387572433,1.7787224880382773,2.289468899521531,2783.25,0.0612697078835557,0.0899007951492056,822.0917525627417,343.1172825107548,2.4662015655528147,0.1960862944618902,0.0777379139314917,1.0,1.8550045207910817,27.706297984191288,0.0,-4.713234434516389,0.0027148622201977,-0.1825954876092197,0.7418756347033405,-0.0120326039543012,0.478821864551632,0.1511705030327613,-7.56185446938481,-1000.0,0.1416011108009342,0.0027913019156128,-0.0961275374454816,-0.0681759603153365,-0.6335860923730006,-1.7101408880380924,14.103875724330004,0.0050674124582142,-1.168000118060082,1.732450570898035,-0.9635141795957128,-0.2860322335938868,-25.208183727290823,-13.589284247647711,13482.0,4.843977364590014,3,3,1,0.9635141795957128,0.2860322335938868,25.208183727290823,13.589284247647711,1.168000118060082,-2.1473168103095315,-6.90875477931522,1.3567141087089647
B0018,285,118,1218885682.0,1.3647168898640163,24.0,3.45021917812178,2.3475608877759067,4.186011006323472,-1.7861666392556754,0.6300010907202901,30.985550813719595,38.12742842632319,1.7776624999999997,2.2845961538461537,2776.391,0.0640345114952304,0.0967257478863977,827.2120644120048,337.3583667420251,2.5212508472898327,0.2028785895366121,0.0823529221547008,1.0,1.8550045207910817,27.706297984191288,0.0,-0.413406629217562,0.0029256708705735,-0.0156412505180588,0.7356946436346267,-0.0114657663754333,0.4902876309270654,0.1607602593816281,-1.697884519350252,-1000.0,0.1423186918464238,0.0028840266805921,-0.0645618707380363,-0.0652940404206221,-0.3623022864845153,-1.6284751938372115,14.127428426323192,0.0050884145735662,-1.1656230242756265,1.8384501185475652,-0.96289071981941,-0.2836459165647004,-25.233941353570792,-13.603169726619534,13425.0,4.835414032099645,3,3,1,0.96289071981941,0.2836459165647004,25.233941353570792,13.603169726619534,1.1656230242756265,-0.9924679545530816,-6.90875477931522,1.3567141087089647
B0018,287,119,1218898976.0,1.3589854739373584,24.0,3.448672805179396,2.3558347560196564,4.18675624032869,-1.7849995504167615,0.630878906976592,30.89965328075741,38.03962943213698,1.7765951690821251,2.2804057971014493,2766.516,0.0660969638836956,0.1003733195641912,830.2067150939723,334.00292997641174,2.554558030540046,0.2069634610075183,0.0850274205117957,1.0,1.8550045207910817,27.706297984191288,0.0,2.794123225554286,0.002949696261214,0.1044941973080938,0.7326049390746541,-0.0057314159266579,0.4960190468537233,0.1664702834478867,1.7936963217491837,1000.0,0.1424004729540936,0.0028449251977649,-0.0418481285060292,-0.0673342941347846,-0.1599335066391621,-1.5700963685980107,14.039629432136977,0.0050748412198345,-1.1682670080779465,1.8309214843090336,-0.9622615629493304,-0.2820703293803114,-25.06073222438244,-13.509795760597548,13294.0,4.805321928373157,3,3,1,0.9622615629493304,0.2820703293803114,25.06073222438244,13.509795760597548,1.1682670080779465,1.0273655655035892,6.90875477931522,1.3567141087089647
B0018,290,120,1218914149.0,1.34623087640088,24.0,3.444632719716698,2.379110236294476,4.1831553230638425,-1.778331020505836,0.639379848746925,30.70612364496648,37.85657903247749,1.7699512437810945,2.266696517412935,2751.516,0.0646622694414041,0.0940680643725997,825.8699261607338,339.01726889135085,2.5095068548338384,0.2013713387160529,0.0810390455049252,1.0,1.8550045207910817,27.706297984191288,0.0,0.5628837158026301,0.0030230522216135,0.0205229152297195,0.7257291620112973,-0.0127545975364784,0.5087736443902018,0.1587303338140038,-2.9391488535335,1000.0,0.1426501726066578,0.0028234866387566,-0.0577243922610817,-0.0625546455828413,-0.3007063871969034,-1.3949372120127894,13.856579032477493,0.0050359798134818,-1.177936202303763,1.8040450867693667,-0.9586666768816204,-0.2693100297834475,-24.641584331545467,-13.283840574012736,15173.0,5.514414599077194,3,3,1,0.9586666768816204,0.2693100297834475,24.641584331545467,13.283840574012736,1.177936202303763,-1.37096467295069,6.90875477931522,1.34623087640088
B0018,293,121,1219069636.0,1.4268427818454643,24.0,3.467272639213176,2.444740635238248,4.191989955143364,-1.809775952165901,0.5998929255667806,30.47122187456595,37.43017193410286,1.8007009433962262,2.331316037735849,2848.859,0.0603903279818502,0.0694271886052096,807.7124173519883,359.29404243894265,2.3269048799009147,0.1783936485694625,0.064381683446832,1.0,1.8550045207910817,27.706297984191288,0.0,-6.0808477206130185,0.002611344415226,-0.263451845084458,0.7691856089045949,0.0806119054445844,0.4281617389456174,0.1298175165870598,-16.287890778243877,-1000.0,0.1412487418891938,0.0027840187336741,-0.1114148693258209,-0.0738824574693675,-0.719871254020344,-1.671913860936326,13.43017193410286,0.0047142283749733,-1.1359566014773272,1.7472493199051158,-0.9756180811993328,-0.3288348324042733,-24.30560219979276,-13.102718572526562,155487.0,54.57869273275561,3,3,1,0.9756180811993328,0.3288348324042733,24.30560219979276,13.102718572526562,1.1359566014773272,-2.850006301406046,-6.90875477931522,1.34623087640088
B0018,295,122,1219082934.0,1.4064481483279665,24.0,3.464490491162134,2.431867772331712,4.185628679672912,-1.7896694300229208,0.6259143571313354,30.93922178302111,37.8264149292754,1.7808132701421802,2.3021184834123223,2840.016,0.0618328474913185,0.0742359365966365,811.3080383762151,355.2155193654571,2.364439301524425,0.1830563129976124,0.0676504483112854,1.0,1.8550045207910817,27.706297984191288,0.0,-3.837438651590282,0.0026076694251561,-0.1586972448495034,0.7581912240991064,-0.0203946335174978,0.4485563724631152,0.136068784087955,-16.287890778243877,-1000.0,0.1412362324252234,0.0027131512467153,-0.0916091497783575,-0.0955880534855674,-0.5783305742612077,-2.251038068027309,13.8264149292754,0.0048684285332443,-1.162372007749812,1.7537609073412002,-0.9647790121260312,-0.2899403798978037,-24.74471212573671,-13.339434936710932,13298.0,4.682367986657582,3,3,1,0.9647790121260312,0.2899403798978037,24.74471212573671,13.339434936710932,1.162372007749812,-2.850006301406046,-6.90875477931522,1.34623087640088
B0018,297,123,1219096128.0,1.3934907492075153,24.0,3.459667012281024,2.344037291947413,4.186834478731371,-1.79700972481249,0.616291401136465,31.11164063156189,38.08307173716899,1.788268899521531,2.3096411483253587,2817.375,0.0631440269526289,0.0792192122321126,815.0758673989953,350.97908957771256,2.4031364291652046,0.1878875962654646,0.0710769450249357,1.0,1.8550045207910817,27.706297984191288,0.0,-1.7982898738352449,0.0027283313451612,-0.0722803099506897,0.7512061203027418,-0.0129573991204512,0.4615137715835664,0.1423632391847415,-12.947343804879418,-1000.0,0.1416469589611302,0.0026593606664906,-0.0752704918777167,-0.0903819294224248,-0.4496770406195752,-2.120273831519781,14.083071737168993,0.0049986500686504,-1.150025863955665,1.842797186783958,-0.9687360347118747,-0.3042725319044415,-25.30741686692461,-13.642779071227965,13194.0,4.683082656726676,3,3,1,0.9687360347118747,0.3042725319044415,25.30741686692461,13.642779071227965,1.150025863955665,-2.6352890818850505,-6.90875477931522,1.34623087640088
B0018,299,124,1219109143.0,1.3882493512249316,24.0,3.462241956955771,2.456436863057259,4.186613091061155,-1.7861513769566684,0.6297547238438339,31.03791021990899,37.88279649093536,1.777657692307692,2.296192307692308,2809.234,0.0642350699057551,0.0841584045068972,818.8604622180958,346.76669257134245,2.441282526449726,0.1926779962896219,0.0745196427062594,1.0,1.8550045207910817,27.706297984191288,0.0,-0.1014978099006295,0.0025953588264198,-0.0040337827729057,0.7483805757157408,-0.0052413979825836,0.46675516956615,0.1483934744126523,-9.25995938324213,-1000.0,0.1411943278245533,0.0026744980420234,-0.0623672725981828,-0.0224210110544513,-0.3426234027184709,-0.5128257288032536,13.882796490935362,0.0049418441080132,-1.166049649263463,1.7301762280038964,-0.9628824921850148,-0.2839033129474566,-24.7967760682934,-13.36750168368922,13015.0,4.632935526195172,3,3,1,0.9628824921850148,0.2839033129474566,24.7967760682934,13.36750168368922,1.166049649263463,-2.328248880986457,-6.90875477931522,1.34623087640088
B0018,301,125,1219123025.0,1.3701878338420928,24.0,3.4555661695067355,2.395547668334432,4.183907160253637,-1.784162084841115,0.6324689086646982,30.96795084053884,37.96027066990377,1.7755058252427185,2.282247572815534,2791.187,0.0650826786411962,0.08924854319626,822.8297194745165,342.4056828910344,2.480333717143602,0.1976195845161049,0.0781312322244433,1.0,1.8550045207910817,27.706297984191288,0.0,1.216704898340268,0.0027540993204903,0.0465535355454323,0.7386439323920165,-0.0180615173828389,0.4848166869489889,0.1543312218374561,-5.629129651675543,1000.0,0.141734671731189,0.0027252262748894,-0.0528028407066567,0.0254535428299509,-0.2594556425622602,0.6776928807432712,13.960270669903773,0.0050015533426813,-1.1733185966912014,1.7883594919192047,-0.9618101001276452,-0.2799045832030569,-24.907385623361783,-13.427129330829176,13882.0,4.973511269576359,3,3,1,0.9618101001276452,0.2799045832030569,24.907385623361783,13.427129330829176,1.1733185966912014,-1.8914735213234692,6.90875477931522,1.34623087640088
B0018,304,126,1219138782.0,1.379695166560862,24.0,3.458696199585801,2.453674917297921,4.18533882899107,-1.7845257009241222,0.632625610318277,30.93996203578424,37.880513353762176,1.7755514563106791,2.287898058252427,2794.016,0.0655583004230878,0.0944415007889954,826.9853769058561,337.91859311916073,2.5198691924342125,0.2026770576830548,0.08191475245619,1.0,1.8550045207910817,27.706297984191288,0.0,1.95639279296962,0.0026870312928897,0.0763527467554098,0.7437691666500521,0.0095073327187693,0.4753093542302196,0.1599998012120831,-2.1628915218479405,1000.0,0.1415063758558595,0.0027245840412143,-0.0471687700440157,0.0557764915055391,-0.2127874139003113,1.458414527372236,13.880513353762176,0.0049679434025278,-1.170798141333374,1.7316639116931491,-0.9620061191015808,-0.2799316520189329,-24.770132821809085,-13.353138782590417,15757.0,5.639552529403683,3,3,1,0.9620061191015808,0.2799316520189329,24.770132821809085,13.353138782590417,1.170798141333374,-1.1514866477657235,6.90875477931522,1.34623087640088
B0018,306,127,1219151853.0,1.3686586323935683,24.0,3.4525282614097663,2.3062728144586413,4.185280284017658,-1.7920667435100546,0.623598617743903,31.295019295352866,38.43416278222213,1.783262745098039,2.2909950980392155,2774.719,0.0656603846631372,0.097532979618951,829.5537743538389,335.17677459300273,2.543569493288306,0.2057421284652062,0.084262821229496,1.0,1.8550045207910817,27.706297984191288,0.0,2.115154396142342,0.0028613105894861,0.0806755245725078,0.7378195670433692,-0.0110365341672937,0.4863458883975133,0.1631933642820882,-0.2100830046365074,1000.0,0.1420996129912232,0.0027003704538708,-0.0463514720454609,0.0728455487177454,-0.2027708611712514,1.9096854037948607,14.434162782222131,0.0052020268655013,-1.1615331633705508,1.8790074695590169,-0.96607136125994,-0.2937294770021126,-25.866983092430843,-13.944431287668898,13071.0,4.710747286480284,3,3,1,0.96607136125994,0.2937294770021126,25.866983092430843,13.944431287668898,1.1615331633705508,-0.1906889561290012,6.90875477931522,1.34623087640088
B0018,308,128,1219164891.0,1.3627371779096438,24.0,3.4552290080443044,2.3471092023857154,4.186281579801858,-1.782779873271704,0.635139666997203,31.81846533166901,38.847489737859576,1.7735049019607836,2.28575,2777.844,0.0656540600586667,0.0986829120196393,830.644748840523,334.0072590128707,2.553189546083302,0.2070124725379005,0.0852837954222448,1.0,1.8550045207910817,27.706297984191288,0.0,2.1053183593095786,0.002725120176786,0.0793344334272512,0.7346274160714679,-0.0059214544839245,0.4922673428814379,0.164336972078306,0.4892133599096986,1000.0,0.1416360283206854,0.0027049704673392,-0.0466050291689759,0.082577659629115,-0.2033914342796822,2.182850005425024,14.847489737859576,0.0053449688815693,-1.1694790080443045,1.8391723774161428,-0.9610649744133012,-0.2762799406992592,-26.469805873264217,-14.269402345017763,13038.0,4.693568105334679,3,3,1,0.9610649744133012,0.2762799406992592,26.469805873264217,14.269402345017763,1.1694790080443045,0.3982480341752831,6.90875477931522,1.34623087640088
B0018,310,129,1219177940.0,1.3634051133928071,24.0,3.4619744219744675,2.4884289104730986,4.185356132672309,-1.772521291595312,0.6472460682723474,32.00067162597675,38.80283421497622,1.7635431372549015,2.276867647058824,2781.125,0.0656859132946919,0.0971181415065858,829.6317035157513,335.0386626869092,2.5433629137812765,0.2057796697651127,0.0844159633215612,1.0,1.8550045207910817,27.706297984191288,0.0,2.1548565722124944,0.002474290889702,0.0813115032881258,0.7349874882306874,0.0006679354831633,0.4915994073982745,0.1628040548012777,-0.4481390108254585,1000.0,0.1407822192300988,0.0027601493065268,-0.0462312289625659,0.0896335754598569,-0.2002659800657586,2.393611294985,14.802834214976222,0.0053226065764648,-1.1851067749156434,1.6969272221992109,-0.9555347551842468,-0.2576970295409634,-26.23833882200093,-14.144622567640296,13049.0,4.691986156679512,3,3,1,0.9555347551842468,0.2576970295409634,26.23833882200093,14.144622567640296,1.1851067749156434,-0.3702792913069158,6.90875477931522,1.34623087640088
B0018,313,130,1219192985.0,1.3518646035305233,24.0,3.452221905520614,2.3992178234155577,4.181406543107895,-1.769870119236631,0.6498776113343834,31.73992229230571,38.72699121838442,1.7612108910891084,2.262391089108911,2760.906,0.0659609073882149,0.0909222245548008,825.0231689713189,339.7920539454397,2.5007889949601245,0.2003134419078804,0.08032757995726,1.0,1.8550045207910817,27.706297984191288,0.0,2.582527906491084,0.0027770993878324,0.0952140901022807,0.7287662042753458,-0.0115405098622838,0.5031399172605584,0.1568831319430157,-4.068680811287761,1000.0,0.1418129626947726,0.0027626136914173,-0.0436026977590881,0.0983149983760276,-0.1732834327438574,2.658154530766115,14.72699121838442,0.0053341154021104,-1.1898308164117029,1.782188719692337,-0.9541055552402372,-0.2534305933194973,-26.06486170367885,-14.051104133434766,15045.0,5.449298165165548,3,3,1,0.9541055552402372,0.2534305933194973,26.06486170367885,14.051104133434766,1.1898308164117029,-1.6230805887342206,6.90875477931522,1.34623087640088
B0018,316,131,1219208520.0,1.3547969729652622,24.0,3.447650049442191,2.278633888650029,4.185252405343103,-1.7884847819526568,0.6271065213681674,31.52613649688221,38.67191958148309,1.7798885572139298,2.2866567164179106,2753.25,0.0662359014817378,0.0914652662938385,820.4146344268866,344.5454452039702,2.4582150761389725,0.1948472140506481,0.0762391965929588,1.0,1.8550045207910817,27.706297984191288,0.0,3.010199240769501,0.0029629254888277,0.1116323259091189,0.7303469925709389,0.0029323694347389,0.5002075478258194,0.1577011677755763,-3.568466064877265,1000.0,0.142445504516912,0.0027719870700752,-0.0404985383892368,0.1030601396132218,-0.1463008854219671,2.796363573630249,14.671919581483088,0.0053289456393272,-1.1609933330242803,1.9066185166930745,-0.9641403893861146,-0.2880164080141762,-26.2405048935157,-14.145790258332864,15535.0,5.642422591480743,3,3,1,0.9641403893861146,0.2880164080141762,26.2405048935157,14.145790258332864,1.1609933330242803,-1.5191774953622466,6.90875477931522,1.34623087640088
B0018,318,132,1219221439.0,1.341051440640485,24.0,3.447928507599004,2.365584676338373,4.185763363191996,-1.77774044867741,0.6406746344246685,31.27624493654335,38.371813640118894,1.7688349999999995,2.2699650000000005,2742.843,0.0665108955752607,0.0915961164066976,815.8060998824542,349.2988364625007,2.4156411573178205,0.1893809861934157,0.0721508132286576,1.0,1.8550045207910817,27.706297984191288,0.0,3.437870575047917,0.0028736325139388,0.1240826391533616,0.7229370201580871,-0.0137455323247772,0.5139530801505967,0.1581070119819583,-3.320299360318503,1000.0,0.1421415561440087,0.0028712191301996,-0.038144585323305,0.1103096850549204,-0.1193183381000767,3.010199240769501,14.371813640118894,0.0052397507404228,-1.1779635075990034,1.8201786868536232,-0.958348310095185,-0.2675956710600291,-25.54935442889309,-13.773203315010871,12919.0,4.7100763696628976,3,3,1,0.958348310095185,0.2675956710600291,25.54935442889309,13.773203315010871,1.1779635075990034,-1.46332469622516,6.90875477931522,1.341051440640485
B0029,1,1,1239121861.0,1.697507332205763,43.0,3.365186047785184,1.999936473158621,4.122758586822445,-3.975396217019724,0.4350016753075729,51.631545591665024,58.72626885895911,3.9477278106508873,1.4362189349112426,1572.359,0.0281860507188781,0.0448274474019204,809.9228569699959,354.2978837176327,2.361476351072392,0.1726840299696028,0.0389737231489848,2.0,1.844701206961174,12.610247902013544,0.0,0.0,0.0,0.0,0.9202071998435524,-0.0077658654505923,0.1471938747554109,0.0730134981207984,0.0,0.0,0.132359869196964,-0.009343810991309,-0.0616046142506126,-0.944707208406093,-0.3362197248490324,-1.7369572268780538,15.72626885895911,0.0100017037196652,-1.9289671128739407,2.122822113663824,-2.1550352977832468,-1.6834123884142531,-62.51814972974113,-33.89066449348635,11083.0,6.873028267995082,8,0,1,2.1550352977832468,1.6834123884142531,62.51814972974113,33.89066449348635,1.9289671128739407,0.0,0.0,1.697507332205763
B0029,3,2,1239133466.0,1.844701206961174,43.0,3.390592899446488,1.852059092593436,4.20134576801382,-3.934248552605796,0.5870268296219977,52.84944288631656,59.76796387174703,3.907915217391304,1.4701793478260872,1723.281,0.0275514975376303,0.0449308968834451,808.2973810988365,355.5516525924476,2.34896282925781,0.1709257185119088,0.0380323363721325,2.0,1.844701206961174,12.610247902013544,0.0,-2.251302204685234,0.0,0.0,1.0,0.1471938747554109,0.0,0.0724823944210754,-0.7274048033835442,-1000.0,0.132359869196964,-0.0117087363595066,-0.0616046142506126,-1.1193149406902851,-0.4782583966161923,-1.94740397689128,16.76796387174703,0.0097302551770357,-1.9204135516204008,2.3492866754203847,-2.132729428281809,-1.4962829109937328,-65.96933759256703,-35.76153000164106,11605.0,6.734247055467603,8,0,2,2.132729428281809,1.4962829109937328,65.96933759256703,35.76153000164106,1.9204135516204008,-0.5466201685615506,-6.90875477931522,1.697507332205763
B0029,5,3,1239145098.0,1.8254376674722927,43.0,3.3944582472061784,1.8857258246963948,4.20075138362936,-3.9332952670181975,0.591565618707197,52.905865867266,59.844347317645614,3.906725966850829,1.4809558011049724,1705.906,0.0273518649653267,0.04414014899926,807.2218763269299,356.49617750919765,2.3404732616054966,0.1697274752420085,0.0372695188752158,2.0,1.844701206961174,12.610247902013544,0.0,-2.9595694759489275,-0.028031432973927,-2.834121625218279,0.989557366029692,-0.0192635394888811,0.0192635394888811,0.0714920139645867,-2.0838395290363363,-1000.0,0.036942413868902,-0.0132903752219407,-0.5974456937504745,-1.0805346579935808,-0.5229442421046755,-1.872984701222638,16.844347317645614,0.0098741356895607,-1.913502446101206,2.315025558932965,-2.132212658637226,-1.4908452478563603,-66.25379158050616,-35.91573057716598,11632.0,6.8186640998936525,8,0,2,2.132212658637226,1.4908452478563603,66.25379158050616,35.91573057716598,1.913502446101206,-1.1261754209608974,-6.90875477931522,1.697507332205763
B0029,7,4,1239156690.0,1.815750429913437,43.0,3.394696317253661,1.853477749942109,4.20121939681188,-3.932113456162452,0.5947770086252228,52.90438507577814,59.9199472840752,3.905738547486034,1.4871173184357542,1697.688,0.0274592045631652,0.0427973165639223,806.5849139651912,357.190138790862,2.3351568090187818,0.1689722103283427,0.036663187994722,2.0,1.844701206961174,12.610247902013544,0.0,-2.578744226930957,-0.0188035124640996,-1.6431381375428618,0.9843059803189328,-0.0096872375588557,0.0289507770477368,0.0702565211270875,-3.775982560635352,-1000.0,0.0683537474898535,-0.0172675175509149,-0.3722690915807088,-0.92620488482929,-0.4989172978617663,-1.6258794877076022,16.9199472840752,0.0099664645588972,-1.9075789988179064,2.347741646869771,-2.1315720069963837,-1.486722850874682,-66.53115239327143,-36.06608599058918,11592.0,6.828109758679552,8,0,2,2.1315720069963837,1.486722850874682,66.53115239327143,36.06608599058918,1.9075789988179064,-1.5635997246253748,-6.90875477931522,1.697507332205763
B0029,9,5,1239168206.0,1.8132993337127028,43.0,3.398579443319999,1.913443763136564,4.20151734595852,-3.931581069158435,0.5980898509488167,52.87534956891003,59.89475354681757,3.9047299435028258,1.4803728813559325,1686.094,0.027742033720173,0.0412462148337501,806.2669059339074,357.6977880075678,2.332102512363507,0.168534381516136,0.0361871174805535,2.0,1.844701206961174,12.610247902013544,0.0,-1.5753075985480702,-0.0196169306716773,-0.9254135272067632,0.982977257709827,-0.0024510962007342,0.0314018732484711,0.0702281707344324,-5.513021037679269,-1000.0,0.0655849166720795,-0.0217088243869149,-0.2365704939750071,-0.788018569477222,-0.4356086911356649,-0.9481222006272498,16.89475354681757,0.0100200543663683,-1.9182065619640667,2.2880735828219567,-2.131283403616216,-1.482842508833211,-66.42309321276528,-36.00750784251847,11516.0,6.8299869402258535,8,0,2,2.131283403616216,1.482842508833211,66.42309321276528,36.00750784251847,1.9182065619640667,-1.8738034096648777,-6.90875477931522,1.697507332205763
B0029,13,6,1239272698.0,1.8151647619660576,43.0,3.3970260675114696,1.9392366668780088,4.190431936024234,-3.976472905870513,0.4278142962979307,52.762650424805656,59.58813236464061,3.9493497142857152,1.4662857142857144,1678.563,0.0285342967229298,0.0399629771103809,806.6308203336412,359.2019142460135,2.3278854034564627,0.1679448141065632,0.0350764643526713,2.0,1.844701206961174,12.610247902013544,0.0,1.2355260675751785,-0.0198857116448707,0.7716488658214533,0.9839884937009542,0.0018654282533547,0.0295364449951163,0.0702281707344324,-6.185464800167773,1000.0,0.0646700010298228,-0.019132185258274,0.0842893225435663,-0.1232593206266841,-0.2582681814236942,-0.1260233984769962,16.588132364640607,0.0098823412434509,-1.9307403532257552,2.251195269146226,-2.1556189634989424,-1.6917885128529373,-65.96225890698715,-35.75769269424985,104492.0,62.25086577026763,8,0,2,2.1556189634989424,1.6917885128529373,65.96225890698715,35.75769269424985,1.9307403532257552,-1.9720602077890783,6.90875477931522,1.697507332205763
B0029,15,7,1239284039.0,1.8143317955190057,43.0,3.40174477993498,1.926680416628282,4.20151685379873,-3.953172457226365,0.5237804800919047,52.78843384352056,59.81336613073259,3.9261298850574713,1.4654252873563218,1677.469,0.0285066626010671,0.0403840884823003,806.6398801467228,359.05713985079024,2.32848213313246,0.1680193418203689,0.0352061603697069,2.0,1.844701206961174,12.610247902013544,0.0,1.1374842307165276,-0.02220653418,0.6909315767603407,0.9835369482452953,-0.0008329664470518,0.0303694114421682,0.0702281707344324,-5.646554523582199,1000.0,0.0567700488305886,-0.0178441646263511,0.0690282840193365,0.291907967285982,-0.2644538157894556,0.654994063241182,16.81336613073259,0.0100230562417085,-1.9363194925786584,2.274836437170448,-2.1429879484903385,-1.5751122645243647,-66.4661359012747,-36.03084099171557,11341.0,6.760780676121728,8,0,2,2.1429879484903385,1.5751122645243647,66.4661359012747,36.03084099171557,1.9363194925786584,-1.8940986036443408,6.90875477931522,1.697507332205763
B0029,17,8,1239295363.0,1.801343601809866,43.0,3.400790257856999,1.89070792341858,4.201511694320507,-3.952037378872224,0.5268037133833411,52.7841972696045,59.75433532594285,3.92533023255814,1.4823720930232558,1666.093,0.0285104508919935,0.0406428422693262,806.5957796951901,358.84003147765327,2.3292260340660293,0.1681080757428508,0.0353714915090756,2.0,1.844701206961174,12.610247902013544,0.0,1.1509245348023402,-0.0151482373307225,0.4896746190344103,0.976496136616763,-0.0129881937091396,0.0433576051513078,0.0702281707344324,-5.286974334831164,1000.0,0.0807961029011946,-0.0160743667766022,0.0309770781271353,0.569070509077933,-0.2636058430310571,1.3126268244787511,16.754335325942847,0.0100560624922695,-1.9184181648337435,2.310803770901927,-2.142372630221318,-1.5712191977740313,-66.21375946628548,-35.89402943985013,11324.0,6.796739437710381,8,0,2,2.142372630221318,1.5712191977740313,66.21375946628548,35.89402943985013,1.9184181648337435,-1.8384799271325576,6.90875477931522,1.697507332205763
B0029,19,9,1239306650.0,1.7881558802945825,43.0,3.4030834056443755,1.93249158993614,4.201805179645606,-3.951642628329456,0.5296665410090562,52.751738383515125,59.7737242563152,3.924509411764706,1.4762117647058826,1654.328,0.0285598944525811,0.0406672435765379,806.4866156578216,358.54809525851266,2.3301008014860307,0.1682075708211203,0.035568479105244,2.0,1.844701206961174,12.610247902013544,0.0,1.3263430816599342,-0.0123634093044854,0.4326983020204688,0.9693471623191812,-0.0131877215152835,0.0565453266665914,0.0702281707344324,-5.185835684186392,1000.0,0.0902755042588409,-0.0140700152798619,0.0202046924457955,0.5315212103565289,-0.2525383740137371,1.4416882086388805,16.773724256315198,0.0101392978032802,-1.926871640938493,2.2693135897094665,-2.142158638632293,-1.5679013673482771,-66.28376380709894,-35.93197831770164,11287.0,6.822709885822628,8,0,2,2.142158638632293,1.5679013673482771,66.28376380709894,35.93197831770164,1.926871640938493,-1.822262111379598,6.90875477931522,1.697507332205763
B0029,21,10,1239317897.0,1.7760714604539518,43.0,3.4052467951556413,1.971366525831792,4.201438773335668,-3.951481216048893,0.5329719703809649,52.7506031720156,59.80010734859943,3.923670238095238,1.4753154761904763,1643.812,0.0286688372383049,0.0403876822646155,806.3008420485762,358.1788177443153,2.3310910429408453,0.1683145325253325,0.035793344411735,2.0,1.844701206961174,12.610247902013544,0.0,1.7128562076397755,-0.0107679414229328,0.4603991817529922,0.9627962803687444,-0.0120844198406306,0.068629746507222,0.0702281707344324,-5.419516480550263,1000.0,0.0957063891321544,-0.0112367516083881,0.0254420362375702,0.4578050835535794,-0.2281525714677722,1.4759217975904444,16.800107348599433,0.010220212134106,-1.929931318965165,2.230072247503876,-2.14207113813093,-1.5642301652071646,-66.38530861559562,-35.987025068936184,11247.0,6.842023297063872,8,0,2,2.14207113813093,1.5642301652071646,66.38530861559562,35.987025068936184,1.929931318965165,-1.8593428003095525,6.90875477931522,1.697507332205763
B0029,25,11,1239367744.0,1.7852807447597443,43.0,3.3969592538295337,1.852379628685352,4.19368630303113,-3.974136073511708,0.436931965790559,52.76187024768883,59.92418745751934,3.94735,1.475720238095238,1652.266,0.0287161832589191,0.0410386824401592,806.7744021778072,356.70320597656126,2.339708512646548,0.1695346721736754,0.0367357972331462,2.0,1.844701206961174,12.610247902013544,0.0,1.880832988375825,-0.009863954161169,0.5839023722144324,0.9677885708660025,0.0092092843057924,0.0594204622014296,0.0702281707344324,-4.463054724070812,1000.0,0.0987835120265392,-0.009565605762023,0.0487925100879781,0.3913104010543244,-0.2175546167490241,1.39602349590082,16.924187457519338,0.010243016231956,-1.921239015734296,2.3413066743457787,-2.154352182543457,-1.6806364784447207,-67.259023889802,-36.46066018688139,49847.0,30.16887111395492,8,0,2,2.154352182543457,1.6806364784447207,67.259023889802,36.46066018688139,1.921239015734296,-1.6980081065830337,6.90875477931522,1.697507332205763
B0029,27,12,1239378860.0,1.7698116401111978,43.0,3.3978270130572263,1.8385968486453488,4.20025041732416,-3.94933484428352,0.5348915903483973,52.810328108304326,60.120904895462246,3.9229017964071855,1.4693353293413176,1648.672,0.028554908084791,0.0417569698653184,807.1309415996336,356.6415457557853,2.341235864921265,0.1697885569670688,0.0368102069955474,2.0,1.844701206961174,12.610247902013544,0.0,1.3086521754743463,-0.0080402158226308,0.3223509427455935,0.9594028742609522,-0.0154691046485464,0.074889566849976,0.0703118779501094,-3.700165316305888,1000.0,0.1049914169741529,-0.0085290209357002,-0.0006584376286783,0.3181062480481939,-0.2536545248404582,1.1960768316202004,17.120904895462246,0.0103846640783927,-1.9284916837159087,2.361653568678811,-2.140907604569988,-1.560985405744545,-67.61618626931335,-36.65427548781465,11116.0,6.742396304415467,8,0,2,2.140907604569988,1.560985405744545,67.61618626931335,36.65427548781465,1.9284916837159087,-1.5475976817795374,6.90875477931522,1.697507332205763
B0029,29,13,1239389946.0,1.7565231680521758,43.0,3.397654722992532,1.8332269197665616,4.200366031445772,-3.948773942479504,0.5379894925734277,52.803620504971605,60.15908336784943,3.922082424242425,1.4706909090909093,1636.969,0.0283978500128047,0.0422406686221999,807.3593120218519,356.7155052483801,2.341599879244433,0.1698716905172654,0.036793851553226,2.0,1.844701206961174,12.610247902013544,0.0,0.7514330263542176,-0.0067925080988973,0.1572012065381351,0.9521992837776388,-0.013288472059022,0.0881780389089981,0.0706385186350046,-3.252795050768027,1000.0,0.1092385454068147,-0.0074225885891084,-0.0318829313628546,0.2312789551886741,-0.2888104748766356,0.8835207389942301,17.159083367849433,0.0104822286603099,-1.9269638139016223,2.3671391116792107,-2.1406035435103457,-1.5573226411597347,-67.75734127979729,-36.730794660607934,11086.0,6.772272413218104,8,0,2,2.1406035435103457,1.5573226411597347,67.75734127979729,36.730794660607934,1.9269638139016223,-1.447576425777653,6.90875477931522,1.697507332205763
B0029,31,14,1239401006.0,1.7543413277348154,43.0,3.400358560849027,1.8809955356138472,4.199929373943819,-3.9481894541359295,0.5411018176094535,52.77428656847636,60.0330623550184,3.921483435582824,1.456871165644172,1625.187,0.0282781091115569,0.0422745851146683,807.3543162502092,356.9402526701908,2.3403279617410937,0.169707587368485,0.0366686125073781,2.0,1.844701206961174,12.610247902013544,0.0,0.3266097602568369,-0.0071804851728711,0.0666775369898164,0.9510165229548416,-0.0021818403173603,0.0903598792263584,0.0705526942262252,-3.3703409974941305,1000.0,0.107917892796631,-0.007156455749233,-0.048998040460307,0.5256610163874704,-0.3156133324968525,1.954272116091704,17.0330623550184,0.0104806784419318,-1.943487395204855,2.318933838329972,-2.1402866963477525,-1.5536314534561435,-67.24975716172335,-36.4556367565076,11060.0,6.805370705028526,8,0,2,2.1402866963477525,1.5536314534561435,67.24975716172335,36.4556367565076,1.943487395204855,-1.4748410375263905,6.90875477931522,1.697507332205763
B0029,33,15,1239412107.0,1.7392875506998715,43.0,3.3951054015762527,1.800038174333754,4.199792574461424,-3.946655613412357,0.5431745492725769,52.80429201579515,60.155675284547456,3.9199740740740734,1.4588209876543208,1622.016,0.0282283511443424,0.0416400283814449,807.008789741223,357.33368709101444,2.33692568605527,0.1692166418634997,0.0364146375835201,2.0,1.844701206961174,12.610247902013544,0.0,0.1500757445099246,-0.005235779689974,0.0262627174553934,0.9428559726293272,-0.0150537770349439,0.1054136562613023,0.0702281707344324,-4.307585080681721,1000.0,0.1145375632470559,-0.0072183006987755,-0.0566391806056067,0.7584280669324831,-0.3267511784360741,2.965347800083104,17.155675284547456,0.0105767608238987,-1.936284413921932,2.39975440012767,-2.1394552117057124,-1.5505527412911009,-67.70754216363886,-36.70379889785593,11101.0,6.843952217483154,8,0,2,2.1394552117057124,1.5505527412911009,67.70754216363886,36.70379889785593,1.936284413921932,-1.6691369447412554,6.90875477931522,1.697507332205763
B0029,37,16,1239616287.0,1.7797845109331345,43.0,3.3952154633066987,1.9415928705254093,4.186389353535962,-3.97371791832226,0.4427141653101356,52.721179096315566,59.70826330240836,3.945988957055216,1.4654723926380369,1638.422,0.030225195890028,0.0443634028271347,808.4230486545111,354.97538461140635,2.354755400912373,0.1715620922396032,0.0382313160899567,2.0,1.844701206961174,12.610247902013544,0.0,7.234589873863194,-0.0085332899617919,2.055812678208414,0.9648090998243676,0.0404969602332629,0.0649166960280394,0.0745885987171627,2.157273128025614,1000.0,0.1033130197373585,-0.0072151667869555,0.327083321700568,0.9346871800126662,0.1202234547139467,3.854368696738305,16.708263302408362,0.0101977776802302,-1.9297430706686616,2.2447964830105533,-2.1541255034543765,-1.674140817154487,-66.39392526882637,-35.991696098148694,204180.0,124.6199086681425,8,0,2,2.1541255034543765,1.674140817154487,66.39392526882637,35.991696098148694,1.9297430706686616,1.1497087208876862,6.90875477931522,1.697507332205763
B0029,39,17,1239627324.0,1.7657088508465202,43.0,3.400939370892573,1.972461938837724,4.200779737725044,-3.924297634283963,0.6223655114433599,52.76566676387698,59.826072535975634,3.8969754601227,1.4489631901840492,1646.438,0.0299798196102713,0.0442181238824838,808.3829743883041,355.1534584674307,2.3537415956306,0.1714336494918665,0.0380872232364516,2.0,1.844701206961174,12.610247902013544,0.0,6.364030595431348,-0.0083494405703437,1.4861861954706566,0.9571787800557794,-0.0140756600866143,0.0789923561146537,0.0741979434927551,1.6222279252730836,1000.0,0.1039388329489741,-0.0070005473711313,0.2193853080705421,1.0496061444797014,0.0652983170111099,4.530763307816933,16.826072535975634,0.0102196818440569,-1.951976180708524,2.2283177988873204,-2.1273351030225807,-1.452574866776821,-66.03051664721954,-35.79469475178514,11037.0,6.703562478510151,8,0,2,2.1273351030225807,1.452574866776821,66.03051664721954,35.79469475178514,1.951976180708524,0.9640243095852576,6.90875477931522,1.697507332205763
B0029,41,18,1239638396.0,1.7523941408724169,43.0,3.399096693075885,1.9166086737918733,4.20106410059631,-3.922569043688066,0.6260571805902035,52.80160858510679,59.97193555147316,3.8957602484472056,1.4500931677018634,1634.765,0.029650749416968,0.0437712754283612,808.1940383796867,355.49598172437726,2.3513191717378787,0.1711060625814535,0.03782061487027,2.0,1.844701206961174,12.610247902013544,0.0,5.19653750963022,-0.006776838539797,1.0384967719390503,0.9499609661768385,-0.0133147099741033,0.092307066088757,0.0734220248453292,0.5595221835003569,1000.0,0.1092918837237268,-0.0070051642031559,0.1347416633337462,1.1052387244621822,-0.0083609042428933,4.875292791640643,16.97193555147316,0.0103818809134418,-1.9490035253740212,2.2844554268044366,-2.1263980457970324,-1.4476353519923888,-66.57358900567756,-36.08909059004571,11072.0,6.772838909563898,8,0,2,2.1263980457970324,1.4476353519923888,66.57358900567756,36.08909059004571,1.9490035253740212,0.4443794817163019,6.90875477931522,1.697507332205763
B0029,43,19,1239649479.0,1.7380191225603103,43.0,3.4005060708668395,1.941628602033569,4.20039236023258,-3.9219324486852223,0.6300534686614302,52.76338281760698,59.90509096707212,3.8945106918239,1.4585345911949683,1622.016,0.0292313537522488,0.042981745020737,807.8354359265323,356.0228097133118,2.3473066896000674,0.170553260874222,0.0374169495905583,2.0,1.844701206961174,12.610247902013544,0.0,3.708582815649976,-0.00610738809375,0.6412723593249926,0.942168366346654,-0.0143750183121065,0.1066820844008635,0.0722130987729857,-1.0962347476162833,1000.0,0.111570656203516,-0.0062100639467761,0.0596393260999226,0.5747839889017154,-0.1022386199679638,2.737801612345979,16.90509096707212,0.0104222713999502,-1.9419714796718712,2.2587637581990108,-2.1260529519682345,-1.442957536903389,-66.30062481173559,-35.94111855383522,11083.0,6.832854916346797,8,0,2,2.1260529519682345,1.442957536903389,66.30062481173559,35.94111855383522,1.9419714796718712,-0.7401427580960304,6.90875477931522,1.697507332205763
B0029,45,20,1239660585.0,1.7312214443143976,43.0,3.397536794846482,1.8754484122099284,4.200576454073823,-3.920549166756126,0.6320446244382171,52.793663259837146,60.003884509148,3.893874683544305,1.4675379746835442,1616.25,0.0287138974196026,0.0418066695211791,807.2855960413729,356.755047283355,2.341513553971133,0.1697479233714147,0.0368607204990092,2.0,1.844701206961174,12.610247902013544,0.0,1.8727231636284776,-0.005258863850097,0.3044256173677975,0.9384833911212568,-0.0067976782459127,0.1134797626467762,0.0705205669407817,-3.414342840756505,1000.0,0.1144589860362736,-0.0056087553594398,-0.0040475390756159,0.1740525219171298,-0.2180662800579217,0.7789945562257173,17.003884509148,0.0105205781959087,-1.929998820162938,2.3251280418638944,-2.125303084226442,-1.4400488851068196,-66.6645652439576,-36.13840819112247,11106.0,6.871461716933103,8,0,2,2.125303084226442,1.4400488851068196,66.6645652439576,36.13840819112247,1.929998820162938,-1.484858976036349,6.90875477931522,1.697507332205763
B0029,49,21,1239705203.0,1.7379128985265808,43.0,3.391570729569499,1.838092729412404,4.194709553890768,-3.9453058787745454,0.5495931510744325,52.75741582344694,60.25771781052726,3.918535443037976,1.4563544303797469,1622.218,0.0272128241504903,0.0388855678216873,805.108358256756,359.1542693924887,2.3210943657587126,0.1670483639445259,0.0349876529261495,2.0,1.844701206961174,12.610247902013544,0.0,-3.4528660226101264,-0.0045577886798931,-0.5964609995939205,0.9421107830191598,0.0066914542121832,0.106788308434593,0.0702281707344324,-9.470996777157708,-1000.0,0.1168454073368459,-0.0050883455033853,-0.1743761703680596,-0.1216107424056227,-0.5540672011322397,-0.862473750172105,17.25771781052726,0.0106383468871117,-1.935216299189752,2.3566168244783645,-2.138723529722752,-1.5428620983944104,-68.08697553210538,-36.90948715069006,44618.0,27.504318161907022,8,0,2,2.138723529722752,1.5428620983944104,68.08697553210538,36.90948715069006,1.935216299189752,-2.348609223517837,-6.90875477931522,1.697507332205763
B0029,51,22,1239716177.0,1.7224270683625882,43.0,3.400600899974316,1.999771637867575,4.200658594506185,-3.895864092268878,0.7064837946744661,52.86655414742575,59.90492726798961,3.867789808917199,1.4465286624203824,1619.656,0.0272192678586562,0.0392395010067511,804.9834698786027,359.17455602092895,2.320502610318241,0.167026160752053,0.0349478251166275,2.0,1.844701206961174,12.610247902013544,0.0,-3.43000468516996,-0.0053428976336619,-0.5174711394522711,0.9337160196257414,-0.0154858301639926,0.1222741385985857,0.0702281707344324,-8.977421071885077,-1000.0,0.1141729396612342,-0.0047374980849668,-0.1594417329920402,-0.3082872572480886,-0.5526248385751097,-2.059224837882085,16.904927267989613,0.0104373566164538,-1.9540722375539332,2.2008869566386107,-2.111921472949388,-1.3459613362882366,-65.85929912577775,-35.701878895914895,10974.0,6.7755128249413605,8,0,2,2.111921472949388,1.3459613362882366,65.85929912577775,35.701878895914895,1.9540722375539332,-2.3003246472990972,-6.90875477931522,1.697507332205763
B0029,53,23,1239727165.0,1.7184213765608034,43.0,3.3937647508109445,1.8317514112942035,4.200792247486221,-3.917907927315892,0.6382662283238036,52.88238533970063,60.33243416075105,3.8915690322580656,1.4545806451612904,1605.484,0.02733742397009,0.0397229763549209,805.0333958472581,359.0100372931985,2.3214803695802435,0.1672040260288559,0.035054453120384,2.0,1.844701206961174,12.610247902013544,0.0,-3.010804022358892,-0.0041747892595246,-0.4398195496747127,0.9315445612959756,-0.0040056918017847,0.1262798304003705,0.0702281707344324,-8.15342076119155,-1000.0,0.1181491162880678,-0.0044498348382586,-0.1447603194207075,-0.4010944912303239,-0.5261767210253283,-2.6950756069714337,17.33243416075105,0.0107957688527199,-1.9391841056496544,2.369040836192017,-2.1238712862589253,-1.4318717086913073,-67.9068811980873,-36.81185923499247,10988.0,6.844042045883457,8,0,2,2.1238712862589253,1.4318717086913073,67.9068811980873,36.81185923499247,1.9391841056496544,-2.214127663103691,-6.90875477931522,1.697507332205763
B0029,55,24,1239738167.0,1.7010220930648232,43.0,3.399091640529144,1.9739559216587697,4.200103293228043,-3.89292863950299,0.7131522270714034,52.89174684629843,59.98669670538192,3.8653116883116887,1.4520259740259742,1600.75,0.0275447694094455,0.0401706833698075,805.2596205786007,358.6878629168105,2.3238828388336,0.1675467885461017,0.0352926877277411,2.0,1.844701206961174,12.610247902013544,0.0,-2.275172622899923,-0.0043531510016575,-0.2921102148873364,0.9221125278423614,-0.0173992834959801,0.1436791138963506,0.0702281707344324,-7.256254535589428,-1000.0,0.1175419827327468,-0.004383316592831,-0.1168332436380729,-0.3579104664207286,-0.4797644238792958,-2.547571588898999,16.986696705381917,0.0106117112012314,-1.9470656665031696,2.226147371569273,-2.1103301839356337,-1.3371402234220793,-66.12799809493235,-35.84753878272744,11002.0,6.873028267995082,8,0,2,2.1103301839356337,1.3371402234220793,66.12799809493235,35.84753878272744,1.9470656665031696,-2.110971038640587,-6.90875477931522,1.697507332205763
B0029,57,25,1239749153.0,1.693698739563104,43.0,3.396460061958035,1.9069490533352145,4.200392899920808,-3.891007378210508,0.7152075892074797,52.86276331800625,59.99528714045464,3.8644627450980407,1.448483660130719,1595.0,0.0278177913182431,0.0404158028509583,805.6622933813555,358.2367780413941,2.327552446581633,0.1680175746840469,0.0356464521285895,2.0,1.844701206961174,12.610247902013544,0.0,-1.3065306818182654,-0.0038205476165561,-0.1596105525433795,0.9181425876297764,-0.0073233535017191,0.1510024673980698,0.0702281707344324,-6.546603038006571,-1000.0,0.1193549353475046,-0.0041182881331885,-0.0917818268350679,-0.3495901763543209,-0.4186510760387119,-2.6200102090273063,16.995287140454643,0.0106553524391498,-1.947976401827316,2.293443846585593,-2.1092886812336293,-1.333870325002431,-66.12878765831518,-35.847966799676435,10986.0,6.887774294666528,8,0,2,2.1092886812336293,1.333870325002431,66.12878765831518,35.847966799676435,1.947976401827316,-2.0210975332717753,-6.90875477931522,1.693698739563104
B0029,61,26,1239807510.0,1.713072721286705,43.0,3.395334905512553,1.999627866566584,4.193452277045169,-3.8931180785218142,0.7131331771501478,52.85514927949408,59.98821696841703,3.86531038961039,1.4586493506493508,1612.422,0.0274207019372217,0.0400835716489112,805.8096997799666,358.5774603969359,2.325518138711046,0.1673733340329363,0.0355925615477661,2.0,1.844701206961174,12.610247902013544,0.0,-2.7153459322479545,-0.0042251974527551,-0.3805408755459439,0.9286450915856967,0.0193739817236009,0.1316284856744689,0.0702281707344324,-7.54548761668135,-1000.0,0.1179775295721759,-0.0038697908868131,-0.133552632194499,-0.3688154719567304,-0.5075357431082446,-2.917163191614126,16.988216968417028,0.0105358379930356,-1.9366855548632025,2.1938244104785847,-2.110432877541518,-1.3372635706939044,-66.13713460159538,-35.852491620955995,58357.0,36.19213828635668,8,0,2,2.110432877541518,1.3372635706939044,66.13713460159538,35.852491620955995,1.9366855548632025,-2.145403379501324,-6.90875477931522,1.693698739563104
B0029,63,27,1239818503.0,1.6976972688567131,43.0,3.397203474478597,1.9297361391600047,4.200426069460966,-3.890666120253868,0.7175635954744704,52.84555100149494,60.01985635641876,3.863602631578948,1.4286907894736842,1598.969,0.0271171799276091,0.0401537676951358,805.4667472347461,358.9889173998364,2.3221195249490885,0.1669049454459175,0.0352972260511309,2.0,1.844701206961174,12.610247902013544,0.0,-3.7921977858114975,-0.0040177553354496,-0.4758696891202323,0.9203101632124888,-0.0153754524299918,0.1470039381044607,0.0702281707344324,-7.865053130179008,-1000.0,0.118683651124348,-0.0037286830330597,-0.1515762391980106,-0.4162534581438194,-0.5754762473425729,-3.378454910782064,17.019856356418757,0.0106442691236716,-1.9685126850049128,2.2706899303009616,-2.10910368761235,-1.3311309813792944,-66.2185784975059,-35.89664180395529,10993.0,6.875055113634551,8,0,2,2.10910368761235,1.3311309813792944,66.2185784975059,35.89664180395529,1.9685126850049128,-2.1821169327602146,-6.90875477931522,1.693698739563104
B0029,65,28,1239829378.0,1.6899314034061208,43.0,3.389787970407681,1.811689567857529,4.200350636061038,-3.8880091290817527,0.7203636449776143,52.82153486606997,60.26410091872941,3.8618198675496704,1.4223576158940396,1592.187,0.0269186455181671,0.0402714207646037,805.2396645464676,359.22334568892853,2.320136569427244,0.1666620603029776,0.0351178051506442,2.0,1.844701206961174,12.610247902013544,0.0,-4.49656893529299,-0.0029323030276472,-0.5359460276867606,0.9161003402767814,-0.0077658654505923,0.1547698035550531,0.0702281707344324,-7.975829001693251,-1000.0,0.12237847104978,-0.003641981798414,-0.1629347390674043,-0.4682804138855317,-0.6199162795582598,-3.8740016120484113,17.26410091872941,0.0108430108515636,-1.9674303545136411,2.3886610682035085,-2.1076633507379285,-1.326654868856156,-67.12298197740863,-36.38691278984698,10875.0,6.830227856397,8,0,2,2.1076633507379285,1.326654868856156,67.12298197740863,36.38691278984698,1.9674303545136411,-2.1945352979853783,-6.90875477931522,1.6899314034061208
B0029,67,29,1239840300.0,1.685023551367069,43.0,3.3967598380460484,1.9610731754377528,4.200274898374017,-3.888014166745048,0.7245471205362526,52.81580315824478,59.92046248220958,3.860958389261746,1.4287449664429528,1577.484,0.0268946698198122,0.0404375059290247,805.2218459213955,359.1663687910898,2.3205159282788097,0.1667784725020136,0.0351366466068041,2.0,1.844701206961174,12.610247902013544,0.0,-4.581631218739612,-0.0036476117328908,-0.5293001458227813,0.913439827007461,-0.0049078520390517,0.1596776555941048,0.0702281707344324,-7.781194491941858,-1000.0,0.1199435995791763,-0.0033158956538389,-0.161678216947628,-0.4383792937024869,-0.625283010747478,-3.7590279913169495,16.92046248220958,0.0107262339790443,-1.968014871603096,2.239201722936264,-2.107666081620997,-1.322121932347038,-65.78699783870893,-35.66268485909376,10922.0,6.92368353656397,8,0,2,2.107666081620997,1.322121932347038,65.78699783870893,35.66268485909376,1.968014871603096,-2.1726124453116897,-6.90875477931522,1.685023551367069
B0029,69,30,1239851203.0,1.678389965463405,43.0,3.3957223246260377,1.9482718394124845,4.200350219079989,-3.886820317431477,0.726625869986305,52.80521928839473,59.887692512983016,3.860052702702703,1.424925675675676,1571.547,0.0271194160954698,0.0406508669045094,805.5118320312565,358.6979661518011,2.324251501785631,0.1673940549282147,0.0354402999610218,2.0,1.844701206961174,12.610247902013544,0.0,-3.784264188150005,-0.0033870414433277,-0.4197453312519411,0.9098438051267186,-0.0066335859036641,0.166311241497769,0.0702281707344324,-7.181158530896544,-1000.0,0.1208305665061733,-0.0031173355273008,-0.1409649315396579,-0.4191842027907954,-0.5749757025148601,-3.725125218715891,16.887692512983016,0.0107459035669771,-1.9707966489503617,2.252078379667505,-2.107018904013904,-1.3192210028140705,-65.63942637399782,-35.582687370029284,10903.0,6.937749873209686,8,0,2,2.107018904013904,1.3192210028140705,65.63942637399782,35.582687370029284,1.9707966489503617,-2.1018337702800713,-6.90875477931522,1.678389965463405
B0029,73,31,1239876816.0,1.6737947494868326,43.0,3.389225842853488,1.867494399191276,4.195839706712194,-3.88571106427998,0.7269385185966211,52.80312343851032,60.158935395611046,3.860051351351352,1.4247635135135135,1578.484,0.0275827345524852,0.0411347863564116,806.1353588140397,357.611252717499,2.3330746809809915,0.1687552518817578,0.0361167845294639,2.0,1.844701206961174,12.610247902013544,0.0,-2.140477828590642,-0.0025947667298795,-0.2310352746307199,0.9073527697442774,-0.0045952159765723,0.1709064574743413,0.0702281707344324,-5.883812258873035,-1000.0,0.1235274260334158,-0.003012355233816,-0.105285940365591,-0.4105510584561823,-0.4712662890496735,-3.8700047975359535,17.158935395611046,0.0108705158846083,-1.9644623293399743,2.3283453075209177,-2.106417585411894,-1.318280714834292,-66.67466511799122,-36.1438832642617,25613.0,16.22632855320914,8,0,2,2.106417585411894,1.318280714834292,66.67466511799122,36.1438832642617,1.9644623293399743,-1.929172605878773,-6.90875477931522,1.6737947494868326
B0029,75,32,1239887686.0,1.6687898927884717,43.0,3.394032115379612,1.926783206032701,4.20011947590298,-3.85843433412322,0.7958767430123744,52.85759471288148,60.04748235788095,3.831963265306123,1.414700680272109,1574.469,0.0271649591910113,0.041198909195747,805.6253890994292,358.15071992930274,2.3287766589339305,0.1680769261941584,0.0356930376972261,2.0,1.844701206961174,12.610247902013544,0.0,-3.622683922806208,-0.003024954702759,-0.3798942345617743,0.9046396709077424,-0.0050048566983609,0.1759113141727022,0.0702281707344324,-6.368178199962077,-1000.0,0.1220630898461407,-0.0027542436678437,-0.1334303732201759,-0.4110052978704669,-0.5647813153617471,-4.127840595795643,17.047482357880952,0.010827448719454,-1.9793314351075029,2.273336269870279,-2.0916310551927766,-1.2287522978334706,-65.77659124000773,-35.657043512594775,10870.0,6.903914907180196,8,0,2,2.0916310551927766,1.2287522978334706,65.77659124000773,35.657043512594775,1.9793314351075029,-1.9971704843231424,-6.90875477931522,1.6687898927884717
B0029,77,33,1239898579.0,1.6492566306631429,43.0,3.3906922693966584,1.869562035017659,4.20020354565233,-3.856564366610415,0.7986683491989731,52.85638451770691,60.167863371476415,3.830845205479453,1.4161369863013695,1568.281,0.0267144663603295,0.0411727852319043,805.0359690921609,358.8547492847906,2.3231863565031547,0.167198997743688,0.035169788621829,2.0,1.844701206961174,12.610247902013544,0.0,-5.220966829393304,-0.0024074015602233,-0.4927803060136956,0.8940508221274532,-0.0195332621253288,0.195444576298031,0.0702281707344324,-7.020957206945367,-1000.0,0.124165206760585,-0.0025801958960342,-0.1547734919660544,-0.411199936359329,-0.6656198348138824,-4.278998334725646,17.167863371476415,0.0109469306657834,-1.9745552830952888,2.3306415106346705,-2.0906173585004697,-1.2247119796215904,-66.20897012927209,-35.89143317277299,10893.0,6.94582157151241,8,0,2,2.0906173585004697,1.2247119796215904,66.20897012927209,35.89143317277299,1.9745552830952888,-2.0820577672434353,-6.90875477931522,1.6492566306631429
B0029,79,34,1239909446.0,1.6409676757039668,43.0,3.3912179554575785,1.8881277069953315,4.200021865512612,-3.85547414018331,0.8013096318057173,52.882092513244274,60.09738415148209,3.829714482758621,1.4165379310344828,1561.422,0.0265313011754677,0.0410601151026852,804.7164330297721,359.3191904920431,2.3195797727420087,0.1666322055852649,0.0348471501867367,2.0,1.844701206961174,12.610247902013544,0.0,-5.870810210038056,-0.002357053903029,-0.531571342894204,0.8895574359205723,-0.008288954959176,0.203733531257207,0.0702281707344324,-7.426136136380654,-1000.0,0.1243365874151409,-0.0024278914515918,-0.1621076271323142,-0.2772145029448264,-0.7066196128318525,-2.9460753304455567,17.09738415148209,0.010949880398426,-1.974680024423096,2.3118941585172808,-2.0900263541565685,-1.221257332542112,-65.91852246081916,-35.73398346373641,10867.0,6.959681623541259,8,0,2,2.0900263541565685,1.221257332542112,65.91852246081916,35.73398346373641,1.974680024423096,-2.131338320129446,-6.90875477931522,1.6409676757039668
B0029,81,35,1239920237.0,1.6456360229757092,43.0,3.3923453388185667,1.9264548202409049,4.200544725415334,-3.8555734475773074,0.8037526792254696,52.87120880021078,60.02940147619038,3.8285652777777774,1.4201736111111112,1554.234,0.0269063891106682,0.0408661292929544,805.0062645370524,359.1499605491258,2.3211505196781395,0.1668744115819025,0.0350173457498467,2.0,1.844701206961174,12.610247902013544,0.0,-4.540052882800018,-0.0025168025842806,-0.420718523696252,0.8920881152816124,0.0046683472717423,0.1990651839854647,0.0702281707344324,-7.178096900279854,-1000.0,0.1237928116948194,-0.0023493930192535,-0.1411489308730953,-0.1266268082442032,-0.6226597593692943,-1.4183784654997342,17.02940147619038,0.0109567809455844,-1.9721717277074555,2.2740899051744288,-2.090080188020594,-1.218662447568411,-65.65810815973343,-35.59281463923417,10791.0,6.94296997748927,8,0,2,2.090080188020594,1.218662447568411,65.65810815973343,35.59281463923417,1.9721717277074555,-2.101459470769276,-6.90875477931522,1.6409676757039668
B0029,85,36,1239961534.0,1.654547743574037,43.0,3.384083297434771,1.8497742851139864,4.193996290293578,-3.854823111014098,0.8013346870265292,52.8949932373189,60.33090148423857,3.829713103448277,1.4191724137931034,1573.734,0.0294612263226351,0.0407350157857691,807.5584147117029,356.60795629738146,2.342632528147499,0.1700681462336548,0.0370059811316964,2.0,1.844701206961174,12.610247902013544,0.0,4.524137192809804,-0.0018332445076674,0.4388918924417935,0.8969190985133133,0.0089117205983277,0.1901534633871369,0.0702281707344324,-3.858541292115364,1000.0,0.1261196057727405,-0.0022648241117943,0.0213757008273032,0.0212371582969464,-0.050783839599252,0.2063505893028306,17.330901484238566,0.0110125990060757,-1.964910883641668,2.3442220051795912,-2.0896734356641846,-1.2208772495195557,-66.80755957615136,-36.21592444772632,41297.0,26.24141055602393,8,0,2,2.0896734356641846,1.2208772495195557,66.80755957615136,36.21592444772632,1.964910883641668,-1.5807382472044051,6.90875477931522,1.6409676757039668
B0029,87,37,1239972389.0,1.6461201520877546,43.0,3.3935243600466607,1.988399313722457,4.199807562252484,-3.8279463752523526,0.8650529417568069,52.90577737967025,59.88870262903497,3.80082638888889,1.4061458333333334,1566.578,0.029317946256933,0.0409756763954481,807.4213817178892,356.71019629003865,2.3419669123047724,0.1698996235251931,0.0369036667259541,2.0,1.844701206961174,12.610247902013544,0.0,4.015800401922903,-0.0026324625410672,0.3730442389413415,0.8923505583863377,-0.0084275914862823,0.1985810548734192,0.0702936226523811,-3.725167949994359,1000.0,0.12339911156646,-0.0021628771966044,0.0089260312646931,0.1535454167321819,-0.0828557144624719,1.6970680606820363,16.888702629034967,0.0107806330926542,-1.9873785267133277,2.2114082485300277,-2.075103739690792,-1.1372250870141418,-64.64904801152927,-35.04580998403616,10855.0,6.929115562706148,8,0,2,2.075103739690792,1.1372250870141418,64.64904801152927,35.04580998403616,1.9873785267133277,-1.5529031052863498,6.90875477931522,1.6409676757039668
B0029,89,38,1239983213.0,1.6275119188151763,43.0,3.388551594762018,1.882271606460696,4.199665175987453,-3.851886221713202,0.8094014822788177,52.85049305569667,60.13011665786984,3.82621971830986,1.4086056338028168,1550.047,0.0290042011374845,0.0412145194660629,807.1411268475154,356.96615647048395,2.3399981921898383,0.1695519783597395,0.0366812598005617,2.0,1.844701206961174,12.610247902013544,0.0,2.90267844461952,-0.0019845570229273,0.2465395266920527,0.8822631614667942,-0.0186082332725783,0.2171892881459975,0.0702281707344324,-3.827754526087317,1000.0,0.1256045462972289,-0.0019740719780377,-0.0149919336420731,0.2451173062730616,-0.1530845642371469,2.6987498890525554,17.13011665786984,0.011051353060816,-1.9799459609592007,2.3173935695267565,-2.088081367914556,-1.2105392718984804,-65.98326033078864,-35.76907742350078,10824.0,6.983014063440023,8,0,2,2.088081367914556,1.2105392718984804,65.98326033078864,35.76907742350078,1.9799459609592007,-1.5743814581331084,6.90875477931522,1.6275119188151763
B0029,91,39,1239994053.0,1.6200530533464497,43.0,3.3876827466759964,1.869301978135549,4.200099273216301,-3.8509488961783584,0.8121766860776538,52.93318563948955,60.20528139553767,3.825025531914895,1.4151205673758864,1543.64,0.0286321730882583,0.0413866109818989,806.8450373363311,357.2610920999862,2.337642789323125,0.1691863797525782,0.0364332889972367,2.0,1.844701206961174,12.610247902013544,0.0,1.582777146857974,-0.0018473193270796,0.1299699492819734,0.8782197611369306,-0.0074588654687266,0.2246481536147242,0.0702281707344324,-4.101589550839954,1000.0,0.1260716958619713,-0.0020092788456303,-0.0370314846763195,0.1966736597308786,-0.236359491436009,2.242403063113243,17.205281395537668,0.011145915754662,-1.97256217930011,2.330797295080752,-2.0875732501062094,-1.2070223158166409,-66.25665939858384,-35.91728520187447,10840.0,7.022362727056164,8,0,2,2.0875732501062094,1.2070223158166409,66.25665939858384,35.91728520187447,1.97256217930011,-1.6295521678044926,6.90875477931522,1.6200530533464497
B0029,93,40,1240004783.0,1.612079811711934,43.0,3.3850191492367943,1.8433554303146653,4.2000806322388815,-3.849366331322892,0.8147621021582478,52.91920185424772,60.24494659507955,3.8238100000000017,1.4207714285714286,1536.781,0.0283180618515997,0.0414260500219672,806.6627212535961,357.4776448035192,2.335838501904557,0.1689666496435904,0.0362564715826358,2.0,1.844701206961174,12.610247902013544,0.0,0.4683562590525751,-0.0015727764914473,0.0371409240081466,0.8738975209798645,-0.0079732416345157,0.2326213952492399,0.0702281707344324,-4.477783268300155,1000.0,0.1270062245669058,-0.0018015509471514,-0.0545824622593004,0.1378834666607243,-0.3066702930529734,1.6512706168433562,17.244946595079547,0.0112214730628946,-1.9642477206653657,2.356725201924216,-2.0867153524430884,-1.203361345146969,-66.38211680856055,-35.985294812013656,10730.0,6.9821269263434536,8,0,2,2.0867153524430884,1.203361345146969,66.38211680856055,35.985294812013656,1.9642477206653657,-1.700700506038523,6.90875477931522,1.612079811711934
B0046,0,1,1279724435.0,1.7282392323598248,4.0,3.4409645322869102,2.1792997733612083,4.23781853684158,-1.0031661082518326,0.0640734577686141,9.035891964302168,13.880080551261509,0.9949,2.9652632653061226,6436.141,0.0758652473560193,0.2233867701481468,853.57688979817,310.41344271313363,2.825830759048677,0.2351407990074187,0.1078231166933448,1.0,1.7282392323598248,33.23817123121985,0.0,0.0,0.0,0.0,1.0,-0.0108136020554369,0.0,0.2992520175041661,0.0,0.0,0.132359869196964,0.000812103394863,-0.0616046142506126,-0.1474242675422353,-0.3362197248490324,-1.920328029837595,9.880080551261509,0.0015350938631176,-0.4757012669807876,2.058518763480372,-0.5804555809681531,-0.506306751880353,-9.91136195582363,-5.734947896394649,16004.0,3.427584184706898,23,3,1,0.5804555809681531,0.506306751880353,9.91136195582363,5.734947896394649,0.4757012669807876,0.0,0.0,1.7282392323598248
B0046,4,2,1279746176.0,1.5161488467923143,4.0,3.4252545586780085,2.1744736968146285,4.162338775528476,-1.0024459582241103,0.0685874814152672,8.872109574065124,12.941526372487642,0.9941440559440556,2.949899766899767,5650.265,0.0758652473560193,0.184260341309163,851.8795474899126,311.9673499271927,2.803014015689694,0.2233237774777524,0.106509052856018,1.0,1.7282392323598248,33.23817123121985,0.0,0.0,0.0012801425513745,0.0,0.8772794983493625,-0.2120903855675104,0.2120903855675104,0.2601255886651823,-13.074741829498825,0.0,0.1367174039980903,0.0009184706725198,-0.0616046142506126,-0.1221739037931101,-0.3362197248490324,-1.6030079632207668,8.941526372487642,0.001582496816076,-0.4753547917782414,1.987865078713848,-0.5800388851694341,-0.5006662148916878,-8.963396972454527,-5.186432988810826,21741.0,3.8477841304781535,23,3,1,0.5800388851694341,0.5006662148916878,8.963396972454527,5.186432988810826,0.4753547917782414,-2.6443818313707665,0.0,1.5161488467923143
B0046,6,3,1279762806.0,1.503121190703977,4.0,3.425904453303529,2.195666899317151,4.180873304847234,-1.002357223286256,0.0690106992561479,8.6284456728549,13.359691095670462,0.9940481132075468,2.9521415094339623,5590.907,0.0714946625263695,0.213501173952902,850.1822051816553,313.52125714125174,2.7801972723307107,0.2115067559480861,0.1051949890186911,1.0,1.7282392323598248,33.23817123121985,0.0,-5.760984089512785,0.0011561676332147,-0.4422728026267061,0.869741389131376,-0.0130276560883373,0.2251180416558478,0.2849958364792715,-4.763938133535461,-1000.0,0.1362954001987728,0.0009994922945604,-0.1452241505062845,-0.0014867493864423,-0.6996904869898022,0.1588569460248665,9.359691095670462,0.0016740917163653,-0.4737629438695667,1.9852064055300829,-0.5799875410405998,-0.5001251031048679,-9.38175397747334,-5.428504223477509,16630.0,2.974472657119323,23,3,1,0.5799875410405998,0.5001251031048679,9.38175397747334,5.428504223477509,0.4737629438695667,-1.751620944827672,-6.90875477931522,1.503121190703977
B0046,8,4,1279779381.0,1.48586566102824,4.0,3.423608435843718,2.1796283675041006,4.182266567788393,-1.0022919216677797,0.069377865671951,8.63136091760955,12.683911154117247,0.9939307875894984,2.9503150357995227,5543.61,0.0753713283599326,0.2527414136692028,852.9869511782792,311.25469222005603,2.823337799693533,0.2210805284348194,0.1074020812611585,1.0,1.7282392323598248,33.23817123121985,0.0,-0.6510477633702815,0.0012375725054902,-0.0464228125457344,0.8597569324932892,-0.017255529675737,0.2423735713315848,0.3281127420291354,9.64428733655058,-1000.0,0.1365724979044469,0.0012915443560639,-0.0703816722874251,0.1247258722486018,-0.3772954895214275,2.125425597503294,8.683911154117247,0.0015664722363434,-0.4732934000441955,2.002638200284292,-0.5799497559832906,-0.4996624157438547,-8.703813998252443,-5.036232154810873,16575.0,2.989928945217468,23,3,1,0.5799497559832906,0.4996624157438547,8.703813998252443,5.036232154810873,0.4732934000441955,2.365023347917425,-6.90875477931522,1.48586566102824
B0046,10,5,1279795908.0,1.4694562316392716,4.0,3.4211455348547464,2.1952581561866973,4.180656549578995,-1.0022939530561292,0.0696938998222328,8.67696820980418,13.065399804685724,0.994024096385542,2.94624578313253,5499.046,0.0813323372569757,0.2774476278142318,856.822686163413,308.06084722991096,2.879592360935864,0.2368146538363342,0.1104474907532399,1.0,1.7282392323598248,33.23817123121985,0.0,7.2063165830074,0.0013235787827227,0.4812618682402286,0.8502620494460146,-0.0164094293889682,0.2587830007205531,0.3408708532613423,19.89224596198094,1000.0,0.1368652585393883,0.0016642471781307,0.0293864980239365,0.256128557781184,0.1184396423624614,4.197726162136545,9.065399804685724,0.0016485404567781,-0.4748997517222162,1.9853983933922972,-0.5799509313925224,-0.4992978615200803,-9.086195406272717,-5.2574870601730765,16527.0,3.0054303964718594,23,3,1,0.5799509313925224,0.4992978615200803,9.086195406272717,5.2574870601730765,0.4748997517222162,3.0393780835270054,6.90875477931522,1.4694562316392716
B0046,12,6,1279812389.0,1.458955459264481,4.0,3.418211640329191,2.1940346005371705,4.180899052149243,-1.002437745381024,0.069972920407179,8.714755394110101,12.802479603911388,0.9941158150851582,2.942,5461.219,0.0833249582153695,0.2634998055296751,858.2800695265206,306.7813627952725,2.89705573047661,0.243751778873332,0.111696134060995,1.0,1.7282392323598248,33.23817123121985,0.0,9.832843257392138,0.0014602603075177,0.631063108175221,0.8441860547699462,-0.0105007723747907,0.2692837730953439,0.3408708532613423,15.897218163698447,1000.0,0.1373305149284723,0.0018875434340567,0.0577090856655314,0.3260496758016562,0.2841518952151541,5.058225774892613,8.802479603911388,0.0016118158974964,-0.4762116403291907,1.9868644516120728,-0.5800341330246339,-0.4990581673637381,-8.823937807907381,-5.105738625521765,16481.0,3.017824408799021,23,3,1,0.5800341330246339,0.4990581673637381,8.823937807907381,5.105738625521765,0.4762116403291907,2.8271490026817063,6.90875477931522,1.458955459264481
B0046,16,7,1279879148.0,1.4556853555098297,4.0,3.3913871477101263,2.1978529182010296,4.121126965024616,-1.0021665244093547,0.0702596518477059,8.941517894800649,13.585554405586658,0.9939149144254276,2.918638141809291,5451.281,0.0837260271026153,0.2352949544093083,857.3538625944045,307.44651155622654,2.8873551397598765,0.2473287101172426,0.1107691833679223,1.0,1.7282392323598248,33.23817123121985,0.0,10.36150282316626,0.0031436566617082,0.6570134276629108,0.8422938955749567,-0.0032701037546511,0.2725538768499951,0.3190209815119236,6.606125534783085,1000.0,0.1430607034841126,0.0020289640543863,0.0626154549207955,0.2783824820311341,0.3175059701959755,4.251959040513546,9.585554405586658,0.001758404016521,-0.4727490059008352,1.9232740468235865,-0.579877198170689,-0.4985694133553703,-9.60632174318356,-5.558444431624295,66759.0,12.24647931375905,23,3,1,0.579877198170689,0.4985694133553703,9.60632174318356,5.558444431624295,0.4727490059008352,2.0289539140744535,6.90875477931522,1.4556853555098297
B0046,20,8,1279899891.0,1.456232262380321,4.0,3.405195390316552,2.190965071547283,4.158094572470294,-1.002235007588667,0.0702249887628267,8.956808204433374,13.94301293338268,0.994077261613692,2.926723716381418,5468.062,0.0747587633249444,0.1835714963010167,852.8947399241837,310.9297682885398,2.813140768306555,0.2258613889057936,0.1076251572487115,1.0,1.7282392323598248,33.23817123121985,0.0,-1.4584860257324488,0.0022726489128451,-0.0926672125243449,0.8426103487952349,0.0005469068704913,0.2720069699795038,0.2583302596259611,-13.674680653034676,-1000.0,0.1400958410368434,0.0021747216008918,-0.0791249982565262,0.1752204143733695,-0.4282382097307478,2.690774366554649,9.94301293338268,0.0018183796989465,-0.4784716739351338,1.9671295009230103,-0.5799168241541699,-0.4986491530964957,-9.965235642743004,-5.766120482851121,20743.0,3.793482956117945,23,3,1,0.5799168241541699,0.4986491530964957,9.965235642743004,5.766120482851121,0.4784716739351338,-2.6861236041850236,-6.90875477931522,1.4556853555098297
B0046,22,9,1279916342.0,1.4440592236675138,4.0,3.408987597578302,2.1866396618663058,4.180141305155931,-1.0021923537852624,0.0706079112997759,8.857079944726477,13.134169173843691,0.9938564356435642,2.9327599009901,5411.297,0.0723129470980027,0.1751213963646288,851.7551222122567,311.8421615188309,2.793717185659894,0.2187169198993372,0.1067391768784627,1.0,1.7282392323598248,33.23817123121985,0.0,-4.68238143526562,0.0019446756071381,-0.2847587813983447,0.8355667413565903,-0.0121730387128071,0.2841800086923109,0.2474343434626315,-16.287890778243877,-1000.0,0.1389794379519492,0.0023056084040137,-0.115443324439983,0.1092859984229867,-0.6316395216174209,1.799347281966805,9.134169173843691,0.0016879814901754,-0.4762276965882019,1.9935016432896249,-0.5798921436570598,-0.4981813365687275,-9.154194504207195,-5.296832942746453,16451.0,3.0401214348421384,23,3,1,0.5798921436570598,0.4981813365687275,9.154194504207195,5.296832942746453,0.4762276965882019,-2.850006301406046,-6.90875477931522,1.4440592236675138
B0046,24,10,1279932734.0,1.428294264765868,4.0,3.405344636824463,2.183328288428697,4.179370029585307,-1.002036442615774,0.0708829132744265,8.951187295260016,14.086951683642924,0.9937574999999998,2.92958,5369.703,0.0754103541840598,0.2024781108350607,853.4577903618784,310.52110322460186,2.821268135177103,0.2241787570749424,0.1078523934170861,1.0,1.7282392323598248,33.23817123121985,0.0,-0.5996067867870835,0.0020523665152499,-0.0345484700485946,0.8264447641404387,-0.0157649589016457,0.2999449675939567,0.2778884650191205,-7.138983587089204,-1000.0,0.1393460118771408,0.0021484618748994,-0.0681366167310926,0.0623741805510953,-0.3740499865529335,1.3106236116037322,10.086951683642924,0.0018784934071104,-0.4757646368244628,1.9960417411566105,-0.5798019297755097,-0.4977728774242043,-10.107493181914748,-5.848434051728495,16392.0,3.052682802009151,23,3,1,0.5798019297755097,0.4977728774242043,10.107493181914748,5.848434051728495,0.4757646368244628,-2.096665305767027,-6.90875477931522,1.428294264765868
B0046,26,11,1279949086.0,1.4199848948034668,4.0,3.4032461605763142,2.169516718963703,4.178701514525068,-1.001944925430993,0.0712920031986089,8.966158040889411,13.314723048488911,0.9936434343434342,2.927825757575758,5327.406,0.0799435414017639,0.2347921768154514,856.0019314161016,308.5199884300232,2.8617715674820308,0.2336584055454391,0.1096555879430889,1.0,1.7282392323598248,33.23817123121985,0.0,5.375707834452916,0.0021146943231274,0.3013910284233072,0.821636766609301,-0.0083093699624012,0.308254337556358,0.3147357182172153,5.17413409287786,1000.0,0.1395581723053779,0.0024737620036316,-0.0046212820658197,0.2419821020508842,0.0029432711383342,4.443140596663168,9.314723048488911,0.0017484537593881,-0.4754204030005562,2.009184795561365,-0.5797489757729535,-0.4972465052555912,-9.332839490228572,-5.400201146970169,16352.0,3.0694112669462266,23,3,1,0.5797489757729535,0.4972465052555912,9.332839490228572,5.400201146970169,0.4754204030005562,1.8203686448071623,6.90875477931522,1.4199848948034668
B0046,28,12,1279965399.0,1.4043226018516568,4.0,3.396770951444608,2.1506636217123933,4.178686122362143,-1.0019368953910397,0.0715329838431421,8.972930848723113,14.173291675329546,0.993563358778626,2.92195165394402,5299.266,0.0818721699955735,0.2417034236474506,857.4194632186029,307.36675231235364,2.88176109895481,0.2387105698938275,0.1108612062059054,1.0,1.7282392323598248,33.23817123121985,0.0,7.917884471350897,0.0023579240161368,0.4224543383034539,0.812574194334267,-0.0156622929518099,0.323916630508168,0.3235755936430241,8.128124334947257,1000.0,0.1403861127959254,0.0026105605955793,0.0182678889834318,0.2829305551730194,0.1633337296698579,5.107149890011383,10.173291675329546,0.0019197548632825,-0.4748192975005882,2.02802250064975,-0.5797443294023595,-0.4969629847107722,-10.192996277087197,-5.897908160128535,16313.0,3.078350850853103,23,3,1,0.5797443294023595,0.4969629847107722,10.192996277087197,5.897908160128535,0.4748192975005882,2.211360233736425,6.90875477931522,1.4043226018516568
B0046,32,13,1280247125.0,1.4234351301615986,4.0,3.372196461428764,2.1813781395662764,4.104216707532647,-1.0020744940471753,0.0711591512216496,9.032800036514974,13.959348125513564,0.9939219143576826,2.89508564231738,5367.172,0.0866412221208677,0.2433646468215763,857.6945249677999,307.472284791591,2.9022751602398382,0.2611864161876897,0.1099244868791313,1.0,1.7282392323598248,33.23817123121985,0.0,14.204098899564736,0.0038991495565062,0.8053723949745992,0.8236331542005146,0.0191125283099418,0.3048041021982262,0.330005868942444,10.276906933494844,1000.0,0.1456323597247018,0.002668714591538,0.090665355281602,0.2404759344522509,0.5599422107386575,4.342402581121965,9.959348125513564,0.001855604427343,-0.4771108191113837,1.9228385679663704,-0.5798239472315811,-0.4974752192915135,-9.980008733913689,-5.774668541988723,281726.0,52.490585358536585,23,3,1,0.5798239472315811,0.4974752192915135,9.980008733913689,5.774668541988723,0.4771108191113837,2.4227570004445123,6.90875477931522,1.4043226018516568
B0046,36,14,1280267784.0,1.4339948857967295,4.0,3.396209682940304,2.197114951660172,4.155511867054,-1.0019365649129637,0.0709948949557486,8.8666091485246,13.523198161538613,0.9937288220551376,2.91837343358396,5406.812,0.0748317085623306,0.191190049412859,854.5990549025485,309.5267312627679,2.832410769912325,0.227550741245778,0.10926297409126,1.0,1.7282392323598248,33.23817123121985,0.0,-1.3623349685245514,0.0026286685668766,-0.0800165157876686,0.8297432779828061,0.0105597556351308,0.2942443465630953,0.2660217579751895,-11.104439560702208,-1000.0,0.1413077123480981,0.0027093933837271,-0.0767331591288445,0.175848177674821,-0.4221718680257579,3.186068577934538,9.523198161538613,0.0017613333257262,-0.4778362493563439,1.958396915393828,-0.5797441381799469,-0.4975854953423701,-9.541640452957449,-5.521018310878057,20659.0,3.820920720009532,23,3,1,0.5797441381799469,0.4975854953423701,9.541640452957449,5.521018310878057,0.4778362493563439,-2.493572291152364,-6.90875477931522,1.4043226018516568
B0046,38,15,1280284177.0,1.4185177047756572,4.0,3.3989726713804767,2.157995006136477,4.17891702072451,-1.0017349404979956,0.071541408251094,8.91721938287038,13.750234723504356,0.9935807106598984,2.923317258883249,5353.094,0.0725094669963725,0.1963157161277679,854.2365981238554,309.51564839777177,2.8242390582072163,0.218836876383052,0.1095064852002126,1.0,1.7282392323598248,33.23817123121985,0.0,-4.423343331234171,0.002343136495043,-0.246821573652437,0.820787815838865,-0.0154771810210723,0.3097215275841676,0.2688251831241404,-10.167628787306608,-1000.0,0.1403357768878506,0.0027328019426366,-0.1082706208513669,0.146435358858407,-0.615296345584839,2.6835605456123983,9.750234723504356,0.0018214204203218,-0.4756554124972276,2.020922014588033,-0.5796274735359114,-0.496836379721877,-9.767150800591129,-5.651503919166945,16393.0,3.0623411432709635,23,3,1,0.5796274735359114,0.496836379721877,9.767150800591129,5.651503919166945,0.4756554124972276,-2.4130193065086547,-6.90875477931522,1.4043226018516568
B0046,40,16,1280300517.0,1.4056313337829422,4.0,3.39769311615204,2.198419108542039,4.178285871350945,-1.001588196535767,0.0721174327257567,8.923958703020183,13.400973711086476,0.9934592783505152,2.9223969072164944,5280.031,0.0755572631428644,0.2305977916782165,855.4139278210953,308.3736601247181,2.8500754298581104,0.2243533319453606,0.1102509993087998,1.0,1.7282392323598248,33.23817123121985,0.0,-0.4059621814842177,0.002318088284073,-0.0217477554638421,0.8133314575110198,-0.0128863709927149,0.3226078985768825,0.3061550548210809,2.306763827833203,-1000.0,0.140250514156063,0.0024715790985869,-0.0657164140621492,0.0616666617341822,-0.3618326029982718,1.414145552596327,9.400973711086476,0.001780476991723,-0.4752962089355454,1.9798667628089064,-0.5795425640167915,-0.4960848674969004,-9.41590430496726,-5.448264408777508,16340.0,3.0946788001807004,23,3,1,0.5795425640167915,0.4960848674969004,9.41590430496726,5.448264408777508,0.4752962089355454,1.195970015614287,-6.90875477931522,1.4043226018516568
B0046,42,17,1280316781.0,1.3890214025155618,4.0,3.3923860221630204,2.151164339585934,4.178074763829319,-1.0016469274447983,0.072457579276421,8.991317663963024,13.648707282364962,0.9936114285714284,2.915535064935065,5248.593,0.0799660251870482,0.2612213170720391,856.8873268459859,307.1350796468764,2.881181780826858,0.2344260709283069,0.1109919929788459,1.0,1.7282392323598248,33.23817123121985,0.0,5.405344309740195,0.0024749668106844,0.2753902442213838,0.8037205593457811,-0.0166099312673804,0.3392178298442629,0.3408708532613423,14.01338074995722,1000.0,0.1407845200279283,0.0025621344491602,-0.0095371925724934,0.0959842883691638,0.0048130892271296,2.0751672263447256,9.648707282364962,0.0018383416817351,-0.4768509572279553,2.0269104242433853,-0.5795765471065731,-0.4957252169460396,-9.664598003195112,-5.592164450755131,16264.0,3.0987352229439207,23,3,1,0.5795765471065731,0.4957252169460396,9.664598003195112,5.592164450755131,0.4768509572279553,2.7089418534592182,6.90875477931522,1.3890214025155618
B0046,44,18,1280333019.0,1.3723339082737365,4.0,3.387564802409393,2.152208745567858,4.177918597629585,-1.0017210974492488,0.0727261933784446,9.016720196858454,13.959820884900516,0.9935921052631578,2.909934210526316,5203.375,0.0818259979987375,0.2561465357465061,857.4442469120264,306.8083747796577,2.8895256766595026,0.2396193309775751,0.1112381151282167,1.0,1.7282392323598248,33.23817123121985,0.0,7.857023934484378,0.0025930353362575,0.3815289093534754,0.7940647814133248,-0.0166874942418253,0.3559053240860883,0.3379725337452436,12.939099436864272,1000.0,0.141186418791898,0.0016733302716251,0.0105302090502841,0.1487358664601935,0.1594939298413114,3.298562228645788,9.959820884900516,0.0019141078405647,-0.4776305918830767,2.025709852061727,-0.5796194636212655,-0.4954572805454195,-9.976962707220492,-5.772906039069915,16238.0,3.120666874864271,23,3,1,0.5796194636212655,0.4954572805454195,9.976962707220492,5.772906039069915,0.4776305918830767,2.6346978004380857,6.90875477931522,1.3723339082737365
B0046,48,19,1280353515.0,1.3615778905990563,4.0,3.375588926043044,2.165968185309718,4.151019587024004,-1.0015714385037338,0.0731598226351675,8.999593683204715,14.349640095291218,0.9933547872340426,2.899239361702128,5166.812,0.0773391372016612,0.1813451831031595,856.0454857018447,308.2880524729174,2.8484567354884143,0.2310372428777866,0.1106660315469414,1.0,1.7282392323598248,33.23817123121985,0.0,1.942773400217443,0.0030814453197434,0.0915716173872391,0.7878410957838802,-0.0107560176746801,0.3666613417607685,0.2586843203048207,-13.556365434768358,1000.0,0.1428489394994335,0.0019029428923964,-0.0442913719833379,0.2048973622317533,-0.2136466856821132,4.333739044649526,10.349640095291218,0.0020030998022163,-0.4763495643409161,1.9850514017142864,-0.5795328674240341,-0.4948688681084539,-10.365903918236745,-5.9979566012308725,20496.0,3.966856158109881,23,3,1,0.5795328674240341,0.4948688681084539,10.365903918236745,5.9979566012308725,0.4763495643409161,-2.6780283848736586,6.90875477931522,1.3615778905990563
B0046,52,21,1280383038.0,1.4100282016237429,4.0,3.3771442240108183,2.199378116446157,4.178852366259435,-1.0017131896387046,0.0720214912781163,9.073580268946476,13.720010432160604,0.9934809278350514,2.90126030927835,5340.281,0.0794839604030314,0.2101737058597574,858.4294179875654,306.2511233282569,2.882359043491612,0.2369163892644775,0.1128559303773884,1.0,1.7282392323598248,33.23817123121985,0.0,4.769921898534476,0.0034661513879296,0.2590597233939572,0.8158755889937873,1.4100282016237429,0.3182110307360819,0.2896576662627887,-3.206110785596501,1000.0,0.1441584577859133,0.0020739985520144,-0.0126247678660517,0.2358061644057729,-0.0352768441060833,5.381082534327315,9.720010432160604,0.0018201308942654,-0.475883914732468,1.9794742498132785,-0.5796148879754918,-0.4962682194264839,-9.736662653321083,-5.63386275775738,13369.0,2.503426317828125,23,3,1,0.5796148879754918,0.4962682194264839,9.736662653321083,5.63386275775738,0.475883914732468,-1.4365384168281747,6.90875477931522,1.3615778905990563
B0046,54,22,1280399369.0,1.3395671374926488,4.0,3.3739069772216053,2.1709534591124666,4.177296277706522,-1.0014759387718013,0.0737477978401231,9.035703497783532,14.214578668306734,0.9933935135135136,2.896718918918919,5103.0,0.0826412159314509,0.2552386027200058,860.3029073291141,304.4665654231532,2.9183855781255894,0.2441559115618863,0.1142942972569338,1.0,1.7282392323598248,33.23817123121985,0.0,8.931584370421215,0.0029817293039674,0.3971449126382176,0.7751051546628394,-0.0704610641310941,0.388672094867176,0.3378798186514567,12.908117158365256,1000.0,0.1425095116689102,0.0021248604017936,0.0134826920993929,0.2389386534818999,0.2272898644503429,5.501410282357173,10.214578668306734,0.0020016811029403,-0.4771880583026862,2.0063428185940557,-0.5794776090257239,-0.4941331770552125,-10.2296547610009,-5.919119623915549,16331.0,3.200274348421869,23,3,1,0.5794776090257239,0.4941331770552125,10.2296547610009,5.919119623915549,0.4771880583026862,2.632472637921269,6.90875477931522,1.3395671374926488
B0046,56,23,1280415459.0,1.3291515487117478,4.0,3.3730377771688125,2.1705625280743464,4.176859724330072,-1.001751590105337,0.0742269992076432,9.0428494070086,13.7206185074268,0.9934191780821918,2.893120547945206,5051.172,0.0831236558998909,0.2636305675597774,860.4280371651047,304.1174260001609,2.924273805333258,0.2452466038506301,0.1144243604958604,1.0,1.7282392323598248,33.23817123121985,0.0,9.567501322192305,0.0029415511410649,0.4143182518067395,0.7690784492242184,-0.0104155887809009,0.399087683648077,0.3408708532613423,15.873645963340724,1000.0,0.1423727474133161,0.0031549152050505,0.0167296171843279,0.2515461280212281,0.2674109992299429,5.547518417992146,9.7206185074268,0.0019244283321622,-0.4799172292236067,2.006297196255725,-0.5796371073915837,-0.4937381209840822,-9.737645046622164,-5.634431193701964,16090.0,3.1853993489029504,23,3,1,0.5796371073915837,0.4937381209840822,9.737645046622164,5.634431193701964,0.4799172292236067,2.825752994329817,6.90875477931522,1.3291515487117478
B0046,60,24,1280435809.0,1.3181687033905718,4.0,3.361814920655554,2.1762627754763426,4.148811503971785,-1.0013919768296455,0.0745441226437057,9.103478864398264,14.307049577086085,0.9932258953168044,2.8840633608815427,5027.563,0.0777955719200651,0.1889169252755235,856.9677867077617,306.8060909993898,2.865024505797644,0.2327833976129122,0.11193492889383,1.0,1.7282392323598248,33.23817123121985,0.0,2.5444121403667337,0.0033357545686393,0.1072340627678741,0.7627235157662043,-0.0109828453211759,0.410070528969253,0.2667124971955886,-10.873617652181176,1000.0,0.1437145941885322,0.0030983809152576,-0.0413301082303327,0.2458090361112422,-0.1756882244161719,5.737022577474217,10.307049577086085,0.0020501084873693,-0.4777515597740112,1.9725487284954428,-0.5794290266648243,-0.4931630500514056,-10.321396751279396,-5.97220370423708,20350.0,4.0476867221745305,23,3,1,0.5794290266648243,0.4931630500514056,10.321396751279396,5.97220370423708,0.4777515597740112,-2.4743189349073655,6.90875477931522,1.3181687033905718
B0046,62,25,1280451828.0,1.312423708466101,4.0,3.36759601245628,2.16031962283908,4.17607839536505,-1.0012785845104526,0.0747909676226946,9.08626820310501,13.73206507015365,0.9930566666666666,2.890261111111112,4993.765,0.0773250254753105,0.1691050856126057,855.8677728423482,307.7810197986727,2.8476976393590907,0.2291891975851911,0.1109153763133965,1.0,1.7282392323598248,33.23817123121985,0.0,1.9241723584460035,0.0030493896236513,0.0799736894993522,0.7593993261419322,-0.0057449949244707,0.4158155238937238,0.2464301110879162,-16.287890778243877,1000.0,0.1427398236738985,0.0031313048698971,-0.0464841664435715,0.244726400248837,-0.214820258586365,5.947585204384263,9.73206507015365,0.0019488432215275,-0.4773349013451677,2.0157587725259702,-0.5793634151933312,-0.4928117779211053,-9.744508337807066,-5.638402455927945,16019.0,3.2078001267574243,23,3,1,0.5793634151933312,0.4928117779211053,9.744508337807066,5.638402455927945,0.4773349013451677,-2.850006301406046,6.90875477931522,1.312423708466101
B0046,64,26,1280467813.0,1.2993237532162487,4.0,3.3619567307164724,2.144904732455604,4.175479903911147,-1.001110018459988,0.0751181023601137,9.113491912356013,14.550153842364988,0.9930067226890754,2.884168067226891,4962.469,0.0802027993997365,0.1906728483618948,856.6411012045678,307.2791587013939,2.8634263079164546,0.2324480723865355,0.1112171098539433,1.0,1.7282392323598248,33.23817123121985,0.0,5.717442695944832,0.0031834799389654,0.2303742638440278,0.751819382923096,-0.0130999552498523,0.4289154791435761,0.2708756477616313,-9.48243219356588,1000.0,0.1431962597284987,0.0031912268652663,-0.018048263976597,0.2466504895051023,0.0245039331062519,6.201127154040661,10.550153842364988,0.0021259888660992,-0.4777886634895814,2.030575171455543,-0.5792658788990434,-0.4923356658705166,-10.561864707885729,-6.1113441380176745,15985.0,3.221178812401,23,3,1,0.5792658788990434,0.4923356658705166,10.561864707885729,6.1113441380176745,0.4777886634895814,-2.349700731505335,6.90875477931522,1.2993237532162487
B0046,66,27,1280483767.0,1.2877483042174591,4.0,3.360770876263507,2.196218583907234,4.175276949812811,-1.0010016783342917,0.0755086117723607,8.977476169539525,14.437029519118854,0.993075568181818,2.879627840909091,4907.859,0.0834399352201741,0.22248017013597,858.1704977605661,306.08331737537856,2.890488717274724,0.2378477754613172,0.1123064518774867,1.0,1.7282392323598248,33.23817123121985,0.0,9.984397504971437,0.0031463490771646,0.3917317333261916,0.7451215549939245,-0.0115754489987895,0.4404909281423657,0.3059201053561441,2.228251587176914,1000.0,0.1430698683181678,0.0032304826862363,0.0124592343125878,0.2573654412559542,0.293713723023982,6.541353334684255,10.437029519118854,0.0021265952259665,-0.4811430353544161,1.9790583659055767,-0.5792031907459191,-0.4918210617965995,-10.447484065462517,-6.045160799382986,15954.0,3.2507046351569486,23,3,1,0.5792031907459191,0.4918210617965995,10.447484065462517,6.045160799382986,0.4811430353544161,1.1719406863969195,6.90875477931522,1.2877483042174591
B0046,68,28,1280499663.0,1.2865282739749122,4.0,3.3581255157395584,2.169183841274847,4.175506752243359,-1.0011852000845294,0.0758210262265711,9.205520238536876,14.364000921258654,0.9930977142857144,2.875962857142857,4888.656,0.0840854070361814,0.2337719143070931,859.3509364533561,304.9683093288337,2.907413424391043,0.2407319371692421,0.1136539874531484,1.0,1.7282392323598248,33.23817123121985,0.0,10.835211070474298,0.0032411611179109,0.423938698088066,0.744415616707313,-0.0012200302425469,0.4417109583849126,0.3178573213432745,6.217269287642046,1000.0,0.1433926032875462,0.0032801627177942,0.0185485335903094,0.2658255630220435,0.3473930684774745,6.802883541439767,10.364000921258654,0.002120010268928,-0.4821626585967014,2.0063229109685112,-0.5793093807609907,-0.4915657110617796,-10.376284336026592,-6.003962955900688,15896.0,3.251609440303582,23,3,1,0.5793093807609907,0.4915657110617796,10.376284336026592,6.003962955900688,0.4821626585967014,1.9764766663553728,6.90875477931522,1.2865282739749122
B0046,72,29,1280519848.0,1.2719636386987183,4.0,3.347714666699619,2.1947559967284405,4.145965438635247,-1.0010003485675925,0.0760440663186938,9.14555330973735,14.693349843683665,0.9929545977011492,2.866126436781609,4866.25,0.0790861390876411,0.1940311270029179,859.1504191176011,304.6213107752529,2.893550540158958,0.2366656793013263,0.1148413424457498,1.0,1.7282392323598248,33.23817123121985,0.0,4.245543043584708,0.0035320336734893,0.1608088215221333,0.7359881750641172,-0.0145646352761938,0.4562755936611065,0.273117266090559,-8.733358439566619,1000.0,0.1443827174605846,0.0033123058246397,-0.0312008476123746,0.2649129328567072,-0.0683608414054432,6.878963818744682,10.693349843683665,0.0021974518045068,-0.4815882299180098,1.9512094419068065,-0.5792024213115298,-0.4912006390919946,-10.70404692088256,-6.193614121392847,20185.0,4.147957873104722,23,3,1,0.5792024213115298,0.4912006390919946,10.70404692088256,6.193614121392847,0.4815882299180098,-2.275559000010329,6.90875477931522,1.2719636386987183
B0046,74,30,1280535701.0,1.2714495345417192,4.0,3.353800882166825,2.187717987619404,4.174989626740224,-1.0010290829534054,0.0763347069104286,9.111354213090989,14.058016587648105,0.9928260869565216,2.872776811594203,4836.125,0.0783170781666394,0.1892681121245849,858.862570335609,304.80668325599345,2.888413090605754,0.2362019001818883,0.1146311239809401,1.0,1.7282392323598248,33.23817123121985,0.0,3.231823392223564,0.0032977897814412,0.1222742983297989,0.7356907022678904,-0.0005141041569991,0.4567896978181056,0.2675851902912243,-10.581992853792874,1000.0,0.1435853641420382,0.0033365962584953,-0.0384864843054726,0.2534034868968229,-0.1323182223931889,6.762072425506375,10.058016587648105,0.0020797677040287,-0.4810240705726221,1.98727163912082,-0.5792190477051784,-0.4908809224769618,-10.068367121063522,-5.825794789700423,15853.0,3.2780376851294624,23,3,1,0.5792190477051784,0.4908809224769618,10.068367121063522,5.825794789700423,0.4810240705726221,-2.4494515517936404,6.90875477931522,1.2714495345417192
B0046,76,31,1280551524.0,1.2615423884659074,4.0,3.350657273692142,2.1508230766314127,4.175655686812431,-1.000958546001541,0.0766594704309302,9.163824507961875,13.779152574880364,0.9927695906432746,2.8695,4801.485,0.0804913918525691,0.2106617789134864,858.8781958440941,305.0118746874182,2.8940660412997845,0.2387747476892417,0.1139009186430583,1.0,1.7282392323598248,33.23817123121985,0.0,6.097844082469406,0.0033441954731928,0.2258111130173463,0.7299581937758316,-0.0099071460758117,0.4666968438939174,0.2911531707660555,-2.706363278213883,1000.0,0.1437433265631458,0.0033706862937672,-0.01891100876607,0.2375680909848332,0.0485041351084042,6.541968023908993,9.779152574880364,0.0020366933510941,-0.4811572736921419,2.024832610181018,-0.5791782333604379,-0.49046427646004,-9.788526342479477,-5.663872312081387,15823.0,3.295438806951746,23,3,1,0.5791782333604379,0.49046427646004,9.788526342479477,5.663872312081387,0.4811572736921419,-1.310051147401752,6.90875477931522,1.2615423884659074
B0046,78,32,1280567318.0,1.2421201619204132,4.0,3.349047830330531,2.190167787518222,4.174757798171361,-1.0009004370775454,0.0771452763114273,9.165326915001913,14.383739114376208,0.9926976331360946,2.8664526627218936,4760.938,0.0829965354970834,0.2360621243943417,859.175223054966,304.9993155045749,2.9040506804958475,0.2417858970007508,0.1133914478388703,1.0,1.7282392323598248,33.23817123121985,0.0,9.399940538779902,0.0032678012464425,0.3341845035267701,0.7187200352027421,-0.0194222265454941,0.4861190704394116,0.3190586598914251,6.618716387031923,1000.0,0.1434832848191133,0.0036039049314378,0.0015789074192162,0.3310916203908856,0.2568392905243628,8.915471740398873,10.383739114376208,0.0021810280063243,-0.4825951676086375,1.984590010653139,-0.5791446101658744,-0.4898684557743887,-10.393089018078353,-6.013686541459551,15794.0,3.3174135012883346,23,3,1,0.5791446101658744,0.4898684557743887,10.393089018078353,6.013686541459551,0.4825951676086375,2.0306079023633132,6.90875477931522,1.2421201619204132
B0046,80,33,1280583067.0,1.2402537441669796,4.0,3.3446343037059103,2.18851427579806,4.175734259626989,-1.0008534371371294,0.0773762050967187,9.179753755489338,14.589504036127655,0.992665476190476,2.8625059523809524,4740.907,0.0832504932926147,0.2435717890968296,859.7311448924768,304.5348227721226,2.9119747001338485,0.2426666707987876,0.1138341148656982,1.0,1.7282392323598248,33.23817123121985,0.0,9.734689062487384,0.0034116112942703,0.3447617185281177,0.7176400818499385,-0.0018664177534335,0.4879854881928451,0.3268222823894443,9.213058953817692,1000.0,0.1439728063083322,0.0036920597899667,0.0035787179615699,0.3243677805768591,0.2779591719798497,8.704017548157776,10.589504036127655,0.0022336451729859,-0.4821283513249579,1.9872199838289288,-0.5791174148913378,-0.4895740188115096,-10.598541512135869,-6.132566202383636,15749.0,3.321938186089007,23,3,1,0.5791174148913378,0.4895740188115096,10.598541512135869,6.132566202383636,0.4821283513249579,2.323667191008332,6.90875477931522,1.2402537441669796
B0046,84,34,1280850773.0,1.2851130012242886,4.0,3.320503012220492,2.163748582486284,4.087128849753504,-1.0011746350209894,0.07618646797837,9.27415763140438,13.891154624298236,0.993078962536023,2.8382449567723342,4914.532,0.0880894614152379,0.2454095535131502,861.1485260980355,303.5307346489589,2.937772505802629,0.2513074411457416,0.1148363918097075,1.0,1.7282392323598248,33.23817123121985,0.0,16.113061626034106,0.0046981268618423,0.628426468552395,0.7435967064985156,0.0448592570573089,0.4431262311355362,0.333499014928388,11.444199305791887,1000.0,0.1483520345059002,0.0036641381699308,0.0572105820695051,0.2762479696462152,0.680382074190324,7.407374632859498,9.891154624298236,0.0020126340868868,-0.4822580554481579,1.92338026726722,-0.5793032675659329,-0.4911366914255939,-9.902773120917958,-5.729978193855856,267706.0,54.472328189122685,23,3,1,0.5793032675659329,0.4911366914255939,9.902773120917958,5.729978193855856,0.4822580554481579,2.521254595123131,6.90875477931522,1.2402537441669796
B0046,88,35,1280870983.0,1.3043327841699193,4.0,3.349264182688189,2.153820870810703,4.147121879450348,-1.0011690143333176,0.0754929391393709,9.27198191310828,14.673096336965486,0.9931042492917846,2.868189801699717,4998.656,0.0775149769366975,0.1894382207381998,856.8607993995595,307.22145364043416,2.862091052531172,0.2321261397636085,0.1116322759269047,1.0,1.7282392323598248,33.23817123121985,0.0,2.174552431018087,0.003738564074086,0.0886550992596668,0.7547177264277919,0.0192197829456306,0.4239064481899055,0.2669531976748973,-10.793183615173891,1000.0,0.1450857355792499,0.0036735215608846,-0.0448427915864888,0.2346738521336009,-0.1990233332019845,6.193794281200326,10.673096336965486,0.0021351932073267,-0.4810743809884719,1.9933010086396448,-0.5793000153034201,-0.49193602346462,-10.68557333956428,-6.182924871338983,20210.0,4.043086781726119,23,3,1,0.5793000153034201,0.49193602346462,10.68557333956428,6.182924871338983,0.4810743809884719,-2.4675217048309293,6.90875477931522,1.2402537441669796
B0046,90,36,1280886972.0,1.2778639041619957,4.0,3.3574536928825296,2.1856873619664867,4.17500990248918,-1.00099967406459,0.0763263970736773,9.033984664610191,13.896967367053858,0.9928202898550724,2.8761391304347828,4890.015,0.0755728850774924,0.1849171770299549,855.718814646847,308.37659101169663,2.8433954882603145,0.2281019839956083,0.1104591393324907,1.0,1.7282392323598248,33.23817123121985,0.0,-0.3853704940219954,0.0032045873730133,-0.0147879416358737,0.7394022078859627,-0.0264688800079235,0.4503753281978291,0.2604900621074473,-12.952947014517516,-1000.0,0.1432681082724967,0.0036666758516132,-0.0644005375233611,0.2267007374227788,-0.3605334367066511,5.942080200849055,9.896967367053858,0.0020239134986399,-0.4813145624477468,1.9893225405226929,-0.5792020310281769,-0.4908735223352072,-9.906861108648794,-5.732343600017183,15989.0,3.269724121499981,23,3,1,0.5792020310281769,0.4908735223352072,9.906861108648794,5.732343600017183,0.4813145624477468,-2.6356907414770383,-6.90875477931522,1.2402537441669796
B0046,92,37,1280902857.0,1.272346459165154,4.0,3.353525476118417,2.1586585951828057,4.175207914830006,-1.0008611138640544,0.0767547552014155,9.172120651818531,13.908543615362126,0.9927689149560116,2.872595307917888,4842.11,0.078393106818832,0.2082893896162135,856.4622061871759,307.93396260349726,2.8582961365578825,0.2326066064852507,0.1106300789047157,1.0,1.7282392323598248,33.23817123121985,0.0,3.332038780484049,0.0033147182012112,0.1263139159636987,0.7362096840191669,-0.0055174449968415,0.4558927731946707,0.2866824964350455,-4.200312877403559,1000.0,0.1436429875513973,0.0033753113311485,-0.0377227227736969,0.1733317355781732,-0.1259954547924972,4.782328060506538,9.908543615362126,0.0020463276578516,-0.4809301682005289,2.0165493196472,-0.5791218568266769,-0.4902976318931895,-9.917075999641902,-5.738254176976628,15885.0,3.2805946168089366,23,3,1,0.5791218568266769,0.4902976318931895,9.917075999641902,5.738254176976628,0.4809301682005289,-1.6487187925087698,6.90875477931522,1.2402537441669796
B0046,94,38,1280918689.0,1.2477883952768762,4.0,3.347073227310051,2.149734467121552,4.174827125492382,-1.000811467966266,0.0771907358786281,9.093365400458568,14.617560660341365,0.9928753709198812,2.864519287833828,4798.281,0.0822956757441726,0.2355179930375622,858.1281615924186,306.5070395036315,2.8875997896339345,0.2396953877175011,0.1118343482115368,1.0,1.7282392323598248,33.23817123121985,0.0,8.476118660731027,0.0033773827479137,0.3048961449740071,0.7219998087724714,-0.0245580638882778,0.4804508370829485,0.3178136687817348,6.202682063883987,1000.0,0.1438562942200646,0.0033767346889404,-0.0039585774664166,0.1840429949280601,0.1985537204065777,5.1686206841806746,10.617560660341365,0.0022127842575995,-0.4825539394762232,2.02509265837083,-0.5790931305387708,-0.4897643681907899,-10.62617647069712,-6.148556441482379,15832.0,3.2995149721320405,23,3,1,0.5790931305387708,0.4897643681907899,10.62617647069712,6.148556441482379,0.4825539394762232,1.9744534655305808,6.90875477931522,1.2402537441669796
B0046,96,39,1280934478.0,1.2352499196655526,4.0,3.348504626898048,2.180494984747436,4.1748101416565255,-1.000971558605881,0.0777401678302199,9.119927887302934,14.288124170416689,0.9928150602409636,2.8652409638554217,4739.188,0.0836902172653,0.2431194273559487,859.7811956946927,304.6893851506386,2.912633465740353,0.2435736601828838,0.1137746791997923,1.0,1.7282392323598248,33.23817123121985,0.0,10.314300924321522,0.0032413042595186,0.361581459329367,0.7147447509213642,-0.0125384756113235,0.4929893126942721,0.3268096446212487,9.208835835036796,1000.0,0.143393090533702,0.0034019047560844,0.0067587889887458,0.2075640051402863,0.3145279182032925,5.8457926817711385,10.288124170416689,0.0021708622174124,-0.4832636630426261,1.9943151569090896,-0.5791857627603547,-0.4892211718291707,-10.298119685992829,-5.958735045016032,15789.0,3.3315833851699206,23,3,1,0.5791857627603547,0.4892211718291707,10.298119685992829,5.958735045016032,0.4832636630426261,2.3232536036419535,6.90875477931522,1.2352499196655526
B0046,100,40,1280954519.0,1.229251291851949,4.0,3.332816913331474,2.1583931144361963,4.144890688492612,-1.0007926094103774,0.0779151399696152,9.18534555219432,14.875868929885128,0.9927256797583082,2.851205438066465,4733.156,0.0789802862090397,0.2071348871926444,860.6473554932824,302.8635307647864,2.9171828811344853,0.2387285579541218,0.1163709334274206,1.0,1.7282392323598248,33.23817123121985,0.0,4.106015549388769,0.0037456808630455,0.1422113960091015,0.7112738033226265,-0.0059986278136037,0.4989879405078758,0.2861151734016841,-4.389893230511031,1000.0,0.145109960737245,0.0034278203505316,-0.0347170215387684,0.2205984071084299,-0.077163879891057,6.337926942834029,10.875868929885128,0.0022978048747775,-0.4816114752650087,1.986497574056416,-0.5790822185333465,-0.4889151415851599,-10.884489245944986,-6.298022308395773,20041.0,4.234172716892442,23,3,1,0.5790822185333465,0.4889151415851599,10.884489245944986,6.298022308395773,0.4816114752650087,-1.684525575914139,6.90875477931522,1.229251291851949
B0046,102,41,1280970243.0,1.223890910501634,4.0,3.343773088070051,2.1973084174346607,4.174530382960434,-1.0006667122739987,0.0784288685752247,9.156968538676209,13.880179808466218,0.9925110429447852,2.862447852760736,4670.61,0.0781415761324809,0.200749002302985,860.5589924333294,302.79020602916694,2.915787311535655,0.2379500364911953,0.116411561752461,1.0,1.7282392323598248,33.23817123121985,0.0,3.000489493930324,0.0033304377087332,0.1028171094252575,0.7081721601878415,-0.0053603813503149,0.5043483218581908,0.2788905784354659,-6.804110852945398,1000.0,0.1436964958899883,0.0034528232216389,-0.0421652117862804,0.2202826415631867,-0.1469134906694376,6.511696486474196,9.880179808466218,0.0021153938796996,-0.4813252353093147,1.9772219655257728,-0.5790093714795658,-0.4882477835450606,-9.886767045613835,-5.720716701005122,15724.0,3.366583808109997,23,3,1,0.5790093714795658,0.4882477835450606,9.886767045613835,5.720716701005122,0.4813252353093147,-2.0546506272916303,6.90875477931522,1.223890910501634
B0046,104,42,1280985907.0,1.205423323571373,4.0,3.33676988143417,2.194834923129504,4.1743300924480256,-1.0004434396725717,0.0789164978401347,9.08775088318824,14.631961684725407,0.9924185758513931,2.8553839009287927,4635.0,0.0802599011912274,0.2158679699061003,860.2702021670849,303.4277567242778,2.9164238128791005,0.2407265385931902,0.1152862750181046,1.0,1.7282392323598248,33.23817123121985,0.0,5.792710085798499,0.0034442961734472,0.1914859258044166,0.6974863786221467,-0.018467586930261,0.5228159087884519,0.2961278710973277,-1.0439850740037355,1000.0,0.1440840638384651,0.0035126494079421,-0.0254007956568476,0.2158343200114699,0.0292526869874265,6.562215781360012,10.631961684725407,0.0022938428661754,-0.4813859805053773,1.9794951693185212,-0.5788801806840339,-0.4875542851519492,-10.636676318333675,-6.154631901079569,15664.0,3.379503775619551,23,3,1,0.5788801806840339,0.4875542851519492,10.636676318333675,6.154631901079569,0.4813859805053773,-0.7149013699682868,6.90875477931522,1.205423323571373
B0046,106,43,1281001536.0,1.1957824090008151,4.0,3.333058450714012,2.153169565361056,4.173688629517977,-1.0004321685718414,0.0791257422822992,9.184456763175827,14.768164211079869,0.9924822429906544,2.8504610591900312,4615.86,0.0829548292147328,0.234403113562698,860.1662318872543,303.9701230470751,2.919301805912346,0.2440970097999265,0.1143075582181171,1.0,1.7282392323598248,33.23817123121985,0.0,9.344966378931868,0.0035023971034504,0.3033173172477911,0.6919079179611226,-0.0096409145705578,0.5324568233590097,0.3173579427774308,6.0503936995207415,1000.0,0.1442818362070149,0.0035134211539852,-0.0042570829171468,0.2280137226019575,0.2533708727215109,7.031506773531083,10.768164211079869,0.0023328619609514,-0.4825973915239809,2.020519064156921,-0.5788736589591982,-0.4873056158839661,-10.772817873228323,-6.233406617141291,15629.0,3.3859345820706466,23,3,1,0.5788736589591982,0.4873056158839661,10.772817873228323,6.233406617141291,0.4825973915239809,1.953083459168616,6.90875477931522,1.1957824090008151
B0046,108,44,1281017144.0,1.190072949669846,4.0,3.330716899309493,2.1789077465484965,4.174343502341572,-1.0004986868063772,0.0796511201431181,9.215049403610458,15.037938036453404,0.992519496855346,2.8482515723270443,4580.75,0.0838818502054382,0.2385350117648682,860.6277376064751,303.62214825351555,2.924637373084134,0.2451444273085772,0.1147701634227215,1.0,1.7282392323598248,33.23817123121985,0.0,10.566897398750594,0.0035404351910344,0.3393398515707831,0.688604290069761,-0.0057094593309692,0.5381662826899789,0.3224168619703064,7.740915026047792,1000.0,0.144411315763989,0.0035501238327742,0.0025536176209665,0.2462766426848871,0.3304646803342518,7.686654302145665,11.037938036453404,0.002409635547989,-0.4824653269824486,1.995435755793076,-0.5789121479792666,-0.4867361128498356,-11.043442510521793,-6.389996417945289,15608.0,3.407302297657936,23,3,1,0.5789121479792666,0.4867361128498356,11.043442510521793,6.389996417945289,0.4824653269824486,2.1680148782432154,6.90875477931522,1.190072949669846
B0046,112,45,1281037028.0,1.179201763233652,4.0,3.32184689567004,2.16713614374112,4.14222437268915,-1.000373674220122,0.0798321323753594,9.185331012909922,14.290141125898849,0.9924753164556964,2.83996835443038,4557.406,0.0807604300691902,0.2104969519966207,862.2245598153111,301.3910859305071,2.934825497312273,0.241138748903038,0.1182365236417532,1.0,1.7282392323598248,33.23817123121985,0.0,6.4524705102441295,0.0037495395932612,0.2031084089615393,0.682313965077341,-0.0108711864361938,0.5490374691261728,0.2912573820658108,-2.6715393527893325,1000.0,0.1451230956425608,0.0035704323807758,-0.0232033585864107,0.2626358908612166,0.0708781489879389,8.300770578545514,10.290141125898849,0.0022578943210011,-0.4818785412396602,1.9750882289480305,-0.5788398127470591,-0.4864543017201396,-10.293986286359011,-5.956343362456101,19884.0,4.363008255133652,23,3,1,0.5788398127470591,0.4864543017201396,10.293986286359011,5.956343362456101,0.4818785412396602,-1.300611016302129,6.90875477931522,1.179201763233652
B0046,114,46,1281052582.0,1.169504032514554,4.0,3.327359417043662,2.175632256591337,4.173393414123743,-1.0001870072907717,0.0801979522816562,9.046655941616262,13.996450231420782,0.99224089456869,2.845805111821086,4524.032000000007,0.0806267225981324,0.2086391874125692,862.9245514984239,300.5897275076758,2.9430096720029675,0.2415898611115585,0.1193106544511939,1.0,1.7282392323598248,33.23817123121985,0.0,6.276227137003231,0.0035139511026781,0.1941317098399053,0.6767026292521171,-0.0096977307190979,0.5587351998452708,0.2892659100107016,-3.337022601678937,1000.0,0.144321165384592,0.0035894964948461,-0.0249005631470341,0.2725443265017909,0.059758640202844,8.760628212394169,9.996450231420782,0.0022096329626798,-0.4815543052225757,1.9977611575324064,-0.5787318028571393,-0.4859229477708611,-9.998319640495897,-5.785263664601817,15554.0,3.438083550248216,23,3,1,0.5787318028571393,0.4859229477708611,9.998319640495897,5.785263664601817,0.4815543052225757,-1.467188076202098,6.90875477931522,1.169504032514554
B0046,116,47,1281068103.0,1.16772376849918,4.0,3.325963234657728,2.199283556452788,4.173536996898156,-1.0001225394585929,0.080422427040771,9.26195924957788,14.935082428364884,0.9921826366559482,2.844131832797428,4502.938,0.082589405351949,0.2239320080364459,863.0030468694367,300.7773889155172,2.949363983005871,0.2449748205816543,0.1187402695081648,1.0,1.7282392323598248,33.23817123121985,0.0,8.863291467797739,0.0035458389134551,0.2732821666860644,0.6756725264850695,-0.0017802640153741,0.5605154638606449,0.3065214133883949,2.4291885884564586,1000.0,0.1444297097377527,0.0035686838090749,-0.0099357621088688,0.2768350470619907,0.222981143408994,9.0616330350111,10.935082428364884,0.0024284328206078,-0.4818314018603002,1.974253440445368,-0.578694500248256,-0.4856258723773056,-10.936422407445324,-6.328072061056102,15521.0,3.446860694061644,23,3,1,0.578694500248256,0.4856258723773056,10.936422407445324,6.328072061056102,0.4818314018603002,1.2323236700601494,6.90875477931522,1.16772376849918
B0046,118,48,1281083604.0,1.1579256145829042,4.0,3.322240958381916,2.176786994904175,4.174582549013794,-1.0001481029921278,0.0806112729993898,9.252994157098664,14.99164974108056,0.9921631067961164,2.841168284789644,4483.094,0.0846991898717569,0.2394455660456094,862.7603989016886,301.31848475620376,2.952353586764688,0.2483008144830391,0.1176456728949007,1.0,1.7282392323598248,33.23817123121985,0.0,11.644254548175148,0.0035977176738017,0.3528594954506624,0.6700030834283367,-0.0097981539162756,0.5703136177769206,0.3241447559173663,8.31831930077814,1000.0,0.1446063021831853,0.0035931705553256,0.0051097466545927,0.282417289716279,0.3984370645857533,9.316278720284211,10.99164974108056,0.0024517999714211,-0.4810726735922719,1.9977955541096195,-0.5787092919119571,-0.4854221225856647,-10.993277637295634,-6.360969838604976,15501.0,3.457656698698832,23,3,1,0.5787092919119571,0.4854221225856647,10.993277637295634,6.360969838604976,0.4810726735922719,2.231982279901099,6.90875477931522,1.1579256145829042
B0046,120,49,1281099081.0,1.1499812813376982,4.0,3.325985699672719,2.19883821425474,4.174588307825947,-0.9999638117239764,0.0818494074001516,9.26310734626783,14.811846373564524,0.9921607973421926,2.843249169435216,4448.36,0.0850236404715976,0.2383976838537156,862.4937795884427,301.5835904394715,2.950449697630616,0.2486003383438599,0.1171366261527029,1.0,1.7282392323598248,33.23817123121985,0.0,12.071921511835242,0.0034363717621787,0.3607934543717822,0.6654063047553063,-0.007944333245206,0.5782579510221266,0.3234213243253132,8.076572696805611,1000.0,0.1440570895785721,0.0036123298168058,0.006609802642018,0.2909196150832363,0.4254193361575377,9.6857976233294,10.811846373564524,0.0024305241422821,-0.4827365302375028,1.975750093571207,-0.5786026566356631,-0.483882659750706,-10.811455111483632,-6.255763034881094,15477.0,3.4792597721399616,23,3,1,0.5786026566356631,0.483882659750706,10.811455111483632,6.255763034881094,0.4827365302375028,2.2056966650597007,6.90875477931522,1.1499812813376982
B0046,124,50,1281118837.0,1.150285902223034,4.0,3.3114789937571287,2.165246924019346,4.140409334076233,-1.0003136352879307,0.0812016278894991,9.331127163327569,14.247555903096725,0.992280655737705,2.828285245901639,4440.531,0.0817263679642596,0.2030689234070036,862.5494165339624,300.902368147277,2.942516371554879,0.2428763326498242,0.1184096977561189,1.0,1.7282392323598248,33.23817123121985,0.0,7.725698936609702,0.0038719733245146,0.2310196222329808,0.665582565587506,0.0003046208853358,0.5779533301367907,0.2847952913712632,-4.830953590610993,1000.0,0.1455398533264575,0.0036438849915789,-0.0179262474997021,0.3030217115328438,0.1512084014794929,10.192747811398515,10.247555903096725,0.0023077320939983,-0.4831937478554895,1.9751624100568872,-0.578805072804213,-0.4848347169390274,-10.25076989824298,-5.931337340557143,19756.0,4.449017471107746,23,3,1,0.578805072804213,0.4848347169390274,10.25076989824298,5.931337340557143,0.4831937478554895,-1.763180553129455,6.90875477931522,1.1499812813376982
B0046,126,51,1281134271.0,1.1349452274085248,4.0,3.3170441017303047,2.159522238937832,4.1724288341154105,-1.0001598810351362,0.0814542667780239,9.266824205941363,14.332240013732582,0.9922026402640264,2.834683168316831,4416.547,0.0820284047472448,0.1989498742077173,862.9848879947725,300.50437645337144,2.946097897113949,0.2426328315223493,0.1191785269458411,1.0,1.7282392323598248,33.23817123121985,0.0,8.12382165222917,0.0036097474100791,0.2366433366746916,0.6567060891557319,-0.0153406748145092,0.5932940049513,0.2809782789549621,-6.106471274795962,1000.0,0.1446472507435006,0.0036392220155344,-0.0168629843036446,0.3146528606540421,0.1763266737439801,10.739311852888669,10.332240013732582,0.0023394384829891,-0.4823609334134735,2.0129065951775784,-0.5787161069655568,-0.4844533854560227,-10.333891942961252,-5.97943371698107,15434.0,3.4945852495165357,23,3,1,0.5787161069655568,0.4844533854560227,10.333891942961252,5.97943371698107,0.4823609334134735,-1.9610058160858912,6.90875477931522,1.1349452274085248
B0046,128,52,1281149686.0,1.1380960963513609,4.0,3.314496922697215,2.1831972567411246,4.172310550176221,-1.0002538884639347,0.0818370085836159,9.20992133972331,14.276871638701772,0.9920526666666666,2.831846666666667,4382.937,0.0845124004227012,0.2152088501894651,863.5599298746275,300.3789098343409,2.956141384334325,0.2459417302117002,0.1194288955981423,1.0,1.7282392323598248,33.23817123121985,0.0,11.398042408143311,0.0037036147873207,0.333792648934102,0.6585292562750975,0.0031508689428361,0.5901431360084639,0.2997212506121662,0.1568019859467197,1000.0,0.144966770130292,0.0029486380326771,0.0015048203419101,0.2703536569041773,0.3829031014997261,11.110876262970796,10.276871638701772,0.0023447454614792,-0.4826502560305483,1.9891132934350968,-0.5787705018820613,-0.484064853492725,-10.279480817856175,-5.947950156108946,15415.0,3.5170480433546003,23,3,1,0.5787705018820613,0.484064853492725,10.279480817856175,5.947950156108946,0.4826502560305483,0.1456592891798105,6.90875477931522,1.1349452274085248
B0046,130,53,1281165068.0,1.123711172150547,4.0,3.315933995614132,2.191895759269081,4.1745648072291,-1.0001281764463046,0.08223855570993,9.1721362476023,13.777310967702926,0.991939393939394,2.832121212121212,4347.453,0.0867724506819347,0.2341910257639503,864.0426766682108,300.3487402826831,2.9656299976116083,0.2494977010637719,0.1194451670541273,1.0,1.7282392323598248,33.23817123121985,0.0,14.377074755625918,0.003574402793579,0.4110152410566536,0.6502057997006441,-0.0143849242008138,0.6045280602092777,0.3209634764458849,7.255242270459948,1000.0,0.1445269396138797,0.0031466137834762,0.0161051242796562,0.3231795904305508,0.5708555660365762,12.51169625413032,9.777310967702926,0.0022489745070736,-0.4838127834929198,1.9826690479600184,-0.5786977619423564,-0.4835274242686165,-9.77856418867718,-5.658107974824138,15382.0,3.538163609818544,23,3,1,0.5786977619423564,0.4835274242686165,9.77856418867718,5.658107974824138,0.4838127834929198,2.1108484252709285,6.90875477931522,1.123711172150547
B0046,136,55,1281454768.0,1.214119211354098,4.0,3.2963331961890048,2.198908641131297,4.101731329888953,-1.0007810921100906,0.0788971025731959,9.25834987796474,14.96165525093106,0.992809907120743,2.8130433436532507,4746.5,0.0870400457207883,0.2434596370887659,860.6019405134798,303.6295595874357,2.9329899216595674,0.2501945767215214,0.1146421448403753,1.0,1.7282392323598248,33.23817123121985,0.0,14.729798892407322,0.0048618520785098,0.4951492898648478,0.7025180244845376,1.214119211354098,0.5141200210057268,0.3304996828095542,10.44192298571016,1000.0,0.1489093461339564,0.0031979992614724,0.0320121619787191,0.2789021419351516,0.5931095609842041,10.71809288680324,10.96165525093106,0.0023094185717747,-0.483289852535754,1.902822688757656,-0.579075554351638,-0.4877721039377574,-10.970217313361095,-6.347626591044447,274358.0,57.80217002000256,23,3,1,0.579075554351638,0.4877721039377574,10.970217313361095,6.347626591044447,0.483289852535754,2.437284064982063,6.90875477931522,1.123711172150547
B0046,140,56,1281474829.0,1.211944797522819,4.0,3.3205927834140843,2.1759612427269523,4.14324574268369,-1.0005274848759138,0.0794932437529358,9.311634785976045,14.622124863653871,0.9925723270440252,2.837688679245283,4679.156,0.0804364119663791,0.193508960079445,859.7253069984276,303.88485648471885,2.903441995359307,0.236726135553224,0.1150921233752776,1.0,1.7282392323598248,33.23817123121985,0.0,6.0253736324200124,0.004029312826807,0.2016928015980293,0.7012598573335063,-0.0021744138312789,0.5162944348370058,0.2739453720458241,-8.456633169874381,1000.0,0.1460754283341743,0.0031852759186247,-0.0234710043257684,0.2408647377450344,0.0439318451484149,9.237868697486071,10.622124863653871,0.0022700941929808,-0.4829041041688011,1.9672844999567376,-0.5789288112218205,-0.4869354781016192,-10.627727873869516,-6.149454119964878,20061.0,4.287311643380924,23,3,1,0.5789288112218205,0.4869354781016192,10.627727873869516,6.149454119964878,0.4829041041688011,-2.2467164180111334,6.90875477931522,1.123711172150547
B0046,142,57,1281490502.0,1.1971248679331925,4.0,3.3321448974569696,2.1740843812957524,4.174381858889519,-1.0003494909916653,0.0802704481802642,9.306501252940652,14.181162993443126,0.9923891025641026,2.8493365384615386,4596.578,0.079300785047524,0.1898891838768594,859.2119968209809,304.39900633519073,2.893335639540593,0.2337882954973784,0.1146122076062121,1.0,1.7282392323598248,33.23817123121985,0.0,4.528473591317067,0.0035409767605739,0.1473559415337685,0.6926846963765415,-0.0148199295896265,0.5311143644266323,0.2691899689243834,-10.04572959275266,1000.0,0.1444131592368999,0.003891073236987,-0.0337443537453523,0.2763746490700344,-0.050510248482545,8.518860826771654,10.181162993443126,0.0022149440286754,-0.482808358995431,2.0002974775937665,-0.5788258197604459,-0.4859330689990684,-10.18472121819401,-5.893120015794432,15673.0,3.409710441114365,23,3,1,0.5788258197604459,0.4859330689990684,10.18472121819401,5.893120015794432,0.482808358995431,-2.4020438910736734,6.90875477931522,1.123711172150547
B0046,144,58,1281506099.0,1.1822892151870987,4.0,3.3300589536831566,2.1699286892596934,4.173792780760516,-1.0001304668043076,0.0807175856910358,9.361883663268088,13.989284902759552,0.9921974025974024,2.847941558441559,4544.641,0.0811575719686892,0.2105319446510815,859.0901741306609,304.8364871262015,2.8961932703601536,0.2368114136903228,0.1138842453091669,1.0,1.7282392323598248,33.23817123121985,0.0,6.975953809040074,0.0035107860793405,0.2208282201060676,0.6841004376302356,-0.0148356527460937,0.5459500171727261,0.2916895166197707,-2.527134460845777,1000.0,0.1443103918193158,0.0036217072429945,-0.0198531132589942,0.247336763780683,0.1039056440521402,7.900311245613494,9.989284902759552,0.0021980360831047,-0.4821173952415978,2.003864091500823,-0.5786990871975404,-0.4852888878073612,-9.990588172838134,-5.780790054983124,15597.0,3.43195425117112,23,3,1,0.5786990871975404,0.4852888878073612,9.990588172838134,5.780790054983124,0.4821173952415978,-1.2604857738177928,6.90875477931522,1.123711172150547
B0046,146,59,1281521644.0,1.1645336676778395,4.0,3.326398154149516,2.15658205310809,4.174292933831419,-0.9999751500715208,0.0810515332474906,9.565977385225588,15.042601535042603,0.9922607843137254,2.8428562091503267,4526.938,0.0837056962674426,0.2340831148169802,859.5424826745802,304.6896983280209,2.908308162971029,0.2419508188905048,0.1137514422050844,1.0,1.7282392323598248,33.23817123121985,0.0,10.334704208673797,0.0035124384397041,0.316846992247459,0.6738266588750718,-0.0177555475092592,0.5637055646819853,0.3177888110844228,6.194375454145404,1000.0,0.1443160163630673,0.0037332968617818,-0.001699057321987,0.3014343221601662,0.3158151978066499,9.799178449096566,11.042601535042603,0.0024393092052597,-0.4835419449991893,2.0177108807233286,-0.5786092172710923,-0.4848125580089131,-11.042327127184231,-6.389351030827563,15545.0,3.4338884252438544,23,3,1,0.5786092172710923,0.4848125580089131,11.042327127184231,6.389351030827563,0.4835419449991893,1.9732995338122543,6.90875477931522,1.123711172150547
B0046,148,60,1281537166.0,1.1535559567518647,4.0,3.324081152870965,2.159229413482601,4.174080626824366,-1.0001108627417223,0.0814292526770773,9.61325381021306,15.027421071078606,0.9922580858085808,2.8411914191419143,4487.438,0.084693724871962,0.2396267665053821,860.7518976188413,303.4570082679386,2.926108694139584,0.2454512683996722,0.115044544510302,1.0,1.7282392323598248,33.23817123121985,0.0,11.63705098661652,0.0035150221085472,0.3499598634180908,0.6674746962992741,-0.0109777109259747,0.5746832756079601,0.3243204913773441,8.377044204575352,1000.0,0.144324811029635,0.0038230138304456,0.00456151966791,0.3073947575048147,0.3979825790379441,10.035559968691484,11.027421071078606,0.0024573979787745,-0.4828897337290505,2.014851213341765,-0.5786877438243505,-0.4844539698128987,-11.028643601212671,-6.381433419823582,15522.0,3.458989294113153,23,3,1,0.5786877438243505,0.4844539698128987,11.028643601212671,6.381433419823582,0.4828897337290505,2.238264596575396,6.90875477931522,1.123711172150547
B0046,152,61,1281616462.0,1.1601987101282063,4.0,3.290189683513589,2.1981836512731,4.089380393518967,-0.9997380074680036,0.0812993883182785,9.659706152498446,14.577396723095212,0.9922631578947368,2.807723684210526,4513.312,0.0876393134708029,0.2454182263458781,863.1410791919571,301.1156045205664,2.9612869664999497,0.2527053082094747,0.1175722387907089,1.0,1.7282392323598248,33.23817123121985,0.0,15.51970964983537,0.0045872609207433,0.4721805934954455,0.6713183501476312,0.0066427533763415,0.5680405222316185,0.3330575398166809,11.296673112346692,1000.0,0.1479746529431361,0.0038503350443663,0.0276695215825657,0.2794087985498188,0.6429464396432192,9.175777307691082,10.577396723095212,0.0023435997163707,-0.4824659993030629,1.8911967422458669,-0.5784720009650741,-0.4843885121181898,-10.574625524145798,-6.118727847410305,79296.0,17.5693592643235,23,3,1,0.5784720009650741,0.4843885121181898,10.574625524145798,6.118727847410305,0.4824659993030629,2.509328747121418,6.90875477931522,1.123711172150547
B0046,156,62,1281636287.0,1.1711716308206082,4.0,3.3123680120679446,2.172247401410494,4.142442473931475,-0.999942885934547,0.0809311976203617,9.660074492266734,15.36587842843583,0.9924684039087948,2.828231270358306,4568.438,0.080197442170247,0.2035174076563225,860.6537589332937,303.01510150135846,2.9157591553419,0.238484744696807,0.1159455853873964,1.0,1.7282392323598248,33.23817123121985,0.0,5.710381189291655,0.0039895616038931,0.1771581182570108,0.6776675409812515,0.0109729206924018,0.5570676015392166,0.2837148498265695,-5.192000961350324,1000.0,0.1459401173588078,0.0038481652803849,-0.0281097223997064,0.2423576510820122,0.0240584100558125,8.002980002996726,11.36587842843583,0.0024879134681117,-0.4841367417096385,1.9701950725209807,-0.5785905484801338,-0.4849331472845534,-11.365229276911338,-6.576189833867208,19825.0,4.339557634358977,23,3,1,0.5785905484801338,0.4849331472845534,11.365229276911338,6.576189833867208,0.4841367417096385,-1.8232582915442492,6.90875477931522,1.123711172150547
B0046,158,63,1281651852.0,1.1563410270783216,4.0,3.320267294029527,2.167855497701561,4.174041322689958,-0.9999545027275712,0.0815638104432715,9.610732084606385,15.29268403662172,0.992191390728477,2.837437086092715,4499.656,0.0778961907562286,0.1896756699221744,860.2663737714948,303.3166924339787,2.905415006814764,0.2344747780109947,0.1159110429598292,1.0,1.7282392323598248,33.23817123121985,0.0,2.677040504038065,0.0036473921489439,0.0808984253310882,0.6690862037076866,-0.0148306037422865,0.5718982052815031,0.267571860678403,-10.586447163871693,1000.0,0.1447753913630797,0.003867748061498,-0.0463093286942242,0.2186597240171732,-0.1673204643814139,7.264030994434163,11.29268403662172,0.0025096771923496,-0.4828302079368116,2.006185824988397,-0.5785972702306877,-0.4842077796221388,-11.292170250299652,-6.533916157166991,15565.0,3.459153321942064,23,3,1,0.5785972702306877,0.4842077796221388,11.292170250299652,6.533916157166991,0.4828302079368116,-2.4498360671196875,6.90875477931522,1.123711172150547
B0046,160,64,1281667352.0,1.141082456193516,4.0,3.3220005581957603,2.197413864039741,4.174154842675988,-0.9997765998111344,0.082185962698805,9.509606751933422,14.698902260428524,0.9919764309764312,2.8399393939393938,4430.984,0.0792569683864871,0.1972918601150683,861.1114583390683,302.7228861018436,2.917315745921228,0.2374551652805688,0.1166783107984921,1.0,1.7282392323598248,33.23817123121985,0.0,4.470717685202016,0.0035015896197973,0.1315912549084258,0.660257234546993,-0.0152585708848056,0.5871567761663088,0.2765488285015554,-7.586645235041124,1000.0,0.144279087577094,0.0026010266256548,-0.036724948023359,0.1442800839973773,-0.0541541716192159,6.165736932396401,10.698902260428524,0.002414565762464,-0.4820611642563666,1.976740978636247,-0.5784943314054356,-0.4833848568461416,-10.69651212364289,-6.189254309918702,15500.0,3.498094328482454,23,3,1,0.5784943314054356,0.4833848568461416,10.69651212364289,6.189254309918702,0.4820611642563666,-2.1502081166458047,6.90875477931522,1.123711172150547
B0046,162,65,1281682779.0,1.1352383596118123,4.0,3.316995919062792,2.1808859045895868,4.173817719824036,-0.9995908082297772,0.0825361664405592,9.55376799961061,15.066788669768552,0.9918596610169492,2.8350033898305087,4411.141,0.0818906974060578,0.2126178827991298,862.354805059782,301.7424320011662,2.937193822026468,0.2428486544052173,0.1177271170483814,1.0,1.7282392323598248,33.23817123121985,0.0,7.942305943803704,0.0036129360141128,0.231470228093896,0.6568757023654074,-0.0058440965817037,0.5930008727480125,0.2945085802051876,-1.585097845852102,1000.0,0.1446581045761687,0.0027934523033543,-0.0178410524506282,0.2206111101821984,0.164874523927766,8.096413530574429,11.066788669768552,0.0025088267796849,-0.4819925292322833,1.9929318152344488,-0.5783868280125193,-0.482872081156434,-11.062260230922089,-6.40088479499232,15427.0,3.497281088951022,23,3,1,0.5783868280125193,0.482872081156434,11.062260230922089,6.40088479499232,0.4819925292322833,-0.9497633586375096,6.90875477931522,1.123711172150547
B0046,168,67,1281956227.0,1.2530847858282803,4.0,3.304824958917925,2.1634350552847827,4.122428601972404,-0.9999417105324964,0.0786592306417096,9.689325427035971,14.884443210062466,0.9926836923076922,2.823326153846154,4883.312,0.0875210050545097,0.2419179238470177,861.8798179413268,302.993975392001,2.9444587921717105,0.2527359195642734,0.1156194053378308,1.0,1.7282392323598248,33.23817123121985,0.0,15.363764180181793,0.0049516899923904,0.5588132491811167,0.7250644253210565,1.2530847858282803,0.4751544465315445,0.3294389289015274,10.087454563632656,1000.0,0.1492151494492005,0.0028296004285688,0.0440489653331403,0.2839108997567067,0.6331075618010519,9.910263097983634,10.884443210062466,0.0022289059576902,-0.4814988050717712,1.958993546687621,-0.5785898683647724,-0.4875616945756724,-10.883808761663678,-6.297628564133883,258038.0,52.84077691532861,23,3,1,0.5785898683647724,0.4875616945756724,10.883808761663678,6.297628564133883,0.4814988050717712,2.40581424964603,6.90875477931522,1.123711172150547
B0046,172,68,1281976428.0,1.2050453590356518,4.0,3.323591957993409,2.1839323108066178,4.143823070139112,-0.9998017376659812,0.0805846306589722,9.54652406934783,14.454392118638458,0.9924735483870968,2.840061290322581,4663.907,0.0822008187510337,0.1874449343572852,859.7452248947336,303.90894688848374,2.9018406367206886,0.236544583364443,0.1150839233037051,1.0,1.7282392323598248,33.23817123121985,0.0,8.351085135573253,0.0038771074746781,0.2758570713447961,0.6972676794231909,-0.0480394267926285,0.523193873324173,0.2696457531083189,-9.893421786705511,1000.0,0.1455573296910918,0.0028302445189285,-0.0094489306053557,0.30416695915159,0.1906651322806406,10.453579032240745,10.454392118638458,0.0022415524406117,-0.483530667670828,1.959890759332494,-0.5785088767614034,-0.485252539208749,-10.452319406456269,-6.047958641776803,20201.0,4.331347087323068,23,3,1,0.5785088767614034,0.485252539208749,10.452319406456269,6.047958641776803,0.483530667670828,-2.388159101245332,6.90875477931522,1.123711172150547
B0046,174,69,1281992096.0,1.19119860196273,4.0,3.3336764636844887,2.196284886273677,4.173823759594136,-1.000249176467669,0.0814139041702436,9.486110245180768,14.172939173239188,0.9922447368421052,2.852111842105263,4581.328,0.0818327476965874,0.1809238866546194,859.8325404185383,303.5781456841872,2.9012991858061,0.2347452308604378,0.1155085122135747,1.0,1.7282392323598248,33.23817123121985,0.0,7.865920890712854,0.0034526149201358,0.2531315567672593,0.6892556190477215,-0.0138467570729217,0.5370406303970947,0.2627566343512068,-12.19553449810773,1000.0,0.1441123803944287,0.003870210411169,-0.0137455931603649,0.3664676036052788,0.1600552546793688,11.177043915280068,10.172939173239188,0.0022205219039625,-0.4815646215792255,1.9775388733204584,-0.5787677754098376,-0.4845517634148212,-10.175474030288187,-5.887769374675237,15668.0,3.419969057006304,23,3,1,0.5787677754098376,0.4845517634148212,10.175474030288187,5.887769374675237,0.4815646215792255,-2.5798784767595615,6.90875477931522,1.123711172150547
B0046,176,70,1282007682.0,1.17463817374538,4.0,3.32512940887575,2.1526544597098902,4.174042864835579,-1.0000755059089512,0.0816071273658258,9.528985199683015,14.797843662102167,0.9921900662251656,2.84443046357616,4553.031,0.0839516372933019,0.2001965807259867,861.08814385306,302.6058668975675,2.922850303450357,0.2405247528653475,0.1164236396970013,1.0,1.7282392323598248,33.23817123121985,0.0,10.65888561508924,0.0036161564659115,0.3327505250683124,0.6796733645153222,-0.0165604282173501,0.5536010586144449,0.2841482180192886,-5.047183828658863,1000.0,0.1446690668168763,0.0035736658255115,0.0013077882977493,0.3377162604165187,0.3362683809834936,10.86343510371939,10.797843662102167,0.0023715726209858,-0.48069894529959,2.021388405125689,-0.5786672855266285,-0.4842276665310852,-10.798658963102588,-6.248358881489571,15586.0,3.423214118242677,23,3,1,0.5786672855266285,0.4842276665310852,10.798658963102588,6.248358881489571,0.48069894529959,-1.799592680805666,6.90875477931522,1.123711172150547
B0046,178,71,1282023233.0,1.1555432048235512,4.0,3.3265245824041667,2.1963314779954723,4.173923325104936,-0.999683623144786,0.0822093031992574,9.519831150565883,14.86814851282613,0.992072053872054,2.84593265993266,4486.5,0.0862174880517544,0.225666702126123,862.5032025646271,301.606223673777,2.947789653104844,0.2477631637199973,0.1173179537456445,1.0,1.7282392323598248,33.23817123121985,0.0,13.6455637548432,0.0034534832027296,0.4117856156649099,0.6686245649253746,-0.0190949689218287,0.5726960275362736,0.3118841901778774,4.221248944904091,1000.0,0.144115335980598,0.0034978054132199,0.0162507772954033,0.3531810576844494,0.5247032321926309,11.491522595755924,10.86814851282613,0.0024224113480048,-0.4805919224715067,1.977591847109464,-0.5784405329124065,-0.4833040476245029,-10.864710082177645,-6.286577617530325,15551.0,3.4661763066970983,23,3,1,0.5784405329124065,0.4833040476245029,10.864710082177645,6.286577617530325,0.4805919224715067,1.6527366347519648,6.90875477931522,1.123711172150547
B0046,180,72,1282038725.0,1.1538041170229467,4.0,3.325662411014798,2.189500804437932,4.174510564064746,-0.9996591394483646,0.0826049354479119,9.508632239069213,14.051631055988958,0.9920074829931974,2.845227891156463,4450.625,0.0863314045514058,0.2380776358025001,863.0851143299355,301.1844153735399,2.9577217817284,0.2504474176632336,0.1176870302873228,1.0,1.7282392323598248,33.23817123121985,0.0,13.795720122378402,0.0034689670641028,0.4150565332373159,0.6676182876878015,-0.0017390878006044,0.5744351153368781,0.3244090403539059,8.40663430625768,1000.0,0.1441680421926657,0.0035128689109146,0.0168692024142682,0.3865308913235127,0.534176865256062,12.700056497436949,10.051631055988958,0.0022584762940006,-0.4804345198583353,1.9850097596268137,-0.5784263660679392,-0.4828320364711948,-10.048204851482378,-5.814128424771335,15492.0,3.4808594298545747,23,3,1,0.5784263660679392,0.4828320364711948,10.048204851482378,5.814128424771335,0.4804345198583353,2.241415217593768,6.90875477931522,1.123711172150547
B0047,0,1,1279724435.0,1.6743047446975208,4.0,3.4752664759657903,2.470611866932728,4.246764125510136,-0.9527668403077524,0.2012419719033223,8.272422519178683,12.376815880696888,0.9571534693877553,2.817938775510204,6436.141,0.053085259065426,0.1755452314974857,854.146799697557,310.2817088516029,2.828267906592761,0.2147152770810277,0.0832127694436269,1.0,1.6743047446975208,30.914085064415787,0.0,0.0,0.0,0.0,1.0,-0.0116627340449066,0.0,0.2286304905629116,0.0,0.0,0.132359869196964,0.0001029646583905,-0.0616046142506126,0.091619638731016,-0.3362197248490324,0.9096187759928576,8.376815880696888,0.0013015277136867,-0.6573277004555864,1.776152258577408,-0.5690522246658428,-0.328663523122165,-7.981152398491377,-4.766845712526726,16004.0,3.427584184706898,24,3,0,0.5690522246658428,0.328663523122165,7.981152398491377,4.766845712526726,0.6573277004555864,0.0,0.0,1.6743047446975208
B0047,4,2,1279746176.0,1.5243662105099025,4.0,3.4765588189090355,2.477661652422805,4.186635709569866,-0.9838885014038208,0.1065832520018939,8.210715424489035,11.314903320182369,0.9883468531468532,2.881351981351981,5650.265,0.053085259065426,0.1623834521643902,855.478040547796,308.9755019476339,2.844452560569153,0.2174777671717674,0.0845302139899237,1.0,1.6743047446975208,30.914085064415787,0.0,0.0,-0.0001443108626728,0.0,0.9104472858585216,-0.1499385341876182,0.1499385341876182,0.2154687112298162,-5.756790900077204,0.0,0.1318686429615716,0.0002465228187969,-0.0616046142506126,0.2810836875446574,-0.3362197248490324,3.1016500274585908,7.314903320182369,0.0012946124332542,-0.5952068375570545,1.7089740571470609,-0.5876400362192903,-0.46032360559245,-7.197049265608064,-4.298530052012574,21741.0,3.8477841304781535,24,3,0,0.5876400362192903,0.46032360559245,7.197049265608064,4.298530052012574,0.5952068375570545,-1.9105480584166807,0.0,1.5243662105099025
B0047,6,3,1279762806.0,1.5080762969973425,4.0,3.4707669643372343,2.4707098734854784,4.199922751479228,-0.9838892612061608,0.107188171789671,7.954455063989402,11.624528187721143,0.988211320754717,2.884254716981132,5590.907,0.0545338795166567,0.16514355374453,856.8092813980351,307.66929504366493,2.8606372145455445,0.2202402572625071,0.0858476585362205,1.0,1.6743047446975208,30.914085064415787,0.0,2.7288563279785727,0.0004532048378446,0.2748589161930481,0.9007179259172385,-0.01628991351256,0.1662284477001783,0.2196774332611867,-3.915950685545984,1000.0,0.133902553526007,0.000398101107701,-0.009637649582432,0.4756601625377409,-0.1640513116245277,5.584442139477557,7.624528187721143,0.0013637372590386,-0.5865122473561022,1.7292128779937497,-0.5876404900209904,-0.4596014671786869,-7.501691405662504,-4.480481480411306,16630.0,2.974472657119323,24,3,0,0.5876404900209904,0.4596014671786869,7.501691405662504,4.480481480411306,0.5865122473561022,-1.592485160234837,6.90875477931522,1.5080762969973425
B0047,8,4,1279779381.0,1.4835577960067696,4.0,3.4675514337042928,2.465457800547402,4.199568876812779,-0.9789465319710104,0.1273471723577157,7.985864710265716,11.0929238810592,0.9832988066825776,2.843420047732697,5543.61,0.0582227144237123,0.192012251763869,859.0331765501674,305.6142467886035,2.8990379398389496,0.2218717669298766,0.087498025167862,1.0,1.6743047446975208,30.914085064415787,0.0,9.67774378185579,0.000677197300016,0.8494758339855817,0.8860739364832826,-0.0245185009905728,0.1907469486907511,0.2502349661875813,9.449516325220667,1000.0,0.1346650115413694,0.0006369832340351,0.0990038945168337,0.6985081123346724,0.2743663926508521,8.585109133952017,7.0929238810592,0.0012794774309624,-0.6241313859715958,1.734111076265377,-0.5846883815426194,-0.4325689150178292,-6.943593234897263,-4.1471501844214975,16575.0,2.989928945217468,24,3,0,0.5846883815426194,0.4325689150178292,6.943593234897263,4.1471501844214975,0.6241313859715958,2.3465556926717728,6.90875477931522,1.4835577960067696
B0047,10,5,1279795908.0,1.4671391666146525,4.0,3.4628386272032645,2.465765118194009,4.1993968014662295,-0.9762620303137102,0.1366053873344818,8.009426990342208,11.020979145558456,0.9807306024096384,2.829371084337349,5499.046,0.0613217611414114,0.2183934211217699,860.9307172571196,303.81001323162087,2.9339723978705448,0.2225069082013386,0.0888969625772192,1.0,1.6743047446975208,30.914085064415787,0.0,15.515610587553418,0.0010044142633172,1.2539660625100748,0.8762676993307483,-0.0164186293921171,0.2071655780828682,0.2797151822631813,22.343778973248977,1000.0,0.1357788400783342,0.0011700881912273,0.1754799634233744,0.8962418356986905,0.6426878224923064,11.283096555873824,7.0209791455584565,0.0012767631231957,-0.6334675428659153,1.7336316832722205,-0.5830850284707257,-0.4199063864875167,-6.854315355433116,-4.093827824980324,16527.0,3.0054303964718594,24,3,0,0.5830850284707257,0.4199063864875167,6.854315355433116,4.093827824980324,0.6334675428659153,3.150330523488903,6.90875477931522,1.4671391666146525
B0047,12,6,1279812389.0,1.448858156982267,4.0,3.4591836330966035,2.470048280303351,4.198907847432783,-0.971168129982195,0.1530151740714563,8.033626730077737,11.05909419348262,0.975676399026764,2.819944038929441,5461.219,0.0610498183039635,0.220120295928771,861.3036726529532,303.2392654740333,2.9402011910845345,0.2222766268113389,0.0894698333291617,1.0,1.6743047446975208,30.914085064415787,0.0,15.003334972372304,0.0011944106316709,1.1142397489846574,0.8653491316743638,-0.0182810096323855,0.2254465877152538,0.2811701142327345,22.98014727198609,1000.0,0.1364255772610799,0.0014534906172942,0.1490622197359526,0.8152919071696113,0.6103674401786385,10.360002482607769,7.05909419348262,0.0012925858116075,-0.6392395941671625,1.7288595671294311,-0.5800426311146859,-0.3972620776166909,-6.855567307252687,-4.094575569274061,16481.0,3.017824408799021,24,3,0,0.5800426311146859,0.3972620776166909,6.855567307252687,4.094575569274061,0.6392395941671625,3.177226291031139,6.90875477931522,1.448858156982267
B0047,16,7,1279879148.0,1.4458534180949325,4.0,3.440865649757287,2.484128874181115,4.163303236325632,-0.970933467028425,0.1534246494535645,8.150799939416203,11.877028657628198,0.975558924205379,2.7938288508557454,5451.281,0.060246427127825,0.1934978822968056,859.5279854438552,305.2868704839996,2.9136531853014263,0.2184671249414401,0.0875484045196272,1.0,1.6743047446975208,30.914085064415787,0.0,13.489937109609038,0.0025212139232882,0.9886686168200908,0.8635545128053375,-0.0030047388873344,0.2284513266025882,0.2537443094246306,10.984457361763765,1000.0,0.1409419426543431,0.0016541987675749,0.1253207647417976,0.5692121306158275,0.5148844695517751,7.264009321212555,7.877028657628198,0.0014449867210343,-0.6470367989015418,1.6791743621445168,-0.5799024756535173,-0.3966327932999057,-7.648070744433207,-4.567908419352294,66759.0,12.24647931375905,24,3,0,0.5799024756535173,0.3966327932999057,7.648070744433207,4.567908419352294,0.6470367989015418,2.483610590412758,6.90875477931522,1.4458534180949325
B0047,20,8,1279899891.0,1.431118266178283,4.0,3.44810227661685,2.483034750266961,4.181797294694067,-0.9610547420763002,0.1805080694442376,8.230899786348077,11.559250858608888,0.9657828850855744,2.7475867970660146,5468.062,0.0520837451156023,0.1700198742121209,857.2026450097189,306.50424130105563,2.871554159332396,0.2209501389436875,0.0864803512821923,1.0,1.6743047446975208,30.914085064415787,0.0,-1.886614038351712,0.0018702169681791,-0.1298907264523484,0.8547537541839961,-0.0147351519166494,0.2431864785192377,0.2221036193277231,-2.854768491538896,-1000.0,0.1387259848422468,0.0018238639494417,-0.0861627653405071,0.3119088071515903,-0.4552495697037446,4.054229732116175,7.559250858608888,0.0013824369326111,-0.7005154795508353,1.698762544427106,-0.5740022803769343,-0.3583807575829613,-7.264853884210415,-4.339027230782801,20743.0,3.793482956117945,24,3,0,0.5740022803769343,0.3583807575829613,7.264853884210415,4.339027230782801,0.7005154795508353,-1.3493109511364612,-6.90875477931522,1.431118266178283
B0047,22,9,1279916342.0,1.419274551657853,4.0,3.4496654644975946,2.49830336362436,4.197837203348764,-0.9582923588349712,0.1877185095973391,8.146945225413083,11.34743713793976,0.9628856435643564,2.731106435643565,5411.297,0.0500051344718397,0.1662886975870564,856.3201665024802,306.990413088492,2.856999074349204,0.2205710215992007,0.0860382387646773,1.0,1.6743047446975208,30.914085064415787,0.0,-5.802222025120269,0.0016807380514192,-0.3809230487833372,0.8476799436617847,-0.0118437145204299,0.2550301930396677,0.216293832058896,-5.395893793379244,-1000.0,0.138081009036252,0.0019767490935851,-0.133624888839471,0.170263954075328,-0.7022922619038571,2.4396280916714512,7.34743713793976,0.0013577959476144,-0.7185590288540298,1.6995338397244044,-0.5723524115293261,-0.348117832872458,-7.040992866307962,-4.205323364459952,16451.0,3.0401214348421384,24,3,0,0.5723524115293261,0.348117832872458,7.040992866307962,4.205323364459952,0.7185590288540298,-1.8556561896711208,-6.90875477931522,1.419274551657853
B0047,24,10,1279932734.0,1.3999974221808271,4.0,3.4449123724079618,2.49851157426792,4.197777018222757,-0.9553719838321842,0.1946897334358615,8.251894856354932,11.693269060729056,0.960014,2.7561925,5369.703,0.0528021620899065,0.1798209593354982,856.7574547715299,306.77713588735224,2.867343455248885,0.2184770093391068,0.0861538167043445,1.0,1.6743047446975208,30.914085064415787,0.0,-0.5332873579284853,0.0018527401726513,-0.0325505548111107,0.8361664306420813,-0.0192771294770259,0.2743073225166936,0.2326231214254047,1.746324750998655,-1000.0,0.1386664947919842,0.0019145180944166,-0.0677588753356363,0.0777563375519794,-0.3698657754915185,1.6841436494137298,7.693269060729056,0.0014327177984941,-0.6887198724079617,1.699265443954837,-0.570608180074275,-0.3380462955832254,-7.349933724703483,-4.389842257564334,16392.0,3.052682802009151,24,3,0,0.570608180074275,0.3380462955832254,7.349933724703483,4.389842257564334,0.6887198724079617,1.0102635636447987,-6.90875477931522,1.3999974221808271
B0047,26,11,1279949086.0,1.3885156686114437,4.0,3.441830864370845,2.4919375577484737,4.197306543877358,-0.9527836491780216,0.2013646100471933,8.23497518866995,11.557441727679937,0.9570863636363636,2.768262626262626,5327.406,0.05676424098544,0.1959485973412495,857.8170782652522,306.16298267779985,2.8870852978418107,0.2166150154841502,0.0867051083345457,1.0,1.6743047446975208,30.914085064415787,0.0,6.930326770148685,0.001958836352388,0.4060154836033455,0.8293088059439815,-0.0114817535693834,0.285789076086077,0.2527128383266895,10.533305334363568,1000.0,0.1390276403495417,0.0021040833328021,0.0151598312452361,0.3490400774826562,0.1010269527830099,5.991802672627033,7.557441727679937,0.0014185969170884,-0.6735682381082189,1.705368986128884,-0.5690622639793622,-0.3285270680245731,-7.200606907749142,-4.300654899445648,16352.0,3.0694112669462266,24,3,0,0.5690622639793622,0.3285270680245731,7.200606907749142,4.300654899445648,0.6735682381082189,2.445238965736284,6.90875477931522,1.3885156686114437
B0047,28,12,1279965399.0,1.3652234669528964,4.0,3.434468178084287,2.4683068422721184,4.19770091242359,-0.949814677088373,0.2075363488706896,8.269239827690175,11.667407771157473,0.9542162849872774,2.705918575063613,5299.266,0.0582411727609675,0.200236051755765,858.8137643700969,305.4411113601443,2.9009843417087544,0.2169024327683338,0.0875727995542407,1.0,1.6743047446975208,30.914085064415787,0.0,9.71251489832043,0.0022100589274457,0.5261305342033479,0.8153972395267488,-0.0232922016585472,0.3090812777446243,0.2584772245167325,13.05457279551357,1000.0,0.1398827881707489,0.00218176822794,0.0378697170190087,0.5471614432996874,0.2765601644102456,9.108055127225516,7.667407771157473,0.0014468810909201,-0.728549603020674,1.7293940701514718,-0.5672890072904124,-0.3193815108755595,-7.282616436266816,-4.349636142990716,16313.0,3.078350850853103,24,3,0,0.5672890072904124,0.3193815108755595,7.282616436266816,4.349636142990716,0.728549603020674,2.642947808700079,6.90875477931522,1.3652234669528964
B0047,32,13,1280247125.0,1.4060442272970963,4.0,3.430115214310407,2.479195639185483,4.1533796403143945,-0.962374774611937,0.1768220178068305,8.236583239584068,11.311016339650983,0.9672589420654912,2.767632241813602,5367.172,0.0635174048762422,0.2084118067026564,861.11759300332,303.2181538523015,2.9392445297486938,0.2202001087180462,0.0889653068880954,1.0,1.6743047446975208,30.914085064415787,0.0,19.6516810777148,0.0028180431601064,1.226527973201036,0.8397779626140351,0.0408207603441999,0.2682605174004244,0.2719292115788986,18.93829677747621,1000.0,0.1419523330425372,0.0021931853987223,0.1702923048331625,0.6690092828583882,0.9036398872729688,11.195477006529078,7.311016339650983,0.0013621729170687,-0.6624829724968051,1.6741840011289115,-0.5747906867521949,-0.3635722472641483,-7.035937702055803,-4.202304102724507,281726.0,52.490585358536585,24,3,0,0.5747906867521949,0.3635722472641483,7.035937702055803,4.202304102724507,0.6624829724968051,2.9926423435070957,6.90875477931522,1.3652234669528964
B0047,36,14,1280267784.0,1.405754161352578,4.0,3.442078085056046,2.4933737831605582,4.1809212253928045,-0.9528782892582864,0.2005160991010793,8.16126508624072,11.175603921563273,0.957409022556391,2.7229448621553884,5406.812,0.0582764879151212,0.1828535117595706,863.9527446390288,299.73410201846946,2.957625680245654,0.2269958200662307,0.094161967960282,1.0,1.6743047446975208,30.914085064415787,0.0,9.77904024787214,0.0020691625271089,0.6096837803018188,0.8396047170054104,-0.0002900659445184,0.2685505833449428,0.2411299996746918,5.467122528729133,1000.0,0.139403184577257,0.00225787184887,0.0536669436400342,0.7561051985261734,0.2807573673754922,12.86316549480206,7.1756039215632725,0.0013271413767598,-0.7191332229006577,1.6875474422322465,-0.5691187889820585,-0.3295971611346218,-6.837477189174263,-4.083771014054999,20659.0,3.820920720009532,24,3,0,0.5691187889820585,0.3295971611346218,6.837477189174263,4.083771014054999,0.7191332229006577,1.8667312690499491,6.90875477931522,1.3652234669528964
B0047,38,15,1280284177.0,1.3867662881727878,4.0,3.442467881226828,2.491571322470993,4.198049966629152,-0.949763883381583,0.2073489464989213,8.25301239256121,11.15023736338702,0.954330456852792,2.7574187817258884,5353.094,0.0583427286519899,0.1870162385238527,865.0551508931167,298.4539695017052,2.9704316970152607,0.2287305017708321,0.095627211339819,1.0,1.6743047446975208,30.914085064415787,0.0,9.903822038589334,0.0019098260265625,0.5766886429823926,0.8282639660220997,-0.0189878731797901,0.287538456524733,0.2453589671758426,7.316817848124946,1000.0,0.1388608118973745,0.0022544987230019,0.0474286263278314,0.8613417570784414,0.2886300731265515,15.00045185020841,7.150237363387021,0.0013357204942386,-0.6850490995009397,1.706478644158159,-0.5672586700970667,-0.3195750306261183,-6.791037205350548,-4.056034137633278,16393.0,3.0623411432709635,24,3,0,0.5672586700970667,0.3195750306261183,6.791037205350548,4.056034137633278,0.6850490995009397,2.1182797114954535,6.90875477931522,1.3652234669528964
B0047,40,16,1280300517.0,1.3705053061420225,4.0,3.433855142547628,2.471859124111365,4.19764856730434,-0.9517106306260904,0.2033993642274321,8.291638340695691,11.81131136026599,0.9562010309278351,2.77564175257732,5280.031,0.06119072475746,0.2063431876514047,865.1496582690385,298.4535210668397,2.979264602971326,0.2276336853313826,0.0950199456186292,1.0,1.6743047446975208,30.914085064415787,0.0,15.268769211513602,0.0022822686031269,0.841495061942272,0.8185518857796807,-0.0162609820307653,0.3037994385554983,0.2675339124088647,17.01585015192432,1000.0,0.1401285859332098,0.0021501020706657,0.0974949876763942,0.8073630130663222,0.6271141597841603,15.05995317637391,7.811311360265989,0.0014794063444446,-0.658213389970308,1.7257894431929754,-0.5684213898764318,-0.3254556278189453,-7.434108060695489,-4.440116460159954,16340.0,3.0946788001807004,24,3,0,0.5684213898764318,0.3254556278189453,7.434108060695489,4.440116460159954,0.658213389970308,2.891251934422929,6.90875477931522,1.3652234669528964
B0047,42,17,1280316781.0,1.34974311148236,4.0,3.432751730603936,2.488914813470205,4.1969633661005,-0.9434304652541514,0.2203613679457561,8.318107121376224,11.699803023226297,0.9480716883116884,2.6830077922077926,5248.593,0.0639140927546548,0.2236548395618021,864.7318571186747,299.0539904356984,2.9822397356824983,0.2258193972628085,0.0937718161938878,1.0,1.6743047446975208,30.914085064415787,0.0,20.398946675352168,0.0021931932981052,1.0523133269646874,0.8061513985174807,-0.0207621946596625,0.3245616332151608,0.2875689323164569,25.77890698246052,1000.0,0.1398253784965566,0.0022600612319668,0.1373539286980939,0.765644974141325,0.950786206734129,14.84386707217586,7.699803023226297,0.0014670223092598,-0.7497439383961435,1.7080485526302955,-0.5634759548275157,-0.3002486438949974,-7.264228748567707,-4.33865386049623,16264.0,3.0987352229439207,24,3,0,0.5634759548275157,0.3002486438949974,7.264228748567707,4.33865386049623,0.7497439383961435,3.2876145247348085,6.90875477931522,1.34974311148236
B0047,44,18,1280333019.0,1.3251533367939785,4.0,3.427385554126148,2.472852533936716,4.196227134476293,-0.9400482502771172,0.2268732596162597,8.303021352537922,11.234017863419322,0.9447536842105264,2.67641052631579,5203.375,0.0636753370419538,0.2221831366506477,864.2853185466147,299.5931083899472,2.977517298556108,0.225351572866926,0.0932803195200374,1.0,1.6743047446975208,30.914085064415787,0.0,19.949187708542297,0.0022960598984252,0.95663425314044,0.7914648399526456,-0.0245897746883814,0.3491514079035422,0.2858584736926015,25.03077465235759,1000.0,0.1401755307434971,0.0015271796638191,0.1192640987672478,0.6706661833937351,0.9224101112778657,14.898996449346855,7.2340178634193215,0.001390254952491,-0.7509750278103584,1.723374600539577,-0.5614558835198726,-0.2904499508194387,-6.800325834980743,-4.061581890904637,16238.0,3.120666874864271,24,3,0,0.5614558835198726,0.2904499508194387,6.800325834980743,4.061581890904637,0.7509750278103584,3.259279478546658,6.90875477931522,1.3251533367939785
B0047,48,19,1280353515.0,1.3111943869635805,4.0,3.4184685184601045,2.4822189935935484,4.176260352394772,-0.9371553622323054,0.2331500423495189,8.32601397527908,11.729632241368254,0.9415117021276596,2.734601063829788,5166.812,0.0577029385740316,0.1837222414677655,864.4387041510549,299.2528928504798,2.9651923902495456,0.2287362909161964,0.0951911489424196,1.0,1.6743047446975208,30.914085064415787,0.0,8.6986097268819,0.0026189583336143,0.4010935856768331,0.7831276779905801,-0.013958949830398,0.3631103577339403,0.2414251800417971,5.596230577741966,1000.0,0.1412746592484085,0.0016665993592155,0.0142292589385774,0.6771248526705695,0.2125910786299033,15.340608699963903,7.729632241368254,0.0014960157716918,-0.6838674546303163,1.6940413588012238,-0.5597280690032825,-0.2812243581959793,-7.243866303081973,-4.326492128566567,20496.0,3.966856158109881,24,3,0,0.5597280690032825,0.2812243581959793,7.243866303081973,4.326492128566567,0.6838674546303163,1.88649836129406,6.90875477931522,1.3111943869635805
B0047,52,21,1280383038.0,1.3394234405932892,4.0,3.4156755122328164,2.481264290061195,4.199835388165491,-0.9234823229846594,0.2570770290030892,8.388106987601862,12.186162994585318,0.9278634020618556,2.680860824742268,5340.281,0.0623628797939836,0.1937711815267025,866.682242993842,296.8802983458393,3.002593372662008,0.232519954534778,0.0976480239164088,1.0,1.6743047446975208,30.914085064415787,0.0,17.476830464598855,0.0029793670801091,0.8737884083264441,0.7999878426165894,1.3394234405932892,0.3348813041042315,0.2561340613206861,12.029703724013707,1000.0,0.1425014707888851,0.0017689965152467,0.1036006189355414,0.7274472995153202,0.766424682785496,17.828871477270294,8.186162994585318,0.0015329086605337,-0.7348146874905486,1.718571098104296,-0.5515616708115664,-0.244476560214224,-7.559776818570706,-4.515173738829294,13369.0,2.503426317828125,24,4,0,0.5515616708115664,0.244476560214224,7.559776818570706,4.515173738829294,0.7348146874905486,2.567231652890038,6.90875477931522,1.3111943869635805
B0047,54,22,1280399369.0,1.2849157142560723,4.0,3.4189443106786306,2.487540187711501,4.195847527614419,-0.9304720950574632,0.2445960710631115,8.304841644444155,11.147409475641334,0.9351572972972976,2.669127027027027,5103.0,0.0670162627311673,0.2163126458420762,867.8509651727705,295.7082531707298,3.0277366042821168,0.2330488738973953,0.0982080824669846,1.0,1.6743047446975208,30.914085064415787,0.0,26.24269695768416,0.0024217546258306,1.128390082794504,0.7674324034052742,-0.0545077263372169,0.3893890304414484,0.2833289085732435,23.924375806750422,1000.0,0.1406033886788489,0.0017760262333153,0.1517375919135202,0.7252760225497968,1.3194788356108698,18.020400208708697,7.147409475641334,0.0014006289389848,-0.7498172836516037,1.7083073399029185,-0.5557364018996587,-0.2635601159616862,-6.650465069033556,-3.972075624896441,16331.0,3.200274348421869,24,3,0,0.5557364018996587,0.2635601159616862,6.650465069033556,3.972075624896441,0.7498172836516037,3.2158462726757655,6.90875477931522,1.2849157142560723
B0047,56,23,1280415459.0,1.281719159327807,4.0,3.414783557486352,2.4907582384317,4.195387366763826,-0.9322821459755778,0.2413148982380613,8.319029412369582,11.681014963080823,0.9370065753424658,2.682065753424657,5051.172,0.0671776707732496,0.2249881258241508,868.0850207093993,295.4407720581452,3.0315510886793886,0.2325987749516351,0.0982469097648808,1.0,1.6743047446975208,30.914085064415787,0.0,26.546751312742245,0.0025794843508558,1.1321697315343764,0.7655232199436679,-0.0031965549282653,0.3925855853697138,0.2921657965974004,27.789515562934376,1000.0,0.141140291983275,0.0026816169062283,0.1524522017040395,0.7758464777045925,1.3386621672167256,17.713929658022174,7.681014963080823,0.0015206401530336,-0.7327178040616951,1.7046291283321255,-0.5568174780435123,-0.2685606372764168,-7.1608731130515135,-4.276923380557146,16090.0,3.1853993489029504,24,3,0,0.5568174780435123,0.2685606372764168,7.1608731130515135,4.276923380557146,0.7327178040616951,3.3600112779085105,6.90875477931522,1.281719159327807
B0047,60,24,1280435809.0,1.2600051642942829,4.0,3.409591730169167,2.493163832069928,4.174064296873529,-0.9267897523084676,0.2514114263675573,8.40175592495139,11.29683746494969,0.9311564738292012,2.640454545454545,5027.563,0.0582113061903756,0.2008032297127174,866.8140172334679,296.5879362372329,2.9965637058204795,0.2315305586346787,0.0979182472566041,1.0,1.6743047446975208,30.914085064415787,0.0,9.656253384073912,0.0026541069239574,0.3902372008492164,0.7525542576909527,-0.0217139950335241,0.4142995804032379,0.259014535903093,13.289585799547938,1000.0,0.1413943031157779,0.0026121935853065,0.0121766663773644,0.7415050358653856,0.2730105251221243,17.849480193600108,7.296837464949689,0.0014513666889799,-0.769137184714622,1.6809004648036008,-0.5535370754279049,-0.2532196726210239,-6.76263418677587,-4.039070070221018,20350.0,4.0476867221745305,24,4,0,0.5535370754279049,0.2532196726210239,6.76263418677587,4.039070070221018,0.769137184714622,2.6595310061856496,6.90875477931522,1.2600051642942829
B0047,62,25,1280451828.0,1.266070385993126,4.0,3.4076452403509663,2.479240941037315,4.194958886516552,-0.9316504925123938,0.2428919464944617,8.395347720509115,11.88239860330653,0.936135,2.683955555555555,4993.765,0.0576756030864959,0.1992146074560465,867.2867790732023,296.1290462701212,3.0014947558217697,0.2333303143233062,0.0986252848452481,1.0,1.6743047446975208,30.914085064415787,0.0,8.647116171011685,0.002773371550389,0.3546469650184214,0.7561767892032425,0.006065221698843,0.4082343587043948,0.2568902105425424,12.360433547794988,1000.0,0.1418002733412509,0.0026734755251321,0.0054476995547923,0.7304023877352532,0.2093422583404051,18.296500235857284,7.88239860330653,0.0015784480453735,-0.7236896847954108,1.7157179454792373,-0.5564402149050024,-0.2662995495110545,-7.343640540949535,-4.386083572790777,16019.0,3.2078001267574243,24,3,0,0.5564402149050024,0.2662995495110545,7.343640540949535,4.386083572790777,0.7236896847954108,2.5922976187642313,6.90875477931522,1.2600051642942829
B0047,64,26,1280467813.0,1.2413590294280803,4.0,3.407201115194828,2.4915265338912347,4.194794488425212,-0.9255669375549472,0.2532228197643199,8.419292173692186,11.79170575767619,0.9299983193277312,2.625274509803922,4962.469,0.0627226665588642,0.2145203281701706,868.9497388011622,294.5624889590111,3.033493060875389,0.236608263059183,0.0999944277713908,1.0,1.6743047446975208,30.914085064415787,0.0,18.154583142488544,0.0026322504755,0.7020811991304103,0.7414176143019554,-0.0247113565650456,0.4329457152694405,0.2772429947290348,21.262476336296785,1000.0,0.1413199049679467,0.0027318625397999,0.0711363183512554,0.7294031251160862,0.809185308148783,18.995171660190856,7.791705757676191,0.0015701268376033,-0.7819266053909062,1.7032679545339775,-0.5528067336208576,-0.2503255749010615,-7.211745236461602,-4.307307409235805,15985.0,3.221178812401,24,4,0,0.5528067336208576,0.2503255749010615,7.211745236461602,4.307307409235805,0.7819266053909062,3.1029025856751495,6.90875477931522,1.2413590294280803
B0047,66,27,1280483767.0,1.2298873703485311,4.0,3.402851724115477,2.495727313119633,4.194210512385239,-0.9273633082574368,0.2501628083170414,8.293327119939335,11.72661603963688,0.9318448863636364,2.6299602272727274,4907.859,0.0682027714687003,0.2316685186399425,870.727616740368,292.8817954415216,3.068036189980361,0.2394111850383603,0.1014036433302264,1.0,1.6743047446975208,30.914085064415787,0.0,28.47779716897004,0.0027281643249587,1.0728768421438415,0.7345660186674811,-0.0114716590795491,0.4444173743489896,0.2998712901086428,31.15979809111679,1000.0,0.1416463904335517,0.0027885321563088,0.141241826829869,0.744787140232861,1.4604952947147831,19.63264550093672,7.72661603963688,0.0015743353750862,-0.7728914968427496,1.6984831992656062,-0.5538796390803361,-0.25505374258821,-7.165380212152632,-4.279615303346411,15954.0,3.2507046351569486,24,4,0,0.5538796390803361,0.25505374258821,7.165380212152632,4.279615303346411,0.7728914968427496,3.4707171660297633,6.90875477931522,1.2298873703485311
B0047,68,28,1280499663.0,1.228088614506696,4.0,3.398740761774466,2.497974212051376,4.19378669081209,-0.9267828902753352,0.2508187089018619,8.49190236531868,12.464631760563272,0.931454857142857,2.667277142857143,4888.656,0.0690321284513675,0.2357966643442548,871.5576561056782,292.0690145087078,3.080898762277651,0.2398108736747981,0.102237483158447,1.0,1.6743047446975208,30.914085064415787,0.0,30.04010843441012,0.0028714194241948,1.1271734184385405,0.7334916886522722,-0.001798755841835,0.4462161301908247,0.3048287927956223,33.32814521449923,1000.0,0.1421340229083022,0.0028445521815183,0.1515075598866349,0.7496531927891577,1.559064299163924,19.971876779350133,8.464631760563272,0.001731484432646,-0.7314636189173229,1.6958124787607145,-0.5535329769905385,-0.253923590412147,-7.844875888171228,-4.685452817553251,15896.0,3.251609440303582,24,4,0,0.5535329769905385,0.253923590412147,7.844875888171228,4.685452817553251,0.7314636189173229,3.535965577885917,6.90875477931522,1.228088614506696
B0047,72,29,1280519848.0,1.2139857189070042,4.0,3.3945066004903923,2.495109477398993,4.1718864589662426,-0.9236824517720292,0.2563604102944706,8.437149776270967,11.863547747838409,0.9281844827586206,2.6291120689655174,4866.25,0.0599033293895469,0.21211816464146,870.442557169939,293.0040783977813,3.0486572336621323,0.2359946461113242,0.1020390390589415,1.0,1.6743047446975208,30.914085064415787,0.0,12.8436225878032,0.0029374550065018,0.4671572764330911,0.7250685532318206,-0.0141028955996918,0.4603190257905165,0.2720214940310069,18.97865992041373,1000.0,0.1423588043966657,0.0029203056606268,0.0267197741852024,0.7415807717389924,0.474107333532418,20.03200204125134,7.863547747838409,0.0016159358331028,-0.7653945315248749,1.6767769815672495,-0.5516812002985872,-0.2454521091450888,-7.2634210633498,-4.338171460132746,20185.0,4.147957873104722,24,4,0,0.5516812002985872,0.2454521091450888,7.2634210633498,4.338171460132746,0.7653945315248749,2.9946646999206803,6.90875477931522,1.2139857189070042
B0047,74,30,1280535701.0,1.2173435064564189,4.0,3.39192930556013,2.4851956352139384,4.19388971043665,-0.9289085100178416,0.2476278460471969,8.429621946088576,12.460832791038596,0.9333594202898552,2.6514927536231885,4836.125,0.0585760121013795,0.2108033663404647,870.4481323491711,292.80811274629593,3.0477935255360147,0.2366629337923586,0.1025189984774339,1.0,1.6743047446975208,30.914085064415787,0.0,10.34327256307878,0.0030534716764366,0.3789772277999053,0.7270740349459761,0.0033577875494146,0.4569612382411019,0.2693793784418442,17.82303296483959,1000.0,0.1427537187569522,0.0029393553289246,0.0100477682876723,0.7256064536359209,0.3163557905695324,20.10436458066436,8.460832791038596,0.0017495066382768,-0.7404365519369414,1.708694075222712,-0.5548025306652614,-0.2590047116797644,-7.859339581433758,-4.69409144400384,15853.0,3.2780376851294624,24,4,0,0.5548025306652614,0.2590047116797644,7.859339581433758,4.69409144400384,0.7404365519369414,2.935081277646866,6.90875477931522,1.2139857189070042
B0047,76,31,1280551524.0,1.2073445944515917,4.0,3.39128980672992,2.4873308484835266,4.193873318394839,-0.9282275865985666,0.2485436451395444,8.46306110156025,12.213639136225725,0.9327707602339184,2.6206198830409355,4801.485,0.0628822548140843,0.2242811641774616,871.4520724685443,291.66645090900687,3.071144363758597,0.2402838155550419,0.1036155494670555,1.0,1.6743047446975208,30.914085064415787,0.0,18.45520945199456,0.0030110178710423,0.6617190938795832,0.7211020564059323,-0.0099989120048271,0.4669601502459291,0.2871634189915459,25.6015407343547,1000.0,0.1426092083395403,0.0029922934156971,0.0635051447784471,0.7283287772240514,0.8281523582461143,20.74630424157822,8.213639136225725,0.0017106455890675,-0.7706699236889847,1.7065424699113128,-0.5543958404130689,-0.2575040759021819,-7.62412643261034,-4.553607371777534,15823.0,3.295438806951746,24,4,0,0.5543958404130689,0.2575040759021819,7.62412643261034,4.553607371777534,0.7706699236889847,3.280969136454381,6.90875477931522,1.2073445944515917
B0047,78,32,1280567318.0,1.18804049227045,4.0,3.393266788997732,2.488620645344286,4.193344395761288,-0.9244391789678552,0.254896873439469,8.459204966688853,11.534784991217848,0.9290218934911244,2.5852603550295856,4760.938,0.0683948406762689,0.2376028842935757,872.7679979839431,290.3325544913894,3.099099359979294,0.2440649262109952,0.1048081162927842,1.0,1.6743047446975208,30.914085064415787,0.0,28.83960986603512,0.0028234126664476,0.9930052516284844,0.7095724335924766,-0.0193041021811417,0.4862642524270708,0.3059977249698446,33.839420926776945,1000.0,0.1419706105466491,0.0031234435938352,0.1261406826509125,0.8320125035341484,1.4833227031420773,23.038765595643035,7.534784991217847,0.0015826261529169,-0.8080064339681465,1.7047237504170023,-0.5521331653293086,-0.2476523065197277,-6.965450450980745,-4.1602046872768765,15794.0,3.3174135012883346,24,4,0,0.5521331653293086,0.2476523065197277,6.965450450980745,4.1602046872768765,0.8080064339681465,3.5507495309155455,6.90875477931522,1.18804049227045
B0047,80,33,1280583067.0,1.186304749886542,4.0,3.3838600818009588,2.476969143594387,4.19356398488292,-0.9270544586298616,0.2506449170321966,8.493224799915222,12.42977502748968,0.9315714285714288,2.6387559523809525,4740.907,0.0707360051115667,0.2359985318647627,873.7165217701181,289.55187699685234,3.112264409914314,0.2452456150826869,0.1055814161537975,1.0,1.6743047446975208,30.914085064415787,0.0,33.24980673897943,0.0031361098580574,1.1407850363791934,0.7085357391738499,-0.0017357423839079,0.4879999948109788,0.3067345369763294,34.16169290434563,1000.0,0.1430350145797712,0.0031111230619574,0.1540810782516053,0.9231787253847068,1.7615698903748882,25.053446885217895,8.42977502748968,0.0017780933115726,-0.7451041294200063,1.7165948412885332,-0.5536951746760101,-0.2542933869473645,-7.814860524480971,-4.667525756325366,15749.0,3.321938186089007,24,4,0,0.5536951746760101,0.2542933869473645,7.814860524480971,4.667525756325366,0.7451041294200063,3.55995722024563,6.90875477931522,1.186304749886542
B0047,84,34,1280850773.0,1.2613935471028506,4.0,3.3866520851320576,2.479005494894043,4.142510591712848,-0.9460868598841972,0.2142136401203884,8.466232868159803,12.428323073625249,0.9510253602305476,2.6717492795389046,4914.532,0.0659881246334473,0.2501777856916014,867.5881022439845,295.8724278739035,3.0305429750964965,0.2345331260312634,0.097304025895746,1.0,1.6743047446975208,30.914085064415787,0.0,24.305929358127283,0.0035932058971925,0.985575907983576,0.7533834871445302,0.0750887972163085,0.4129111975946702,0.3161659103250487,38.28685280066859,1000.0,0.1445909443438819,0.003062049620009,0.1247360331527257,0.952492663016496,1.1972847131202415,25.49150962071144,8.428323073625249,0.0017149797933197,-0.714902805593153,1.6635050968188048,-0.5650625206166123,-0.3091788283905041,-7.973925710815637,-4.7625294805538365,267706.0,54.472328189122685,24,3,0,0.5650625206166123,0.3091788283905041,7.973925710815637,4.7625294805538365,0.714902805593153,3.67088992857199,6.90875477931522,1.186304749886542
B0047,88,35,1280870983.0,1.2648246158850651,4.0,3.402095154295076,2.479600589435018,4.174381011699289,-0.935687160235108,0.2348576135916124,8.553128334903379,12.48741336421358,0.9405314447592068,2.702798866855524,4998.656,0.0639235060109469,0.1995160597435769,871.6257543152766,291.56368598214726,3.068277925820423,0.2380609030814899,0.1031952169320946,1.0,1.6743047446975208,30.914085064415787,0.0,20.41667901095309,0.0029918690170476,0.8348083370526973,0.755432737015607,0.0034310687822145,0.4094801288124556,0.2634395657545237,15.225036238018042,1000.0,0.1425440266942665,0.0030861760123095,0.0962307434565039,0.9305139906610104,0.9519049714165616,24.374771032418213,8.48741336421358,0.0016979390788667,-0.6992962874395521,1.6947804222642708,-0.5588511665152676,-0.2783077180240313,-7.941563708502509,-4.743200859288031,20210.0,4.043086781726119,24,3,0,0.5588511665152676,0.2783077180240313,7.941563708502509,4.743200859288031,0.6992962874395521,2.7865554960556436,6.90875477931522,1.186304749886542
B0047,90,36,1280886972.0,1.24664945489822,4.0,3.404625504614091,2.46837363838224,4.194961577545829,-0.9401469539731848,0.2265649641695833,8.342818484380935,11.343734065329729,0.9449484057971016,2.7267391304347828,4890.015,0.0640449885041135,0.1890873021776508,872.0056094177377,291.16712558182223,3.071408257889628,0.2378719177285421,0.1038156503725474,1.0,1.6743047446975208,30.914085064415787,0.0,20.64552312946228,0.0027656506613,0.8082887820385293,0.7445773888214354,-0.018175160986845,0.4276552897993007,0.2531322906817643,10.716768332762172,1000.0,0.1417739918596574,0.0030448462647157,0.0912167501048413,0.8914503680592516,0.9663431550451858,22.93556098058747,7.343734065329729,0.0015017815007373,-0.6778863741793084,1.726587939163589,-0.5615148355692658,-0.2908771696941737,-6.904189212308858,-4.123615626158039,15989.0,3.269724121499981,24,3,0,0.5615148355692658,0.2908771696941737,6.904189212308858,4.123615626158039,0.6778863741793084,2.4610210066003217,6.90875477931522,1.186304749886542
B0047,92,37,1280902857.0,1.2333924152795082,4.0,3.397737843324032,2.497016493627855,4.194728577808066,-0.9395699773936356,0.2275508046163731,8.481468325698998,12.641653349352346,0.9443014662756598,2.687302052785924,4842.11,0.0654307228128737,0.2017346233464763,870.6410135099392,292.6432523103076,3.059093574964849,0.2361381994238378,0.1018649331922442,1.0,1.6743047446975208,30.914085064415787,0.0,23.255916924568982,0.0029440446279501,0.8831118898510554,0.7366594517429575,-0.0132570396187119,0.4409123294180126,0.26716534615935,16.854644073507046,1000.0,0.1423812351054617,0.0028777106059063,0.1053633888746967,0.8841668386313902,1.1310375557678254,23.453026349215587,8.641653349352346,0.0017846875327802,-0.7104357905381082,1.697712084180211,-0.5611702289013148,-0.2893549513049121,-8.119438042094618,-4.849438588141871,15885.0,3.2805946168089366,24,3,1,0.5611702289013148,0.2893549513049121,8.119438042094618,4.849438588141871,0.7104357905381082,2.882263646572003,6.90875477931522,1.186304749886542
B0047,94,38,1280918689.0,1.2129250072037692,4.0,3.39454078926717,2.4751740867556524,4.194123941573546,-0.9358360923749524,0.2346607841038261,8.425193812256257,11.969937687736325,0.9406765578635016,2.703047477744807,4798.281,0.0669159631890167,0.2211827103295392,869.4133798111518,294.0056664775585,3.049582591275421,0.2349776115136768,0.099973399091214,1.0,1.6743047446975208,30.914085064415787,0.0,26.05375647982572,0.0029294611200886,0.9454669233703996,0.7244350295518608,-0.0204674080757389,0.4613797374937516,0.2880986735185559,26.01060888647064,1000.0,0.1423315936472032,0.0029068519480279,0.1171527165365546,0.881800679062048,1.307558243847483,24.12821882769284,7.969937687736325,0.0016609985300432,-0.6914933115223629,1.7189498548178932,-0.5589401181474164,-0.2786317875321727,-7.4585553421630255,-4.454717912810888,15832.0,3.2995149721320405,24,3,0,0.5589401181474164,0.2786317875321727,7.4585553421630255,4.454717912810888,0.6914933115223629,3.2962297105519394,6.90875477931522,1.186304749886542
B0047,96,39,1280934478.0,1.1999106597943647,4.0,3.397135252361952,2.499811739255094,4.194413177433493,-0.9347239037948782,0.2361961489672413,8.471726206300676,11.438399477589398,0.939782530120482,2.62735843373494,4739.188,0.0673616137909978,0.2315643388735526,870.1623364311557,293.3121858195672,3.060725440587716,0.2364640271509205,0.1007122630409377,1.0,1.6743047446975208,30.914085064415787,0.0,26.89325620126787,0.0027575276031452,0.9491582608442694,0.7166620435105678,-0.0130143474094044,0.474394084903156,0.2989259526645504,30.746319802359217,1000.0,0.1417463414166946,0.0029970548378591,0.1178506295121998,0.8878289903496983,1.3605237786985522,24.857002423880488,7.438399477589398,0.0015695514669575,-0.7697768186270117,1.694601438178399,-0.5582758492424085,-0.2761334858832923,-6.9528497976781445,-4.1526787853555085,15789.0,3.3315833851699206,24,3,0,0.5582758492424085,0.2761334858832923,6.9528497976781445,4.1526787853555085,0.7697768186270117,3.4577768068836985,6.90875477931522,1.186304749886542
B0047,100,40,1280954519.0,1.1902559038393383,4.0,3.384557786350807,2.494550023378076,4.172002506353698,-0.9317054169779714,0.24187412310567,8.510483818712029,12.144441411939049,0.9365800604229608,2.612616314199396,4733.156,0.0657156443928965,0.2197582323364832,875.1528682085552,288.2205396987635,3.116049716193503,0.243601329779517,0.1071650661789072,1.0,1.6743047446975208,30.914085064415787,0.0,23.79264140333934,0.0031375757276559,0.8229775392059868,0.7108956165888245,-0.0096547559550264,0.4840488408581824,0.2854738767293797,24.86255694850157,1000.0,0.1430400043192205,0.0030318200175879,0.0939939207904908,0.8914320677637484,1.164900460495057,25.665796972354592,8.144441411939049,0.0017207211027773,-0.7719414721514113,1.6774524829756214,-0.5564730192470546,-0.2675481700196764,-7.5882201817633295,-4.532161902582467,20041.0,4.234172716892442,24,3,0,0.5564730192470546,0.2675481700196764,7.5882201817633295,4.532161902582467,0.7719414721514113,3.252796245041265,6.90875477931522,1.186304749886542
B0047,102,41,1280970243.0,1.1892563795455853,4.0,3.38207924956575,2.477337702429082,4.194068049662567,-0.9431234654151266,0.2207176473722183,8.530222967717657,12.67224284322037,0.9478723926380368,2.6670337423312884,4670.61,0.0659793718044262,0.2276887598448795,876.9583761036322,286.5107237359388,3.1395537281333503,0.2475600273523288,0.1094372884094069,1.0,1.6743047446975208,30.914085064415787,0.0,24.28944111040052,0.0032166651104558,0.83843033847678,0.7102986378745739,-0.000999524293753,0.4850483651519355,0.2936681316493057,28.44661735265429,1000.0,0.1433092202261366,0.0030548235110799,0.0969155472192503,0.9019706457032995,1.1962444401608834,26.56894236732729,8.67224284322037,0.001856768782497,-0.7150455072344615,1.7167303472334852,-0.5632925952331446,-0.2996396993796281,-8.178995723219526,-4.885010177649667,15724.0,3.366583808109997,24,3,1,0.5632925952331446,0.2996396993796281,8.178995723219526,4.885010177649667,0.7150455072344615,3.3825790428097453,6.90875477931522,1.186304749886542
B0047,104,42,1280985907.0,1.167069685125939,4.0,3.3808097620789024,2.478325379623597,4.193464344236471,-0.936452141533906,0.233339001021822,8.420605358837513,11.984785271459067,0.9412,2.6453498452012383,4635.0,0.0675774762196963,0.2476837989790749,876.5602319236036,287.0969816482705,3.140986639475164,0.2490000118366285,0.1088093003389627,1.0,1.6743047446975208,30.914085064415787,0.0,27.299889666939503,0.0031178705265942,0.9011272769213068,0.6970473498459693,-0.0221866944196462,0.5072350595715818,0.3152612751987712,37.89117717573621,1000.0,0.1429729288991454,0.0031413585730537,0.1087695180857491,0.9179025505076912,1.3861790093645527,27.565445239232588,7.984785271459067,0.0017227152689228,-0.7354599168776641,1.715138964612874,-0.5593080614149349,-0.2805786346227863,-7.477369267146234,-4.465954770994296,15664.0,3.379503775619551,24,3,0,0.5593080614149349,0.2805786346227863,7.477369267146234,4.465954770994296,0.7354599168776641,3.6607674170779254,6.90875477931522,1.167069685125939
B0047,106,43,1281001536.0,1.1615348403090369,4.0,3.382026759648077,2.494831087986124,4.192797311893991,-0.9330135422416264,0.239951483448484,8.51215713252602,12.101959002780742,0.9377208722741432,2.6223520249221184,4615.86,0.0693131485523103,0.2629400355011381,875.4283927666188,288.3300573680923,3.133577501466117,0.2487384374965214,0.1072984951883139,1.0,1.6743047446975208,30.914085064415787,0.0,30.5694834546892,0.0030444785875484,0.998159813068155,0.69374159273429,-0.0055348448169021,0.5127699043884839,0.3322531840534484,45.32321685623595,1000.0,0.142723106777249,0.0031658468076631,0.1271152441311273,0.941116877540598,1.5924635134456278,28.701011560781865,8.101959002780742,0.001755243660505,-0.7596747347259587,1.697966223907867,-0.5572543138512874,-0.2706261070507155,-7.5592374682808945,-4.514851604945843,15629.0,3.3859345820706466,24,3,0,0.5572543138512874,0.2706261070507155,7.5592374682808945,4.514851604945843,0.7596747347259587,3.835643279390347,6.90875477931522,1.1615348403090369
B0047,108,44,1281017144.0,1.1555563844349988,4.0,3.376424700878435,2.495678140540268,4.193468094113346,-0.9354455085688508,0.2352256272386791,8.54602737861718,12.396974763839234,0.9402761006289309,2.6231383647798743,4580.75,0.0700065944467245,0.2568644941196132,875.0083157556277,288.58729178519275,3.130321388075428,0.2475718737925824,0.1068892582051733,1.0,1.6743047446975208,30.914085064415787,0.0,31.875770560794383,0.0031902029130142,1.028817784866228,0.6901708832245835,-0.0059784558740381,0.518748360262522,0.3268710885663377,42.96915837072127,1000.0,0.1432191443622086,0.0031321550918225,0.1329116787503687,0.9705917473863348,1.6748794970091,30.0928560294506,8.396974763839234,0.0018331004232576,-0.7532863360985607,1.6977899535730776,-0.558706836955862,-0.2777237867158851,-7.854912328399398,-4.691447210302814,15608.0,3.407302297657936,24,3,0,0.558706836955862,0.2777237867158851,7.854912328399398,4.691447210302814,0.7532863360985607,3.7834884420207007,6.90875477931522,1.1555563844349988
B0047,112,45,1281037028.0,1.1488524666097713,4.0,3.3729563491800936,2.4729308126474736,4.16991637056524,-0.9350017140200774,0.2360333535609355,8.4485741292899,11.455115215105929,0.9398993670886076,2.673943037974684,4557.406,0.0687297360111673,0.2096442073220423,876.8014886524398,286.18183625431686,3.1446128791070285,0.2460548657771888,0.1096491997670603,1.0,1.6743047446975208,30.914085064415787,0.0,29.470473011085712,0.003260016900703,0.9390491743705204,0.686166882252563,-0.0067039178252275,0.5254522780877495,0.2783739433332096,21.75713852962179,1000.0,0.1434567873345735,0.0031694594419907,0.1159393269905821,1.01222531592891,1.523124984241148,31.688979565203795,7.455115215105929,0.0016358242419271,-0.6990133112054098,1.696985557917766,-0.5584417749652574,-0.2764938748981125,-6.970545504341201,-4.163247773294251,19884.0,4.363008255133652,24,3,0,0.5584417749652574,0.2764938748981125,6.970545504341201,4.163247773294251,0.6990133112054098,3.1248788776996705,6.90875477931522,1.1488524666097713
B0047,114,46,1281052582.0,1.143572986788779,4.0,3.37864248825242,2.494578415325497,4.192396921446495,-0.9345624675488318,0.2369986206865074,8.334392904335672,11.39345446641458,0.9393194888178914,2.616594249201278,4524.032000000007,0.0696736930143292,0.1977659855640071,877.384527179455,285.65183406947045,3.1495966721185544,0.2457041117086023,0.1103861165230019,1.0,1.6743047446975208,30.914085064415787,0.0,31.24866345374419,0.0030482065312531,0.985804687705464,0.6830136451625336,-0.0052794798209923,0.5307317579087418,0.2674396785783363,16.974633501474834,1000.0,0.1427357964924783,0.0032283962823172,0.1247792880264945,1.0494536433327744,1.6353141910471627,33.18953460930466,7.39345446641458,0.0016342621949652,-0.762048239051142,1.6978185061209978,-0.5581794293723332,-0.2750784929442125,-6.909645049842341,-4.1268741951536185,15554.0,3.438083550248216,24,3,0,0.5581794293723332,0.2750784929442125,6.909645049842341,4.1268741951536185,0.762048239051142,2.8889615140515303,6.90875477931522,1.143572986788779
B0047,116,47,1281068103.0,1.1418015379428537,4.0,3.370172138170829,2.492546798627854,4.192623205881946,-0.940582322918386,0.2255226859941848,8.548983420432004,12.6352725981059,0.9453594855305466,2.638308681672026,4502.938,0.0718140077894904,0.2099213394451242,876.9835431122466,286.4750770995996,3.146744487142716,0.2459245586429208,0.1096144078874205,1.0,1.6743047446975208,30.914085064415787,0.0,35.28050734570547,0.0033043922774349,1.1092951196341825,0.6819556246011421,-0.0017714488459252,0.5325032067546671,0.2817353472346146,23.22737282707988,1000.0,0.1436078386750783,0.0032115478861127,0.1481273496494647,1.063572439105128,1.8896904138372017,34.046172476758024,8.6352725981059,0.0019176974229056,-0.7318634564988034,1.7000764072540924,-0.5617748652599897,-0.2923822274218506,-8.122184759359932,-4.851079100284222,15521.0,3.446860694061644,24,3,1,0.5617748652599897,0.2923822274218506,8.122184759359932,4.851079100284222,0.7318634564988034,3.1874831024983505,6.90875477931522,1.1418015379428537
B0047,118,48,1281083604.0,1.136058647502255,4.0,3.367920943746027,2.4752083843332136,4.1933895299679325,-0.940166082376245,0.2263499360300215,8.545644001542279,12.45444631401429,0.9450071197411004,2.621229773462783,4483.094,0.0732960162152116,0.2291227242373729,876.2762798687147,287.5752456618657,3.141147940115605,0.2463427294826762,0.108497640387132,1.0,1.6743047446975208,30.914085064415787,0.0,38.07225867519352,0.0033391627891809,1.1843014500874771,0.6785256095702547,-0.0057428904405987,0.5382460971952658,0.3024187404525845,32.27401970107241,1000.0,0.1437261955837081,0.0032894576627015,0.1623086299169695,1.03281707291557,2.0658269848934747,33.23858009946017,8.45444631401429,0.0018858507793975,-0.7466911702832437,1.718181145634719,-0.5615262602535172,-0.2911454510111431,-7.948583669707099,-4.747393621222576,15501.0,3.457656698698832,24,3,0,0.5615262602535172,0.2911454510111431,7.948583669707099,4.747393621222576,0.7466911702832437,3.5047769033234615,6.90875477931522,1.136058647502255
B0047,120,49,1281099081.0,1.1236364680969286,4.0,3.3731133787458685,2.4974098896142385,4.192510832064287,-0.9385550163357156,0.2292873310135949,8.530684068571668,12.18400994607025,0.9435428571428572,2.68458803986711,4448.36,0.0722803366026753,0.238538130369517,875.9341699610488,287.88572022490933,3.137850808398176,0.2465886419066917,0.1081887395272602,1.0,1.6743047446975208,30.914085064415787,0.0,36.15895989806123,0.0031059609319916,1.099411763727996,0.6711063034704141,-0.0124221794053263,0.5506682766005921,0.3108184669721923,35.94795070746946,1000.0,0.1429323892944799,0.0033174270565413,0.1462587255047812,0.975967630411624,1.945113552271221,31.65913424433016,8.18400994607025,0.0018397813904603,-0.6885253388787587,1.6951009424500487,-0.5605640303818827,-0.2866744274254352,-7.681143588625622,-4.587661600054553,15477.0,3.4792597721399616,24,3,0,0.5605640303818827,0.2866744274254352,7.681143588625622,4.587661600054553,0.6885253388787587,3.609510184623959,6.90875477931522,1.1236364680969286
B0047,124,50,1281118837.0,1.1320498900328944,4.0,3.357068473489348,2.470530852621601,4.1689267149519535,-0.9458548848985764,0.2146030291036348,8.5880890540764,12.849012968534735,0.9508373770491804,2.622786885245902,4440.531,0.0665861734827613,0.2225988491565916,876.6155479338448,286.32565763609665,3.14186281176425,0.24650350837292,0.109833444180621,1.0,1.6743047446975208,30.914085064415787,0.0,25.43251112459643,0.0036495657836474,0.7852723434227294,0.6761313277156185,0.0084134219359657,0.5422548546646264,0.2891850226393528,26.48576384649838,1000.0,0.1447827902959995,0.0033660940275577,0.0868650831882238,0.9160219032533284,1.2683627662636006,29.963009219701547,8.849012968534735,0.00199278261283,-0.7342815882434461,1.6983958623303526,-0.5649239705789224,-0.3085751432162782,-8.369882142819431,-4.99901954188902,19756.0,4.449017471107746,24,3,1,0.5649239705789224,0.3085751432162782,8.369882142819431,4.99901954188902,0.7342815882434461,3.3136681923216975,6.90875477931522,1.1236364680969286
B0047,126,51,1281134271.0,1.117010176215815,4.0,3.369151689786176,2.480060412530898,4.191753022543457,-0.9389122330771016,0.2285169051589046,8.520717953543993,11.44307926801482,0.943915511551155,2.6270726072607262,4416.547,0.0654814283943597,0.2233684021352982,876.7642284387696,286.06403192010004,3.1437247126919994,0.2474114986033068,0.1100056472353799,1.0,1.6743047446975208,30.914085064415787,0.0,23.35143417809414,0.0031880535004518,0.7015574751857342,0.6671486655899155,-0.0150397138170792,0.5572945684817057,0.2888498305296579,26.339155182271835,1000.0,0.1432118278801242,0.0033324687151493,0.0710372990285213,0.8643332873519489,1.1370639096679485,28.63404024740001,7.44307926801482,0.0016852711559535,-0.74207908252545,1.7116926100125598,-0.5607773826657511,-0.2878080731704193,-6.988398176501674,-4.173910510891065,15434.0,3.4945852495165357,24,3,0,0.5607773826657511,0.2878080731704193,6.988398176501674,4.173910510891065,0.74207908252545,3.3083199303894006,6.90875477931522,1.117010176215815
B0047,128,52,1281149686.0,1.120043039721982,4.0,3.3578225461504885,2.482310382215253,4.192116566565046,-0.948386177478966,0.2094184862431739,8.509426489984776,12.895633770945397,0.9533533333333332,2.63421,4382.937,0.0673120459725023,0.2359707439752524,876.5061631055534,286.7097631343032,3.143469609752937,0.2488102514380457,0.1091975895807264,1.0,1.6743047446975208,30.914085064415787,0.0,26.79988222256241,0.0035477271325169,0.8095664838427052,0.6689600822485446,0.0030328635061669,0.5542617049755387,0.3032827899477547,32.651943699426084,1000.0,0.144436137131534,0.0027628245868552,0.0914583223464616,0.7103191656779291,1.3546326478297877,27.989071374945716,8.895633770945397,0.0020296056664614,-0.7236125461504885,1.7098061843497931,-0.5664358175631075,-0.3162800597402633,-8.436496108279705,-5.0388055877874445,15415.0,3.5170480433546003,24,3,1,0.5664358175631075,0.3162800597402633,8.436496108279705,5.0388055877874445,0.7236125461504885,3.516070816664051,6.90875477931522,1.117010176215815
B0047,130,53,1281165068.0,1.1059773445917065,4.0,3.3676285575809373,2.499914991218416,4.192241727517348,-0.9414049088928778,0.224047762325094,8.454153696786289,11.573902587010837,0.9461501683501684,2.591973063973064,4347.453,0.0697685831059846,0.2479558982690417,876.2231007091767,287.4528405367235,3.1428687410275016,0.2498362594619511,0.1083709397176987,1.0,1.6743047446975208,30.914085064415787,0.0,31.42741381368584,0.0031710362271389,0.9258583705805792,0.6605591652859539,-0.0140656951302755,0.5683274001058143,0.3177244813750263,38.96855148369343,1000.0,0.1431539020181945,0.0027446754384291,0.1134453710222215,0.8001464504556752,1.646591870094949,30.032149935441986,7.573902587010837,0.0017421470886537,-0.7756554936078732,1.6923267362989316,-0.5622661652916031,-0.2946353616391235,-7.130109074888468,-4.258549163890736,15382.0,3.538163609818544,24,3,0,0.5622661652916031,0.2946353616391235,7.130109074888468,4.258549163890736,0.7756554936078732,3.6880929319788143,6.90875477931522,1.1059773445917065
B0047,136,55,1281454768.0,1.1907902374762016,4.0,3.372493003925355,2.47468810834507,4.151696493245396,-0.9331169601303768,0.2392034378730552,8.476574571858773,11.984288635557064,0.9381102167182662,2.6096904024767804,4746.5,0.0720090412165094,0.2494046675974517,874.0087461340956,289.2027116365955,3.1183965958975026,0.2443822501628651,0.1048947156563201,1.0,1.6743047446975208,30.914085064415787,0.0,35.64790392707777,0.0035588200415168,1.2344087673114603,0.7112147542121009,1.1907902374762016,0.4835145072213191,0.3214137088139611,40.58217152785961,1000.0,0.1444738967833485,0.0026899096656099,0.1717823090679386,0.9761498199817342,1.912870119485477,33.667645879277195,7.984288635557064,0.0016821423439493,-0.7628026014485747,1.677008384900326,-0.5573160815127698,-0.2715814343552091,-7.450275140414521,-4.4497724560356025,274358.0,57.80217002000256,24,3,0,0.5573160815127698,0.2715814343552091,7.450275140414521,4.4497724560356025,0.7628026014485747,3.7276715063634223,6.90875477931522,1.1059773445917065
B0047,140,56,1281474829.0,1.2012387088454022,4.0,3.382136756328252,2.4936019875098454,4.173641970261601,-0.9478477265636572,0.2104707275767825,8.567006275916873,12.836265571184011,0.9528509433962264,2.6484056603773585,4679.156,0.0706561138631418,0.1915592883320902,875.9815712301006,287.1372886181041,3.129504475144174,0.2453454504425006,0.1084652671959728,1.0,1.6743047446975208,30.914085064415787,0.0,33.09931063171462,0.0032961049757168,1.1714713937785377,0.7174552378530215,0.0104484713692005,0.4730660358521186,0.262215402195232,14.689603037081705,1000.0,0.1435796291560639,0.0026558721522279,0.1598828796734186,1.0573881101970657,1.7520748225259186,35.30406478142974,8.836265571184011,0.0018884314973003,-0.7337310959508936,1.6800399827517554,-0.5661142208426225,-0.3147015337345779,-8.375434232959481,-5.002335598989327,20061.0,4.287311643380924,24,3,1,0.5661142208426225,0.3147015337345779,8.375434232959481,5.002335598989327,0.7337310959508936,2.7529982660476797,6.90875477931522,1.1059773445917065
B0047,142,57,1281490502.0,1.1906909549024802,4.0,3.383822718764627,2.4794043785439617,4.194390827243979,-0.9564435237852028,0.1908702905589,8.607327084258758,12.655987301395294,0.9615544871794872,2.704830128205128,4596.578,0.0717869227042101,0.1858625417941412,877.1505899749105,286.1801577565821,3.1434203880264526,0.2476611141426408,0.1099784244377962,1.0,1.6743047446975208,30.914085064415787,0.0,35.229485488117994,0.0031658467931562,1.219669412880197,0.7111554564205633,-0.0105477539429219,0.4836137897950405,0.2576494644983513,12.692521341780234,1000.0,0.1431362374704819,0.0032009068920565,0.1689955720700263,1.274029764579942,1.886471353833735,37.3478108195274,8.655987301395294,0.0018831372602386,-0.6789925905594987,1.7149864487000177,-0.5712481710650263,-0.3432487091398524,-8.278962996386484,-4.944716914684155,15673.0,3.409710441114365,24,3,1,0.5712481710650263,0.3432487091398524,8.278962996386484,4.944716914684155,0.6789925905594987,2.616849796321977,6.90875477931522,1.1059773445917065
B0047,144,58,1281506099.0,1.1764375730308343,4.0,3.3860339727551585,2.495823360233662,4.194161811786053,-0.9528668500629852,0.1996466657717059,8.707959029152644,12.20963360823446,0.957811038961039,2.659957792207792,4544.641,0.074112069174001,0.2078144019629335,877.8786922228675,285.7770722207314,3.1587765544898927,0.2505725305104871,0.1104070379045674,1.0,1.6743047446975208,30.914085064415787,0.0,39.60950832444856,0.0030008486602289,1.3320498216572352,0.7026424411425586,-0.0142533818716459,0.4978671716666865,0.2819264711369345,23.31096793332025,1000.0,0.1425745929055234,0.0030816754617365,0.1902430862973263,1.3015274978120983,2.1628148072748097,38.78389087721649,8.20963360823446,0.0018064427109275,-0.7260761805473663,1.6983384515523907,-0.5691119567758364,-0.3306288893596564,-7.82268771644959,-4.672200647194984,15597.0,3.43195425117112,24,3,0,0.5691119567758364,0.3306288893596564,7.82268771644959,4.672200647194984,0.7260761805473663,3.1909276037970167,6.90875477931522,1.1059773445917065
B0047,146,59,1281521644.0,1.1628110372792353,4.0,3.384139592385293,2.4834980820953168,4.194190653204952,-0.9523529313575728,0.2001430348658958,9.003534328496398,12.780134013784457,0.9575339869281048,2.684781045751634,4526.938,0.0759930590133243,0.2343941655407961,878.2954912485785,285.53570561000214,3.171518686441524,0.2527637241728622,0.1104438255264343,1.0,1.6743047446975208,30.914085064415787,0.0,43.15284572627802,0.0029829139896642,1.4125494272722798,0.6945038177558939,-0.013626535751599,0.5114937074182855,0.3103872245541204,35.75933088903494,1000.0,0.1425135442738311,0.0031411323895063,0.2054629678960055,1.3350840199229563,2.386370284247801,40.41785738324353,8.780134013784457,0.0019395304317802,-0.6993585466336589,1.7106925711096357,-0.5688050122325966,-0.3297290191910603,-8.36178636573996,-4.994184235114505,15545.0,3.4338884252438544,24,3,1,0.5688050122325966,0.3297290191910603,8.36178636573996,4.994184235114505,0.6993585466336589,3.6043920951737007,6.90875477931522,1.1059773445917065
B0047,148,60,1281537166.0,1.1516152840582583,4.0,3.382777180161617,2.4920392941768497,4.194292935889806,-0.9518066439769568,0.2011225734705762,9.02852617906244,12.658108002877777,0.9571128712871289,2.669247524752475,4487.438,0.0758207753115653,0.2430635290293749,878.5262688788584,285.07222442322734,3.1776585006888736,0.2529402405666539,0.1107656838681178,1.0,1.6743047446975208,30.914085064415787,0.0,42.82830421552328,0.0029626628899168,1.3718974334722416,0.6878170104369552,-0.0111957532209769,0.5226894606392625,0.3188843043409402,39.47584294686852,1000.0,0.1424446106446696,0.003147790122558,0.1977769857392036,1.325235854494014,2.365894381445869,40.43346617800346,8.658108002877777,0.0019294100559998,-0.7135296554091419,1.702253641712956,-0.5684787350826215,-0.3282326580319494,-8.240844721409129,-4.92195028568468,15522.0,3.458989294113153,24,3,1,0.5684787350826215,0.3282326580319494,8.240844721409129,4.92195028568468,0.7135296554091419,3.700705325705537,6.90875477931522,1.1059773445917065
B0047,152,61,1281616462.0,1.1583673498348623,4.0,3.364536091766799,2.488243242390158,4.146356741131726,-0.9517057744990748,0.2007137875870092,9.027729535660669,13.24936801902594,0.9572552631578946,2.6417236842105267,4513.312,0.0749930906269755,0.2303312775200499,876.5918749379639,286.9828874499529,3.1501739356316927,0.24991612235786,0.1079727786017922,1.0,1.6743047446975208,30.914085064415787,0.0,41.26914316184978,0.0035933896145656,1.3392540043328292,0.6918497683909584,0.006752065776604,0.5159373948626584,0.3053243681470254,33.54490342029032,1000.0,0.1445915697077103,0.003163708730286,0.1916051651112541,1.2894616434615682,2.2675241294761506,39.61244630339688,9.24936801902594,0.0020493526747151,-0.7228124075562721,1.6581134987415678,-0.5684184894922406,-0.3286607176734775,-8.802676954174055,-5.257511798132563,79296.0,17.5693592643235,24,3,1,0.5684184894922406,0.3286607176734775,8.802676954174055,5.257511798132563,0.7228124075562721,3.5422600261716255,6.90875477931522,1.1059773445917065
B0047,156,62,1281636287.0,1.1692285288386206,4.0,3.378760315037,2.498187334581169,4.172368631167838,-0.9457722537487264,0.2139559888037257,9.071608131387514,13.102537521023756,0.9511589576547232,2.679918566775244,4568.438,0.0718283525498866,0.2153601854444175,878.5967650288013,283.51095073927434,3.176445836641146,0.2503774399382785,0.1127085131977249,1.0,1.6743047446975208,30.914085064415787,0.0,35.30752946191767,0.0031991354584147,1.170428585735484,0.6983367469640976,0.0108611790037582,0.5050762158589002,0.2871885379943041,25.61252745908529,1000.0,0.1432495502552113,0.0031954409137648,0.1596857182733823,1.2571207583839985,1.891395287348688,38.9061281981006,9.102537521023756,0.0019924835405496,-0.6988417482617559,1.6741812965866685,-0.5648746180640577,-0.3092986969498988,-8.608927426090982,-5.1417924056020485,19825.0,4.339557634358977,24,3,1,0.5648746180640577,0.3092986969498988,8.608927426090982,5.1417924056020485,0.6988417482617559,3.281382062030631,6.90875477931522,1.1059773445917065
B0047,158,63,1281651852.0,1.1588148476218465,4.0,3.38042492580436,2.4982213366801296,4.193697451503613,-0.9517682668620396,0.2013263955281192,9.050284055951,13.019156020970016,0.9569721854304636,2.7381059602649005,4499.656,0.0719328665369333,0.2083310787124911,880.0364144541352,281.51229035417055,3.1964681963524217,0.2517938459046961,0.1152350114683817,1.0,1.6743047446975208,30.914085064415787,0.0,35.504408951415655,0.0030804416988688,1.153178766495006,0.6921170421882771,-0.0104136812167741,0.5154898970756743,0.2802639452494244,22.58380075796008,1000.0,0.1428455232292036,0.0032327599668275,0.1564243332711479,1.2552840636072489,1.90381676551732,39.064003612610016,9.019156020970016,0.0020044101195664,-0.6423189655394594,1.6954761148234838,-0.5684558138581456,-0.3279662661273996,-8.584146494636961,-5.126991676214105,15565.0,3.459153321942064,24,3,1,0.5684558138581456,0.3279662661273996,8.584146494636961,5.126991676214105,0.6423189655394594,3.160560067784337,6.90875477931522,1.1059773445917065
B0047,160,64,1281667352.0,1.1439588147705455,4.0,3.3757552328187086,2.4715997205282143,4.193432136090228,-0.9577750037054298,0.1875229125887405,8.986064263951343,12.612257184300963,0.9629784511784512,2.6421683501683497,4430.984,0.0741183050332116,0.2092500195303239,880.8853859997241,280.81244002900826,3.209497850647959,0.2536914402867193,0.1159228366805199,1.0,1.6743047446975208,30.914085064415787,0.0,39.6212551997966,0.0031415749070582,1.250845001884431,0.683244085877098,-0.0148560328513009,0.5303459299269753,0.2833683245635355,23.941615847666476,1000.0,0.1430536173058389,0.0022071995335402,0.1748898714245172,1.0745378092039428,2.1635559385935537,39.520629626566034,8.612257184300963,0.0019436443878603,-0.7335868826503589,1.7218324155620133,-0.5720434145376668,-0.3480424815287625,-8.24860465660597,-4.926585006584076,15500.0,3.498094328482454,24,3,1,0.5720434145376668,0.3480424815287625,8.24860465660597,4.926585006584076,0.7335868826503589,3.21653772755437,6.90875477931522,1.1059773445917065
B0047,162,65,1281682779.0,1.1383941068159398,4.0,3.374465176072899,2.4972991957929973,4.193707973256604,-0.9541869981546398,0.1960805400429566,9.036875447987502,12.968805846071126,0.9593423728813558,2.676586440677966,4411.141,0.07623981817553,0.2136053893367352,881.1443807904994,281.047661781726,3.2137939247507035,0.254973823187186,0.1154362241864724,1.0,1.6743047446975208,30.914085064415787,0.0,43.617681288070365,0.0031492581552306,1.362713959588494,0.6799204926231046,-0.0055647079546057,0.535910637881581,0.2898452075122651,26.77452011360837,1000.0,0.1430797706598236,0.0022340397869582,0.1960406867336706,1.1044310100753447,2.4156975889738046,39.60125169551039,8.968805846071126,0.0020332167677408,-0.6978787353949332,1.6964087774636067,-0.5699004321684117,-0.3356771934816351,-8.557917927294392,-5.111326327710512,15427.0,3.497281088951022,24,3,1,0.5699004321684117,0.3356771934816351,8.557917927294392,5.111326327710512,0.6978787353949332,3.3241190577385713,6.90875477931522,1.1059773445917065
B0047,168,67,1281956227.0,1.2213102850395667,4.0,3.385080798978957,2.475863858583421,4.166980224197571,-0.9269695970852068,0.2493092543569576,9.095394308322597,13.123905320087225,0.9323372307692308,2.644412307692308,4883.312,0.0720423447207017,0.2459438918061358,873.6091567126168,289.737183314935,3.1106746295889343,0.2453954446986457,0.1045241552271035,1.0,1.6743047446975208,30.914085064415787,0.0,35.71063980663946,0.0033333367255049,1.319894590092494,0.7294432443719845,1.2213102850395667,0.452994459657954,0.3179862365268375,39.0830397787681,1000.0,0.1437063639835519,0.0021704227984004,0.1879449236689952,1.1566363965629347,1.916828238029732,39.79108822287916,9.123905320087225,0.001868384678285,-0.740668491286649,1.69111636561415,-0.55364449002922,-0.2558381856540931,-8.457582838404829,-5.051399908014579,258038.0,52.84077691532861,24,4,1,0.55364449002922,0.2558381856540931,8.457582838404829,5.051399908014579,0.740668491286649,3.690953296684326,6.90875477931522,1.1059773445917065
B0047,172,68,1281976428.0,1.2031062978889062,4.0,3.390089045063424,2.482088014003299,4.175112042490111,-0.9526683776410486,0.1988089079474642,9.009063913586548,13.179418154583676,0.9580832258064516,2.7155451612903225,4663.907,0.0728674698061819,0.2129595227593088,879.9793765741847,283.2194588176641,3.1886602848033903,0.2508396131645317,0.1127790445510442,1.0,1.6743047446975208,30.914085064415787,0.0,37.26497918447552,0.0030266011627772,1.324132791230606,0.718570679381464,-0.0182039871506605,0.4711984468086145,0.2858269925654907,25.01700521727672,1000.0,0.1426622530070877,0.0021405424440031,0.1887462309427465,1.1557980662128589,2.014894281870388,39.1309050962245,9.179418154583676,0.0019681820745099,-0.6745438837731013,1.6930240284868123,-0.5689934165743309,-0.3315110723853824,-8.74494140101602,-5.223028497941005,20201.0,4.331347087323068,24,3,1,0.5689934165743309,0.3315110723853824,8.74494140101602,5.223028497941005,0.6745438837731013,3.2587503710444135,6.90875477931522,1.1059773445917065
B0047,174,69,1281992096.0,1.1897147112197684,4.0,3.3919885847747,2.484545959502679,4.195168632438667,-0.9591403423116251,0.185420500584631,8.958051495293551,12.742282067813369,0.963832894736842,2.724825657894737,4581.328,0.0736875778257356,0.2069674852537067,881.3471991667784,281.84288769081456,3.207031452938229,0.2528234288109497,0.114365534650383,1.0,1.6743047446975208,30.914085064415787,0.0,38.80986760358059,0.0028773305003609,1.3409179095867807,0.7105723823500851,-0.0133915866691378,0.4845900334777524,0.2806550630794423,22.75487060404416,1000.0,0.1421541438862966,0.0030410496457003,0.1919197559811481,1.3357026784858514,2.1123640478669223,38.64713699692165,8.742282067813369,0.0019082419044895,-0.6671629268799633,1.7106226729359877,-0.572858880545097,-0.351369332646355,-8.385075415107297,-5.008093918777043,15668.0,3.419969057006304,24,3,1,0.572858880545097,0.351369332646355,8.385075415107297,5.008093918777043,0.6671629268799633,3.167787587520036,6.90875477931522,1.1059773445917065
B0047,176,70,1282007682.0,1.177422568842014,4.0,3.386239960829826,2.481724014979985,4.19482784099826,-0.9554277687381624,0.194007805875634,8.972563208541265,13.23162562344335,0.9602841059602648,2.712433774834437,4553.031,0.0744875185600757,0.2155481352009203,880.0966952692152,283.1494056275679,3.194139375863711,0.2529729938461293,0.1125093688709995,1.0,1.6743047446975208,30.914085064415787,0.0,40.316765654797024,0.0029998563832439,1.3585223078381146,0.7032307425341058,-0.0122921423777544,0.4968821758555068,0.290035653760996,26.857818822992645,1000.0,0.1425712152492695,0.0029785199040002,0.1952481804492454,1.3344818425867295,2.207436933789507,39.62793473759494,9.23162562344335,0.0020275780295458,-0.6738061859953892,1.7131038260182745,-0.5706414983254008,-0.3388941938108815,-8.820151471232526,-5.267948677740876,15586.0,3.423214118242677,24,3,1,0.5706414983254008,0.3388941938108815,8.820151471232526,5.267948677740876,0.6738061859953892,3.327113674654794,6.90875477931522,1.1059773445917065
B0047,178,71,1282023233.0,1.158443027293818,4.0,3.383817098626054,2.475682459777723,4.194470276921028,-0.9577201485364992,0.18733223221408,9.037146843138396,12.857920538298638,0.9629804713804712,2.716417508417509,4486.5,0.0749210483953649,0.2282617581659242,878.1602356355498,285.1393821785712,3.172255215097572,0.2522928685272183,0.1099080213733736,1.0,1.6743047446975208,30.914085064415787,0.0,41.13343273511567,0.0029681234566148,1.3350457936812612,0.6918949677247088,-0.0189795415481959,0.5158617174037028,0.3031828065612891,32.60821226807494,1000.0,0.1424631981132252,0.002966499589306,0.1908095280721678,1.3370691054257606,2.2589619165852506,40.2186736258748,8.857920538298638,0.0019743498357955,-0.6673995902085452,1.7187878171433053,-0.5720106515839265,-0.3482374911775313,-8.48340897366388,-5.066824898790848,15551.0,3.4661763066970983,24,3,1,0.5720106515839265,0.3482374911775313,8.48340897366388,5.066824898790848,0.6673995902085452,3.5147704498455563,6.90875477931522,1.1059773445917065
B0047,180,72,1282038725.0,1.1567087516841796,4.0,3.381884669655044,2.4992087242533025,4.194180006661532,-0.957312378021018,0.1883306021156062,9.009035929017504,12.67528068575023,0.9626020408163264,2.719397959183673,4450.625,0.074645639828423,0.2348575729931512,877.4337407220219,285.8508374610116,3.163222695900717,0.2517648520713162,0.1092086798696012,1.0,1.6743047446975208,30.914085064415787,0.0,40.61462851000589,0.0030206880170047,1.3137904105968865,0.6908591493558421,-0.0017342756096383,0.5175959930133411,0.3095032128215741,35.37267566798234,1000.0,0.142642124984267,0.0029962226189544,0.1867908200125809,1.3357861707054208,2.2262296326260267,40.6882756333062,8.67528068575023,0.0019492275097875,-0.662486710471371,1.6949712824082297,-0.5717671054095941,-0.3468013665265604,-8.304953583275362,-4.960240126307168,15492.0,3.4808594298545747,24,3,1,0.5717671054095941,0.3468013665265604,8.304953583275362,4.960240126307168,0.662486710471371,3.5938178242880205,6.90875477931522,1.1059773445917065
