battery,cycle_num,Capacity,Residual,IMF1,IMF2,IMF3,IMF4,IMF5,IMF6
CS2_35,1,1.138460077286744,1.1396314341552691,-0.03282488169075927,0.16461424170106448,-0.270770815155676,0.16853010981785363,-0.029268389268782183,-0.0014516224013985607
CS2_35,2,1.137727858609917,1.1360807063018141,-0.021190361890530512,0.12898614831069552,-0.2084858091643619,0.12277699600242356,-0.020740874015219613,0.00030105293625452904
CS2_35,3,1.137481037299766,1.1337488897320043,-0.009929758025515035,0.09896725209588572,-0.1569965801998718,0.08536270256673464,-0.012563219822642052,-0.0011082491755593277
CS2_35,4,1.137092410671013,1.130764658529582,-0.0020963474471599685,0.07639949236806201,-0.1167379545434084,0.0576543634135841,-0.00865290367007952,-0.00023889810812111308
CS2_35,5,1.1313490455513728,1.126967051196903,0.000548630350960185,0.057649017686337865,-0.0849463219777565,0.03587125373943706,-0.0059917938138604725,0.0012512082433976215
CS2_35,6,1.1293656761380313,1.1254480739114026,0.004117290541282255,0.042923066884465164,-0.058979044856426514,0.02135849903398447,-0.005263833901928819,-0.00023837559980412247
CS2_35,7,1.123221100998645,1.1224784879266645,0.004850957745136493,0.02862345356587785,-0.039631380856435326,0.010105282264403345,-0.0027036037033424235,-0.0005020960659346246
CS2_35,8,1.111035391722063,1.1192852463893965,-0.0006391352536476462,0.019017814397185178,-0.02956370563748343,0.0048973854940354885,-0.0016719462221132617,-0.00029026756206925884
CS2_35,9,1.106058072607449,1.1160875890731417,-0.0020108533556326205,0.01145276208936644,-0.01846098383677396,-0.0009201529778649467,-3.5594341296751956e-06,-8.6729065164565e-05
CS2_35,10,1.1026273850359738,1.1140943646050663,-0.0014056224369935811,0.005487745341321392,-0.012342629230734679,-0.001630109648812421,-0.0008303216527549994,-0.0007460420540720427
CS2_35,11,1.0981426816273636,1.1115348553714828,-0.004719493572319105,0.002394913920170127,-0.00695344998865607,-0.001630783372260112,-0.00023345462130347434,-0.0022499062206744105
CS2_35,12,1.1042953570007974,1.1085510851515987,0.0014535542648600342,0.0015675578194844367,-0.005439181452974525,-0.0014236263641958832,-0.001204682170540021,0.0007906496388558856
CS2_35,13,1.105798600323471,1.1072180895600392,0.0030518034913888333,0.0014046849801729626,-0.004423775556511925,-0.0012540497674678238,-2.5416465458259137e-05,-0.00017273603308139013
CS2_35,14,1.105602981532538,1.1065584144451879,0.001498965439582223,-4.318923268966899e-05,-0.0010478933641950292,-0.0004367697545142785,-0.0004539539787314185,-0.00047259213640227113
CS2_35,15,1.1051740372707801,1.104674555242748,9.079581538478516e-05,-0.0006663305437468214,0.001148963221191607,-0.002168068167497004,0.0010674390183096816,0.0010266825702835052
CS2_35,16,1.1046090719018427,1.1056019016294198,-0.0018607041287828625,0.0019626698557867637,-0.0013415929105351312,0.00032586106195115746,0.0004926111045679059,-0.0005716748244158596
CS2_35,17,1.1041409319964224,1.1051869170632591,0.00014334664417158574,-0.0006754020120816872,-0.0011203078809830836,0.0014418230836215791,-0.0006062932551220294,-0.00022915176008211536
CS2_35,18,1.1036330935788286,1.104464720573687,0.00027151173754013985,-0.0006644228056946378,0.00031736980540163624,-0.0005608738687732991,-0.0002709897834508784,7.577780670932632e-05
CS2_35,19,1.1028933034679547,1.1045874878828947,-0.0009761486733762604,-8.607047999034641e-05,0.0009910281044237998,-0.0006078652477271114,-0.00021815572404939936,-0.0007969725072950204
CS2_35,20,1.1019126464925222,1.1036420016488466,7.119787933380113e-05,-0.000996975854924329,-0.0006171427516237177,8.184859479132266e-05,-7.576629455775267e-05,-0.00019251684197404091
CS2_35,21,1.1011976633298275,1.1027809449452677,0.00034386627729769757,-0.0006966809073217474,-0.0013339907255774056,-0.0002572993129241614,0.0009232756843845078,-0.0005624527436058323
CS2_35,22,1.1004104501394991,1.102333820242897,-0.0005143602769446464,-0.0005512376088745939,7.354969875328479e-05,-0.0002590612146815528,-0.0007026010345665516,3.0340220965674832e-05
CS2_35,23,1.0997345953192728,1.1004297963761365,-0.0005233320662260524,-0.0011428910190710816,0.0013647523102530263,-0.0003291302064981603,-0.0010594461225243955,0.0009948459355584814
CS2_35,24,1.099128965152353,1.0989148377317248,-0.0007168500871419302,0.0016988680643430644,-0.0008393188911149772,4.1474264748373984e-05,0.0009465455550020618,-0.0009165915965788785
CS2_35,25,1.0984861342685548,1.0959524607496238,-3.641474202389239e-05,0.0007977017545942938,0.0003985527147197703,0.0009131412618297462,-0.00044164859910342437,0.0009023410178351353
CS2_35,26,1.0976666234363535,1.0927872353722061,0.0024578292923263787,0.00023100701233393003,0.0011380480991185517,0.0003219827188212069,0.0003546747882037924,0.0003758460426350892
CS2_35,27,1.096887128875224,1.0897861428339173,0.0051878403429077655,0.0008255404146303257,-8.201932793527094e-05,0.00026438890322245533,0.00016726355089726136,0.0007379720472284215
CS2_35,28,1.0860915626664358,1.086997917973451,-0.0008498199949130957,0.0006905609614324803,0.0001619078122208121,-0.0011906501600133566,2.8597570880157675e-05,0.0002530483979084349
CS2_35,29,1.0785622527089522,1.0837623601719295,-0.0026969026424292037,-0.0008195760157164516,-0.0014037365913466715,0.0011456475898672298,-0.0002743734763016847,-0.0011511664291118087
CS2_35,30,1.0748777462037147,1.0800965315119149,-0.002154697645592137,-0.0023712580487907312,-0.0007140464204077984,0.0001657128859577295,-0.0009736640460148747,0.0008291678662540286
CS2_35,31,1.0721584804344317,1.0776962894280655,-0.0024242961726296855,-0.0016115681316902154,-0.0002908398076104311,-0.0011410216214141984,0.0008691787602918167,-0.0009392621197440244
CS2_35,32,1.0691398006494026,1.0752849618818623,-0.0061446172540163095,-0.000663651578658454,0.001470702702472307,-0.0011388598277763025,0.0007982901500000448,-0.0004670255222775724
CS2_35,33,1.0793676618171695,1.0744103903002038,0.0045797051982104445,0.001989632852833059,-0.0007250773691813326,0.00044932275862855255,-0.0015261987822600914,0.0001898867563091167
CS2_35,34,1.0817534463242353,1.0720065524821578,0.007169964724213573,0.0012188573494043356,0.0011076862144361514,-0.0010500428397522685,0.0012262408786512678,7.418741161853833e-05
CS2_35,35,1.0737092774178976,1.0703666555866214,0.000994539872000261,0.002143717785936955,7.467078327224691e-05,0.0006972922237362107,-0.0010032993109674458,0.00043570037743315013
CS2_35,36,1.0659376432701677,1.070272693113458,-0.002214643499918046,-0.0009968907668476724,0.0007619639323011978,-0.001234179994063254,-0.00014175215089390778,-0.0005095474602159228
CS2_35,37,1.063503833872531,1.068681743271531,-0.0018604629540657596,-0.0022990431728128514,0.00039653181725758966,-0.0004904735114540839,-0.0003213764137773955,-0.0006030852593932068
CS2_35,38,1.062146509486368,1.0663728862648574,-0.002528910400346226,-0.00014399186092030707,-0.0010448230521955429,-0.0013385309360789519,0.000609778598348938,0.00022010077807155162
CS2_35,39,1.0597458767265806,1.065960105737316,-0.005343824262704677,0.00014975372177533256,-0.0008114059662112973,0.0010998997871684928,-0.0011934001540101957,-0.00011525223029762997
CS2_35,40,1.0700184071228946,1.0642909841421637,0.0036066592560094384,0.00112406658556195,0.00039985040202351755,0.0003196601150173464,-0.00033012779147527285,0.0006073143153996674
CS2_35,41,1.0723960385292202,1.0638248621498996,0.0062838836479260215,0.0005904074169232002,0.001190865808530039,0.00026665066308021894,-0.0005219260622447854,0.0007612948058354118
CS2_35,42,1.0671283946753434,1.0624182430361966,0.00048248358163704985,0.003054025275590935,-0.0001397358485921117,0.00013773887580500568,0.0019403994553766858,-0.0007647597975568844
CS2_35,43,1.057469037064564,1.0604904361186631,-0.006015297695600485,0.0006655710329387623,0.0004618064204753233,0.0008239178732178647,0.0007578727161262827,0.0002847305062292017
CS2_35,44,1.0564280574130365,1.0587003698009487,-0.004043125936636379,0.0016388736607159933,-0.0015340091408909576,0.0008442855915143328,-1.2630557853249965e-05,0.0008342939031951003
CS2_35,45,1.0555376826751086,1.0583804593581405,-0.0005648080842853259,-0.00028717528315360747,-7.639922272653661e-05,-0.0011004878701997166,-0.00020791190574144929,-0.00060599440856524
CS2_35,46,1.0538653044295856,1.0573921173982541,0.00042923217221693455,-0.0022253387962728327,-0.0004880878995855318,-1.3671195554028457e-05,-0.0005965977312697469,-0.0006323496090862063
CS2_35,47,1.0602560418785458,1.057717499415631,0.010281403319421506,-0.005227629070382182,-0.0006007979319023895,-0.0009773081493841538,-0.001278055434758564,0.0003409296361449265
CS2_35,48,1.0643488507216148,1.0604471902845547,0.015170357309118622,-0.007734814940945103,-0.00040546705454799943,-0.0014985342251539718,-0.00016466996138413007,-0.0014652107856553396
CS2_35,49,1.0656069575135376,1.0626621938020695,0.012417012461423335,-0.00611384527443752,-0.0011215614660596712,-0.0020530819601740752,0.0006697808327521833,-0.000853540978233601
CS2_35,50,1.0527904025087338,1.0650544543255491,-0.009063240307514646,-0.0017555859885166531,-0.002192906396002931,0.0013695284589805914,0.00044932031704387885,-0.001071167991201892
CS2_35,51,1.0517492977423544,1.0669487257889374,-0.018959533875757703,0.0022635379409894924,0.0008216071773120376,0.00037776875230799797,0.0005411459476264662,-0.00024395407898650487
CS2_35,52,1.0505610335501672,1.0653056915971444,-0.02882187295360347,0.007917931847180372,0.0004957659742353826,0.0018804514116676657,0.0006602546385174597,0.003122810945638017
CS2_35,53,1.0485894467906434,1.0671434123762593,-0.03552783505640975,0.010598178304953442,0.002951410126012093,0.0019853306162247414,0.0013905983475024693,4.83519876060753e-05
CS2_35,54,1.097343791451988,1.0658987488394096,0.013004501253723594,0.013534876673681556,0.002665838310869396,0.0022051801470644346,0.000307860249323295,-0.0002732141326464331
CS2_35,55,1.0936053019170182,1.0613777878496435,0.015901362052880157,0.013714277242388256,0.0005312461447171075,-2.327946021918607e-05,0.0022676576098983885,-0.00016374963116025563
CS2_35,56,1.0973967297804519,1.0588862287186473,0.03017385557323978,0.00925558116119239,-6.158355376718015e-05,-0.0006521455642686202,-0.00044946942152747664,0.0002442627563491687
CS2_35,57,1.0970198061094467,1.0551226965402638,0.04544829512626587,-0.0001835744685682767,-0.001659275816127617,-0.0006720260160833287,-0.00029507583401113994,-0.0007412335327082874
CS2_35,58,1.0874381377899436,1.0533829039144145,0.05318594209870145,-0.012980738512856624,-0.0020478920383864498,-0.0023169862512060282,-0.0018896032089056381,0.00010451168210363406
CS2_35,59,0.9709384196148267,1.05343964568684,-0.05529502600599974,-0.01812889814758485,-0.0037532294620731183,-0.0020624234002103387,-0.0024351509041357195,-0.0008264982053575259
CS2_35,60,1.0819754732428102,1.0539141146971058,0.04679856752592119,-0.012195122660872035,-0.0035047644505571958,-0.00243973211488436,0.0007826778082695184,-0.0013802676657791591
CS2_35,61,1.07923337313008,1.0567757997700054,0.02700170222282402,-0.0016147085901225958,-0.0010424501148614917,-0.0002892677657860963,-0.0009279228606201243,-0.0006697796337242721
CS2_35,62,1.0706666349374832,1.0605623761733816,-0.0006417020121391559,0.010499120744845053,0.00012047875818142765,0.00018569878073279442,-0.0006596356879378241,0.0006002980819317858
CS2_35,63,1.0727665031450364,1.063820169764313,-0.00776864111104878,0.012972491799018469,0.0020115154953732127,0.0015733166844567506,-0.0006975210620734509,0.0008551714755590838
CS2_35,64,1.0703884801238654,1.0665974244365957,-0.013356810869571765,0.012026609352082003,0.0011664898153441307,0.0020821233597663677,0.001194575461402496,0.0006780684698847019
CS2_35,65,1.0622875610175662,1.0688699936810122,-0.016967393713235395,0.006140687998983427,0.0021941382709500653,0.0012870480433699763,0.0017872497454798559,-0.0010241631036890363
CS2_35,66,1.0600101970269957,1.0680183418954812,-0.01403797219528771,0.0025466836996136423,0.0008854504518009987,0.0015991918253348612,0.0004641612309693845,0.0005343400254190899
CS2_35,67,1.0579683114192964,1.0659022304553882,-0.007227858670414809,-0.0030601765765055286,0.00027620079807298773,0.0003252759172288193,0.0003471136415665088,0.0014055257612201851
CS2_35,68,1.0565131419092513,1.0631016500447952,-0.0025526092726377205,-0.004474416060156432,-0.0008751178766847055,3.343109578725444e-05,0.0007002474574033577,0.0005799564286628679
CS2_35,69,1.0519714359003949,1.0590902671968376,-0.0028176652554024757,-0.003247994159069859,-0.0012344404633448454,-0.0005416609163739789,0.00033819724766220947,0.00038473216006041803
CS2_35,70,1.0541847528234953,1.0554121032917736,0.0036621499929399203,-0.0038136982036209885,-0.0005576432092730896,-0.0002724554083407899,-0.00046834045123876736,0.00022263672022789478
CS2_35,71,1.0534118373516144,1.0527550839612874,0.004087818216845463,-0.0009142951401305602,-0.0010188415023251335,7.034606120331227e-05,4.5072000099405826e-05,-0.0016133463360431572
CS2_35,72,1.0478390186484994,1.0484476789843886,0.0005278719109874254,-0.0005187303648896318,0.0004985192122413616,-0.0007540643654414223,-0.0006352278034924216,0.00027297098655024106
CS2_35,73,1.045493634804263,1.046785470461744,-1.091036242482104e-06,0.0009119518896083874,-0.00013151195780456695,-0.0005644387424246379,-0.00039986129343993175,-0.0011068846042716835
CS2_35,74,1.044527765336582,1.0446386781284764,-0.0002379987765829179,0.001380604564267173,0.00033426691193126634,-0.000554607791122838,-0.0007492235126173738,-0.00028395427442616056
CS2_35,75,1.0435065306858284,1.0419745832817526,0.0008537855761046228,8.054761969159167e-05,-0.0005264856551994602,-1.0665754043116967e-05,0.0009596751814374327,0.00017509034989038975
CS2_35,76,1.0391248004772216,1.0420945193873516,-0.002236440325721894,-0.0004261719770685772,0.00011921504817464745,0.00045563837122782795,-0.0007015913639383729,-0.00018036874701474935
CS2_35,77,1.0429058766770964,1.0409073331428491,0.0006414831283453538,0.0013824277205754301,0.00025721069433633383,-0.0009838747904551584,0.00046699447530557174,0.00023430222021741926
CS2_35,78,1.04250517251333,1.0405954531734571,0.00046065587322535506,0.0007306755809571744,-2.1636987913017845e-05,0.0007230693459222359,-0.0005792277670439127,0.0005961832089841248
CS2_35,79,1.0412270852559473,1.040050196745371,0.0008175584929598634,-0.0007567297923510768,0.0009755992564350253,-8.833178995238139e-05,-0.0003076240973365014,0.0005364163556588125
CS2_35,80,1.0396424858814086,1.0396551372717493,-0.0008452263936356404,0.00044683349983100086,0.0005398985323916614,-0.0002414079063884416,-0.00045587894251085495,0.0005431297355263129
CS2_35,81,1.0385324020284656,1.0387725748961445,-0.00027381493638505987,4.2011628675684e-05,-0.0003004884076225866,-0.0004668083691454447,0.00033205418436491177,0.00042687294849076885
CS2_35,82,1.038428649046093,1.0386601829767477,0.0002814783740989614,-0.00012409512619848424,-0.0006381262557897115,0.0007113568325160636,8.061487846927907e-05,-0.0005427627176467451
CS2_35,83,1.0373387194023884,1.0363289701358682,-0.00021944878658206507,0.0004968389666160225,-0.0007295963069487779,0.0011403686018121206,0.00015821364567251004,0.00016337306254788226
CS2_35,84,1.0353626713677322,1.0347889403828403,0.00012844280119180383,-0.00047300048773397745,0.00039256846628687574,0.00035352007477999466,-1.749481763666175e-05,0.0001896948654957288
CS2_35,85,1.0340761801268528,1.0354738493664257,-0.00037837199335178094,-0.00010683115397315896,0.00018504266213363,0.00010685190330824408,0.00024275359775011778,-0.0014471143373659357
CS2_35,86,1.0331409739233521,1.031716143033312,-0.00029524515605983446,0.00035272858006765495,-0.0006860627483149867,0.00022251408765782535,0.00047307292815619215,0.0013578231170308583
CS2_35,87,1.0317480514975514,1.0314890113167297,-0.0015884121824518006,0.002539115653013484,-0.00028672643370617097,-3.187930116410187e-05,-0.00035223708386601747,-2.0820551875798624e-05
CS2_35,88,1.0309682870450843,1.029659756641435,7.024668196912545e-05,-0.0002280029502726659,0.0013731827856862525,0.0008229053824237095,-0.0005170642625384812,-0.00021273731413776483
CS2_35,89,1.0300840861261804,1.0279233613713128,0.0010143322849656762,0.001021672150409128,5.341898137017481e-05,0.0006528697076067061,-0.0006339626741648411,5.239422456174202e-05
CS2_35,90,1.0303020861358334,1.0263677369666029,0.003685575387901203,0.0009386347514478766,-0.0001426664672372916,-0.0015766508044274148,0.0003077480298467802,0.0007217081914816433
CS2_35,91,1.02852693043193,1.0267352825654186,0.004961343352678517,-0.002008741170286659,0.00048551975323121873,0.0004487449164188911,-0.000448863153035776,-0.0016463559119089496
CS2_35,92,1.0274077374765582,1.0256223549963952,0.004515811559199503,-0.0017378381650642032,-0.0002902727711943732,-0.001240558898591688,0.000606443518451116,-6.82028415449204e-05
CS2_35,93,1.0267944920176575,1.0250973407656832,0.006349031972766971,-0.0024259961031664282,-0.0020495406801836653,-2.601090031053988e-05,-0.0012972378063214984,0.0011469046905595304
CS2_35,94,1.01721006126796,1.027792787878264,-0.0021894191805196033,-0.005169362516785922,-0.0013135010154499492,-0.0005669539464158371,-0.0003177222613315825,-0.0010257677640929282
CS2_35,95,1.0136597639860412,1.0268100866065002,-0.008331014509753123,-0.004676867890002361,0.0001410018413267672,-0.0011860831712916023,0.0002608873195814128,0.0006417537169951063
CS2_35,96,1.0125892781877255,1.0259948358785103,-0.013934177585989352,-0.001018074288595597,-0.0009183675296063673,0.0007145085869560009,0.0015584619621711593,0.0001920910920789082
CS2_35,97,1.0108909315657968,1.0244823743571376,-0.01993937489946251,0.001995731574428912,0.0018450765500148936,0.0005729601810065066,0.00047410667690040386,0.0014600570543393768
CS2_35,98,1.029194039936994,1.0218705134418569,-0.005394143345150361,0.00987869908585674,0.0008345809790868038,0.0011509661900404263,-0.0005726032056847006,0.0014260267112721772
CS2_35,99,1.027983620044059,1.0183397937521899,-0.009313073044899867,0.014953222435013387,0.0027854107920222177,0.00013562911892544776,0.0009947718177812771,8.786509385853031e-05
CS2_35,100,1.02551881364551,1.013715545016524,-0.008007162154823614,0.01657330723632165,0.001675929555811361,0.000998678784307735,-0.0005746388702748803,0.001137153999591124
CS2_35,101,1.0341007672711937,1.0104994243847991,0.01688455166013655,0.008269291369715168,-0.001439753658419586,0.0007191834268583851,-0.00042886669242297987,-0.0004030633014099198
CS2_35,102,1.034395454639509,1.0059751335061877,0.037593528016004206,-0.007231498321806014,-0.0011112090878076096,-0.001867944753967244,0.0008789864996794685,0.00015845869914814665
CS2_35,103,1.024270292536725,1.005077489708352,0.04431380977626834,-0.02086522192725591,-0.0014896068585588927,-0.0009076969380015972,-0.0016520707679458131,-0.00020641053362052076
CS2_35,104,0.9167549605605103,1.0063567251395904,-0.05959780899705243,-0.026032171357989655,-0.0009592815667835439,-0.002377047857297267,-2.0118687917998244e-05,-0.0006153361408624869
CS2_35,105,1.053597278617784,1.0118774579688472,0.060000851870091465,-0.014450177277799106,0.0005333573673135391,-0.0014035490324315785,-0.0006715410452168042,-0.002289121323782288
CS2_35,106,1.0529422433057067,1.0174086849320543,0.0353614781815536,0.002941399292469926,-0.0004939309896540134,-0.00028792796954605693,-0.00019147487414662934,-0.0017959853574895856
CS2_35,107,1.0601587733240323,1.0252713592884382,0.016497117081988383,0.019645259107038206,-0.0006698349297509841,-0.0006204300686619865,0.000810333807889553,-0.0007750310566404831
CS2_35,108,1.0612087680967561,1.0338750361710805,-0.0022992063416564933,0.027751513434325224,0.0011741511315059442,0.000668879415296624,-0.0002957311431426773,0.0003341253351401905
CS2_35,109,1.0471441753802821,1.042232969966266,-0.029625755123315323,0.03184195976470413,0.000563178950615964,0.00023651174864549766,0.0010641751503148193,0.0008311348352103912
CS2_35,110,1.046607617174633,1.0525807671002867,-0.03411350723677337,0.026221355213360383,0.0009081007698430973,0.00015980361636487337,0.0008697454414276498,-1.8647817474166968e-05
CS2_35,111,1.0474560591462803,1.0595895964536446,-0.028660484585648925,0.014755546514431896,0.00028078929429918554,0.0006965397045774094,-0.0002830404743385019,0.0010771121513326542
CS2_35,112,1.0449700725551585,1.0654070387403567,-0.0190777610282698,-0.0018918587417565793,-0.00029153538690993426,3.6495692960912646e-05,0.00022315997840699546,0.0005645332135133819
CS2_35,113,1.0431277170603863,1.0687922342709808,-0.007356760071102671,-0.018933410426617,-0.0003004166924496773,8.653036159546764e-05,0.0007346733524586675,0.00010486617949797013
CS2_35,114,1.0521012646775691,1.0701392923614685,0.010843544917649092,-0.02929812498763615,8.192734811420484e-05,0.0004351341525355954,-0.0007724384687927666,0.000671929264146261
CS2_35,115,1.0525707583841761,1.0691650539535311,0.016976165878163328,-0.033790385460384445,0.00028677982167093954,-8.002094887730511e-05,0.0001535510725418525,-0.00014038602276630422
CS2_35,116,1.0418410073151598,1.064839956484984,0.004022538060294931,-0.027914425272445923,-0.0005986052029251648,0.00023688062261008864,0.0006696825566513266,0.0005849799805501445
CS2_35,117,1.0376707696214478,1.060266017834018,-0.006538306776418909,-0.017012398820643124,0.0002614058387492222,0.00022392170433665516,0.0009890270639602073,-0.0005188973061071222
CS2_35,118,1.035136641776571,1.0522841846893611,-0.01832192175865597,-0.0014689917476428142,0.000971263873789476,0.00018346731771984627,0.0008954712047544263,0.0005931681148389986
CS2_35,119,1.0336828399099804,1.0429935691736216,-0.026810464951886413,0.014468594685220701,0.0005296116863585554,0.001561516208571007,-0.0006171629218180674,0.0015571759481652963
CS2_35,120,1.029967278414718,1.0341313521777997,-0.031341522358951664,0.024091270594102224,0.0009098374686605921,0.001892675762546458,0.0002375877775324054,4.607691296233188e-05
CS2_35,121,1.040664993031399,1.023363077763724,-0.014382251094191147,0.0294868620372958,-3.698920931229025e-05,0.0009569458840129403,0.0011012695640182188,0.00017607800094337044
CS2_35,122,1.0416093032254352,1.0130523280576744,0.0006766464990229017,0.027099111303015844,0.0007392735690868611,-0.0017612627036657225,0.0013932120334858797,0.00040999438147952777
CS2_35,123,1.0309195637447033,1.0044260428644236,0.01016293169374128,0.01779487983004316,-0.0007603716339058262,0.0003839078765033013,-0.00045848673808046965,-0.0006293402285187684
CS2_35,124,1.024026969668764,0.9971278533434214,0.02817378907203185,0.002144942769982648,-0.0011046749009197313,-0.0009812142084670175,-0.0009135437217772451,-0.00042018276288511604
CS2_35,125,1.0249816326254333,0.992270820568235,0.05291316295426197,-0.015495590334904892,-0.0013289360397988116,-0.000754420229481496,-0.0025986826201542463,-2.4721750533636175e-05
CS2_35,126,0.9022152953708868,0.9903843297183745,-0.057909421012971515,-0.025583290605237407,-0.0017172504996405592,-0.0005621801863959616,-0.0011582071043469931,-0.0012386849611375162
CS2_35,127,1.0205635599394256,0.9932424094007668,0.05360840310702321,-0.020396125276714677,-0.0018777530512235328,-0.002264632049307315,-0.0008577973323741875,-0.0008909449345544447
CS2_35,128,1.0262075787400455,0.9974131308727269,0.038416112301221925,-0.006965050623083306,-0.0008945585745577267,6.192155921307539e-05,-0.0019139833204274439,9.000644658777181e-05
CS2_35,129,1.0309311048977996,1.006038250197851,0.018903268175733064,0.0069308028678356105,0.00017982366654227847,-0.0008011407590959056,-0.0007985223774593749,0.00047862304589057385
CS2_35,130,1.0312395332468292,1.0153843182486735,7.625191407454086e-05,0.016524135394441867,-0.0004830206642371257,-0.0002469426346241833,0.0002555065575718493,-0.00027071564971317875
CS2_35,131,1.031055893823435,1.0245244586082496,-0.013045308001669075,0.01679174036187711,0.0014113738182730932,0.0011290596182048317,-0.0008080930589802958,0.0010526623969211483
CS2_35,132,1.0307421576950162,1.0339345941047229,-0.02137801294686054,0.014500532143303565,0.0009440762982720201,0.000659583522111045,0.002681966226351801,-0.0006005817333013951
CS2_35,133,1.0303847043661811,1.0412916910040004,-0.021301060393487576,0.005944777168157189,0.0012909686817169296,0.0008191260153071979,0.0021011737397765413,0.00023802807045541496
CS2_35,134,1.0306239971828468,1.0468354506348245,-0.015226079408687636,-0.004125296491685641,0.00046992474103584427,0.001124779479843231,0.0009035543505356207,0.0006416637966174392
CS2_35,135,1.0304153521914863,1.049836123088943,-0.01164559956959618,-0.011244368039272151,0.0010054005224811589,0.00033769619977151597,0.0011902497682731202,0.000935850140616889
CS2_35,136,1.0299560514018893,1.0499877926172752,-0.007496106010003141,-0.014845776738961543,-0.0003554596126975019,0.00035534003305002837,7.900448041960402e-05,0.0022312565527457654
CS2_35,137,1.0292641016218553,1.048307314548633,-0.011203321417719219,-0.010507414383235159,0.0009892224656848296,0.0004798509719969931,0.0010355169235431538,0.0001629324332038816
CS2_35,138,1.028735896725152,1.044360924654263,-0.015290894752916302,-0.0017909264704862784,0.0007845785391789135,0.0007829132697914729,0.00016093077240155907,-0.0002716293665888932
CS2_35,139,1.0282907663618914,1.0377177663343333,-0.01990791677476835,0.010248180603160701,0.0002806117306328812,0.00047077567697588165,-0.00017080425512524012,-0.00034784703262500917
CS2_35,140,1.0280701743192608,1.0305036221641009,-0.019475943626290425,0.01819868212815286,-0.0003948630585880159,-0.0007563544802778886,-6.266706374684301e-05,5.769817670293328e-05
CS2_35,141,1.0279604761547816,1.0230743580226063,-0.012375408591854422,0.018350433390889227,-0.0006722055219949269,0.0003374657225489487,-0.0004524496646540953,-0.0003017172819171546
CS2_35,142,1.027930306662661,1.0157345534851636,0.0050577825352840465,0.0076337749643768885,0.0003090701744943731,-0.00027998391154128454,6.949291824782392e-05,-0.0005943835825085649
CS2_35,143,1.028621432947105,1.0108010966156946,0.026557749340756154,-0.006886595318941755,0.00033691256975023704,-0.000352673107549827,-0.002223287832537149,0.0003882306004758274
CS2_35,144,1.0292194972603141,1.0051642513539785,0.046616979404825384,-0.02177222601261691,-0.0007502147669130772,-0.0012448477170433018,0.000885411152513821,0.00032014376584210864
CS2_35,145,0.9198051374285257,1.0042856379741305,-0.050758168793547935,-0.029075355422052886,-0.0028820311617190923,-0.0005767731878916896,-0.0001586196245190926,-0.001029552386078036
CS2_35,146,1.0099036657782534,1.0028969790225255,0.032960157360541795,-0.02400024010784261,-8.393234864628549e-05,-5.8120321870281336e-05,-0.0008128298962048142,-0.000998348001234643
CS2_35,147,1.0112890839116417,1.0021445251340841,0.017063842618618777,-0.008175115935635182,0.00036040351419720725,-0.0008335464043562565,0.00030894016346849927,0.00042003474965277666
CS2_35,148,1.008378852457973,1.0036647031337125,-0.010568371556284182,0.01514892970612025,-0.0006464867033027404,-0.0005444476151518499,0.0006006292497774009,0.0007238961728071125
CS2_35,149,1.0074222909173614,1.0056770452806392,-0.029801628196296562,0.03022475331289658,4.2520460007348524e-05,0.0016591883648155632,-0.0004279436311858283,4.835525662346466e-05
CS2_35,150,1.0044593491521283,1.005993117284781,-0.044895895181002676,0.040482842407829144,0.000460809512209193,0.0011060333632998166,-1.647761139318097e-05,0.0013289193078845044
CS2_35,151,1.016144027364362,1.0073308685751843,-0.029574568499006405,0.03649079716701969,0.0006510316776264153,-0.0005759889066657166,0.0007934633427720967,0.0010284239336222308
CS2_35,152,1.0170885357634774,1.0085729104472911,-0.01528211073327379,0.023549953334496044,0.00011892007450988883,0.00011781665764047077,-0.00022872936410980621,0.00023977527268665452
CS2_35,153,1.0025271348293074,1.008138732554425,-0.007614351145448159,0.0012117361943039717,9.177227483756684e-05,9.768650352742795e-05,0.0012944059611268586,-0.0006928475811113863
CS2_35,154,1.000094608881028,1.0085067599735131,0.016577826216750323,-0.022968787971301877,-0.0007615388439412383,-0.00023707423457692748,-0.0003903131599991729,-0.0006322631659610985
CS2_35,155,1.005799174166465,1.007278441193994,0.043870629027682656,-0.04407422866819541,-0.0007937834962465574,0.001271324534159261,-0.001994968561837871,0.00024176006778189497
CS2_35,156,0.8948509941280292,1.006418086643687,-0.05824779789210191,-0.05203265909441041,0.0005747509310658798,-0.0018853705813052931,0.0005263496985474609,-0.0005023655963625315
CS2_35,157,1.0160004938941998,1.0059597750924167,0.04978512138796618,-0.03882350213378409,-0.0019456966377885772,0.0009070128454618243,0.0010365744072072353,-0.0009187911410238947
CS2_35,158,1.0163862132845534,1.0060068400300717,0.0236065610988309,-0.0131213271074174,0.0009832740236695539,-0.0007002222678345878,-0.00017890669003354793,-0.00021000587665215504
CS2_35,159,1.0017137558337756,1.0053174047794549,-0.021746567649970794,0.017225204140071688,0.0006482999025093135,0.0003853649595246003,3.831421229186005e-05,-0.000154264577383739
CS2_35,160,1.0033471368662346,1.0056120826177477,-0.04330884434152006,0.04095759052378357,8.723446602989181e-05,-0.0010388506224124476,0.0014692297168030373,-0.0004313055622141763
CS2_35,161,1.0038901887697378,1.0053234958014219,-0.055612057486650934,0.054421805240657616,-0.0007906604583684152,-7.224693783313884e-05,0.00031618257313242935,0.0003036699691153534
CS2_35,162,1.003104591615954,1.006072038971374,-0.05293306293733143,0.050772350439914224,0.0002592721668553417,0.00019922171180494604,-0.0005101869527040592,-0.0007550418518663555
CS2_35,163,1.0046296586811563,1.0045332069093416,-0.03909655432019702,0.038813029454244426,-0.00042040534937500825,0.0006680805381950649,-0.00022235798304188163,0.0003546593633914036
CS2_35,164,1.0125667531680627,1.0034462705122007,-0.008261061826512421,0.017460900966823397,0.0005766654549602557,-0.00044329788650789795,-7.792216436902457e-05,-0.0001348019607225492
CS2_35,165,1.01451075235898,1.0021083578940704,0.02053809801118007,-0.007922492005382661,-3.8197129489193294e-05,0.001143095050234583,-0.0008230175305158235,-0.0004950920041873658
CS2_35,166,1.0022372666303472,1.00019953596609,0.03302130637460659,-0.030178766056021027,8.535615122105831e-05,-0.00030117422290175876,-0.0001184092924052058,-0.0004705823577573406
CS2_35,167,1.0009128022733762,0.9982383638413039,0.048053305513532485,-0.044905624138597736,-0.00037128527542544835,-0.00032955868236639194,0.00017104757652659403,5.6553371487469386e-05
CS2_35,168,0.8813006377513926,0.9968289609613266,-0.06576405345326453,-0.05014824456706802,0.0011467721545141381,-0.0008095410979751615,-0.000161608130253239,0.00020835187133701037
CS2_35,169,0.9989804664569437,0.9937958220259359,0.04186858759496132,-0.03722613870420175,-0.00013072874322840386,-0.00012798440300755464,-0.00029780449677046454,0.001098713117214011
CS2_35,170,1.0008982356678402,0.9924716826487601,0.024244814523828713,-0.01596682942149294,0.0010738166573301415,-0.00020525880347105625,-0.0007470879092266195,2.709790520314496e-05
CS2_35,171,1.0085982016698765,0.9897481466897549,0.00844793986377794,0.009740787783004044,-0.0006274348247213472,-0.0003413029579768849,0.0011447257767494704,0.00048533926889457327
CS2_35,172,1.0124811984707662,0.9874166474035908,-0.006494375349254219,0.031212246975777597,-0.00037534116905770995,0.0005096021335829282,4.381322828308302e-05,0.0001686051756922673
CS2_35,173,1.0132423314153307,0.9870230990216277,-0.013455635260476249,0.04012155785420079,-0.00039695702999772807,0.0006100221573414841,-0.0002493709624852225,-0.0004103844373759879
CS2_35,174,0.9986280978546382,0.984409738644464,-0.021787557492476125,0.03485415368472843,-0.0002449825342172459,0.0013688616925016715,-0.000561775134026787,0.000589658927783134
CS2_35,175,1.00166450135265,0.9853281432100572,0.0027875854989887422,0.014145495300628608,0.0006921349540502793,-0.0005046676485420421,-0.0009777122652016303,0.00019352223541320036
CS2_35,176,1.005963482799043,0.9854161183627531,0.03261480823145,-0.012073504894746467,0.0008439389417817199,-0.0008564476566831491,-0.00011190522061012895,0.00013047496589647372
CS2_35,177,0.9014316347689508,0.9891835967792864,-0.058100319322078806,-0.027050175766155315,-0.0018976902634564652,0.0004762790983985099,-0.0007268773349136613,-0.0004531784440173546
CS2_35,178,1.0135036713762204,0.9926818642161093,0.05028263571854812,-0.027960763114704305,1.2912164150399981e-05,-0.0017180296363511454,0.0011526343940685578,-0.0009475824382147494
CS2_35,179,1.014013123371459,0.9969789085228361,0.03323366650867934,-0.014376683103886708,-0.0010210160468270882,-0.0005613990137979491,-0.0008327527958961163,0.0005923992275067145
CS2_35,180,1.0143525361133854,1.0033560445156815,0.014009950386554726,-0.001936991881869255,-8.567519450534039e-05,-0.0013288014622344357,0.0016795491106940984,-0.0013415394339344735
CS2_35,181,1.0147125502484045,1.0085162678382906,-0.0039670062072718485,0.010220442855323105,0.00025670164777006656,0.00014152334856762472,-0.0004361053287009772,-1.9273978735538046e-05
CS2_35,182,1.0150877595914665,1.0138476740188656,-0.014535582271726832,0.014476273551491715,-0.0005321277876554373,0.0006925023995775231,-0.0005717569316274076,0.0017107765392100557
CS2_35,183,1.0153942816533181,1.018636821777408,-0.018087312782480595,0.013113926222003585,0.0016004431655610276,0.000562249643582526,-2.1775573323159134e-05,-0.00041007087290315954
CS2_35,184,1.0165844509873452,1.0222461803351044,-0.01557670206896261,0.007972280203691753,0.0011972426222318525,-0.00027381562449876163,0.0003112362895259173,0.000708029156243948
CS2_35,185,1.0169052738273479,1.0226207650155748,-0.009938991815111991,0.0018566446180071459,0.0011566470399107798,-1.7285080354842234e-05,0.0002690477960117835,0.0009584461791562431
CS2_35,186,1.0171024175181245,1.023451323142229,-0.006051619556333715,-0.0010346715576461996,-0.00013731868006912522,0.00034269144614831567,0.0009886189459438653,-0.0004566062963909178
CS2_35,187,1.0171814836716528,1.0226862065492108,-0.0013352859674405119,-0.0042251859799924685,0.0003729935451029177,0.00027033327570565865,-0.0007798364436198622,0.00019225861840726184
CS2_35,188,1.0176641895655365,1.0208558304007664,0.0010931079837853308,-0.003887303784809507,-0.0011352563758216068,6.212814295074907e-05,0.00018828175277874873,0.0004874013713888506
CS2_35,189,1.0178259690774354,1.0192539057747936,0.0015834945688009566,-0.001811108433987151,0.00011743793040675646,-0.000899964714532952,-0.0004776502750679628,5.985415245158988e-05
CS2_35,190,1.0178926496597,1.0189522683667729,0.0017410518037379147,-0.0008794270084134289,-2.78692835696398e-05,-0.0007227660632410563,-0.0009416015057229078,-0.00022900672446443177
CS2_35,191,1.0179827226589993,1.0162926073562444,0.0006309887609380286,0.001252731070182908,-0.0008714794843081014,-0.0002467909807978148,0.0006334742957171197,0.0002911915663811474
CS2_35,192,1.0181064880712825,1.0155524267637177,0.0012665715338947823,-9.752576960434301e-05,0.0005596284821287582,7.315851025777078e-05,0.0012630102666774227,-0.0005107817904871377
CS2_35,193,1.0180678765624265,1.0147414107347732,0.00034045956888595444,0.00118268085714216,0.0006390509370194936,-0.00025334543464651353,-0.00038639282927864976,0.001804012653850786
CS2_35,194,1.0180860320477265,1.0143735516705137,0.0021902556643354962,0.0010444817839245107,-0.0016185327351989106,0.001237470447850766,0.00040194127872227904,0.0004568638628902483
CS2_35,195,1.0180417858298227,1.0130370941004871,0.004143462689757285,-0.0005783269288088227,0.0008128534243398926,0.001067980784628527,0.00019732525949428122,-0.0006386035747438941
CS2_35,196,1.00796474638787,1.0106730116519071,-0.0037628162835050437,-4.5886644072746485e-05,0.000859360907856779,-0.0004691205018490249,0.00079476423347808,-8.456704605246686e-05
CS2_35,197,1.0049758650134848,1.0081462886875443,-0.003106747112585341,-0.0013883689619540664,-0.0010789548951500444,0.0024771554606968834,-0.0006117534073282255,0.0005382451735068828
CS2_35,198,1.0042760903073429,1.0054939086763899,-0.001661400546487169,-5.607515965568527e-05,-0.000243989653176857,-0.00020969458592591577,0.00127134385178276,-0.0003180023440217704
CS2_35,199,1.0009381517235738,1.0037055608460124,-0.004310153035567349,0.0023554873772917706,-0.0008228900873620078,0.0013072698407466327,-0.0007505700621454592,-0.0005465532223287907
CS2_35,200,0.9986502877006203,1.0028611014714623,-0.00402257147579701,0.00024560727245557856,0.0008485933374164355,-0.0015648121430384128,0.00021297288726247036,6.939628496773682e-05
CS2_35,201,1.0078769490713313,1.0044438992934,0.0067519930258565205,-5.0274171672347065e-06,-0.000731497094646915,-0.0014791252580714427,-0.0010227236670931664,-8.056988101395669e-05
CS2_35,202,1.010826925698474,1.0068781103304156,0.008896391706879966,-0.0017917600521749491,-0.0008105511630595558,-0.0012708313025012099,-0.0004546591435160449,-0.0006197747489723182
CS2_35,203,1.0097372893208885,1.0115911222857097,0.00400374141000297,-0.002892961616720137,-0.001559585466266548,-0.00027831859594570256,-0.0009595207517896598,-0.0001671880150115428
CS2_35,204,0.9982085578875513,1.01778468315061,-0.015708725924591938,-0.0018912077904354454,-0.0018911579233100875,0.0001995230320013949,6.473270523241448e-05,-0.00034928942764638496
CS2_35,205,1.0415557005729,1.0269761685958028,0.015679905416591096,0.000171106584800049,-0.00048272920271120415,-0.0002736523261985864,0.0012368009842847738,-0.0017518995649802676
CS2_35,206,1.044341963796334,1.0345682772940934,0.005002881019790445,0.0030275850539039474,0.0017323450115779087,0.00024913246844010013,0.00022206194790035525,-0.00046031908594448156
CS2_35,207,1.047131570983558,1.0414306478046402,-0.0004274757427989396,0.0028102516284732914,0.0012075140780247672,0.00019703322603988713,0.0008106015513609833,0.0011029983499828118
CS2_35,208,1.0478773629113949,1.0492558779541838,-0.005410279230073769,0.0018661017179547445,0.001135086852738666,0.0007660386954982761,-0.00036237335939753125,0.0006269101923179719
CS2_35,209,1.0479598841856932,1.053799084546156,-0.006460873359585576,-0.0017922583378810366,0.0003375330184294598,0.00038543088412869373,0.00020810375400895633,0.0014828635922266192
CS2_35,210,1.0476109398352653,1.0572069378491875,-0.007229318338213418,-0.00440423538451096,0.0010153046664115714,-0.0002817383758315191,0.0012114754305347546,9.251389963532583e-05
CS2_35,211,1.0475365528277853,1.057841893938334,-0.006540744241314957,-0.005384326389932559,-0.00031751592713314325,0.0006098869867006142,0.00011714523478605333,0.0012102131383268414
CS2_35,212,1.0477017356347131,1.0571810545283635,-0.007010338786440615,-0.0035544665059557157,0.0002817077333212665,0.0009633725266396038,0.0005927458007350214,-0.0007523397500431936
CS2_35,213,1.0472861160393236,1.0528245408847914,-0.010127043112329806,0.0019833092590900436,0.0006919722598881769,-0.0005628222219328349,0.0014943615577978624,0.0009817973241136933
CS2_35,214,1.0466285541659222,1.0473963203706496,-0.011266301275049937,0.008248214339302881,0.00011084040500321613,0.0015350211344958744,0.0002249139928746948,0.0003795451110383775
CS2_35,215,1.045939634995051,1.04298105730748,-0.013061801507954707,0.015241967603042628,0.0016906599715405595,-0.0008848214210621774,7.633389912671795e-05,-0.00010376094441761332
CS2_35,216,1.0446640253556438,1.0374486688005848,-0.01001792843717741,0.019320053191033974,-0.0008535257492222535,0.0004893525769917958,-0.0005562348038151578,-0.0011663603094701424
CS2_35,217,1.0442885729419515,1.0319266635032858,0.0007622225693689554,0.013565168657764849,4.162728089680394e-05,-0.0006719136964312218,-0.0010962345289575284,-0.00023896093052430705
CS2_35,218,1.0437486411626793,1.0281244534610718,0.01610157220039506,0.0036792789840205836,-0.0006694415978574722,-0.001329478378016388,-0.0011812151034496733,-0.0009765284897884554
CS2_35,219,1.0431836278840159,1.0267972170939603,0.0363705625643025,-0.014319590028256097,-0.0028418403893735013,0.0007286853131774015,-0.0015303066225369761,-0.00202110013330598
CS2_35,220,1.0429994434328993,1.026543843986035,0.05281334067064428,-0.030927320760946165,-0.0015202790323068248,-0.0009976526879381365,-0.002608847788895873,-0.0003036410396577072
CS2_35,221,0.9291495906679437,1.0275626476000976,-0.057230196394036856,-0.03702572870046069,-0.0022511347575685098,-0.0007248237744602321,-0.0008856747195558387,-0.000295498620505201
CS2_35,222,1.0418744640667015,1.0297963866713409,0.040491470074418265,-0.026154502755924795,-0.0008999263255714993,-0.0018306529847790928,0.0003049841482212691,0.00016670515354085978
CS2_35,223,1.0329536228489609,1.0342400714176174,0.003354782002195463,-0.004404365318669766,-0.00018513294875747882,0.00043117374944899036,0.0009019377049652643,-0.001384843839256754
CS2_35,224,1.0239609148572555,1.0343451219702313,-0.033615262971529385,0.017944282891021787,0.0017218266101640997,0.00040263788489001463,0.0016546491868216788,0.0015076592083085383
CS2_35,225,1.0253045362199416,1.0355764624805857,-0.0526848137916179,0.03569134335005947,0.0027498427275217405,0.0009625375231784456,0.0017387714380214694,0.0012703924142370322
CS2_35,226,1.0231472639033896,1.0328107464328329,-0.06294658875017933,0.043347773343184466,0.0038991003048411592,0.002853461559071173,0.0007901591792764245,0.0023926117573836495
CS2_35,227,1.0198552600278852,1.029415726975638,-0.05660610362909927,0.03900173316822772,0.0031841398810396574,0.0025183196018812777,0.0011618404869507917,0.0011796034677577156
CS2_35,228,1.0277525654534791,1.0233147767363193,-0.024117460722819433,0.023565371906591033,0.002224115294108728,0.0016531334404337402,0.00017337176400824473,0.0009392569557739473
CS2_35,229,1.0303233772380338,1.0157240162982726,0.010622456052871937,0.0030499720191418905,0.0005228683140817968,-0.0008433316216592645,0.0009492302933512026,0.0002981658017464664
CS2_35,230,1.0267974422951909,1.0085713771430092,0.04014038015152844,-0.020201091301329986,-5.3511678706757547e-05,-0.000373313362128245,-0.0006284102030129949,-0.0006579885328000414
CS2_35,231,1.015411165099465,1.0022897016879346,0.05593083984249001,-0.03638125584583196,-0.0034856757076868125,-6.625018035233052e-05,-0.0015449867989644297,-0.0013312079716016555
CS2_35,232,0.8869393069175011,0.996694898411072,-0.06210184846340123,-0.03986414458939718,-0.0034747608862397777,-0.0025126686401323825,-0.0009275020564336585,-0.0008746668732946248
CS2_35,233,1.014207921607305,0.9932191949172644,0.05462120859310905,-0.026095456678162852,-0.0036352739562985777,-0.0010078317662897108,-0.0010746482521974223,-0.0018192713230528572
CS2_35,234,1.0128507748453863,0.9915699399915989,0.030051164167583074,-0.004794759428070376,-0.0014264274219394672,-0.0009196082659332219,-0.0014977312187010483,-0.00013180305147022858
CS2_35,235,1.0099169317336134,0.9927644052003234,0.0044370724521395075,0.014184540981981509,-0.0005648618800961269,-0.00020611316976746076,-0.0001787434258434211,-0.0005193684961147762
CS2_35,236,1.019781578447624,0.9956499140041823,-0.00104117413870117,0.024516689105205484,0.000261908761799843,-0.0011272395723774449,0.0009676451042367792,0.0005538351078224565
CS2_35,237,1.0209312345874082,0.9998984043565551,-0.005409862762536768,0.024388815884963333,0.00045304457133753554,0.0009237460124792604,0.0006927216267861052,-1.563517815244691e-05
CS2_35,238,1.0112791990451129,1.0029913540856241,-0.014924801178322416,0.017804281410935343,0.0023642701788312583,0.002217170852466121,2.126833988275399e-05,0.000805655284088282
CS2_35,239,1.0062259347264018,1.0068096783141176,-0.014226893680565126,0.010124873773408732,0.000683105286703778,0.0012205483599700548,0.0013487165391100624,0.0002659060643364333
CS2_35,240,1.0045675458489498,1.009596693152561,-0.012406632131658827,0.005077607601609007,0.001003679337733485,0.0005413957966128151,0.0013924554213405782,-0.0006376533978177121
CS2_35,241,1.0034955745835106,1.0096281533554938,-0.008924262265447971,-0.00010303760762578389,0.0011772772400084203,0.0011086955851904228,-0.0006170864874195945,0.0012258346952270557
CS2_35,242,1.00101474295397,1.0098673062002965,-0.006471702394261949,-0.002351803332416581,-0.0007467103164831581,-0.00016574833425919252,0.0005826231958752655,0.0003007778682576196
CS2_35,243,1.0109587514889569,1.007984679354444,0.006229322718764651,-0.003310349916898977,0.000322280090008466,-0.0007644068897097743,0.0004378477282018326,5.937833268427344e-05
CS2_35,244,1.0131826534720219,1.006704887311419,0.010897863494471709,-0.003371208712030319,0.0002023443471269818,-7.550484685029443e-05,-0.00018560260179219045,-0.000990125592792093
CS2_35,245,1.0077417755192926,1.003849184035831,0.007188515275871419,-0.0026668739337953823,-0.0005265298560559361,-0.0005849535336277095,-0.0005411152795970393,0.001023548740660027
CS2_35,246,0.9971833499723743,1.0033334062204198,-0.002041101383124367,-0.00246058198710126,-0.00016212044478797539,-0.0008218134841341155,-0.0003094459753144928,-0.00035499303881037853
CS2_35,247,0.997947059245277,1.001887034299053,-0.0014715058798512373,-3.0597768045742515e-06,-0.001223673037903444,0.00024330412502334705,-0.0007625959324359375,-0.000722444617376783
CS2_35,248,0.9971159091787456,0.9993287508159188,-0.0024910299400442352,-0.00029285318101113646,0.0004072751248077875,-0.001405696999524742,-3.497442744814969e-05,0.0016044377208505696
CS2_35,249,0.9960174180269732,0.9993428296867443,-0.004876871445286297,0.00020579179403812888,0.0004845444451561379,-0.00045435729373128665,0.0005586360619427013,0.0007568447134099931
CS2_35,250,1.0022565020643839,0.9990514637646466,-0.0005907260553913237,0.001952138098374718,0.00035364059790359394,0.0010786835566851658,0.0004608374022457791,-4.9535367604111375e-05
CS2_35,251,1.006045938444089,0.9991278983441259,0.0044994195338537045,0.0006035807323438368,0.001303166929581597,4.8869431343513536e-05,0.0015070817979392114,-0.0010440783943374784
CS2_35,252,1.006674373959079,0.999638399126106,0.00715694933666291,0.001323049629000375,-0.0013019978424282988,0.0007441514552278617,-0.0006049349371378184,-0.0002812428778750095
CS2_35,253,0.9920353339352417,1.000959656403426,-0.005526647851943482,-0.0013841801803590134,-0.0008887791852257387,3.614099028379489e-05,-0.0011629121238606276,2.0558200236254565e-06
CS2_35,254,0.9905487375356898,1.000885238418209,-0.007040270890945304,-0.0016180632323497556,-0.0003342351394242578,-0.0007320931655187111,-0.0004212436726844222,-0.000190594843820841
CS2_35,255,1.002042855709979,1.0025679359417994,0.0015645309337398688,-0.0008765084831150453,3.537373556951578e-05,-0.0006430860860601404,-0.0012905733783165488,0.0006851829789352355
CS2_35,256,1.008426857527981,1.0030179223553017,0.004612028854683339,0.00010958613222521287,0.0005485217918827223,-0.001002851056092566,0.001437103955059601,-0.0002954545753956067
CS2_35,257,1.009077187583737,1.0049929736362235,0.0024252726357137226,0.0008527275196772263,-0.0006011202449299031,0.0018722854463275145,-0.0007839392948769459,0.00031898781499122946
CS2_35,258,1.0089556222055456,1.0070311293459713,-0.0012534220405451915,0.0016006800276863167,0.00033799856072312873,0.0006866768365029753,0.00020350782151796378,0.00034905158313350087
CS2_35,259,1.0088563315023373,1.0077900049747752,-0.000957603388550726,0.00017633609934950093,0.002106499544518604,-0.0014635457187434904,0.000920253469233559,0.00028438645124385985
CS2_35,260,1.0089847421688374,1.0091396038477958,-0.0005211449752303246,-0.0001092764807584024,-0.000339700020957206,0.0010006551794043065,-0.0003520127038934632,0.00016661725190775652
CS2_35,261,1.0089222798124666,1.0093106753348196,-0.000261984732157195,-0.0013228004771479594,0.00015252270455062215,0.0005724426798612905,0.00036074171193179865,0.00011068252006799001
CS2_35,262,1.00885879743611,1.0102908748563761,7.820109746808802e-05,-0.0010406720385582127,0.0002161417490866992,8.65257133893552e-05,-0.0006476738493616372,-0.00012460016280223024
CS2_35,263,1.0084461060386989,1.0091690650463225,-0.0007416253048040253,0.0003213865290293566,-0.0002028082806923002,0.00036937257893317297,-0.0012950607580873767,0.0008257761576725319
CS2_35,264,1.0080422440133638,1.0092217110487751,0.000824972186052299,-0.0007273290256251576,-0.0005652735716457088,-0.0013532547069795603,0.0011880341310921635,-0.0005466161184475744
CS2_35,265,1.0077030747726443,1.0085439322266567,-0.0008080862218621697,0.0016073603144006287,-0.0008720086708919339,-0.00033789552065384746,-0.0005236762043396126,9.344877934584905e-05
CS2_35,266,1.0073682507151425,1.008218256746388,0.000753209258190618,-0.0009254810076698433,-0.00015170765454647608,-3.281276096237416e-05,-0.0007188390570759259,0.0002256251209813682
CS2_35,267,1.0071421095949251,1.0071643867980171,-0.000568444222258384,-0.0005424864288084328,0.001231278206619506,-0.00040139635769256176,0.0004666431316587113,-0.00020787160234556878
CS2_35,268,1.0070252546446508,1.0063361382006066,-0.0012826971961950283,0.0003173742958101164,-0.0003461772058868724,0.0009472804206901693,-0.0003321040139254383,0.0013854400738692555
CS2_35,269,1.0070253448720887,1.0060458399217438,-0.0013005198028658068,0.0006532677106711554,0.0003557710128374633,0.0008202301730899291,0.0005959467326711496,-0.0001451909457409837
CS2_35,270,1.0067996874729133,1.0036856180161862,-2.8210675950354195e-05,0.0012537420717657528,0.0010977605740445427,0.00029671528574601547,0.00013755214441370166,0.0003565099871275805
CS2_35,271,1.006649536931203,1.0021650706095504,0.0029984251077466335,0.0007044859014785793,-0.0008846176179139173,0.0018977039699402869,0.0004615873349085371,-0.0006931184440194649
CS2_35,272,1.0062477438772994,0.9992315759515205,0.005313101219580021,0.0012526104349878835,0.0002012024307454585,0.0002752567554434713,0.000463112062998725,-0.0004891150473065708
CS2_35,273,0.9911536144551469,0.9962020240886517,-0.0046991826398907355,-0.0006505888232804164,0.0011978175397235114,-0.0006983398281912764,-0.00031199245470399926,0.00011387651034013641
CS2_35,274,0.9884670214844995,0.9938762549362993,-0.0031525740627405064,-0.0006554734250236143,-0.0013870320071065595,0.00033778209495063596,-0.0002504551779146039,-0.00030148093524718896
CS2_35,275,0.9879269275321185,0.9930380031606311,-0.0013172016436148431,-0.0026766108773535347,0.0012112648286628825,-0.0016098855723549856,-1.8368940198971853e-05,-0.0007002734846906059
CS2_35,276,0.9856695155877446,0.9902142980136108,-0.002649766357183733,-0.0008437583383040043,-0.00019876361323194596,-0.0005429877930351892,-0.0002507598860523251,-5.874649807479398e-05
CS2_35,277,0.9843180769452715,0.9896443756263783,-0.005266933370207972,0.00041005969152516384,-7.000143014770363e-05,-0.00011627966354270459,1.912362204669933e-05,-0.00030226759018433467
CS2_35,278,0.9970330015166766,0.9879974364374198,0.006373946604445181,0.000737624954894504,0.0007125604478486015,0.0017298748888477772,-0.0009281506632972675,0.00040970878135879505
CS2_35,279,0.9986483985033239,0.9883586253196057,0.007377309294239164,0.0017033408079244706,0.0008975647575348365,0.0005431689114616664,-0.0004747277306714217,0.00024311707733905337
CS2_35,280,0.9899178648267046,0.9884805765157946,0.0008932481707253488,0.0008440640352087665,-0.0002677790464262075,0.0002340556912353055,0.001018865605128934,-0.0012851662069008154
CS2_35,281,0.9831747346072603,0.988396345867795,-0.004365990946823571,-0.00033996109339451755,-0.00039558360149634375,0.00021206878335631316,0.0005011143920217579,-0.0008332588530849228
CS2_35,282,0.9831127001330806,0.9887732641518227,-0.002272059399104244,-0.002101338743914654,-0.0006011626138374712,0.00015818357742100616,-0.0009380486492347353,9.38617510695167e-05
CS2_35,283,0.9830163841089146,0.9875013435176156,-0.003891563798041443,-0.00043561186021489733,-0.0007631392430726472,-0.0005242117259159286,0.00015505575433156165,0.0009745114053972703
CS2_35,284,0.9822815352094132,0.988625706776348,-0.005601360883746727,0.00023711623599405568,0.000546014216697891,-0.0007733455782053541,0.0009571497638141939,-0.0017097453799710925
CS2_35,285,0.990348778481728,0.9855344219483988,0.0026417738225269914,-0.0004927957828363184,0.0010418114193022521,-0.0007711034072387958,0.0009287575357969413,0.0014659128836443137
CS2_35,286,0.9926719389984768,0.9856800508580398,0.003412069062711745,0.0019648201780472353,-0.0004853709380909537,0.0011079197711361855,-3.6588297867765775e-05,0.0010290383013153005
CS2_35,287,0.9947081845238053,0.9854592915720983,0.007577102996614451,0.00023410388605732952,0.0004223080997587737,-3.262394686599653e-05,0.0021637228998663306,-0.001115721047830819
CS2_35,288,0.9797726030624361,0.9839072970427069,-0.004465993085455923,0.00012660791328403321,0.00023443173515392057,0.0006564559815609756,-0.0003573249072064449,-0.0003288716749540182
CS2_35,289,0.9781158606809157,0.9836005074068527,-0.004219122086800286,0.00013709976266712594,-1.602180229360605e-05,-0.0002891402051070308,-0.0010579989664563365,-3.946348454371497e-05
CS2_35,290,0.9778425650525833,0.982026223781268,-0.0019960991934691017,-0.0014648806246996178,-0.00011935417693194214,-0.0004606234735116704,-0.000310531817616621,0.00016783050107109287
CS2_35,291,0.9788995548255812,0.9825645712476407,-0.0012031717965066164,-0.0010985121025099995,6.435857113410073e-05,-0.00031415549028719056,-0.0006638816071003291,-0.0004496540537410136
CS2_35,292,0.9789707932244056,0.9820824787909046,-0.003226607840978158,0.00156230073565102,-0.0001147825549159543,-0.0010343131546347408,8.530697038477634e-07,-0.0002991358783088071
CS2_35,293,0.9892033407141838,0.9810412386063455,0.006506813083217375,0.0003778802047608754,0.00019314162824899105,0.0008537081033671598,0.0002814839722757796,-5.09249456471663e-05
CS2_35,294,0.9903933073219733,0.9814664065068972,0.006340354282887033,0.001977183096918166,0.0009221461904106631,-0.0007624688851951731,0.0004110372316322174,3.8648836269303894e-05
CS2_35,295,0.980937370285595,0.9815361034733662,-0.001899762419716664,0.00010346651109805929,0.00014596317118812125,0.0012400082689155991,-0.0003785464734229028,0.0001901376962927527
CS2_35,296,0.976057455305984,0.9800124467526394,-0.004823841512063496,-0.0007523673029672457,0.0006456506443699281,-6.637465923289806e-05,0.00166359560109373,-0.0006216542735205609
CS2_35,297,0.9763281732222993,0.9800887062911211,-0.0017138398330497047,-0.002133598408666017,0.0006862877363199334,-0.0007409376673429446,-0.0010773054769289308,0.0012188605250581421
CS2_35,298,0.9753005618768142,0.9808800405654351,-0.0029836945716657745,-0.00013798281510629491,-0.0007288364801528066,-0.0015354014977533412,0.0003085803882852027,-0.000502143767550398
CS2_35,299,0.9733128023888682,0.9788443825618279,-0.0057599656233937495,0.0003455356866156166,0.00017382661576937478,-0.0007160115865321868,-3.718601278144243e-05,0.0004622206929397897
CS2_35,300,0.9826650153577603,0.9793647434281707,0.00322282257473653,0.0013020391003055053,-0.0009822638454409015,0.0006603562224223027,-0.0003839410436400572,-0.000518741137449624
CS2_35,301,0.9863758437854102,0.9777026558809137,0.006941266776365241,0.00013404281361492073,0.0013842638246472916,0.0006549931652748173,-0.001444981050967832,0.0010036023152266596
CS2_35,302,0.984601851315702,0.9779223130912994,0.006461734186908522,-0.00027337813443900914,0.0004762252285457508,0.00018795379375290307,-0.0004339936187249883,0.0002609967088268279
CS2_35,303,0.9713664710330718,0.9777427444409543,-0.005839442196951012,-5.987030905824841e-05,2.3273289034359603e-05,-0.0007732292353709617,0.0012752467945492127,-0.0010022518036277993
CS2_35,304,0.9719080023953737,0.9780315317536974,-0.004886095114831829,-0.00032855666365750463,-0.0003271611149159915,-0.0006137167566294299,-0.0006308421471215308,0.0006628423850455587
CS2_35,305,0.976536613839718,0.9800936106318957,-0.0003482223821901866,-0.0018253097419962377,0.0005512721110240511,-0.00014985722461107248,-0.0007327474665324187,-0.0010521321437537972
CS2_35,306,0.975319126717195,0.980283595188206,-0.003601307333569532,-0.0003690919365312885,-0.0015146180039803023,-0.0005062084294819512,0.0004893389821714152,0.0005374181950497499
CS2_35,307,0.9847805618727461,0.980925025167185,0.0033486268297693157,0.00018497658303044445,2.1739577999330008e-05,-0.0007564684451425878,-0.00031967463030936947,0.0013763367306005182
CS2_35,308,0.9861335538616709,0.9845283631136863,0.0018269778104573614,0.0008258124878382834,-0.0004892601030978059,0.0008542688942056238,0.0004067791958058807,-0.0018193875974506146
CS2_35,309,0.9863402202607858,0.9854383275064685,-0.00015234852690769053,0.0005335885714619643,0.0010747153724849042,-0.0007285063362143645,0.0001381533292003323,3.629028397278795e-05
CS2_35,310,0.9864236074890531,0.9861015264483228,-0.0005763578903494557,0.0006865478037015899,-0.0008183922386543773,0.0007937919900619471,0.0002830509783024275,-4.6559662688940004e-05
CS2_35,311,0.9865137525623551,0.9875505667790894,-0.0012823435957693512,-0.000993824110502961,0.0013257327830216456,-0.00027575654157093116,-0.00016562219049786106,0.00035499937818718366
CS2_35,312,0.9883895664641393,0.9883363948591215,-0.0004253671427220751,0.00023199257809963547,-0.0016723188374871407,0.0012028030744398103,0.0008002220271635663,-8.416015572288034e-05
CS2_35,313,0.9888008019496928,0.988594006069535,0.0003373267069919288,-0.0001232299341079238,-0.0006712644099395301,4.175860919539279e-05,0.00042128019812547057,0.00020092464845937753
CS2_35,314,0.9891415654420221,0.988658182648355,0.0003464803286020711,-0.00043411465191474965,0.00013263610125791278,-0.00019897079674837805,-0.00026173962347068484,0.0008990913743535808
CS2_35,315,0.9893170198703913,0.9892911757809009,-0.0006449975278413949,1.8842012689133744e-05,0.0013666542799635757,0.00012638674255312704,-5.687429486495121e-05,-0.0007841671846757668
CS2_35,316,0.9894759929623707,0.9889629391099026,0.00025168742298120497,0.0021136319524166693,0.000264621957364336,-0.0016212457557100944,0.00035114888434286187,-0.0008467906706656776
CS2_35,317,0.9895912570571834,0.9881187098731572,0.0014053419508448669,9.20810560577249e-05,-0.00010185630703113352,0.0016414543139383396,-0.0014420362255983094,-0.000122437665976157
CS2_35,318,0.9896373168561183,0.9879396587810314,0.0014197434570794422,0.0014074337024517819,-0.0012606421399335495,0.00024872639836706346,1.5414006409640534e-05,-0.00013301741109911344
CS2_35,319,0.98983918217953,0.99070799518525,0.005212772205201821,-0.0034396849795787733,-0.0002518539030878331,-0.0006661729169467117,-0.0004013857680784786,-0.0013224877051329666
CS2_35,320,0.9900545618115704,0.9926101355787107,0.007065259062221058,-0.005435911048025742,-0.0017604900700074503,-0.0010880729399501531,-0.0011111917144140564,-0.00022516711896447802
CS2_35,321,0.9905339944460998,0.9938118799712001,0.007201902650836065,-0.008955557834179997,-0.0007141421675296619,-3.5665373945822697e-05,-0.0012908508180351779,0.0005164279555366879
CS2_35,322,0.9902141266731022,0.994203574925806,0.0031481748009116652,-0.007885867304899302,0.00035019129392210223,-0.00026548381161737623,0.0008402658718050765,-0.00017672916489885272
CS2_35,323,0.9902335432059246,0.993397027129178,-0.001361315814279849,-0.004168840391636031,0.0011782071096475034,0.0005805957176749433,0.0007083386980717596,-0.00010046930481331618
CS2_35,324,0.9781002084180628,0.9912062511988903,-0.021323218295537467,0.0036829412674340353,0.0016553995970867985,0.0008843961372987938,0.0009312235659858515,0.0010632148903147894
CS2_35,325,0.9730173441958385,0.9860234907121291,-0.030789630068848776,0.010946399118314017,0.0018723905034417965,0.002403036749696591,0.0009595596324543099,0.0016020974943623104
CS2_35,326,0.9733322511312537,0.9804593433608167,-0.03157923806650334,0.01913446246059609,0.002430283102304703,0.0003690326037103738,0.0021402047165882706,0.0003781628993091919
CS2_35,327,0.973071519387787,0.9725009970178337,-0.025187609639980964,0.02160227098679113,0.0017059070409972856,0.0004378070108066485,0.001993999146032122,1.8147770993492534e-05
CS2_35,328,0.9711567051492445,0.9651210141296435,-0.010171568242003807,0.01462916481551505,0.0005849701583556983,0.00039488668711625875,0.0009212024800927606,-0.00032296493292195385
CS2_35,329,0.979225107022053,0.9565893417314059,0.023484533672867663,0.0018767927447425785,-0.002066444901301846,-4.364677560297114e-05,-0.00019122850489759595,-0.0004242410022596207
CS2_35,330,0.9827692321237862,0.9523811261529048,0.05277680716018556,-0.015108826201969426,-0.0023978770065954695,-0.002435860986308345,-0.0008929566712368349,-0.0015531803818971332
CS2_35,331,0.8600242157767326,0.949151321774508,-0.054601912966463315,-0.025691837017808583,-0.0035142238592238313,-0.0014382033963960125,-0.0014076792979284972,-0.002473249463100746
CS2_35,332,0.97276549935955,0.9487716081756143,0.05176695530070186,-0.019585396837644372,-0.0034379223030930072,-0.0014318734733854794,-0.001270526182114412,-0.0020473453747040476
CS2_35,333,0.9706399206501679,0.9506706473550232,0.030477068626134824,-0.005703334024805045,-0.0026972346704939106,-0.00032964332159332187,-0.0006915029103588394,-0.0010860804569520013
CS2_35,334,0.9716320044476774,0.9557758355159908,0.007077794117419129,0.008956965162050428,0.0013309119757649165,-0.00046497995125785934,-0.00136236685766473,0.0003178444317127099
CS2_35,335,0.9691035367668448,0.9603398448195191,-0.014626080650421664,0.018907861418057142,0.0014110052225102202,0.0006307255778521155,0.0010874497019999513,0.0013527306248103858
CS2_35,336,0.966571741686888,0.9679682129383775,-0.027436840919442828,0.021241938691280736,0.002842287793085187,0.0006181805867575353,0.001653870267846535,-0.00031590772238841437
CS2_35,337,0.9793247360368014,0.9737563340455773,-0.011162611034385614,0.011315516553516536,0.002452071482335206,0.0026610561823940445,0.0007492203596620116,-0.00044685160944211077
CS2_35,338,0.9819767057323006,0.9760566710745342,-0.00014792530615750406,0.0007797966450394267,0.0018261624619366227,0.0018921738109551874,-0.0005551143560488475,0.002124941343697186
CS2_35,339,0.9756559630460799,0.9804896847207256,0.0012061103438716976,-0.00805590910663164,0.0027362029796998864,-0.0010394200375303424,0.001635961836148301,-0.001316667745686985
CS2_35,340,0.9675852637190943,0.9799322932723593,-0.0026435585901068096,-0.010117757422223395,-0.0009303220198951185,0.00012995249336439254,0.001204111724300925,1.0544209464487992e-05
CS2_35,341,0.9686986028678461,0.979819321585324,-0.0018380440315433606,-0.008391446285984165,-0.00034596900022453925,-0.00037875949019123976,-0.0006154931048929939,0.00044899314302402997
CS2_35,342,0.9697702487429396,0.9791695472640496,-0.0013218043578192816,-0.005545450608803416,-0.001779468631172851,-5.4731146959054573e-05,0.0001034625341189406,-0.0008013063632937921
CS2_35,343,0.968867666704412,0.9770480847431142,-0.004487985269583011,-0.0013076524490808431,-0.0016766349761122995,-0.0002363007326974997,-0.0014312359442930946,0.0009593912806537115
CS2_35,344,0.9739495042533193,0.975761980474076,-0.00275143897493355,0.0022150274721387045,-0.0005111566157748519,-0.00039329480078440665,-0.0003412174441837085,-3.0395911929946287e-05
CS2_35,345,0.980459144391709,0.9747586529998233,0.0036590781226513423,0.002211860572308313,0.000665897445856902,-0.0007762909336203678,0.0007776735030705916,-0.0008377273760385116
CS2_35,346,0.9818380591022731,0.9735069262181889,0.005501684365821535,0.002446866592776187,0.00015988214325897207,0.0013828424278690265,-0.0004972464747500341,-0.0006628962291730849
CS2_35,347,0.9707642649685866,0.9711646912656363,-0.0018261517881815951,0.0006720767695294356,0.0003889399197676253,-0.000757973580405498,-1.984857117272054e-05,0.0011425309001437045
CS2_35,348,0.968209987463446,0.9704251199885418,-0.0020300053832854816,-0.0006368991249301574,0.0006792231626404901,-0.0006551655305767567,0.0003890098164788241,3.8704482464146136e-05
CS2_35,349,0.9686145895990776,0.9684433139396187,-0.00010013104843382136,-0.00017990246995145504,-0.0005043030018545037,0.00043202548480697375,0.0003856757831106023,0.00013791085948488874
CS2_35,350,0.9677669001129559,0.9680350815515256,-0.0005178080789122089,0.0011274688841142145,-0.00045297415094544134,-0.0005886667648007811,0.00011043534577842068,5.3363274283366226e-05
CS2_35,351,0.96624004082787,0.9669486647750407,-0.0004155538944569317,-0.0005853730221295741,7.580820797342324e-05,0.000994893980732967,-0.0011953560223226817,0.0004169567518105925
CS2_35,352,0.9722371807626686,0.9681751931863207,0.005170479174987046,0.0009429078579788083,-0.0003212512320390142,-0.0016392356418950648,0.0003917442721003968,-0.0004826569087202208
CS2_35,353,0.964800111597846,0.9678494459410754,-0.001869843277637277,-0.0010786402112078126,-0.000505897803836344,0.0008801669453797306,-0.0006944974260281846,0.00021937737953069445
CS2_35,354,0.9636871595138388,0.96901968550629,-0.003225106728358809,-8.391112664078672e-06,-0.0005265485872125761,-0.001068395275008629,0.0005026785234806692,-0.0010067628627538538
CS2_35,355,0.970339201364411,0.970593669296748,0.0026388525802347506,-0.0016532764613554623,-0.00044349997825876114,-0.000816149388520675,0.0008206093821320126,-0.0008010041196457304
CS2_35,356,0.9692555396904681,0.9713401411345053,-0.0008299259854344444,-0.002777618707410168,0.0010592156322883476,0.0012993168628425832,-0.0015445792218824336,0.0007089899229724742
CS2_35,357,0.96711256978373,0.9715591166200399,-0.006035889929100844,0.00028682975483945787,-0.0007327146381383872,-0.00048584032442571743,0.0009445306624654843,0.0015765375864335736
CS2_35,358,0.975881513789004,0.9719288622512047,-0.00019689712786994735,0.002304779963599937,-0.00046520018445050465,0.0013180507948744149,0.00037236297293718996,0.0006195550631227959
CS2_35,359,0.9774528114269976,0.9705493538182102,-0.00012962267196737736,0.002186573988944874,0.0024844020041376895,0.0002193664400490204,0.00033982966259410105,0.0018029081287324411
CS2_35,360,0.9781619955840108,0.9690720329413648,0.0006629990924524015,0.004752374917205778,0.001992428140739352,0.000765775985112135,0.0009956890698019293,-7.930461928327275e-05
CS2_35,361,0.9785566728641628,0.9671931586999829,0.005766227486330126,0.004848942110307481,0.0017847732982746165,-0.001217611970573703,0.00016932913194336982,1.1854051101704398e-05
CS2_35,362,0.9787395002434325,0.9657336187710566,0.01400306726564863,0.0025178668567815907,-0.0007807509717730816,-0.0005923581640384304,-0.0013886753095319337,-0.0007532682615899794
CS2_35,363,0.9791481026125135,0.9637012717666401,0.02519632103613574,-0.006024562479095361,-0.0012034328928507852,-0.0008529873852331389,-0.0021564670797916074,0.00048795958964451794
CS2_35,364,0.9224728126639281,0.964704519348001,-0.028304044604400183,-0.007740276911984548,-0.0027876354158250503,-0.0011816747710174421,-0.0012603160925691431,-0.0009577589196879459
CS2_35,365,0.980762635387361,0.966751230942614,0.02579042072030547,-0.00655986526093434,-0.0016363493734926043,-0.0019387136171215489,-0.0004570973846058782,-0.0011869906971989034
CS2_35,366,0.9853194204815271,0.9697348835781073,0.019046010215551194,-0.0015273043681968905,-0.00021495789687817434,-0.0006986885931416065,-0.0005774098568053459,-0.00044311265696677916
CS2_35,367,0.9882136015743768,0.9735540102821869,0.010588345564965601,0.004129652738513847,-0.00084833047093379,0.00041389487990663637,-0.0006452349916405121,0.0010212635102108006
CS2_35,368,0.9891625805560182,0.9785622176803155,0.0019006028363041587,0.005063082219443907,0.001887451833153513,0.00045637945530135356,0.0003431681634413133,0.0009496783064617152
CS2_35,369,0.980038817731498,0.98339390644633,-0.013093798779514599,0.005263439571733938,0.0015621009932990568,0.001690684770287227,0.001356814765600569,-0.0001343300937052796
CS2_35,370,0.979989972164037,0.9875090267669928,-0.013791610922607538,0.0016623905395684309,0.0027149758881891755,0.0005491131328561943,0.0013896239170379547,-4.354721544506594e-05
CS2_35,371,0.9829042561052059,0.9877845993743428,-0.008736909938978882,0.0008258059799475739,0.00027859340242105714,0.0005898624410060424,7.061462161840833e-07,0.0021615986414870204
CS2_35,372,0.9849536372937528,0.9900150397167423,-0.003078590159788454,-0.0027788290939927927,0.0007800357433215993,0.00023599200943054036,0.000582290442622718,-0.0008023014242748436
CS2_35,373,0.9847636221656932,0.9885708016944854,-0.0010271010696083858,-0.0020923799353058507,-0.0007120339468912132,0.00036479805488498897,-0.00042683275608559277,8.637006460820235e-05
CS2_35,374,0.9891870836095222,0.9876385301871478,0.004914644361571543,-0.001977579923542406,-0.00032713128004408995,-0.0008027191931562574,0.00036472185241113195,-0.0006233824564733621
CS2_35,375,0.9900115823985036,0.9860583364668267,0.006102630806293106,-6.552056480366094e-05,-0.0010983599972615526,-0.0005306005233874921,4.967802146522498e-05,-0.0005045818726098695
CS2_35,376,0.9851537142072004,0.9843679937430547,0.001998167791885346,-0.0003635740636390783,-0.0009260425194498536,0.0010217186160542116,-0.0003901676190364192,-0.0005543818014507773
CS2_35,377,0.9814970884478562,0.9842079005528493,-0.002025185035656633,0.0007312092380335042,-0.0013317437996941497,0.00010729547326372237,-0.000925744583820366,0.000733356544753564
CS2_35,378,0.981311393912847,0.9831193607925522,-0.00294247891255728,0.0006601994916778319,-0.00022334200024126037,0.00027526198425707,0.0005673734890009187,-0.0001449809898857097
CS2_35,379,0.9839224117785115,0.9837344893518163,-0.0003409585460221648,-0.00025584448546444894,0.0014770768153194872,-0.0009067439102630733,0.0007627937472256909,-0.0005484012533254218
CS2_35,380,0.9838473982759073,0.9833555169242327,-0.0011665346139608835,0.0010393676939464823,-0.0008223746771668037,0.0012168045296075207,-0.00015756989395228875,0.0003821882540095597
CS2_35,381,0.9853085369882031,0.9840961283114629,0.0010467102696937007,-0.0014468340687280765,0.0010080825919022683,9.592216439567968e-05,0.0010745034058214952,-0.0005659757461973124
CS2_35,382,0.9876338304512693,0.9834454091161121,0.0018046939845427594,0.0016724475262391188,1.590404931500323e-05,0.000990934464458069,-0.0009556523692429982,0.0006600936189403506
CS2_35,383,0.9879773096271016,0.9826759949142521,0.003382569713947888,0.002054857769370111,0.00010453721878010889,-0.0006343119998169288,0.00010759641505677858,0.0002860655344512143
CS2_35,384,0.9797263057369747,0.9821473108388374,-0.0024186728266254133,-0.0006036367501161931,3.265006099573077e-06,-0.0003949528449934788,0.001160258248706808,-0.00016726599225971514
CS2_35,385,0.9795257148043994,0.9831045731860566,-0.00032979751305140794,-0.001573814059307954,-0.00021881506863764448,-4.4350175944405144e-05,3.209313167314058e-05,-0.0014441747536239043
CS2_35,386,0.9790448554746867,0.981269713904811,-0.0007697444609802018,-0.0004548805182929276,-0.0002629146592820647,-0.0006209453753065672,0.00031162535159210303,-0.0004279988248719725
CS2_35,387,0.9780910006083481,0.9798699629204083,-0.00036859158014063094,-0.0008766879437044746,8.339831210242382e-06,-0.0008419150965700115,-3.3132181100010714e-05,0.0003330246016591081
CS2_35,388,0.976050458950148,0.9805648422118152,-0.003193257906898646,0.0004762476185438283,-7.42835150243342e-05,-0.0013074109635529455,-0.00015985670065501748,-0.00025582184974198944
CS2_35,389,0.9825895795422994,0.9792274107171759,0.0026637971337860845,0.0009355248275911618,-0.0006468289621765362,0.00021488904143493842,-0.0013867429447345088,0.001581529670600656
CS2_35,390,0.9840596919999207,0.9798837685760955,0.004886941135461244,0.0005716532030957869,-0.0014881744847405427,0.0019536943394797427,-8.483368092096758e-05,-0.0016633571478372388
CS2_35,391,0.9797724390620601,0.9785051864872211,-0.0002087357408895782,0.0012005451751243533,0.0014942879745596788,-0.0020538059315439823,0.0011580396773625654,-0.00032307863712060516
CS2_35,392,0.9753873828111779,0.9797860040420867,-0.0035415504169960923,0.0003925010815303826,-1.917833541784614e-05,-0.00012937401848885232,-0.00026850214271258806,-0.000832517454185763
CS2_35,393,0.9763034070590422,0.9786666837201199,-0.0008617257001408101,-0.00040498911876289483,3.542648900536635e-05,-0.0006020429352322306,-0.0006137522121923584,8.380676046876769e-05
CS2_35,394,0.9771753570536532,0.9788692020302302,-0.0003286157722579242,-0.000767659672491171,-0.0003369364457317388,0.0002253313805423966,0.0001565677351730273,-0.0006425322579826864
CS2_35,395,0.9788001524777563,0.9787205389414895,0.00014524844256278143,-6.16239299495961e-06,-0.0006012413575260213,0.00037633420755535114,-0.00028241228903631415,0.0004478468687994677
CS2_35,396,0.9796175102927833,0.9800794037311125,-0.000613916738143141,-0.00042840052943805867,0.0017849761834838169,-0.0006683436019073975,-0.000686271453102388,0.00015006264350147174
CS2_35,397,0.9830974687388299,0.9801497800570959,0.0016047939728842243,0.0005716751485457623,0.0001725199463807097,0.00021199625712558186,0.000331632663337456,5.507063460866588e-05
CS2_35,398,0.9837373623081618,0.9815421306068539,0.0010783260555035752,0.0008044009425291267,-0.00036599119335627785,-0.00040120821457526073,0.00047409730847876465,0.0006056067435867115
CS2_35,399,0.9839873415374356,0.9840592971518187,-4.189297883241005e-05,0.0006890291623396272,0.00015679515941356673,-0.0002761892620591934,0.0008194556723966314,-0.0014191534268957538
CS2_35,400,0.9841359170235933,0.9841715279222797,0.000305624249879511,-0.0006673526322025201,-0.0009730405114065339,0.001854709363821356,-0.0009832944114972735,0.0004277429833974024
CS2_35,401,0.9841299189569739,0.9849952013315814,-0.0004045932813892957,-0.00036416711629324303,0.00029939484364727273,-0.00020987093828624977,0.00014881358577672633,-0.0003348595273816245
CS2_35,402,0.9851883016388285,0.9846713888903496,0.0005733100322690925,-0.0006214297852879158,0.0006922058706621095,-0.001185542693200097,0.000553577057972274,0.0005047922062655246
CS2_35,403,0.9855350466553858,0.9849595783280419,-0.00014512434501855095,0.0003184755018666391,-0.0006107755319874657,0.0006689430747612285,6.928348515632914e-05,0.00027466608261082727
CS2_35,404,0.9856903266912695,0.9864394016749461,0.0011711835833645022,-0.001566891611394978,0.0012459106499466857,-0.0001598470487205456,-0.0006105810716737237,-0.0008288495452237732
CS2_35,405,0.9856877492146197,0.9861257695314276,0.00038466144670132237,-0.00023247786507986907,-0.0007199993688705394,0.0001098505975104475,-9.801454285090638e-05,0.00011795935575759266
CS2_35,406,0.9856803390142375,0.986548459180788,-0.0007858816996633384,0.000272460933599194,0.0005590610099510268,-0.001000139934393749,0.00041511816005005233,-0.0003287386961143939
CS2_35,407,0.9853698945649967,0.9851909705078634,-0.00023935054028512747,-3.161284365054452e-05,-0.001557167783690797,0.0014603140046283874,2.8231494709244617e-07,0.0005464588453040073
CS2_35,408,0.9854542185801662,0.9854987242114683,0.00026268322841215165,-0.0011205830726917076,0.0007185221726404791,-8.782824815748912e-05,0.0008796190846179374,-0.0006969188560417964
CS2_35,409,0.985297622303797,0.9843653343756493,-8.922711215862636e-05,0.001384850799631008,-0.0004748289586747221,-0.0005501779121569328,0.0005789740279756099,8.269702368386936e-05
CS2_35,410,0.9853335546291078,0.984978136752272,0.0007536492970533436,-0.00040468521358712255,0.001428714014041373,-0.0005647094321492486,-0.0007406348135140341,-0.00011691603487217415
CS2_35,411,0.9853377683630882,0.9852007128169156,0.0012915952351337013,0.0015160561031599606,-0.0012109361302841872,-9.597620059562105e-05,0.00021691937515478776,-0.0015806028962615985
CS2_35,412,0.9852932157733463,0.9843033371677997,0.002730377228726405,-0.0017274686089814883,5.281284812769325e-05,-0.00046380365431256235,0.0003909213288994178,7.039403241601916e-06
CS2_35,413,0.985001545746897,0.9856358442653715,0.00022560081177236293,4.474106025814046e-05,0.0008127696097701787,-0.0007203506619251544,-0.0016521558145208097,0.0006550964164573218
CS2_35,414,0.9773805009610612,0.9875380136593955,-0.008442513617186082,-0.0004915453028220678,-0.0011664080468531874,-0.00038764897962250447,-0.0005999875632978071,0.0009305907551833958
CS2_35,415,0.995719875020912,0.9908126277011368,0.00724023965145648,-0.0008166960428907885,7.258792087179816e-05,4.9817972475699016e-05,-0.0006352693433048203,-0.0010034329033979947
CS2_35,416,0.993555581536314,0.9918165841904478,0.0009957790605927025,0.0004131309093708082,-0.0005322282600936753,0.0006723687402121541,0.0001529987683989825,3.6948063799923995e-05
CS2_35,417,0.994893575792434,0.9931658045465019,-0.0025221489382344334,0.0019295857932835438,0.0011315622648025722,-0.0001611404697148633,0.0011994194445631903,0.00015049308704116981
CS2_35,418,1.001265742844724,0.9956404657098811,0.0026841417777977786,0.0013548823571025452,0.0010174022492970784,0.0004194090351762766,0.00012870219718532337,2.0739451208935757e-05
CS2_35,419,1.00263829677192,0.9959475716634756,0.004131425978188039,0.0012466772166526117,0.00010515690709854559,0.0006742169192769244,-0.00012503263986597243,0.0006582806593980339
CS2_35,420,0.9948594436312188,0.9957843252000083,-0.0020382472170061444,0.00021868163300216173,-0.0005644626462632538,0.0008951488772668072,-0.0006567987930748243,0.001220796513110343
CS2_35,421,0.9934414749163851,0.9969149435923769,-0.0018482764559744436,-0.0004335936262316668,0.00027844792112525374,-0.0007386273183544683,-0.0002915025967886395,-0.00043991666330133047
CS2_35,422,0.9939879712280604,0.9968238553165631,0.00017035170908881846,-0.0006979661195267352,-0.0009379258147416442,-0.0014401674947604338,0.0005063633466426604,-0.0004365397789863763
CS2_35,423,0.993445939253542,0.9963449333419366,-0.000169843546652378,-0.000822974864536521,-0.0007458788995458682,-0.00044730845107915037,-0.00023725862238097858,-0.00047572976773540995
CS2_35,424,0.9913147160524218,0.9952246689715948,-0.0029139536057925038,-0.0005440493329972178,0.000295435751478375,-0.0007681939054317563,0.0008899694811990658,-0.000869161370199883
CS2_35,425,0.9976250852090605,0.9936776412705697,0.002125603206794574,0.0013942588275171921,0.00036207780512472084,-0.00039249503312206605,-0.00037486739928141596,0.0008328664660305871
CS2_35,426,0.998701919449891,0.9929690111997631,0.00234234832021762,0.0023473990049275124,8.551756290493809e-05,0.0015317892428919843,5.7836524278132606e-05,-0.000631982471006977
CS2_35,427,0.9955553099302765,0.9912979736563283,0.0011930844978517267,0.0019335223443880485,0.00016025033046787162,0.000673083478499454,-0.0003180652522583682,0.0006154608105091511
CS2_35,428,0.9881069541713803,0.9904829350358493,-0.003941390361866636,0.0006203159220500458,0.0007645700882960129,-1.6289235090049637e-05,0.000997119020018063,-0.0008003063589954512
CS2_35,429,0.9889495882195654,0.99025228770184,-0.0020701297129722164,0.0017346007293369185,0.0005278788493879538,-0.0005158327205653297,0.00044708583647302117,-0.0014263025254354056
CS2_35,430,0.988816821569559,0.989044111389636,0.002453571597340509,-0.0009526068341068079,-0.0004600900055818765,-0.00048597612772056475,-0.0010376344501899675,0.0002554459387413318
CS2_35,431,0.9809571841742688,0.9893220360627734,-0.0010557354684667926,-0.003722431995968885,-0.002452261737623192,-0.0005398844097979093,0.0004397679625148011,-0.0010343062970454315
CS2_35,432,0.9816788972713013,0.9889765458704893,0.0022857912405625795,-0.008058315929286174,-0.0006005726169730261,-3.0508147719844835e-06,-0.0016137771271135216,0.0006922765901845323
CS2_35,433,0.9892655330718618,0.9899623646977059,0.01111566788947986,-0.009246672430566653,-0.0006237669674081754,-0.0012138552798268037,-0.0001085957110378865,-0.0006196091881278487
CS2_35,434,0.9903264740977349,0.9904922658740235,0.009474513713373784,-0.00763126882703208,-0.0009497637819196839,-0.00018531088931688023,-0.00022676637361141914,-0.0006471956799060034
CS2_35,435,0.9792207921052558,0.98738436607285,-0.008971722196902303,-0.0009118457739961861,0.001627128141154572,-0.0011390730409522117,-0.00036278062900997675,0.0015947194750149968
CS2_35,436,0.9732387985909519,0.9835006255751388,-0.02228914933855353,0.007162886768443952,0.0023665683092850692,0.000709255312206297,0.0009705575413120137,0.0008180543687299309
CS2_35,437,0.9720977593639226,0.9779184135922797,-0.02765701414291546,0.01477554123811777,0.0023977737005797116,0.0021522864292270777,0.0010076241949257337,0.0015031342978352555
CS2_35,438,0.9700858311534226,0.972388286012073,-0.028019291160320106,0.019186978039587223,0.0015626729993349913,0.0030803636658332982,0.001014602480069137,0.0008722190638828384
CS2_35,439,0.9681595295032572,0.9660269081478368,-0.021099264969486217,0.018977686517062102,0.002335355921595122,0.00023526593372167405,0.0010051091459934787,0.0006784687544439748
CS2_35,440,0.9788781701672882,0.9597466196892885,0.009131169605307621,0.010378329173580487,0.0002868400466691272,0.000425043579074063,-0.0011190083113994513,2.9176327825940147e-05
CS2_35,441,0.9813787075150309,0.9546068800871361,0.035205705433648794,-0.004599765767383985,-0.0011495505535645586,-0.0014316169000153436,-4.9129520910457405e-05,-0.0012038153219533698
CS2_35,442,0.9823075093479225,0.9511246996448385,0.053792709052671424,-0.01498408323543256,-0.0032417552581567007,-0.0008620635002652212,-0.002107753144592166,-0.0014142442696347358
CS2_35,443,0.8611774910333061,0.9492760378925209,-0.05660457334628477,-0.024117706444777242,-0.003373141883492868,-0.002840530825418433,-0.0001653940715576294,-0.0009972002913513638
CS2_35,444,0.9824913092926337,0.9525302363927324,0.05433563440400172,-0.016329266361662622,-0.0029012620904028835,-0.0022012523338507603,-0.0006926403640870819,-0.002250140412674254
CS2_35,445,0.9831632980012408,0.9571984428969107,0.0328061261457657,-0.003198858496770539,-0.0014026491388549446,-0.0002954045688012733,-0.001228263689178797,-0.0007160952067114598
CS2_35,446,0.9836859313429329,0.9654942542251939,0.010639412277823652,0.009235542641670067,2.552213775964891e-05,0.00029896292744927206,-0.00043143279545171175,-0.0015763301306298122
CS2_35,447,0.983707631528226,0.9719194291360554,-0.008921488852002678,0.016335352599070957,0.0016895292229941116,0.0006450668867920341,-0.00025946661855565263,0.002299209094744051
CS2_35,448,0.9832480213267871,0.9801765163973212,-0.020151235433895125,0.017687182318404167,0.002324740258938406,0.000697005488875731,0.0010929071859631405,0.0014209050522598565
CS2_35,449,0.9817405131429382,0.986353853191208,-0.02273725154001643,0.012328507079088048,0.001256836173524649,0.001821584710248007,0.00197666222406678,0.0007403212465816154
CS2_35,450,0.9811430019380722,0.9907034454657936,-0.020702454049499556,0.0057140155678579085,0.0022750692396364294,-0.0005823353751066402,0.0033877322635048053,0.00034752876791873435
CS2_35,451,0.9805609324642006,0.9923129477984572,-0.015476169185224507,0.0003949975642680541,0.0006069359367567427,0.0012310453134986954,0.0002191538032372654,0.0012720211755036018
CS2_35,452,0.9799591251500388,0.9921702424447334,-0.010763922126690346,-0.001630001499502126,-0.0008694705082408558,-8.611196994134564e-05,0.0003471352758039471,0.0007912534764450461
CS2_35,453,0.9798144649805849,0.9885869863812906,-0.005390975832912378,-0.003460900757615936,-0.0010022979347496716,0.0014187635780939828,-0.0011870512029658808,0.0008499406920784645
CS2_35,454,0.9795503114636119,0.9842150154409288,-0.0010040553009938024,-0.0027653942359296153,-0.00025099841966784003,-0.002037742922527545,0.00166830527857293,-0.00027481843401712993
CS2_35,455,0.9792325874814765,0.9791998578852035,0.002682955455396632,-0.0017212636748177123,0.0006135756743186611,-0.0005074958356373324,-0.0008485305390881009,-0.0001865115410014105
CS2_35,456,0.9788148413941968,0.9736809560561848,0.007051630275290796,-0.00046620966043964984,-0.0014066941265979509,0.0014974794916176569,-0.0007453677877437786,-0.0007969529110282106
CS2_35,457,0.978454502141382,0.9683624570983548,0.010440624776289055,0.000648793376062967,0.0013699101031531987,-0.0018758903494383663,3.6462015150386965e-05,-0.0005278549349401664
CS2_35,458,0.9607773034528435,0.963016999814843,-0.0017682497309318614,0.0004792650742781538,-0.0004143731813873865,-0.0011840329931588585,0.00028489414848462336,0.0003628002719668494
CS2_35,459,0.9587713482601572,0.9606176478014803,0.0011419168485659354,-0.0010001691779887873,-0.0014945521653029943,0.0006692823330376485,-0.0008415626891763398,-0.0003212147382996052
CS2_35,460,0.952311715574929,0.9577753091099586,-0.0020019822972803885,-0.00119586966911159,-0.00148084004789631,-0.0005526209939217311,-0.00024814243998926434,1.5861868252556843e-05
CS2_35,461,0.9513458804739159,0.9570091987578498,-0.0023803824485590327,-0.0027680371203744098,0.0008907979659807707,-0.000979571129575388,-0.0006039507074027261,0.00017782511151674205
CS2_35,462,0.948735987195704,0.9578192785242968,-0.006426106312427114,-0.0012443536199397013,-0.00046470732994416663,0.00023862001542240805,-0.0005608063682125032,-0.0006259377567905567
CS2_35,463,0.9633420200021447,0.9581493133447112,0.00512404352224026,0.0011422394446010797,-0.000970822626003046,1.6281604278225518e-06,0.000511664488075412,-0.0006160463818178066
CS2_35,464,0.9660969305473444,0.958176501920307,0.006333388666174141,-0.0007049101755784473,0.0020965910059191507,-0.0013788753025343638,0.0006526341744628199,0.0009216002074372616
CS2_35,465,0.959268694580761,0.9597745891143318,-0.0028517833018627645,0.0011164409998806783,-0.00030330073930053296,0.0006748649045588758,-0.0001267067324077063,0.0009845902874945807
CS2_35,466,0.9560470139663729,0.9606062619802956,-0.005815999266413597,-0.0016858605830226043,0.001566518915638145,0.00018466910047925764,0.0009752684435907088,0.00021615532919743997
CS2_35,467,0.9608633070281409,0.9601301712423497,-0.002713514556872641,0.0009647893091340971,5.444232896716312e-05,0.0007115198858326211,0.0003721496222622572,0.0013437491476799275
CS2_35,468,0.9663064844315432,0.9588659602782429,0.0034809792374131824,0.0009175045305868589,0.0005537681595377097,0.0008534747013422805,0.0002862149323639198,0.0013485825408047869
CS2_35,469,0.9669751427153166,0.9589456586184462,0.007602630695636805,0.000847143363347335,-0.00029345902050683737,0.0009549771100291377,-5.427440612464241e-05,-0.00102753369706562
CS2_35,470,0.9526530915023637,0.9553502138116057,-0.0038881244513939792,0.0004593828273480752,0.0004598887032103714,-5.679315202313663e-05,0.00021734222241542292,0.00011118149612956388
CS2_35,471,0.9475278837165426,0.9524710442357311,-0.0034830170024043048,-0.0008422550455863338,0.000623144862534283,-0.0017302702206113015,0.0004984530323736967,-9.216188246537837e-06
CS2_35,472,0.9457341980978322,0.9500044676928644,-0.0011241974315115227,-0.0007418594032099863,-0.0014640583201511678,0.0005739782080391832,-0.0014530015641291024,-6.113112600963955e-05
CS2_35,473,0.945439167610476,0.9485292547333488,0.0019363471130416576,-0.002371080234118667,-0.0012190695967410437,-0.0006347812175870505,0.0009460911562782199,-0.0017475943855524954
CS2_35,474,0.9393260881307249,0.947757849756834,-0.0037398939039562334,-0.00188300628880243,-0.0014705431912032864,-0.0008922111748915783,8.483703320173162e-05,-0.0005309441394967666
CS2_35,475,0.942018913329528,0.946797827948648,-0.003999548616483007,-0.00019357256293783934,0.0009264989117689399,-0.0007263846590495984,-0.0010278552993095982,0.00024194756663270623
CS2_35,476,0.9478591269209189,0.9470163979037006,-0.0010351791722377688,0.0005310810529806512,0.001273439511287367,0.00041692928253578705,0.0008661324782295779,-0.0012096741784791973
CS2_35,477,0.9557047065306752,0.9465146770065574,0.006011545399505494,0.0015822808334736036,-0.0002660172043809114,0.0012333155093258495,0.0003718452094780824,0.0002570597302626955
CS2_35,478,0.9580373695284496,0.947861228669069,0.006499739156558158,0.002290802101787857,0.00036737286702261964,0.00031457028689022763,0.0009599923638226634,-0.0002563359642096536
CS2_35,479,0.9470525060843586,0.948531985555098,-0.0026382227659162453,0.0007310526838072484,0.001125338045411517,-0.0013919137084864096,0.00021235108182917524,0.0004819151500786385
CS2_35,480,0.9442808824367637,0.9481633023586064,-0.0035478628787749752,0.0006907200393674169,-0.0006172730401018683,-9.122486570412344e-05,-0.0007869098037392041,0.000470130585827806
CS2_35,481,0.9439518387706247,0.9483842756309404,-0.001601736359268346,-0.0019990353375427764,-0.0011290350310703598,0.0002804515311635086,0.0005957721068239461,-0.0005788538115550096
CS2_35,482,0.9416596634551784,0.9461543023008837,-0.003001545876125009,-0.0016814893376426697,0.00019266206991287252,-0.0012153122133973285,0.0009898843767290563,0.0002211620947219139
CS2_35,483,0.9402955114801426,0.9459323999567579,-0.005670177440514011,0.0005233167335919745,-0.0010506240907467881,0.001379757772890843,-0.0005264947537716432,-0.00029266673754412985
CS2_35,484,0.949578448237963,0.9449431234712213,0.0021800353570500383,0.002040195390817559,-6.993941979960695e-05,0.0005965443307921118,-0.0006364231661813157,0.0005249122303828622
CS2_35,485,0.952855528682381,0.944345977858816,0.0061846587741137705,0.0010665674317083915,0.00035997694395171586,-0.00015752442083661296,0.0016788333304645791,-0.000622961281000262
CS2_35,486,0.950774452142479,0.9426994680605072,0.005144693397184063,-0.00014596553857795162,0.001092525397329775,0.0007812542616290299,0.0004595121031508945,0.0007429644170345633
CS2_35,487,0.9399280358044688,0.9420503032335544,-0.0036432341934435073,0.0010619528631336244,-0.0007680076635914284,0.0009715399612199863,-1.2855341866285314e-05,0.00026833690614993567
CS2_35,488,0.9395637773489831,0.9429010968101819,-0.0008454733989004404,-0.0004436089050491369,-0.0007642260373264026,0.00034981803381735365,-0.00011751007358678776,-0.001516319119300449
CS2_35,489,0.9367915541648237,0.9412419012747333,-0.0014456919176857462,-0.001643408819517541,-6.845446884864687e-05,-0.0007490135833110094,-8.671883394679933e-05,-0.0004570595244922013
CS2_35,490,0.9354542956175642,0.9394182485861915,-0.0028439410903936405,-0.0018504530721868645,2.327768157751486e-05,0.0003577667093825548,-0.0001582069151947757,0.0005076036809008121
CS2_35,491,0.935087407046943,0.9398088869061416,-0.004930731706315269,0.0008033743792442124,-0.0008375158537241525,0.00020337374283110145,0.001074931876180489,-0.001034912334536002
CS2_35,492,0.9445379023197233,0.9382576886489344,0.0038951485965815556,0.0010964338346298173,0.00021284973958494259,-0.0008868256237385298,0.0008499506341770665,0.0011126564481554295
CS2_35,493,0.9463217466764711,0.9387147881488002,0.006228392075227515,-0.00010277208416583936,0.0004987101702495285,0.00018392830287001965,0.0004251000519633664,0.00037359996932034265
CS2_35,494,0.9361171551329761,0.9381067000505944,-0.003135050632793253,0.0006087368965134504,-0.00038842587693687367,0.0011560668388174067,0.0003396421793240471,-0.0005705143601301306
CS2_35,495,0.9338518794533641,0.937482924613159,-0.0030453386338289605,-0.0013110216149263543,0.0004091969508251757,0.00024971687004375235,3.274224864393416e-05,3.3658982885769046e-05
CS2_35,496,0.935295133580496,0.9365993376513442,-0.0004663429569103402,-0.0015266924188222977,-0.0005156862285692632,0.0006879216869918496,-0.00022813142077147635,0.0007447272300182194
CS2_35,497,0.9344180557142039,0.9369955813876102,-0.0015829120457766877,-0.0006532040272402715,0.0003057323868390901,-0.00037243363748916397,0.0007550706383391647,-0.001029779024896555
CS2_35,498,0.9337472459005305,0.9350288550826237,-0.0013390790112968343,-1.0318234945150239e-05,0.0008641078608566371,-0.001046144561582828,-0.00017324901140465892,0.00042307373976518834
CS2_35,499,0.9389969176361674,0.9346735636481451,0.0031155449928830965,0.0020182768237776262,-0.001144140326261066,0.0005866930175198215,-0.0010540719439301632,0.0008010513851424058
CS2_35,500,0.9425448297210224,0.9352233488567575,0.006596014522063969,0.0015037083748028583,0.00030301741758857124,-0.0002841632910059262,-3.457174750209336e-05,-0.0007625244521790069
CS2_35,501,0.9433652131212931,0.9353208918656358,0.007455956108148868,0.0011232378841737865,0.0004026526823281115,-0.0007231712038811902,0.00020630108414936647,-0.00042065534012948917
CS2_35,502,0.9321229994863209,0.9357327685378148,-0.003357830742496526,-0.000136527780587168,0.00033120022435111925,-0.0009797624599313397,7.154146688340403e-05,0.0004616102045072701
CS2_35,503,0.9316412983446511,0.9394436831349449,-0.0027296884292675734,-0.002560201096834113,-0.0012098815124352129,-0.00018779253151365285,-0.000943159523856384,-0.0001716617319479829
CS2_35,504,0.9315777807017014,0.9425225638074284,-0.002456525967251094,-0.005386814336274122,-0.0013149871276923817,-0.00015061808746987288,-0.0003438255584562394,-0.0012920120641157179
CS2_35,505,0.9308462372590078,0.9433625752983906,-0.005624557984504503,-0.006937431595241426,0.0006547323171471783,-0.0004153834048331524,-0.0007321843425961721,0.0005384869354438812
CS2_35,506,0.9282780969667286,0.9439662090546932,-0.013166496011371402,-0.0037059162458970936,-9.848936579244082e-05,-0.00017507845369184435,0.0006558593626816213,0.0008020085920675756
CS2_35,507,0.9368297123074854,0.9446842214497037,-0.011362709782947681,0.0019009494141299492,0.0002684441594212163,0.0006242717131400105,0.001080663871876684,-0.00036612855574816154
CS2_35,508,0.9382740287697331,0.9404137581858839,-0.016189994296479174,0.008801347048259271,0.002168334227096228,0.0005961392533641361,0.0005429715723511395,0.0019414727406941795
CS2_35,509,0.9387620195049848,0.9357437721726537,-0.0171188975006433,0.01361814015941915,0.0015412106624547869,0.002467507992088704,0.0016599127844501129,0.0008503731957773548
CS2_35,510,0.93870608393091,0.9291848541620521,-0.011108431310769646,0.015378633730487394,0.0018334308878670753,0.00156074210876913,0.001554220343944573,0.0003026339698004838
CS2_35,511,0.9386047535749853,0.9204863707750544,0.0030593616186073585,0.010485615581752218,0.001782604812899308,0.0003855067369703248,0.000798046055783977,0.001607247955204674
CS2_35,512,0.938424969942723,0.9121244757089555,0.024261237662654738,-0.0008868023591787189,0.0015672143559307967,-0.0004677970016454482,0.0006773258029298822,0.0011493157344445238
CS2_35,513,0.9382935966874868,0.9054490729822465,0.04419711396346792,-0.008961022001436674,-0.0005393374796486859,-0.0014508244378095495,0.0009172501883099204,-0.0013186565662149413
CS2_35,514,0.8094836161050054,0.8989192558101317,-0.06875183382386837,-0.013751694007527846,-0.004037559845113837,-0.0002326041741043711,-0.002197080653179084,-0.0004648671816023662
CS2_35,515,0.9377656642369345,0.8962972989139535,0.06606738158449263,-0.017628811437726093,-0.002030058851484491,-0.002303619481726466,-0.000778390082388831,-0.001858136446519062
CS2_35,516,0.9378904750347417,0.8950532823393649,0.06701813211155538,-0.01824870570952816,-0.0021817504664562374,-0.002770034045924616,-0.0012212247248954587,0.00024077549223611852
CS2_35,517,0.8091009327907841,0.8985999314590097,-0.06869426734467277,-0.01669126980911879,-0.0015592979588413118,-0.0013712048565096117,-0.0021296803868796157,0.0009467217077000985
CS2_35,518,0.937034901977583,0.9064497087232759,0.042662598593023196,-0.00784215761859398,-0.0017782166868159685,-0.00012334332742036972,-0.00012847185440249722,-0.00220521588948582
CS2_35,519,0.9368321853779946,0.9139060372595137,0.022327602728796837,0.0005021041379567953,0.0007968208857267961,-0.0005733049644216362,0.00021130531583228782,-0.00033838002332092673
CS2_35,520,0.9364191769267549,0.9212169356864277,-0.0012386751649199857,0.011600555672948643,0.0015772922338917065,0.0017004258719562494,0.000522913338654166,0.0010397292500726226
CS2_35,521,0.935042208966884,0.9292991751011794,-0.016783294296498653,0.01679036701459392,0.0017520163875712601,0.0020040951238565383,0.0009888096162553649,0.000991039982825502
CS2_35,522,0.9345710358597188,0.9354554765448801,-0.02394648929959506,0.016230697743258048,0.002471965658583877,0.002274836723920777,0.0005393283022362669,0.001545220149547432
CS2_35,523,0.932002046154026,0.9408423939714565,-0.02528970237260608,0.012174844857967883,0.0013772825067840386,0.0019447841394309058,0.0013634219116491516,-0.00041097889638093855
CS2_35,524,0.9291163192232569,0.9403842581769903,-0.020920967358294747,0.005520501075499725,0.0008316562235455943,0.0012945672085528251,0.00041492834586807025,0.0015913755166767302
CS2_35,525,0.9312746949888249,0.9409208911984215,-0.01058489971641685,0.0004248889725660384,-0.00030319923041442613,0.0006888032657805648,-0.00015888324172971515,0.0002870937052224884
CS2_35,526,0.9352998331901032,0.939373753262056,0.003657428549586098,-0.005287494356359331,-0.0006071721049981712,-0.0007813424613618149,8.258373439316438e-05,-0.0011379234704299121
CS2_35,527,0.9353480978179562,0.9350388516345214,0.01168267108366429,-0.008379657897216598,-0.0006316301711293059,-0.0013164192420702968,-0.0013168216222741106,0.00027110399522178895
CS2_35,528,0.9249468582290783,0.9306572386981009,0.005725874294529412,-0.008561171853908662,-0.0010809090035996348,-0.0020610116937427405,4.071410397264424e-05,0.00022612365119519388
CS2_35,529,0.9223838159929514,0.9291116099899924,0.0031823175515970684,-0.005194651284045951,-0.0015449090049346672,-0.0011885407661945374,-0.0016031769684913132,-0.000378833556342729
CS2_35,530,0.9220335876084542,0.9249692321257197,0.0017978352276930025,-0.0025599371438709286,-0.0016873084399189053,-0.0015090329315573835,0.0005840568646068744,0.0004387418745692722
CS2_35,531,0.920049387488886,0.9234598108920965,-0.002401131704199625,8.247217339881201e-05,0.00042877899837795165,-0.0010868004506119498,-0.0005965644576927773,0.00016282200720256536
CS2_35,532,0.9184037313390245,0.9229116705762732,-0.0053264506143593515,0.00011236211549877979,0.0018123924643826629,-0.0009436066474027633,0.0008519169029156838,-0.0010145534878533218
CS2_35,533,0.9244328869213767,0.9210699343167565,-0.0009778213290582312,0.003946539846280393,-0.0005936490463626269,0.0008018206867665237,-0.0004715413535900302,0.0006576037682856071
CS2_35,534,0.9262613856406237,0.9210823199904205,0.0021801360009222107,0.0015658993971812845,0.0012566034453123376,0.0011669563569415915,0.00034830402416236115,-0.0013388336074427573
CS2_35,535,0.9268205733368475,0.9184396466428807,0.00495649863360968,0.0015290573301050155,0.0007064523584332053,0.00014731207358110543,0.00024303910973889697,0.0007985671551196373
CS2_35,536,0.9152078153123178,0.9185315413018197,-0.003524464848305066,6.98068458202108e-06,0.0010777643517689431,0.00011012095989651734,-2.9089124580027998e-05,-0.0009650380409873306
CS2_35,537,0.9133654766532882,0.9163343395737046,-0.0006826627640366661,-0.0012724290121360767,-0.0009736675593009891,-0.0001749329011643057,-0.0007622402348027977,0.0008970695237352066
CS2_35,538,0.9130792400215082,0.9174014258373556,0.0005830226318763386,-0.0017063686502863432,-0.0018029952527649942,0.0002679585733354702,-0.0009554336247497343,-0.0007083695204177413
CS2_35,539,0.9111961033235048,0.9164125785241738,-0.0014473984997553447,-0.0010836151342991367,-0.0001904357318250654,-0.000871272611688429,0.0001827366491526886,-0.0018064898985609866
CS2_35,540,0.9117602857831919,0.9140633740732594,-0.002281098508191745,-0.00034849804347040434,0.001114144870155259,-0.0009206604681980219,-0.0007456087091500802,0.0008786325422248733
CS2_35,541,0.918676181827017,0.913376357252551,0.002100514675246378,0.0015793121024000809,0.00038935807859851596,0.0004592313702920352,-0.00013744858065185047,0.0009088568988880692
CS2_35,542,0.9193216861925535,0.9127075345133471,0.0022346739107181233,0.0019929503404380847,0.0011721662286528095,-0.00020995901808373694,0.0017561285015712336,-0.00033180831407522173
CS2_35,543,0.9154693608419677,0.911421873197738,0.00015601968054239728,0.0012157873137493456,0.001130523441278195,0.0012028636714658076,0.0007108003381609537,-0.0003685068292084141
CS2_35,544,0.9082054109790256,0.9103125035801248,-0.0038296074110531248,0.0012319485159248292,0.0002773307739767847,-5.008030791248064e-05,0.000594858258261266,-0.0003315424552500655
CS2_35,545,0.9051652213843582,0.9071075243408463,-0.0033093639493374685,0.0008320738516840625,-0.0005252291885912803,3.595842558993592e-05,-0.0005254930593204248,0.0015497509399095353
CS2_35,546,0.9080098804336743,0.9073985721049382,0.0020453691416539147,-0.0004905346557126459,0.00026299502980795154,-0.0008100937689137719,0.00017415802565004388,-0.000570585468614557
CS2_35,547,0.904316571072652,0.9068520959445062,0.0007794344320115245,-0.0013252728619677432,0.0006704520925759529,-0.0011248402720422097,-0.001488097664440535,-4.720062118465744e-05
CS2_35,548,0.9017156348157407,0.9078654293835184,0.0011257010007143656,-0.004823227732488027,-0.0008946308719054155,-0.0008771636429708246,-4.5275916857202054e-05,-0.0006351974262868338
CS2_35,549,0.911930453545331,0.9089423807635328,0.010768550603190924,-0.005215509011473673,-0.0015886403144175173,-0.0006966970228795489,0.00029206837946454516,-0.0005716998787262327
CS2_35,550,0.9132021156206633,0.9116174479947844,0.011333865078514829,-0.007958865247310891,-0.0022555840245030577,0.001024745366448774,-0.0003405702209010203,-0.00021892335358485803
CS2_35,551,0.9050316599776842,0.9134014040722577,-0.0010649560342281498,-0.007702137117011076,-0.0002995859146302815,0.0008301917874162456,1.739823445414649e-05,-0.0001506550740914148
CS2_35,552,0.8998550479297016,0.9133377843159537,-0.013232521346883866,-0.0035006054182124594,0.0006738448472004868,0.0006336657683841456,0.0011935076283608426,0.0007493721137248224
CS2_35,553,0.9022943996468804,0.912172024839113,-0.01730075153320686,0.001568465038718682,0.0018485974682338842,0.002135622849876463,0.000989503239569997,0.000880937722297179
CS2_35,554,0.9020606249124192,0.9090687545707316,-0.0243234431478482,0.00958121470099681,0.004054974973773836,0.000479319225594028,0.0013070606681963302,0.0018927438988025137
CS2_35,555,0.9004910375396058,0.9044425997483042,-0.029780224876054674,0.01683189180965403,0.003298179369679143,0.0021458707918047804,0.0024577665529924167,0.0010949541217640329
CS2_35,556,0.9022958612782581,0.8991923255516526,-0.0247559060357034,0.02171769254099822,0.002609945448776113,0.002568812233856663,0.0010055607814295734,-4.256926503042762e-05
CS2_35,557,0.9069969786220291,0.89216522883356,-0.0065673125258698005,0.017982970829750526,0.0015917294517419584,0.0015329492960107001,-0.000773680900723401,0.0010650936131525622
CS2_35,558,0.9073250678456262,0.8846020704195943,0.01588732360410944,0.007153025821744833,0.0001608707271621174,-0.0011408530157961468,0.000571161149053244,9.146911520330546e-05
CS2_35,559,0.907709595840636,0.8799570263348984,0.03825216406867524,-0.004211596916605053,-0.002875010764503928,-0.0007853712971955824,-0.001634089432893587,-0.000993526176468588
CS2_35,560,0.9078065759005582,0.876407786144378,0.060706557558370663,-0.018807103642069715,-0.004556510074245543,-0.003088003185388538,-0.0024240036273309134,-0.0004321472979287022
CS2_35,561,0.7750173845757828,0.8751208391416517,-0.06232333523367556,-0.026807582087140056,-0.00519986601400167,-0.0028514800089048677,-0.0023268227997802495,-0.0005943683870357607
CS2_35,562,0.9075244068712678,0.8791853995657425,0.05904254308422797,-0.021245004666850534,-0.0037762590288437643,-0.002522468045422074,-0.0007149481012844842,-0.0024448559609471245
CS2_35,563,0.9082190438045288,0.8838620914358202,0.03635640068859585,-0.0058937955232529924,-0.0028505404170781185,-0.0007544375875047764,-0.0012464687632231276,-0.0012542060537879644
CS2_35,564,0.9085203633385746,0.8886473058611881,0.008838828624682939,0.0103171504017058,-0.0011965670605715716,0.0012551900497167407,-0.000296870536038337,0.0009553259727947217
CS2_35,565,0.9085996350386694,0.8968667732080301,-0.011793223645944087,0.02007890112763546,0.0005667239149229546,0.0007606885573842684,0.001887555306282406,0.00023221654522627273
CS2_35,566,0.9085654465496091,0.9037321471801629,-0.02481286693707412,0.021762562992508012,0.0029535121578924683,0.002131185924789025,0.0009328910729734294,0.001866014133240852
CS2_35,567,0.9087059517841141,0.9099197114541546,-0.02551008412961089,0.016041307215315877,0.0038618088870200806,0.0014728037618148887,0.0026060565007975153,0.0003143480694417762
CS2_35,568,0.908969407978816,0.914550772721453,-0.021693822788172792,0.009737171517160123,0.002895588457785685,0.002023930730767493,0.0013855119112149792,7.025540330810028e-05
CS2_35,569,0.9083264547286447,0.9155396575957261,-0.014234537714672101,0.00265614844145735,0.0005505751851977215,0.0016974387606856045,0.0013647379804114445,0.0007524344548302668
CS2_35,570,0.9082882908454977,0.9138216349644632,-0.0038955206914561176,-0.005130017809087312,-0.00013571670045168632,0.0006431536986794633,0.0003865453943917557,0.002598211963967246
CS2_35,571,0.9082937081539271,0.9124543838648906,0.0028514344622433945,-0.00670519678710603,-0.00040242983996727666,-0.0005820354214925471,0.0010867528463745172,-0.0004092009960091961
CS2_35,572,0.9083839369146531,0.90790904864136,0.010409654119231422,-0.009743292468217144,0.0006627853318554111,-0.0018239066375749652,-2.0438831766418805e-05,0.0009900867347304432
CS2_35,573,0.895169431355023,0.9053168574135271,0.00047269336447004447,-0.0071703288164505,-0.0006749699238773511,-0.0014609074651796118,0.0005150053294875528,-0.0018289185660074
CS2_35,574,0.8909469268002049,0.9004614897132075,-0.0035084014659687362,-0.0032197369060583507,-0.0006538292887347012,-0.00045002014829499144,-0.00044465288292060476,-0.0012379222381671063
CS2_35,575,0.8923092609173651,0.8956388781627275,-0.0037212614926562843,0.001772054632694332,-0.0005150666711182489,-0.00013149736804397686,-0.0006645422524279303,-6.930411156884913e-05
CS2_35,576,0.898459625606673,0.8933817109121261,0.00416963330371832,0.001601563378316277,-0.00027111171839300783,5.9749214923190234e-05,-0.0005149928940421571,3.307338948184141e-05
CS2_35,577,0.8991643476690818,0.8918523807553436,0.005984250265847094,0.0017848120815618148,-0.00014939690957211694,-0.00025903793238957814,-0.000488298490447443,0.00043963787787709284
CS2_35,578,0.8903614202145533,0.8909315490850436,-0.0004986765579054577,0.0015641026221004622,-0.0003201508797147279,-0.00017402217199184326,-0.0005884935786017669,-0.0005528883212538288
CS2_35,579,0.8881075021303007,0.8893011472421672,-0.0016760982016282822,3.606476748915067e-05,-0.00034948496163100465,0.00016282089732581661,0.001418566203195147,-0.0007855138324741702
CS2_35,580,0.8874368705206974,0.8903112143759749,-0.0001938352697406395,-0.002406651123245359,0.0004615751134816182,-0.0006091341375753319,-3.561963217431209e-05,-9.067882157665022e-05
CS2_35,581,0.8884481676789964,0.8902060284335422,-0.0009582595059407687,-0.000960991875453691,0.0006345539344660435,0.00024720396327477037,-0.0010674146060496638,0.00034704731914649066
CS2_35,582,0.8876312021433161,0.890258531155642,-0.003030207408227336,-0.00039645624040102716,0.00020693248273039968,-3.5756315622934923e-06,0.00025486096648081995,0.0003411168030123738
CS2_35,583,0.8913502734545489,0.8898502460146549,-0.0006588857131103844,0.0011342550970478197,-0.0004778497853534964,0.0010940148804541858,-0.00043466198993348304,0.000843154933464796
CS2_35,584,0.8940144536681469,0.8892104396036781,0.0009272138037520764,0.0022331954467782974,0.0003851446734582743,0.0007933987117022705,0.0009565701344804649,-0.0004915087242329893
CS2_35,585,0.8942963121517291,0.8882856512514515,0.003440824212073636,0.002244228336190354,-0.0003490220062046414,0.0013863387301137646,-4.091211492182746e-05,-0.0006707962756317195
CS2_35,586,0.884503892615836,0.8861781577982482,-0.003925055263412277,0.0002913103130005595,0.002054956656294039,-0.0009861397894089428,-0.00012311031302360224,0.0010137731999123253
CS2_35,587,0.8816215407692507,0.8862821251338301,-0.002020933267705485,0.00026420290500102947,-0.0007925880981789783,-0.0006914499022201587,-0.000658278631298242,-0.0007615373830986063
CS2_35,588,0.882928909778304,0.8847028170630337,0.004080727746632925,-0.0031275846783134597,-0.0013858800639259634,-0.0006610594368941211,-0.000247375225528596,-0.0004327356402133253
CS2_35,589,0.8825171939607372,0.8849267283972431,0.004969054633608693,-0.003263940612204971,-0.002162270880495821,-0.0011236634106347749,-0.00047659344210228375,-0.0003521207380030804
CS2_35,590,0.8810404521898008,0.8862464450462465,0.004163842545260545,-0.004567855418576014,-0.0026104240842494066,-0.00035090228895953826,-0.0008675888616752058,-0.0009730647609041132
CS2_35,591,0.8856863577177556,0.8868466751378845,0.0084004671914656,-0.007738994422613753,-0.00042660564375554587,-0.001953401699037046,0.00028807433779490363,0.00027014280125603246
CS2_35,592,0.8868517429107925,0.8884539639688384,0.006037926410087781,-0.007490027371931825,-0.0006626119199597431,0.0007695652349686222,0.0002156206222321741,-0.00047269404873126974
CS2_35,593,0.8869944665126752,0.8898929397662657,0.000531354886831245,-0.00473714458762703,0.0009311670826747643,0.0005751644066739255,0.0002692014731173797,-0.00046821653061372015
CS2_35,594,0.8762953337508073,0.8880800729196864,-0.016803222068220682,-0.0018285597364359172,0.004218407882703469,0.0007088124386584705,0.0004560956846182754,0.0014637266192870039
CS2_35,595,0.8734377342229571,0.885738381434096,-0.027847012807433107,0.005424202004108749,0.005755983290544759,0.0015018232419053436,0.0016540871061803786,0.0012102699443380927
CS2_35,596,0.8735068202154146,0.8812139892497267,-0.03196430594101327,0.01302023490053304,0.005919240808527453,0.002761628355186865,0.001350043501322496,0.0012059893318831878
CS2_35,597,0.8717280269700538,0.875455266744597,-0.031738758404112465,0.019077527372981753,0.0042379434385988205,0.0019417593729866723,0.0017410424214327992,0.0010132460151262737
CS2_35,598,0.8700665768361482,0.8673134456234323,-0.021101150411874138,0.017159673896822183,0.002961290046866977,0.002062408973905011,0.0003728783546378578,0.0012980303446671062
CS2_35,599,0.8803353544233659,0.8598225136218187,0.009623652639025128,0.010232013425924837,0.001193422536810991,-0.00044005537031006735,0.001229152797829892,-0.0013253452400725481
CS2_35,600,0.882836419321869,0.8510074622420928,0.03753691749480747,-0.002267855003753194,-0.0037451907504535637,-0.00011939517685915691,-0.00017289436829941507,0.0005973748708631003
CS2_35,601,0.8836840971228099,0.8462626657681455,0.065449702051714,-0.01778249181305784,-0.005066212766818426,-0.003045352510449918,-0.0006468968790257299,-0.001487316741552258
CS2_35,602,0.7376324908425893,0.8417237056069895,-0.06721390125522178,-0.025873260372258535,-0.007586397369503983,-0.0012906971230731206,-0.001274339143368005,-0.0008526194487227075
CS2_35,603,0.8715997881269466,0.8429336238716868,0.060146445820607956,-0.01776611489979817,-0.008130953698032788,-0.003364632761245607,-0.0011876174623413273,-0.001030962752315257
CS2_35,604,0.8733134232560005,0.8481178897006902,0.03863983982587829,-0.0015298183174008164,-0.006365257122087113,-0.001774036359831048,-0.0020723700730775852,-0.0017028244073320881
CS2_35,605,0.8747775300038505,0.8564334389966023,0.012625426786173797,0.013760240916280303,-0.004662476340960558,-0.0007517210035928301,-0.000517566195012887,-0.0021098131654628555
CS2_35,606,0.8744654992581395,0.8663432461131969,-0.012786384989788336,0.02601376222814223,-0.0023512727193268986,-0.0018304027495000665,-0.0002725946912232799,-0.0006508539430430387
CS2_35,607,0.8792215595013673,0.8784278166142131,-0.02339662685879235,0.024522621844357592,6.179585639508187e-05,0.0007688051883054451,-0.00048684503796919405,-0.0006760081169771715
CS2_35,608,0.8833056885335147,0.8889634300545859,-0.026989369377044,0.016217018323333898,0.002860339148903382,0.0006272247441238724,0.0004436374632446926,0.0011834081626836115
CS2_35,609,0.884480841688994,0.9009227137655068,-0.025552646956173007,0.0009230910104491679,0.004647331542874304,0.0027545955655899792,0.0006464519829669415,0.00013930476356453035
CS2_35,610,0.884897467132852,0.910213257254668,-0.021228629075160196,-0.014738555650550721,0.006530520024702239,0.0018504860972600535,0.0009400039961457638,0.0013303844713830628
CS2_35,611,0.8849109156273798,0.9143888453730714,-0.017948971142725857,-0.024511373251896187,0.0065459347399191275,0.0024025836214665772,0.0014466907262431139,0.002587205546891692
CS2_35,612,0.885160182911747,0.9155322155911462,-0.019072915097846897,-0.025764523082564033,0.007277991560714277,0.0038621806694982535,0.00046805549129322723,0.002857177764983311
CS2_35,613,0.885244018877053,0.9138125362746349,-0.021921954215443976,-0.019888990248456976,0.006656530466050206,0.002412382206389653,0.003076030523461208,0.0010974838558572867
CS2_35,614,0.8849966579907118,0.9080086440446056,-0.02995795980692689,-0.00362818561153062,0.005445049082023805,0.0020938931660532904,0.0012027547804666656,0.0018324623215713127
CS2_35,615,0.8848411737910595,0.9003066990939045,-0.034216600979659874,0.011839231802964274,0.003543773870501953,0.002491020865664806,0.0008790819361631409,-2.032812857573121e-06
CS2_35,616,0.8846967321276225,0.890236363210154,-0.031970842916487066,0.02371851486896911,0.001967679116302924,0.0008807304719637807,-0.000428988399648573,0.00029327576205532337
CS2_35,617,0.884550197837406,0.879615622964478,-0.020340471770869017,0.02658281886511974,-0.0013608638983301266,0.00022845722528242924,-0.00011006928278534009,-6.529627973634602e-05
CS2_35,618,0.8842493395402045,0.869883122770821,0.0025925730985234007,0.016969727063238654,-0.0021318983574796424,-0.002428749825971005,-0.0003093650026398177,-0.00032607022039864955
CS2_35,619,0.8838382005624226,0.8632997882881872,0.030309847688677897,-0.00011484100117055686,-0.004365151583414662,-0.001946091703549995,-0.0004527528450561744,-0.002892598295175522
CS2_35,620,0.8833479075586581,0.8570661327219546,0.0538377229923652,-0.015474715726051061,-0.006601506126426563,-0.0017750852078728346,-0.0024003778235381574,-0.0013042632854756082
CS2_35,621,0.7575665497781472,0.8552381890302833,-0.05919412182723794,-0.02524667984665606,-0.006793428400595239,-0.0035400951155843134,-0.0020775733202482703,-0.0008197406985848832
CS2_35,622,0.8825664653931469,0.856134912065458,0.05394612342166183,-0.017070043361111963,-0.00569116584503482,-0.0029730100270009847,7.833883824850362e-05,-0.0018586897124224402
CS2_35,623,0.883817862583682,0.8597682114258446,0.032272462746099385,-0.0023442069706535143,-0.0019298936090227934,-0.0018797192064721323,-0.0012175263209776002,-0.0008514654950510813
CS2_35,624,0.879141142825895,0.8640645147115539,0.0032230751904417905,0.011481568428778894,0.0007395013246781231,-0.0008449748786981307,0.0012729015588782526,-0.0007954435215361761
CS2_35,625,0.8767774760032061,0.8694474812468415,-0.01679725045350751,0.018532379692567307,0.0031296073507224745,0.0012860813741770408,0.0009836636428060706,0.00019551313887075888
CS2_35,626,0.8840302942383329,0.8756888045968149,-0.014040122538338412,0.015698181446061533,0.004249436397040999,0.001573078827682006,0.000822644317714526,3.827117734604087e-05
CS2_35,627,0.8839602722655124,0.8783997401649982,-0.011324496866629317,0.0088663634118158,0.003040688352924928,0.002753492165655143,0.00021495877909204268,0.002009526243676019
CS2_35,628,0.8752407204190895,0.8809733049018814,-0.013703372216282303,0.0014002837915493734,0.0034973431838260603,0.0007444822548665364,0.001505343517324377,0.0008233349758911347
CS2_35,629,0.8680687806398879,0.8823164566266194,-0.013845548889924664,-0.004068460659032446,0.0013598444831666924,0.0005581757158900614,0.000881791988156274,0.0008665213682259151
CS2_35,630,0.867919701906886,0.8826834262595118,-0.008435479819998903,-0.006816189052717034,0.0006842883869787115,-0.00020173984926530526,-9.902760929929319e-05,0.00010442358495684766
CS2_35,631,0.8681714585246194,0.8810360354449251,-0.0037353152008965766,-0.007587996072242384,0.00044086086622481264,-0.0009477356937163569,0.0001283784094759392,-0.0011627692359843203
CS2_35,632,0.8659618837214813,0.8764595574142183,-0.005866810617563355,-0.0025612339414621357,-0.0017477427846268496,-0.0005350111307793356,-0.001319665331483065,0.0015327901073446278
CS2_35,633,0.8652261064301161,0.874205641085166,-0.007189453642297998,0.0007469926905837637,-0.002280633839008902,0.0007356275220877837,-0.00017138676695482985,-0.0008206806249597359
CS2_35,634,0.8775408957450015,0.8715596907357681,0.005653651179733369,0.0009562559887048121,-0.00021765060723715835,0.0002841740315335493,0.0011895967680338694,-0.0018848223626090988
CS2_35,635,0.8782306494079535,0.8674998133136627,0.006429398765173434,0.0020307407002096082,0.0012850102800087142,-0.0005209838704732311,0.0005049457687432439,0.0010017244392428067
CS2_35,636,0.8723565564880076,0.866151498957488,0.00407378748625808,0.00028292340696486906,0.0012066115478802499,-0.00012941098151983814,0.00048118649682581344,0.00028995956538293384
CS2_35,637,0.8647681775866563,0.8650670981176865,-0.0014697450293023162,0.0005438272242772719,-0.0007223020188353263,0.0006490130879800655,-0.0005280910943713802,0.0012283772939287324
CS2_35,638,0.8632402468033327,0.864285992614169,-0.0005226240885087372,-0.0007870312297017507,-0.0002328469225921584,9.709308319504923e-05,1.4166802133813923e-05,0.00038549654003617066
CS2_35,639,0.8649364912255351,0.8654483438011359,0.002257163271645536,-0.0008817790357130045,-0.0006338230222364801,-0.00047189795593553124,0.0014018661426150355,-0.0021833819813453633
CS2_35,640,0.8629236534455362,0.8651560033930886,-0.00013887634774561056,0.00044514334668701,-0.0010328472462290586,0.00026964619703688406,-0.0015096858186145598,-0.00026573008314496725
CS2_35,641,0.8620764232636731,0.8654716353411691,-0.003735740678256534,0.0013609582703459414,-0.0002665921019338562,4.512752842837253e-05,-0.0008069656480319442,8.000547877595447e-06
CS2_35,642,0.871713262141963,0.867082862600605,0.003797768234678322,0.001628433332227659,0.000656315750580728,-0.0019209440906037885,0.0002622983564632179,0.0002065279495756005
CS2_35,643,0.8733978450152833,0.8705031436529703,0.003685978651192832,0.0037238662794462675,-0.002397813913843973,-0.0010960984123267788,-0.0002160243770079849,-0.0008052068743462479
CS2_35,644,0.8714823291431841,0.8716064272657782,0.0024556075275979266,-0.00045382085744652103,-0.0017324990333279487,9.941197711444776e-05,-0.0002885140763715374,-0.00020428366849218333
CS2_35,645,0.8573150539067314,0.8718643912553983,-0.00940190396569076,-0.005452642154164753,-0.0007055483475941622,-0.00018928138917469057,0.0012991653948468574,-9.912688880876412e-05
CS2_35,646,0.8533228506789143,0.8702166817506644,-0.009293287887550733,-0.011818542731970031,0.0020178651093966504,0.0003732362746564202,0.0014190155927920687,0.0004078825708132266
CS2_35,647,0.884058119963465,0.8657465648781488,0.02316197527428929,-0.012336933241699261,0.0026229833795606786,0.002285681567632053,-0.00045279140134948904,0.0030306394928589528
CS2_35,648,0.869952616649406,0.8599894078843329,0.003470189180674499,-0.0014174563944983924,0.002690547418087164,0.0029935149402914468,0.0008473782087735293,0.0013790354041054809
CS2_35,649,0.844254347902009,0.8495155030739056,-0.02894346554472296,0.01437369325768618,0.005518834755707732,0.001966267198939696,0.0012744209134412517,0.0005490942510438645
CS2_35,650,0.8304281528121962,0.8374916142254865,-0.03977120255213934,0.025053397350462987,0.0053616629074863635,0.00040627187817054636,0.0024599728238562505,-0.0005735638108767687
CS2_35,651,0.8416294405901841,0.8237941676557237,-0.010191186935193766,0.02392334833889112,0.002513576252743647,0.0019135919198876503,-0.00030963142478945225,-1.4425211898357962e-05
CS2_35,652,0.8423381639867626,0.8094076666372867,0.019735866861459984,0.013629522593933876,0.0014205442010027799,-0.00149881698673635,-0.0006395597192148803,0.00028294040389014645
CS2_35,653,0.8403508436905724,0.7985157864232788,0.0518724894444149,-0.002207069304707777,-0.0028356030600065504,-0.0021124179930593124,-0.0014400038909203152,-0.0014423379226682156
CS2_35,654,0.8160729468527332,0.7872475894049378,0.06129059825323976,-0.021522032974769283,-0.006573319948228636,-0.0012339213013565825,-0.0015943796010559617,-0.0015415869632859527
CS2_35,655,0.6712730492715178,0.7813474087712241,-0.0627213197190083,-0.033415360902512896,-0.008418560758951647,-0.0019322701449166967,-0.0018300858991046492,-0.0017567619929241885
CS2_35,656,0.8022740948678733,0.7791127976603314,0.057840936542212895,-0.02407756796189333,-0.004912063267884712,-0.002471421227639554,-0.0016513510815501745,-0.0015672357727096074
CS2_35,657,0.7974590176971148,0.7792487165955213,0.02518720181477721,-0.0021173076918094683,-0.0013776434506866187,-0.0016222877399129933,-0.0010835980253586291,-0.0007760637802429987
CS2_35,658,0.7940750950965647,0.7825876598715286,-0.009061479159170605,0.019377012062568155,0.0007016289907860148,-0.00034170848528900134,0.0006249662075702706,0.00018701563527596623
CS2_35,659,0.7906628762524335,0.7887179647644461,-0.03298606590457223,0.029545926692858344,0.004438535018194848,0.0009550089522519343,-0.00037536682812215085,0.0003668735856257703
CS2_35,660,0.8039333972042559,0.7912001247483926,-0.020252262109645217,0.023549408453252995,0.004480540135758414,0.001232144897437622,0.0016703304077921091,0.002053110693509944
CS2_35,661,0.8072020898362098,0.7968740096288345,-0.0071775539786790455,0.008724302803001224,0.005332969833834198,0.0015984533787655074,0.0011310848802239645,0.0007188233109925174
CS2_35,662,0.8002677467878332,0.7978083262410003,-0.0018505908247081265,-0.0028616425494998833,0.004021943849140198,0.0005497241934348953,0.00043874391900540456,0.002161241983362091
CS2_35,663,0.7832851919406245,0.798130705954675,-0.009690294721651109,-0.008716046687439943,0.0016479576292306015,-0.00016243726791950576,0.0012620949886545066,0.0008132120766634466
CS2_35,664,0.7804510075667768,0.7968976766993588,-0.005682337940137145,-0.011249826323962235,0.00020991404469303008,0.000506891876219486,-0.0010553839050297371,0.0008240731485058413
CS2_35,665,0.7763115357161947,0.7938985076365268,-0.004366182492939341,-0.01153109577469751,-0.0009480545554298007,-0.0006048070840903008,-0.000601832271018358,0.0004650002925881018
CS2_35,666,0.7738356869616663,0.7899584546815172,-0.003470250808985027,-0.009408526503690237,-0.0011842058286778978,-0.0012132526983493455,0.000251432594739148,-0.0010979644390219432
CS2_35,667,0.7633189076432636,0.784888494025314,-0.01382282649514964,-0.004793415688918868,-0.001749138506626526,0.00016240715949094356,-0.0009665608779912183,-0.0004000519322293805
CS2_35,668,0.7766230954533242,0.7804545377846106,-0.00120786662213178,-0.0005169016879312316,-0.001116223623243171,0.0006249020702314641,-0.00038943558510028933,-0.0012259168485074412
CS2_35,669,0.7833394326328538,0.7746548244398541,0.006293418213374572,0.0027480712993748968,-0.0004848010430049659,-0.0006828481874067269,0.0003282107408016304,0.00048255720142416293
CS2_35,670,0.7867371939733694,0.7698311706973755,0.012124254363643576,0.003949160513529439,9.282941510902946e-07,0.0007408826840737752,-0.0003646269306249375,0.00045542438124690564
CS2_35,671,0.7668162803117937,0.7660069274937206,-0.001979480570153937,0.0012478516067919395,0.0005668576818933214,0.000263991857709961,0.0008933528100650017,-0.00018322052919042596
CS2_35,672,0.7567547768337946,0.7612198741532133,-0.007211780704712148,0.0009201250186944267,0.0002932647120364652,0.0011654462959929787,-0.0003632761914942783,0.0007311235936605225
CS2_35,673,0.7573287549219003,0.757869815297557,-0.00038374511024970445,-0.0009533498735650086,0.00097756866210606,-0.0001322825233388739,0.000596124668780698,-0.0006453761560528987
CS2_35,674,0.7544676645684909,0.7546847676809484,0.001400157965742204,-0.0009847289346854137,0.0011105766543365177,0.0003811064747239566,-0.0005318877723055896,-0.0015923274556371586
CS2_35,675,0.7519959453037686,0.7497917972982802,0.001288864438705156,0.0006091081169681886,-0.0007737026995889622,0.0012117574132397225,-0.0006162898040587934,0.0004844105859738727
CS2_35,676,0.7494316416016176,0.7471057373803931,0.0021549031047746066,0.0003036552732689704,-0.0005780773729864155,0.0005675927355289134,2.4254207553771e-05,-0.00014642368000389666
CS2_35,677,0.7439909821945001,0.7446958179724902,-0.0004325984467083994,-0.0004091058389848006,0.0022392384493726196,-0.0014606605017753434,-0.0008326558490101213,0.00019094645849000844
CS2_35,678,0.7418848159142613,0.7437322095353609,-0.0015777067089649856,0.000883064648018325,0.00016047581298676494,-0.00022209310314456055,7.881381949222707e-05,-0.0011699480391601249
CS2_35,679,0.7431613933989603,0.7429053506984662,0.002718332460060307,7.109730946998988e-05,-0.0018719284544874272,-0.00037449096857675645,0.0004652737273870156,-0.0007522413236095865
CS2_35,680,0.7385635716101469,0.7427494563126188,-0.0011529903431771727,-0.00143424431628649,-0.0007515989677990819,-0.00037660667059939186,-0.0005177472951699414,4.730294239074599e-05
CS2_35,681,0.7376823171901776,0.7432773611649032,-0.003933504521817494,-0.0017361327780744194,-0.0005008480539369406,0.0008797913002558314,0.00020798218622711468,-0.0005123320551501533
CS2_35,682,0.743631788328944,0.7444876997513339,-0.001088844576828817,-0.0011717379775761498,0.00023424855666574803,0.0008926909597476614,0.0005892647052001076,-0.0003115330400617236
CS2_35,683,0.7524115681451669,0.746028309762396,0.003111107540739997,0.0011371330057836154,0.0012818910897444756,0.0005607653578454226,0.0002812876611100518,1.1073773109980096e-05
CS2_35,684,0.7556834689471827,0.7464291635561364,0.0038202924017432687,0.001770328728295318,0.001190770692784911,0.0013048304280123813,0.0008461575714047879,0.0003219256128874056
CS2_35,685,0.7503945094126934,0.7484801993792778,-0.0026433081714451316,0.003207841152242305,-0.0006678746061403146,0.0004788139063979219,0.0011716373363702404,0.0003672004624661929
CS2_35,686,0.7531053701464039,0.7515851452107144,0.001049543708542641,0.0015015702830279349,0.0003066831387789905,-0.00026819818560484154,-0.00036545872646254706,-0.0007039152373440848
CS2_35,687,0.750439025573872,0.7514257231845106,0.00018976486253629467,-0.0007509494462770708,-0.0002626845500367204,-0.0007840150239657153,-0.00013872147545948083,0.0007599080690195688
CS2_35,688,0.7545701051092308,0.7567129577764736,0.00505928824703379,-0.0020953513445885743,-0.00029251746877481937,-0.0018741085689915021,-0.001688002494252597,-0.001252160993083413
CS2_35,689,0.755752676764061,0.7596189104922441,0.0061541425976530464,-0.0046014790447423655,-0.002752671012308721,-0.0014833448347667559,0.001337074324766323,-0.0025199557147342227
CS2_35,690,0.7530025739815187,0.7627195789218624,0.001414747248039505,-0.006352494700404351,-0.0009539915790728168,-0.0018998979555651394,-0.0017220068148527073,-0.00020336109319296012
CS2_35,691,0.7568442007030214,0.7665439448348197,-0.001047040162878915,-0.00676272654049589,-0.00016432195255054044,-0.00011849789151359518,-0.0019866717886746553,0.00037951424787160807
CS2_35,692,0.7538745844274644,0.7684614672121998,-0.012223778419273756,-0.0033576888541699003,0.0004389963346012682,0.0002022588408932831,0.0011173863905209764,-0.0007640570324068414
CS2_35,693,0.7533568510578448,0.7689707520644807,-0.02230228288184059,0.002430491577635533,0.00153080546612818,0.0014558822260804613,0.0010446665944764738,0.00022653605601876528
CS2_35,694,0.7522679166483712,0.7653604054887424,-0.02830847147530072,0.006920515028521739,0.0019846058380880265,0.003042046803432179,0.002286822443291254,0.000981992567223997
CS2_35,695,0.7509454949082865,0.7605874712838777,-0.02819106429726596,0.010761633034169368,0.003948071371247917,0.0023649079646213184,0.00012041422169713541,0.0013540613761653499
CS2_35,696,0.7490181733268102,0.7523338977070404,-0.018709328015192254,0.008705286506842139,0.0026122902005660475,0.0012249985333974837,0.0019185957298395696,0.0009324327114153774
CS2_35,697,0.782814594476281,0.7436096189512493,0.038016366274313144,-0.0005117848250808378,-0.0001493909773743161,0.00010374493683885694,0.0012437454317680155,0.0005022947163682971
CS2_35,698,0.773486101492527,0.7348246442042765,0.050998724885451506,-0.008848568529144903,-0.001649356789344263,-0.0021444811592415025,0.0006965616886308822,-0.0003914227720775522
CS2_35,699,0.6391207463392738,0.7257245051227885,-0.06668310224590136,-0.012948482334503672,-0.0019545682059421395,-0.0022653331299051045,-0.0024259216636120864,-0.0003263511068093232
CS2_35,700,0.7594716871836624,0.7193430006083841,0.05292229811442512,-0.003457456527029786,-0.0034620287959755656,-0.002180206031409539,-0.0022064787611031874,-0.001487441381261629
CS2_35,701,0.756065004939384,0.7141629897320989,0.041357516420318756,0.009312727812787986,-0.004307476800319127,-0.001074384532682724,-0.0018244834151511463,-0.0015618842337596027
CS2_35,702,0.7529785181519504,0.7107783431723131,0.03329118739461536,0.013959794645444775,-0.0011408528559646801,-0.002434449003212212,-0.0003668773159531815,-0.0011086278399867688
CS2_35,703,0.751015271125385,0.7115091106868332,0.03686394125481439,0.005152914203169427,-0.000661150463005239,-0.0012560889324106242,-0.001195228742175024,0.0006017731643535242
CS2_35,704,0.74955401992578,0.7155917745269822,0.043389492941394894,-0.010202136990135122,0.00017948229011269462,0.0008367355113940882,0.0001927128219709089,-0.0004340411290836618
CS2_35,705,0.6218055507142868,0.7192518899632306,-0.0835298866293578,-0.016706083876262438,0.0007518686402502669,0.0017078100356584264,0.0005092336530656343,-0.00017928096761965533
CS2_35,706,0.7486476213544027,0.7228703893328199,0.031229286361275314,-0.009999659367641382,0.0022429282661933308,-0.000317223796927732,0.000521019066011298,0.002100881539938298
CS2_35,707,0.7471834284528658,0.7270342858232218,0.012512700313311994,0.004011276749247959,0.0023462730292884695,0.00013857518917743502,0.00108162013884995,5.86972576971486e-05
CS2_35,708,0.7418475218745897,0.7288022071512201,-0.007910008441341872,0.018087730473858515,0.0011351256638076174,0.00077052126632729,0.0013812364730943797,-0.00041929066203218103
CS2_35,709,0.7378821852586359,0.7295269261540789,-0.01678738378778625,0.024630673593461355,-0.0010237318515542936,0.0017732829250401737,-0.0004473978265632183,0.00020981610409832332
CS2_35,710,0.7350316082952908,0.7281683450555382,-0.007442243477567465,0.014816281293213508,8.047437528503717e-05,0.000226791167221671,-0.0009917884139369392,0.00017374834896606274
CS2_35,711,0.732995864265936,0.7250779802882272,0.01285715995025665,-0.00503479318924568,0.0007585046611178379,-0.0011311002150757165,0.001203533335078272,-0.0007354205100718606
CS2_35,712,0.7314553011956004,0.7203450061211625,0.03617254341492548,-0.0245656221846881,-0.0007449482517828972,-0.000669346604226359,-0.00045968034082942427,0.0013773490960872611
CS2_35,713,0.5964677639037088,0.717515413432285,-0.08435509719216717,-0.036021071804189286,-9.981630359133096e-05,5.85341983758293e-05,-0.0007439048741229778,0.00011370656326558361
CS2_35,714,0.727628346094999,0.7130601932981693,0.04454616313432053,-0.02831052387333236,-0.0010733420333134374,-0.0005975769274368924,0.0005304384558205145,-0.0005270059024484218
CS2_35,715,0.7335194011953838,0.7100786803881435,0.03361291036286925,-0.009230189622498653,0.0009206730805460866,-0.0007711016154896143,0.00023691862742675044,-0.0013284899714997758
CS2_35,716,0.7394593560732563,0.7058000270878351,0.01693388299118513,0.016614576131665903,0.00018394198010062703,-0.00021511821904410518,0.00033589964455189614,-0.0001938534916130169
CS2_35,717,0.7262395275412423,0.702801629408707,-0.015100427303964402,0.03791396587999494,0.00047908546575923573,0.00103065896554339,-0.0008646147102010966,-2.0770107187957806e-05
CS2_35,718,0.7216883188945395,0.7015986542614735,-0.02795991726452635,0.0485874832542996,-0.0008043182149677744,0.0007527226172228242,-0.0005164166566541378,3.0110957160665666e-05
CS2_35,719,0.7179513574431056,0.7007417051579095,-0.023853454138070173,0.0409820634749043,-0.00035665813246485347,0.00014207669713775566,6.619145441320851e-05,0.00022943299043605658
CS2_35,720,0.7152297200167794,0.7016131864410153,-0.004200819688438921,0.018601809427429436,0.00026809735639533313,0.00012389194713489666,-0.0008329431501980658,-0.0003435022541665164
CS2_35,721,0.7127256174473438,0.7024102640423388,0.022037656999070936,-0.010317279698332236,8.554990575560766e-05,-0.001351253753143817,-0.00026054003392526144,0.00012122004910526886
CS2_35,722,0.7103789832688499,0.7038809049580922,0.046380594834896455,-0.0379625930254344,-0.0010722029554083867,0.0006500738680207916,-0.0009305885034420496,-0.0005672058432870837
CS2_35,723,0.5669084807401319,0.7043102678092864,-0.08200782167212528,-0.054949526734343876,-0.00017446095065902,-0.00043719202454554055,-5.4477177956196674e-05,0.00022169162000140535
CS2_35,724,0.7068357061331589,0.7074190592486953,0.0532344040237101,-0.05250161313108453,-0.0009677708716613584,0.00015810904817431697,0.00013228301036207992,-0.0006387651288454682
CS2_35,725,0.7080317321882319,0.7088117712785247,0.03558930792065027,-0.036558190206395634,0.0004857898928684951,0.0005506260679474699,-0.00021830425366282382,-0.0006292684460505526
CS2_35,726,0.7091808068952581,0.7093957362227012,0.01045770786660166,-0.011426021273784715,-5.2827096167647956e-05,0.00020961966414532253,-0.0001988359214710311,0.0007954274983632183
CS2_35,727,0.7066166484283976,0.7097886392444449,-0.016959584271029404,0.012794937650475097,4.1274178063450085e-05,0.0001332244623201398,0.0010689515476980812,-0.0002507943172841621
CS2_35,728,0.7020404103441145,0.706009201820978,-0.041113344336447005,0.034001919770930956,0.0007583594483309288,0.0011233942870490974,-0.0006704351033444407,0.001931314524978842
CS2_35,729,0.6992944329675232,0.7022840584106486,-0.05572745514672434,0.049268933916037275,0.0012639254156634385,0.00047352807257818985,0.0011914075915892724,0.0005400347773356211
CS2_35,730,0.6920261000049877,0.6957212992955917,-0.05835579621834354,0.050760328519285636,0.0025592838264889154,0.0005068309733459402,0.0010351948765839857,-0.00020104119507030822
CS2_35,731,0.6885698250041905,0.6870709169137148,-0.043172131514500826,0.04247641897387589,2.9549592987541426e-05,0.001180599953126369,0.000750811842610539,0.00023365931683528985
CS2_35,732,0.6860065674252027,0.6790351561504661,-0.014898677633274618,0.021381327493691038,0.00016836808678456506,0.00037248428127959816,-5.945085144444875e-05,7.359973319736007e-06
CS2_35,733,0.6854369278382642,0.6702920844499927,0.02099016895522178,-0.004223989215034272,-0.0002507514354309015,-0.001134671722488568,-0.000815274976431909,0.0005793618583123305
CS2_35,734,0.6867965489176022,0.6632814737606741,0.054552178629428606,-0.027255726774914023,-0.000768402089970806,-0.0018046293263222833,0.00020818609784412626,-0.0014165313038758656
CS2_35,735,0.5416685002335164,0.6580699229991506,-0.07178920109225144,-0.0385666394667181,-0.0022343375798448487,-0.000862715231592561,-0.0023553142847740523,-0.0005932149695027743
CS2_35,736,0.6847564270204494,0.654400144621135,0.06570438311559616,-0.03139159302576337,-0.0016769067437171358,-0.0008565508301308583,-0.0008330600790090183,-0.0005899899614763643
CS2_35,737,0.682688900472403,0.6552939205609112,0.04394980144036293,-0.012772564623402292,-0.0013331791623516556,-0.0011486930892146822,0.00013413758338595016,-0.001434522160167453
CS2_35,738,0.6792929175072793,0.6586861482048927,0.017310845222429542,0.006563531692437246,-0.0011803382246220232,-8.15689642471002e-06,-0.0010836092182996292,-0.0009955031944758907
CS2_35,739,0.6777881022454686,0.6632186530419043,-0.004138348427068098,0.01963091652597395,-0.0004123749770766823,-0.0004976962344966034,-0.0008097142350501461,0.0007966666306210055
CS2_35,740,0.6757981341056727,0.6687101981321765,-0.014806476286834437,0.02050132163210241,-0.00033507405725720775,0.0009138724323243516,0.0007790764663280456,3.5215867072918524e-05
CS2_35,741,0.6745704987889845,0.6761616715584917,-0.018012806753122668,0.014242000245175931,0.0007038361154569661,0.0012933711298935965,0.0010052370486258577,-0.000822810474741465
CS2_35,742,0.6733391109067703,0.6811377515866808,-0.01693329651184883,0.004472379446026261,0.0024488454758261743,-0.0003543852845100153,0.0011401976527839765,0.0014276186231648713
CS2_35,743,0.6718604819785199,0.6861367002075378,-0.01448240485900152,-0.002460607287862887,0.000472237422635606,0.0007749634776281858,0.0007381559846884044,0.000681437114916436
CS2_35,744,0.6732639468444859,0.6883887271884115,-0.012038722826440841,-0.005635952539799084,4.765802984212721e-05,0.0012907212525697194,0.0009709459744137596,0.00024056984687552575
CS2_35,745,0.6733289369794804,0.6903671511984038,-0.012579805007859959,-0.005565998308238275,-0.00012145089409768651,0.001380918386395342,-0.0003931407718697595,0.00024126245810435708
CS2_35,746,0.674108410202706,0.6902200006166062,-0.013672521668450278,-0.0025011324809353476,0.0005338983722176089,0.0003961116804556592,-0.0006304883401539519,-0.00023745789602921155
CS2_35,747,0.706291813363732,0.6878286011298717,0.016778565146964967,0.001008282647640169,-0.0006422659380386736,0.0011700719983875727,-0.0008403795348207545,0.0009889379801647743
CS2_35,748,0.6929371043283811,0.6856435971724001,0.0060228462377957,0.0009344795173355518,0.0005604798403665768,-0.0014706624641979858,0.0017365018919279446,-0.0004901377947644705
CS2_35,749,0.6837187843525421,0.6837382147812359,-0.00034376932853845914,0.0008287704797155567,0.0008892840283510985,-0.0005127362569605738,-0.0007724367638813553,-0.00010854251072532623
CS2_35,750,0.6779283520951047,0.6793710044310588,-0.001764443206646049,-4.459126852086267e-05,-6.433998312191616e-05,-0.0003974409769315505,-1.674471602861099e-05,0.0008449078945705251
CS2_35,751,0.6732169605870282,0.677074859161339,-0.002383309018812295,-0.0006269291037061383,-0.0005533649952101677,2.156060632162954e-05,0.0005474374053838926,-0.000863293386879617
CS2_35,752,0.6704579266846253,0.674854361273336,-0.0006600127206839125,-0.0014603608839302775,-0.0018588260395029348,0.0009677819399676368,-0.0013101048651322808,-7.491193677198059e-05
CS2_35,753,0.666788995333877,0.6711973660460003,-0.0031504857193087386,0.00018449176986161064,-0.0005800885488231446,-0.00023856696714960322,-0.000512488767216514,-0.00011123239516929501
CS2_35,754,0.6659151764349449,0.6679725388051349,-0.0017742745255074478,-0.0009066332980633882,-1.3919804534896234e-05,-0.0005754891895058468,0.0009390655495108107,0.0002738889826238699
CS2_35,755,0.6666837120492977,0.6651384713852944,0.00011938309271466948,-0.00025467704787840505,0.001611987358964943,0.0007195731409669615,-0.00044757474951396414,-0.00020345104688565646
CS2_35,756,0.6678929033425014,0.6610963319307475,0.002768279792088417,0.002118665071854114,-0.0011518970560524377,0.0012373472786864792,0.0014508389749492824,0.0003733374340460597
CS2_35,757,0.6603417159490528,0.6577031453650865,0.0004555859541115784,0.0001874143581929292,0.0013722165688779826,-0.0005208307138089117,0.0005055222419252372,0.0006386622619033072
CS2_35,758,0.6542327060764617,0.6524322287345594,-0.0008114672967785759,-0.0006584434349304136,0.001027657429872644,0.0009099255289908306,0.0012299444828833795,0.00010286072186523344
CS2_35,759,0.6487460960811458,0.6485901589238671,-0.0005492366022259991,-0.0002631266439867532,-0.0005619166778120825,0.001070183012847926,-0.0004006863648801956,0.0008607205258200466
CS2_35,760,0.6430595008502831,0.6452346847233137,-0.0020393130546326283,-0.0006981296803929015,0.0018582539299741836,-0.0012686663426991877,-0.00015899515945675506,0.00013166652923482636
CS2_35,761,0.6387747295882775,0.6429953622930353,-0.0003629535577243676,-0.0010307590803648537,-0.001079942425156929,0.0004559422557642825,-0.001495292356959885,-0.000707627443318514
CS2_35,762,0.6362478723216256,0.6388923860881757,-0.0001346316040069489,-0.0003966968791313413,-0.0003674416115398795,-0.0016644553695958461,-0.00045921295077511486,0.0003779247466403581
CS2_35,763,0.6337522109036637,0.6371662321564957,-0.0007944057432633007,-0.0011572437649744172,-0.0012001984701852154,0.0008702425517484906,-0.0011061051563354895,-2.631057055110284e-05
CS2_35,764,0.6344444276983268,0.6343419624885912,0.00011866199133527604,-0.0014077884579203315,0.0005824447028444895,0.00016387853847446568,6.927360725384821e-05,0.0005759949267053555
CS2_35,765,0.636263997672712,0.6328610170376863,0.0011089970589663117,0.0010971306549611881,-0.0003568542235701278,-0.0003817900448321711,0.0009132184721223937,0.0010222788155120994
CS2_35,766,0.6355559075641679,0.6317776170640931,0.00028832172289295596,0.0020790186395089065,-7.901700457687721e-05,0.0007095166127129919,0.0009073879750964187,-0.00012693734710511912
CS2_35,767,0.6375670516546776,0.6288330862722312,0.004318952218782712,0.0008482456971386857,0.0008467039591588665,0.001145461861004161,0.0010027969384905112,0.000571804805415649
CS2_35,768,0.6284736968243347,0.6269453068212031,-0.0018160135832403126,0.0005390493637446973,0.0012001442358877809,0.00011507122297149234,0.0007201916601014982,0.0007699472053266548
CS2_35,769,0.622922482652573,0.6247977182634646,-0.0031095612567564844,0.0014040732290895718,-0.0013191102198425026,7.495887204698109e-05,0.0004712635671492935,0.0006031403015941389
CS2_35,770,0.6209866852660308,0.6227199623432551,-0.001473945419294168,-0.0009101241286786226,0.0012587970886780606,-0.0005900638087259898,-0.0007396522271915133,0.0007217115230368825
CS2_35,771,0.6185284525625026,0.6220401027531277,0.00048185443306471493,-0.00023111494887713944,-0.0016708973987090182,-0.0004132341690531669,0.0008206212184909336,-0.002498879219379924
CS2_35,772,0.6166508614693242,0.6188632262058077,0.00138056033374261,-0.0019493577099024642,-0.00022919738749666753,-0.0020158908715392776,0.00019279944974656205,0.0004087215559771951
CS2_35,773,0.6150398361939686,0.6202948279911603,0.0008462767050726013,-0.0026343158986333643,-0.0007405229582310988,-0.000679325022114641,-0.0008505893089263688,-0.001196515206618274
CS2_35,774,0.6171168210622788,0.620356553553016,0.0043865730429846084,-0.0038565314110515633,-0.0012341827343678505,-0.0016324017181804204,-0.0018696996481710054,0.0009665100848495576
CS2_35,775,0.6188144990419389,0.6218429111956962,0.006550951871511316,-0.006905599583056659,-0.0019392260999990178,-0.00015951207870139265,-0.0007562622620233415,0.00018123610454375653
CS2_35,776,0.6163745821027433,0.622190858884304,0.0012996270839000436,-0.007055601804898419,0.0012808233728636928,-0.0021000575805940496,0.0019570144358137137,-0.0011980821815092862
CS2_35,777,0.6129891006963177,0.6211917043858907,-0.007195268880108264,-0.0035117490281254366,-0.0006094461360892511,0.0013536202690908302,0.0011887114820036018,0.0005715287123243818
CS2_35,778,0.6053911522284743,0.6170203551520305,-0.01924679625714184,-0.0004583223117574985,0.0023369254859478598,0.002575132156535764,0.0006261564215035679,0.002537701693463759
CS2_35,779,0.6030464663027892,0.6134653787394588,-0.02575794344419435,0.006506937003787526,0.0037028071094984275,0.003231955145462132,0.0004186430162402823,0.0014786888457054383
CS2_35,780,0.5985572459934936,0.6058816864628386,-0.03140017072043539,0.01338012429415734,0.004321170342154435,0.0027676545989771327,0.0018902504752447583,0.0017165306557578044
CS2_35,781,0.5964412050182446,0.5963199956387066,-0.029456964888205366,0.020842513735209046,0.004427057614659574,0.0025741338317675578,0.001104246576230242,0.0006302226260356332
CS2_35,782,0.5941914577892007,0.5844230157774111,-0.020577887280202906,0.024222977517943313,0.0020132436613084104,0.002359668151206494,0.0011955789920948207,0.00055486108661649
CS2_35,783,0.5921803176035816,0.5729872803758256,-0.0025839819938984756,0.019505956553543678,0.0008856470889911916,0.0006359078419992082,0.00017800938818729914,0.0005714984670205034
CS2_35,784,0.5898195541344755,0.5631341029903999,0.02285312190542699,0.006683945014847642,-0.0006511149340503712,-0.0010831546766819867,-4.835451711984297e-05,-0.0010689915291909216
CS2_35,785,0.5876765497967682,0.5561360551703318,0.051208711384381,-0.011150087376281632,-0.0024653268040198285,-0.0022838811141946028,-0.0011670183303915782,-0.002601903012931136
CS2_35,786,0.5854585952150195,0.5509948704494535,0.07240269540920213,-0.02626534997189337,-0.004501803877577251,-0.00285720412161533,-0.002117873318953456,-0.0021967392324669342
CS2_35,787,0.42283056545291586,0.5511715703025238,-0.08360451389529386,-0.031298813331796044,-0.00503437302824747,-0.0036509907603761065,-0.002533261647413008,-0.0022190519917421555
CS2_35,788,0.6043831719738897,0.555974583273718,0.08274054552361663,-0.023366337621419122,-0.004350205918470853,-0.002937071890499589,-0.0028613610413883946,-0.0008169802391027944
CS2_35,789,0.6104799963890493,0.5645249311975956,0.060687618276541226,-0.00863902067102859,-0.0025820997588968738,-0.0007515802680123225,-0.001183811583097144,-0.0015760406942482016
CS2_35,790,0.6124332960728296,0.5753242740369302,0.030218332516438042,0.00867692492311422,-0.0007844291757325177,-0.0005310098689385141,0.0005698022044921753,-0.0010405984545536233
CS2_35,791,0.6135167871471161,0.5876136241581504,0.0035708506349341963,0.01882309248692003,0.0019605852577840774,0.00035347275603080574,0.0015204515079819511,-0.00032528954625549844
CS2_35,792,0.6132282566149811,0.6006306258846064,-0.01903748929301771,0.025842864732859197,0.002355110519940446,0.0014479279689714713,0.001739631946084786,0.000249584964097218
CS2_35,793,0.6131514204851243,0.6105426896403993,-0.029713652819482295,0.023444841023298257,0.00372784013342548,0.0017285705685773092,0.0024060495215381342,0.0010150825259634694
CS2_35,794,0.6126591521596225,0.6177155355455684,-0.03188645697501377,0.016209819121191994,0.005020040336886453,0.0019028892099882792,0.0014492771171102055,0.0022480479127091084
CS2_35,795,0.6121156364902518,0.6215074933984674,-0.025655942533929246,0.007458427153503537,0.0027556192485421204,0.0020355186195963938,0.0016561774383870116,0.002358343274748621
CS2_35,796,0.6112172327128782,0.6229277176480067,-0.016360733744251565,2.102954973911608e-05,0.0018382157256853768,0.0014027331650380555,0.001271694425367455,0.00011657605276385907
CS2_35,797,0.606471429344646,0.61967597424694,-0.010358302870756444,-0.005499695340584991,0.0005442734415621836,0.0006221901769018198,0.0006699076079900971,0.0008170821942121677
CS2_35,798,0.5928617885555449,0.6139739236948566,-0.015207689475060559,-0.006848968362728979,0.00044726087875951237,-0.00016445277508731574,-0.0005516325595895859,0.0012133472721742391
CS2_35,799,0.5833132924447331,0.607143837010751,-0.016397111363023197,-0.004991850390016602,-0.0005784566633832331,-0.0009390859572459681,8.717095220254599e-05,-0.0010112110224506363
CS2_35,800,0.5762375067452867,0.5975748341612659,-0.014250884852968698,-0.0037845126985621225,-0.0015928437658854985,-0.0002168189150091152,-0.0013726277064822967,-0.00011963935176787288
CS2_35,801,0.5706666096233741,0.5881946640589081,-0.011282403303377595,-0.003440998008027148,-0.001417068017645409,-0.00035585989298310547,0.0002417601531738558,-0.001273485238849488
CS2_35,802,0.5657432772651831,0.580212850485507,-0.007933912795583392,-0.00390917655582866,-0.0007737934088397214,-8.00541824204565e-05,-0.001231663502134473,-0.0005409726454637059
CS2_35,803,0.5608864302227627,0.5720418430374483,-0.005234615655746167,-0.0029595159629720058,-0.00037309483533848776,-0.002013415988704921,-0.0005348198933815746,-3.995034629059659e-05
CS2_35,804,0.5586818935386901,0.5651711520194054,-0.0025747370871970206,-0.002604011176342065,-0.0004561102792397375,0.0002549773955962829,-0.00021404217047399905,-0.0008953350298089995
CS2_35,805,0.5550980854015375,0.5598409571021037,-0.0009416993176972891,-0.0030071783252625783,0.0007998806114070542,-0.00032435912164396343,-0.0013671340981965333,9.761868569871356e-05
CS2_35,806,0.5572309554082819,0.5548529883764354,0.0039701422699882855,-0.0015706684544795641,-0.00014352317453581237,0.00018362473477584584,-0.00012411269079984656,6.2504480803989e-05
CS2_35,807,0.554962389532248,0.5513488540313793,0.0034573242001358253,0.00021611998030233827,-1.1340985275559573e-05,0.00045467087995132845,0.0007844321451397292,-0.00128767058445197
CS2_35,808,0.5489116259425986,0.5474097848051422,8.14723752919811e-05,0.0010472410384003655,0.0009982205428560819,-0.00026538552235267395,-0.0017285759551035694,0.0013688687960359978
CS2_35,809,0.5513171519030413,0.544265044161873,0.0060133537106900154,0.0011995770330178914,-0.0013682556516914114,0.0005643471033911574,0.00030742488685466646,0.000335660795489054
CS2_35,810,0.5503605837698364,0.5428707823401298,0.006781773528133845,0.001418857543072105,0.0008370510814167739,-0.000775721484926632,-0.0005585337510347889,-0.00021362534993863523
CS2_35,811,0.537520763219244,0.5402529454038434,-0.002205959092984493,-0.00048140008795357736,-0.0005352141585160175,0.0010224230484677324,-0.0003161007258538561,-0.00021593102493138035
CS2_35,812,0.5341464393921083,0.5389292525708691,-0.0029820726558882913,-0.0008858661653749053,-0.00040751298814426505,-0.0002881193442680935,-2.820052000212288e-05,-0.00019104136072818615
CS2_35,813,0.5341484134489036,0.5397799950666544,-0.0025341320353344647,-0.0014236907071525427,0.00033292057737134106,-0.000963036635993041,-0.0001283429439065078,-0.0009152997283814736
CS2_35,814,0.5395268508712281,0.5383582167163652,0.00228707323001443,-0.00012815757607857845,-0.002352719291264757,0.0008629184006711011,-0.0007951674742187137,0.0012946870076590775
CS2_35,815,0.5411774630904151,0.5402054065165702,0.0005720397163611379,0.0011062153368959144,0.0003068741531659761,-0.000780432921288038,0.00010378954676164893,-0.0003364291168791947
CS2_35,816,0.5408526873383899,0.5405543873075556,-1.3922849156583245e-05,-0.000532154834643532,-4.617319622834019e-05,-1.4119931582749662e-05,0.0018292692005509512,-0.0009245982167859519
CS2_35,817,0.5411667755300762,0.5421224458826561,-0.00224267547346845,0.001139455671883404,0.0011970515933639365,0.0002003205242764121,-0.001325751722296543,7.592919483868717e-05
CS2_35,818,0.5471614982829465,0.5405724892573103,0.003412397627527141,0.0005951003388303034,0.0004819049124428011,0.0016872622364391826,0.0004284628204985255,-1.611877163781783e-05
CS2_35,819,0.5435079047363551,0.5398840943493387,0.0011822217501797805,0.00183948412772739,-8.049135332198099e-05,-0.0003701885224666427,0.001260409878719862,-0.00020762535370425907
CS2_35,820,0.538382514880448,0.537129595681019,-0.001130761886448816,0.0005018574730006761,-0.00031446375914584955,0.0011007173305297743,0.00033788792847755345,0.0007576822554532872
CS2_35,821,0.5333675849982118,0.5332798420088809,-0.0014390471200553142,-8.700071111687781e-05,0.00010140086001130535,-0.000220478099725586,0.0006118490568509035,0.0011210191480739186
CS2_35,822,0.530995064597251,0.5290719244845745,-0.0003345859786714942,0.0006998106792529059,-0.00013182974040513084,0.0013502770361703547,6.727078773200525e-05,0.0002721974743792086
CS2_35,823,0.5277774492967602,0.5243963068511559,0.0029882898092486155,-0.0012984273749352677,0.001644029063737525,-0.0005714457166070642,0.0007942009090915531,-0.0001755040976934727
CS2_35,824,0.520675965603905,0.5193699628695396,0.0007442915316294459,0.0002892926701738883,0.0013552590413809834,-0.00018268586021775974,-0.0004090196113907275,-0.0004911348867583158
CS2_35,825,0.5109830218519917,0.5144226983109874,-0.002578636553886992,-0.0009947962785015244,-0.0001273514285276921,0.0008640695914107191,-0.0009306379376611285,0.0003276763030101338
CS2_35,826,0.5070853145592462,0.5105509366073042,-0.0025628719300631606,0.0006269390691577884,-0.0004344430553439975,-0.0006406969322575065,1.4940976042230536e-05,-0.00046949001898978525
CS2_35,827,0.5071775927247621,0.5076910734295033,0.0020041886395601926,-5.324794740843711e-05,-0.0007042453295783601,-0.0006004167416798001,0.0001333016121240812,-0.0012930607811970638
CS2_35,828,0.5047370444106924,0.505292549003186,0.0023218908088595697,-0.0013764047643596924,-0.00043638115661411546,-0.0010507364820197857,0.0002344062332236727,-0.00024827907391677294
CS2_35,829,0.4996585495757273,0.5013303600319532,-0.0020469478001021264,-0.000543151999558083,-0.00035028484090716966,0.0009239450504035423,-5.628857726792415e-05,0.0004009178711709498
CS2_35,830,0.49823827996716474,0.4999984761367154,0.00016155487897918152,-0.0017201390347890391,-0.00031670779767696674,-0.00010307617211589027,0.00011443017408695845,0.00010374194257308643
CS2_35,831,0.4935528064207908,0.4964825826262191,-0.003376136516043305,-0.00012814685107845287,0.00019838569059525154,0.0005862742514066499,0.00039787706650378494,-0.0006080296840835601
CS2_35,832,0.4905618939925489,0.49028240650255644,-0.00421152731451309,0.002701206785857506,0.0006292982618173017,-0.00034582854648648677,0.00014024048614492163,0.001366097981254736
CS2_35,833,0.500405708768566,0.48440074574394887,0.010174210363735468,0.002791552720999606,0.0016005205821109855,0.0005125841913127764,0.0007723124306286513,0.0001537828954565544
CS2_35,834,0.4747570591164759,0.4762569094687294,-0.005314363682565799,0.0011916648209562358,0.0010223722981061694,0.0006055533328760903,0.00037439981056853507,0.0006205232390413658
CS2_35,835,0.4645088512759551,0.4676876440607399,-0.003460752695605021,-0.000465782378176497,0.00042754738882136797,-0.00019448872834730455,0.0009228712188845057,-0.00040818741448720895
CS2_35,836,0.46023829811095496,0.4568565365155133,0.004824441461533557,-0.0007826193548798519,-0.0003778833141504056,0.00034519402631697416,-0.0007941163319743152,0.0001667452864034381
CS2_35,837,0.44258942295798076,0.44594052512553595,-0.001946022558300905,2.6549255425148774e-05,-0.0009732838028605484,-0.0008741026047705808,-0.0009426625262056633,0.0013584202549532965
CS2_35,838,0.43239366843485927,0.43785862241928214,-0.0012220643096306364,-0.00031894285539279583,-0.0011285903977490564,-0.0002938127380182579,-0.0006196479021571498,-0.0018818955910641362
CS2_35,839,0.42465035569675313,0.4275060063207628,0.0012631236417161942,-0.0014154042504823992,-0.0011352078271106999,-0.0014219454345945628,0.0010700535948501085,-0.0012162701544725953
CS2_35,840,0.41825514462920266,0.420623923281876,0.00024216620098080436,-0.001357403907138901,8.509321796591036e-05,-1.6066543641872818e-06,-0.0002669423343746293,-0.0010700849789319435
CS2_35,841,0.41275090210049736,0.4147713882040935,0.00011555534363955946,-0.0004906716099753271,-0.0005381214350155061,0.0016254874263926572,-0.0013858908438355885,-0.0013468447855002352
CS2_35,842,0.407359396840298,0.40997511919982466,-0.002652788083956684,0.002323782845518076,-0.0005034761403647852,-0.0005758698271336566,-0.0007344171867895935,-0.00047295376505815417
CS2_35,843,0.39831619845256494,0.40709908252514215,-0.008375707666528705,0.0008283108231912169,-0.0001038020518487711,-0.0010169221551584245,-0.0007766651930099377,0.0006619023766126692
CS2_35,844,0.39737136568091547,0.40407383860880675,-0.005019394569696613,-0.0012869938495628486,-2.0759703943889832e-05,-0.0009954379391201521,-0.00010923808214667954,0.0007293514228418849
CS2_35,845,0.39752645383980845,0.40119617519518397,-0.0023897848508483742,-0.002206419520670338,0.0005326181381004212,-0.0015325217682262116,0.0011602179719500045,0.0007661688805116027
CS2_35,846,0.40236596775794453,0.39851864899965933,0.004498373872892199,-0.0013261615178227887,-0.0012230975808428224,0.0016881011160425597,0.000589969041127676,-0.0003798659691094257
CS2_35,847,0.401335942546555,0.39206374393407073,0.004854076847923669,0.0010792499562320465,-0.0005089441534868373,0.0014885045013654332,1.2060729155801418e-05,0.002347250935762585
CS2_35,848,0.3979217303425173,0.38437122594466144,0.00528515993996387,0.0033049215980942744,0.0013345918695060698,0.0006340930113414325,0.0015950018991853063,0.0013967362857786243
CS2_35,849,0.3950819392135463,0.3760268762427126,0.009644179940201034,0.005698256403979368,0.0021594680158732904,0.0007822192779944791,0.0010247762521060917,-0.00025383671202131535
CS2_35,850,0.38700816487566314,0.36428956528723727,0.017371009458485503,0.002184757293699971,0.002145945545563907,0.0009608063777683171,0.00019419785566045006,-0.00013811673179869123
CS2_35,851,0.37947081499051905,0.3523514016998981,0.029008328105149125,-0.0019438861355215286,-0.001077681876719996,0.001081867321104668,-0.0005821411397218044,0.0006329272306956157
CS2_35,852,0.37381876196506525,0.3421263222566594,0.04058663376875984,-0.004536992516483409,-0.0020158685490626947,-0.0013037012926389849,0.0009651145703155641,-0.0020027460555612185
CS2_35,853,0.2674440507547189,0.33023414767971604,-0.053092522592980744,-0.006389377775436811,-0.0008645044128026581,-0.0012266420871088455,-0.0010041184560079437,-0.00021293133558899284
CS2_35,854,0.36857351635703317,0.32174096161227494,0.053549355352260596,-0.00249114182242679,-0.0017396987404924961,-4.739987340068601e-05,-0.0007310199723045018,-0.0017075399795803163
CS2_35,855,0.3651411642871132,0.31427587476305263,0.050479815388452885,0.003394872799918235,-0.0004843139703282288,-0.0009281121354778305,-0.000467717771162183,-0.0011292545664913672
CS2_35,856,0.36057959858331223,0.3084301341660617,0.04842145920959904,0.005295617676195181,0.0011415299269137422,-0.0017198857457607442,-0.001005863862572676,1.660743579169935e-05
CS2_35,857,0.2588257469296842,0.3058666504783658,-0.05057694961856179,0.004381919263979745,0.0002458750509970843,-0.0005849992735930703,-1.320261130157889e-05,-0.00049354609123003
CS2_35,858,0.2462169697846175,0.3047321410774524,-0.060440227483539076,0.0013204634949712888,0.0022163300792060053,-0.0011609882810249138,-0.00011973280051042678,-0.00033101602725879933
CS2_35,859,0.35334479284930964,0.305996440732501,0.05091227423852711,-0.0026147032562977403,-0.00022217631665986614,-0.0007577123450962172,-0.00032489065181549957,0.0003555606743411903
CS2_35,860,0.35057779498084507,0.3104112252801624,0.05046970275508126,-0.00704765980014559,-0.001176876647643144,-0.0011242236393316958,0.0002004492638208928,-0.0011548220036563344
CS2_35,861,0.3543346678999644,0.31515734821214236,0.05387898075507149,-0.0108670884660383,-0.0011105453175887987,-0.0012827486305448752,-0.00043632847386657785,-0.001004949953468511
CS2_35,862,0.35682752196158063,0.32058010054411057,0.05059323270478717,-0.012514170088343156,-0.00028122308348484934,-0.00040929442779389416,-0.0016432744317303126,0.0005021509686491823
CS2_35,863,0.2563091354110778,0.32771221775155046,-0.058142164149336144,-0.011914435988148278,-0.0006017722391758573,0.0006687634746352758,-0.001195015999394662,-0.00021845716894179146
CS2_35,864,0.3617227645791825,0.33420251686175717,0.034602622409068855,-0.006214163123892764,-2.0671582735036755e-05,-0.0005150749486614983,0.000370394452412255,-0.0007028592663683045
CS2_35,865,0.36164814569675485,0.3388402281778379,0.017860960722561797,0.0014341173444953664,0.00011004508724388386,0.001915065466047384,0.0005500736655637988,0.0009376554554368633
CS2_35,866,0.35811966755832003,0.3450287697383655,-0.0016943992232981845,0.01144841247749509,0.0015639567672432273,0.0015819301406180364,0.00041699624088647845,-0.0002259983589609188
CS2_35,867,0.3474638301052053,0.34676959212973624,-0.023060715461322472,0.017567771407334683,0.0009786360800437158,0.0022788652268298645,0.0018558376564413932,0.001073843294994054
CS2_35,868,0.33572159733021323,0.34663775137347397,-0.04064895232407024,0.02199159387772641,0.002224879012537543,0.003203507762631327,0.001268986702680019,0.0010438311594013685
CS2_35,869,0.332357234417751,0.34478196432943486,-0.044271760449523086,0.02403095285929583,0.002501353776235399,0.00367209131027204,0.002250975050075634,-0.000608342222349726
CS2_35,870,0.3285656937600532,0.3387024149790372,-0.041953363132005296,0.024864755923036233,0.0015587088845807184,0.003017608077210059,0.001099377867384307,0.0012761913982160423
CS2_35,871,0.3252321748230411,0.3317009370738364,-0.03286280757017749,0.020625483423445598,0.00166324655249623,0.0038116323629596863,-0.0002506900855491817,0.0005443733049446756
CS2_35,872,0.32270675931171233,0.32294174834047484,-0.020110898261338633,0.016216270714120688,0.0017204377521455312,0.0010728616282396457,0.0004440919182541946,0.000422247459874032
CS2_35,873,0.31995455344088874,0.3145964258582966,-0.005042452508473633,0.010048349558616455,0.0009544320593504024,-0.0005231253229842269,0.000413336686627124,-0.0004924126492403827
CS2_35,874,0.3165602726007002,0.3051080249389889,0.010300820871577049,0.002470078665393229,-0.0005924606890066949,-0.001292535641719782,0.0007064218508073204,-0.0001400771525000103
CS2_35,875,0.31344845535981847,0.29992133369168084,0.027024771071999496,-0.008294248324069766,-0.0011229212226765012,-0.0022195583637752516,-0.00042461492608259263,-0.0014363063230093936
CS2_35,876,0.31473213568268044,0.2970941791752041,0.04575332162493078,-0.019218882889094575,-0.0022978400058206398,-0.0044428721894765036,-0.0014341453913178962,-0.000721624398077321
CS2_35,877,0.3163159245172551,0.2989809306023703,0.058351169300843095,-0.030863641052491304,-0.0033186076125333226,-0.0032328915058036202,-0.0032029235477051606,-0.00039811142447434265
CS2_35,878,0.3168863749724373,0.3064449750598399,0.05738772370187562,-0.03552270497269454,-0.0027425024766855976,-0.0053540200716769215,-0.0015471902011225528,-0.0017799058244062915
CS2_35,879,0.3137446182607242,0.31918852404722153,0.042084188808766645,-0.03593689862227732,-0.0021799427788072394,-0.005239515006331515,-0.0020751368983092226,-0.0020966010454243167
CS2_35,880,0.3085146244640846,0.3350871715382575,0.009578137554003975,-0.02664616285500492,-0.003722154104153257,-0.0025151293108105956,-0.0025775438246735368,-0.0006896942870530416
CS2_35,881,0.3099652758295228,0.35550784822149445,-0.02484363990791378,-0.015625652856841782,-0.0029129425034494596,-0.0007225628610178073,-0.0008002354115542306,-0.000637538605369539
CS2_35,882,0.3036431296940698,0.37770673694569296,-0.07584729620630866,0.0018089323338850935,0.00013826626189348661,9.364833477839948e-05,0.0008995087943526449,-0.0011566665215374426
CS2_35,883,0.500405708768566,0.3995145372091909,0.07611146755923173,0.019759491428980182,0.001465332558013191,0.0014281962935056177,0.0016730773689908596,0.00045360651028044594
CS2_35,884,0.4747570591164759,0.4213918163656045,0.013996127977370106,0.03189378602695342,0.0034678345857691237,0.002265394163341508,0.0012378307868192377,0.0005042693818540075
CS2_35,885,0.4645088512759551,0.4390445983535838,-0.016491327277787102,0.03252059185489734,0.003067109176873139,0.0028327990059355155,0.001774912470477797,0.0017601678678492905
CS2_35,886,0.46023829811095496,0.4537933171586532,-0.03158535669831941,0.028348691583743424,0.0036049999968268878,0.002293814221369938,0.003569490402438463,0.00021334162405020003
CS2_35,887,0.44258942295798076,0.4627863781136906,-0.05130486176532751,0.021148339519133724,0.003242022905169213,0.0031054029511036266,0.0014088379226552643,0.0022033034973518452
CS2_35,888,0.43239366843485927,0.46997745475713776,-0.05525369730892851,0.012950763014503439,0.0016694749937383616,0.0016269817069019745,0.0013363649669038524,8.632649501330594e-05
CS2_35,889,0.42465035569675313,0.46926046313279707,-0.05227110197931331,0.004268796237935645,0.0007642078291479493,0.0010715145379261693,0.0010396535670414643,0.0005168225651337402
CS2_35,890,0.41825514462920266,0.46576496059200556,-0.04352431841221275,-0.0051719255827018746,-0.000298198369034654,0.0008000312956424348,0.0007159122796802186,-3.131697736594307e-05
CS2_35,891,0.41275090210049736,0.4593633758350838,-0.03178983729629276,-0.015534128329617798,0.0013254992501719476,-0.0003530498827055655,-0.0006113187718736789,0.0003503614950331054
CS2_35,892,0.407359396840298,0.4515239880759674,-0.024260384417214894,-0.01675751103297721,-0.0011210075322255254,0.000431446779674128,-0.0014717837702832603,-0.0009853510609007536
CS2_35,893,0.39831619845256494,0.4406793526220051,-0.02310670089924972,-0.015856493449094265,-0.0014658999892227197,-0.0006469784593326183,-0.0006791643781305433,-0.0006079167885750619
CS2_35,894,0.39737136568091547,0.4303597485652106,-0.017524053911554156,-0.01293958196488371,-0.0003815496625622516,-0.001358371263566013,-0.0015336151499847107,0.0007487892745185237
CS2_35,895,0.39752645383980845,0.4201824541675729,-0.011183293369375312,-0.007508527022667179,-0.0006932879084328424,-0.0020930856172372914,0.00010585333601721967,-0.0012836595398763105
CS2_35,896,0.40236596775794453,0.40821041724031737,-0.0015283915408295093,-0.0029534615928216686,-0.00014543869739032185,-0.00043757027621457457,-0.0004308446087829452,-0.00034874256233168374
CS2_35,897,0.401335942546555,0.39712398137575466,0.0028637588218420563,0.0018187135034100808,-0.000778234986597693,0.0015108694976129103,-0.00028367179269773345,-0.0009194736683009068
CS2_35,898,0.3979217303425173,0.38460456059171344,0.006653209823106851,0.004765916071621793,0.00029726784548540417,0.0012773423546501785,-0.00028653700279307253,0.0006099708647463979
CS2_35,899,0.3950819392135463,0.372270623139256,0.01562958853417625,0.004091038457514145,0.0015618107823310312,0.0003841953086075057,0.0013002404769165974,-0.00015555727795610956
CS2_35,900,0.38700816487566314,0.36107470537939756,0.019692804612990306,0.005673212123249479,-0.0008213259526668762,0.0004208562059575898,0.0002709341761210187,0.0006969785415675209
CS2_35,901,0.37947081499051905,0.3489504182022032,0.027659815071026706,0.0018809083709926085,0.00047173989690228984,-0.001279241899828249,0.0006229934906261191,0.001164182072961551
CS2_35,902,0.37381876196506525,0.33928574058949035,0.03705220365361817,-0.0009384253152909874,-0.0009262718506025403,-0.0002025006891427037,0.00024778249844906,-0.0006997667045327145
CS2_35,903,0.2674440507547189,0.32910802425557006,-0.05748919271447949,-0.0026368602446404784,-0.0016034996140607007,0.0006478236217705349,-3.023699696678097e-05,-0.0005520072874031191
CS2_35,904,0.36857351635703317,0.32153596788969196,0.051683303800795374,-0.0017770234508731888,-0.00042471451911719777,-0.0017766395518634395,-0.0003745521613443589,-0.00029282543095839525
CS2_35,905,0.3651411642871132,0.3149465052282363,0.052614617644078904,0.0003433513048382937,-0.00014806111309101846,-0.001524817053379779,-0.000507782626724174,-0.0005826488759942865
CS2_35,906,0.36057959858331223,0.30941266540223644,0.05164477895243613,0.00021764181363340796,-0.0013606010081759611,0.0005331343293890951,-0.00018001597404347937,0.00031199529075221145
CS2_35,907,0.2588257469296842,0.3054191198872457,-0.04872962885392674,0.0010575441262021415,0.000935484520190425,-0.00031123950830279384,0.0005677336348316083,-0.00011326660758397808
CS2_35,908,0.2462169697846175,0.3029939227656394,-0.05878930783649691,0.00018442040927510401,0.000665506390011925,0.00021073234240073126,0.001026188492875066,-7.449250440864528e-05
CS2_35,909,0.35334479284930964,0.30315051067569265,0.05020677072621642,-0.000339147373015968,0.0002633061429606413,-3.519117379352467e-05,0.0005711279771781456,-0.0004725838997383902
CS2_35,910,0.35057779498084507,0.30427953426285914,0.04739105374275369,-0.0012136666578876146,-0.0010775711770549792,0.0008976063394042645,0.0013136892603920316,-0.0010128505621787456
CS2_35,911,0.3543346678999644,0.3069739146281736,0.05090923854272383,-0.0018293527130824362,-0.0013720291437611812,-0.0015146971617071155,0.0010003382494555935,0.0001672557239043828
CS2_35,912,0.35682752196158063,0.3103573237678454,0.051485907164269144,-0.005186757324651192,-4.453663702199698e-05,-0.001149331138028817,0.0009207836192899941,0.0004441327344920197
CS2_35,913,0.2563091354110778,0.31517424403282357,-0.052477760572320356,-0.0085600794859866,-0.0007414093078477304,0.0005101367454640065,0.000462896032828193,0.0019411082362278736
CS2_35,914,0.3617227645791825,0.3214115481703246,0.043382062083049025,-0.007267964794929202,-0.0007869953388823228,0.00034924129253607173,0.002453466611210528,0.0021814067782721523
CS2_35,915,0.36164814569675485,0.32772387698946126,0.03314874811145205,-0.007176813554138269,-0.00048277346228183145,0.0013889144190193706,0.004144471202787608,0.0029017222128868807
CS2_35,916,0.35811966755832003,0.33232329736444743,0.020218179329467147,-0.007274594354379668,0.0010414514550198502,0.0008406748996970977,0.007655701711114277,0.0033149573769831026
CS2_35,917,0.3474638301052053,0.3353245500277481,0.0032702833714572726,-0.009231380268749504,0.0008833488592095905,0.001465894578731146,0.008039112895912918,0.007712020869748015
CS2_35,918,0.33572159733021323,0.33569938104095776,-0.014502421335533939,-0.010302354581317856,0.0018284475932918269,0.003045249427341196,0.010769505079006966,0.009183790340634365
CS2_35,919,0.332357234417751,0.3374251066439936,-0.01622770757799477,-0.013620904871670989,0.0002578044040112059,0.0028718351556949514,0.011887139307586664,0.009763961591820193
CS2_35,920,0.3285656937600532,0.33404156362525383,-0.015326440579971328,-0.018357953208866313,-0.0001323328177523435,0.0008193317112447525,0.014128542861938,0.013392982405612522
CS2_35,921,0.3252321748230411,0.33066796197985693,-0.0123397457053597,-0.024766832690611924,-0.00016178903513424072,0.0024562671014699724,0.015610073571826593,0.01376623983990841
CS2_35,922,0.32270675931171233,0.3238845395226121,-0.007111880897717306,-0.031305228199410215,-0.0014249707269804511,0.004694874551698263,0.016523956287874425,0.017445469013693433
CS2_35,923,0.31995455344088874,0.3174784814505647,-0.004465016021567446,-0.03281791619431647,-0.0012802025561205813,0.003908019807823818,0.01829501701423543,0.018836170181572964
CS2_35,924,0.3165602726007002,0.30867475172086634,-0.0033755834856104873,-0.0352540726868347,-0.0015130723432263075,0.005654017180867309,0.02016831767556801,0.02220591478191004
CS2_35,925,0.31344845535981847,0.300120858560027,-0.0012538243076991344,-0.03928933114230628,-0.0003882354474334726,0.006736091910426591,0.022912891176466343,0.024610004854585702
CS2_35,926,0.31473213568268044,0.2917626297472248,0.0037887045566397373,-0.0421181760711109,3.567714303448091e-05,0.009701224573448302,0.025832167522567766,0.025729908454543544
CS2_35,927,0.3163159245172551,0.28280786344618536,0.00938410282967124,-0.045245225736657006,0.00045520605784597236,0.012100608421185165,0.028119990249977682,0.0286933794919973
CS2_35,928,0.3168863749724373,0.2723519303920592,0.013586783660761725,-0.04970013458276939,0.0024917698368736507,0.015461034423647716,0.028122114773977153,0.03457287671057966
CS2_35,929,0.3137446182607242,0.26488531473038157,0.017683864684822,-0.05589809451239783,0.0015723196692492588,0.02107274298217508,0.029623523747302254,0.03480494720330632
CS2_35,930,0.3085146244640846,0.2569772354479416,0.01898604637224124,-0.06270669179218481,0.00171976482534492,0.025784621671004447,0.029258534547985972,0.038495113638232985
CS2_35,931,0.3099652758295228,0.24989844538988426,0.030739929369426156,-0.07626012372533167,0.0054489265365781775,0.03167153810669527,0.02867143830706079,0.03979512209103488
CS2_35,932,0.3036431296940698,0.24317168140967138,0.03548803181727081,-0.08827679671547405,0.0059598666307429365,0.03915979143450894,0.024898313953442053,0.0432422414125942
CS2_36,1,1.144814445892998,1.149063540023075,-0.012442778587157713,0.01369707758856097,0.02006637027396535,-0.017053893197365232,0.008968808702892819,-0.017484679029968992
CS2_36,2,1.143606232834942,1.143066084053907,-0.009265635820642581,0.009898626595129306,0.015533463829042611,-0.006844041717000707,0.002942648142623106,-0.011724912366669078
CS2_36,3,1.143132552475358,1.1411145030892584,-0.005137226597779811,0.006512525156295415,0.01455473144494965,-0.007104987859776723,0.004053616018563513,-0.010860608894530811
CS2_36,4,1.142040503738553,1.1369516271500304,-0.004304283510422664,0.006212698439771655,0.009395199600666768,-0.0008505556606885864,0.002826693819752389,-0.008190876218534157
CS2_36,5,1.1391394367314212,1.1319062546800538,-0.0016163801242841662,0.0038879234759618964,0.004343431625933387,0.002215679048064028,0.0009687760648828416,-0.0025662481561027706
CS2_36,6,1.138813270188575,1.1308995460467188,0.00217413188420811,0.0018655744654625139,0.00605805915808382,0.0017445972882014302,-0.0009309510068547425,-0.0029976877640375678
CS2_36,7,1.1346128606968113,1.1276751204871998,0.002292353149660699,0.0028736679598266534,0.0024641294692432526,-0.0010202522345859394,0.0009831713482567933,-0.000655329598039944
CS2_36,8,1.1249491927044888,1.1254708076474753,0.0010111144461926204,-0.0010771840986935424,-0.0010835993246987314,0.0003303189624931682,-0.0009953396597016835,0.0012930746197196393
CS2_36,9,1.1216790281016351,1.1239957166525336,-0.0016962812829767187,-0.0033009548490293594,0.0041439031076680516,-0.0007700646777407141,0.0003690073485428707,-0.0010622983078639708
CS2_36,10,1.119216729959449,1.1224051693977537,-0.0007983966082685196,-0.0013189181421169567,0.0008401664363284733,-0.003099254804412646,0.0018114526568771012,-0.0006234890863091349
CS2_36,11,1.115648283750585,1.1220398403748624,-0.0011410049492426761,-0.0007380330171809609,-0.00261885053673929,0.0011226000654047867,-0.0026788751099881725,-0.00033739318481799583
CS2_36,12,1.1208542594299384,1.1201212154194566,0.0005592115439555118,-0.0010219195882474076,0.001683861621825369,0.0008505637008338952,-0.0011046730131531817,-0.00023400036493095703
CS2_36,13,1.1222667081907467,1.1200519152793371,0.0002551710335145661,0.003440684609899483,-0.0008551098118545804,0.0006785458205716533,-0.0019488767980733773,0.0006443779466348833
CS2_36,14,1.122378829351586,1.118510333057689,-0.0003587784958312143,0.0016680848689126979,0.0013465857826026459,-0.0009378922472111814,0.001620347725993629,0.0005301485486720759
CS2_36,15,1.122203365223882,1.1200078502402822,-0.00025353662978934254,0.0007690600230260156,0.0010777364494765874,0.0009668815402870076,-8.454523464572018e-05,-0.00028008127544833277
CS2_36,16,1.121781247314793,1.1207197438541057,0.002621400810663151,-0.002175341515269445,-0.0005750209580353994,0.0005650987146684997,0.0009855391775934828,-0.0003601728794716692
CS2_36,17,1.121477567010361,1.119143026441256,-0.0020216251898759734,0.0018686687185825673,0.00035311078451583864,0.00124967978706135,-0.0018524169605313393,0.0027371233189250393
CS2_36,18,1.1212662827133837,1.1218552947406042,-0.0011433388421096073,0.0015003221062806448,0.00040437068422999366,-4.848045001299367e-05,0.0011115781506276393,-0.00241346378658585
CS2_36,19,1.120613351794713,1.1222000657818745,-8.354624170156522e-05,-0.0010651848717142343,-0.000104753433863851,-0.0011024729667612869,0.00025651688426949523,0.0005127265324999243
CS2_36,20,1.1198550374038874,1.1222452321834615,0.00012590307071534777,-0.002013558018828135,0.002115914635467522,5.741849761805457e-05,-0.001560829520511934,-0.0011150435538664792
CS2_36,21,1.1192053669419408,1.123213301597294,-0.00034923736137682947,0.0017585472326472726,-0.0021286761651014524,0.0003497404180142106,-0.0013873278667817849,-0.002250981022347686
CS2_36,22,1.1185572128727372,1.119002001253724,0.001975375073886365,-0.0027584815017645163,0.0011608502122351918,-0.0008849791151515571,-0.0003041954228586793,0.00036664226331143914
CS2_36,23,1.1181413768949007,1.1179243893303255,-0.002777777014111034,0.0033896028186644117,0.0005858096776758984,-0.0026827097518041985,0.0006903271126444577,0.00101173461230329
CS2_36,24,1.1178567400970003,1.1133134592903655,0.0009245454720751932,-0.0013159443755268413,-0.00018715249563573664,0.0024106329884411577,-0.000740821361280203,0.0034520204694633073
CS2_36,25,1.1170250296166664,1.115513155532443,-0.0003770535920404367,0.0006330218057791181,0.0002313691911496562,0.0005366559798291017,0.002521853276671351,-0.0020339726859577452
CS2_36,26,1.1163531813507674,1.1110652119382092,0.0013063762413881796,0.0004482814433667747,0.00023936813918194006,0.0023528229199414165,-0.00131484942183812,0.0022559699819724426
CS2_36,27,1.1157656356579295,1.1090393274806867,0.004576013651492926,-0.00047088681079266045,0.0016515554753121033,-0.0013121048948917739,0.0015106969889572134,0.0007710336588349347
CS2_36,28,1.1053791937627508,1.1087522768295743,-0.0028907165189059948,0.00016942085987186502,0.0007398558877537699,-0.0008735930256206674,-0.0010203595475034503,0.0005023091730643856
CS2_36,29,1.1013944258703532,1.1066667947774387,-0.00023676347776719698,-0.001824136488177045,-0.002484861183601594,0.0012452906732248346,-0.002029656447809057,5.775791399119809e-05
CS2_36,30,1.0990854008480326,1.1037172559449273,-0.002970318888408192,-6.335666447041845e-05,0.00214960504134448,-0.004183290738411001,0.00019910025215799022,0.0002364057986867702
CS2_36,31,1.0974376527999006,1.102710129228971,-0.002716392821918888,0.0007143142728574804,-0.0012329869487032693,-0.00012474269972072334,0.00044362927477432684,-0.002356297607959832
CS2_36,32,1.0953461686285202,1.0997049574716529,-0.002932057097795609,0.00036521962175209617,-0.0016048536772470538,0.0026410280906100196,-0.00316284875856649,0.0003347228772815397
CS2_36,33,1.1034348870684099,1.098889803026156,0.003271494833663091,0.001437753521407138,0.0015002281850848662,-0.0018565725570991913,0.0006036655103881604,-0.0004114855549929565
CS2_36,34,1.1047575416403745,1.09570723739415,0.007469438001775937,7.175070714165876e-05,0.0032970681784209076,-0.002463926372967214,-0.00039563588461520593,0.0010716095121802835
CS2_36,35,1.0951884345150376,1.0967134921894228,-0.002096325912597133,0.0013783708221209346,-0.0007975352977767548,-5.315778876204894e-05,-0.00013372549285490975,0.00017731589470972446
CS2_36,36,1.0913624805413278,1.0975504189724261,-0.0025135911021363895,-0.0010283664868697845,0.0012510427795639832,-0.0008046328313039146,-0.0014147848590245484,-0.0016776060306975375
CS2_36,37,1.0908970421320134,1.0942681077005902,-0.0005770564869502507,-0.001578342069837905,-0.001169027428862992,-0.0005328542134685781,0.0015123080913024515,-0.0010260935599586765
CS2_36,38,1.0893957875041664,1.091027615440346,-0.003379563596284253,-0.00027299059776752973,-0.0016212432416064888,0.0009081388152734187,-0.000834765570624187,0.0035685961561815484
CS2_36,39,1.0900145756285013,1.092194403942505,-0.004160182447717121,0.0020345777232605644,-0.00045047817603747174,0.00046708051355203015,0.00045309329332802464,-0.0005239193192648902
CS2_36,40,1.096985283504793,1.0918735537111086,0.004707399165415076,-0.0008062114721936254,0.0014469380359030282,0.0004861472983313778,-0.000564096781211782,-0.00015844655399396625
CS2_36,41,1.097973230071048,1.0900424967823332,0.004528652317872717,0.0029063602218413038,-0.0013490466813028217,0.0009836979396893244,-0.00015190592954331022,0.0010129753183604415
CS2_36,42,1.0879059510926155,1.0877798541285069,-0.0007178466453582623,-0.0026442100404345963,0.0017271641632829121,-0.0005000348040245514,0.0001212122359550492,0.0021398119565872093
CS2_36,43,1.0862253531940382,1.0868139059224575,-0.002938871722810546,0.0014181976623393736,0.0006934818491106939,-0.0015050517744172602,0.0005642941815711276,0.0011793969783035151
CS2_36,44,1.0858257011997665,1.0846118797448019,0.0010519497539280178,-0.0029319904585203022,0.0010860787953566207,0.0008307573355345073,0.0019049368503899003,-0.0007279109190611059
CS2_36,45,1.085157358758991,1.083973469980584,0.0013532492268075323,-0.0015993722724823684,0.0011793001131498902,0.0004387033403180117,0.00028525057744940445,-0.0004732423039271449
CS2_36,46,1.0838545416647776,1.0849959279429116,1.1375761260926003e-06,0.0004477277360278954,-0.00013993887067889,-0.0015675044988846427,0.0003321698765394615,-0.0002149781938773328
CS2_36,47,1.091656778253295,1.0866235001074003,0.006934404762774737,0.0013238761107355038,-0.0013025597502651115,0.0014958304480564373,-0.002038251011762989,-0.0013800225131218396
CS2_36,48,1.0930264993288858,1.0873588507934056,0.007304784437342605,0.002000534838498781,-0.0007900550077801097,-0.0011794917388151251,-0.0016266336159678442,-4.1490477778943407e-05
CS2_36,49,1.0846347846431215,1.0900738549367381,-0.0009345499975118936,-0.0023310840992627918,-0.001433137090254599,-0.0006063645712319063,6.787353072339953e-05,-0.00020180816297859253
CS2_36,50,1.0832254944868964,1.093919292728533,-0.006530334876125726,-0.004333191634250232,0.002110891306683776,-0.0014990592436147073,0.0005513837692910446,-0.000993487660003259
CS2_36,51,1.0821485466805356,1.0948935817628112,-0.010720563649210623,-0.003904413068581122,-0.0025433094592721976,0.0022886472363331804,-4.1775258847762234e-05,0.002176379021316037
CS2_36,52,1.0810717297027281,1.0969369310194153,-0.018497707885184074,0.0010401809087142787,-0.0014961648587868647,0.00012521600548021257,0.0005201034413551919,0.002443170976142628
CS2_36,53,1.0789012818692356,1.0974110055852047,-0.024623301772969626,0.0014980864333293243,0.0015160669160038348,0.0002909731071264691,0.0020925224113450274,0.000715929094401299
CS2_36,54,1.114267753115097,1.0924339095065745,0.010148911160899266,0.002418170931508877,0.003906959695775575,0.0006998986754130096,0.0018454779219508547,0.002814425115194836
CS2_36,55,1.1117473022840059,1.0876118756938675,0.00790930799674683,0.011146016843910403,0.00017834135779622753,0.0011034070554966715,0.0006575793850532815,0.0031407738442801804
CS2_36,56,1.115072097163356,1.0823158325459292,0.020742718797406006,0.008627404870974662,0.004273858003167379,-0.0013991925541746214,0.0003582295128999056,0.00015324587907808985
CS2_36,57,1.114709035214378,1.0788897288509198,0.03990453436910472,0.0005712193412205578,-0.0020983452294335565,-0.0004346253182770726,-0.0009593292821878395,-0.0011641476249107277
CS2_36,58,1.1063412755833664,1.073249607004835,0.04929516524994472,-0.008226697219833257,-0.0047705611123792305,-0.0021000403511790082,-5.7629052097786846e-05,-0.0010485690407937343
CS2_36,59,0.9900237025513556,1.0733496254730008,-0.05638777698379082,-0.01544463429868886,-0.005171115789258206,-0.00043961960625959486,-0.005097572370446271,-0.0007852039353633349
CS2_36,60,1.1023591244661288,1.0744909435601815,0.04776754805763438,-0.011149696261173578,-0.0018069981487892422,-0.0027724169731408762,-0.00044903338976308844,-0.0037212224822277874
CS2_36,61,1.1002012014937943,1.0783870821897383,0.02567476141669038,0.0007726244695440614,-0.0018760306388995633,-0.0008537943606988842,-0.0005561305526558966,-0.0013473111325393247
CS2_36,62,1.0933557235504132,1.0820922540958215,0.0005714592902397545,0.011375558572303802,-0.0016742390218003162,0.00160621700103814,0.0008079960254646027,-0.0014235225127562658
CS2_36,63,1.095410354760288,1.0859155673477976,-0.006345927382525284,0.007237954339931025,0.0037780442726333394,0.0025563657809574165,0.001601372841570394,0.0006669774590672413
CS2_36,64,1.0936111187751703,1.0905299451502586,-0.011169283908080451,0.0069526548094289,0.003871357907213033,0.0005994460165895225,7.08251926511705e-05,0.002756173506913903
CS2_36,65,1.0874160778268003,1.0945140646684215,-0.01410555774269461,0.0003181397821860582,0.0027688239923955543,0.002766189589837666,0.0014759824559672193,-0.00032156501723408363
CS2_36,66,1.0860582172850428,1.094894295299001,-0.0077474391060102475,-0.0009533291501714288,-0.0020922064689461377,0.0008397308437877357,-0.00040404532983613926,0.00152121109979564
CS2_36,67,1.0844979063127678,1.0930806943359652,-0.002353575970234135,-0.004549844455853174,-0.002133092851378147,6.881438920461586e-05,0.0020391667847586693,-0.0016542560165448547
CS2_36,68,1.0834671708949664,1.0910524968494417,0.00035789745933165467,-0.003536367404127331,-0.002069658261567499,-0.0012357156260470621,-0.001988397251258149,0.000886915032722013
CS2_36,69,1.0801288987041175,1.0873570014663678,-0.0005423830776087921,-0.0028913408099509636,-0.001323961827284753,-0.0022866576010396305,0.0008768926665179672,-0.0010606522081293187
CS2_36,70,1.0817257348972475,1.0835276580744821,0.0029392515240551764,-0.002788485588806505,-2.437948334022e-05,-0.0013639776784596096,-0.0022156743128599254,0.0016513422663447781
CS2_36,71,1.081141039008223,1.0785875657250625,0.0018016752199200138,0.002384626615335353,-0.0020060302872146737,0.001256590441721464,-0.00018524713328604654,-0.0006981416689326368
CS2_36,72,1.0766350273952519,1.0755634059701422,0.00040082734695101916,-0.000553210151857385,0.001741345698515363,-0.0006059576147398412,0.0009348821835474892,-0.0008462661312694552
CS2_36,73,1.07591739639712,1.0738443552149102,0.0006402514692804044,-0.00024174953060645234,0.002550304422311839,0.0011269688774986938,-0.0009247760093203875,-0.0010779581406533652
CS2_36,74,1.0752225663489199,1.0654297185009753,0.0007426171629120858,0.0011123566420989418,0.0025726024356741203,0.002646737848192004,0.0014057856042429867,0.0013127480613804197
CS2_36,75,1.0743965813337404,1.0625435197011648,0.0028854725492427984,0.005264468092005097,0.0014107001910204533,0.001513479887596067,0.001482340109927447,-0.0007033992903568386
CS2_36,76,1.0727443860518662,1.0599906886549024,-0.0014394523526072725,0.013790158310334767,0.0011601285304372328,0.0003546084408659573,-0.00023007415009639265,-0.0008816714745045841
CS2_36,77,1.0750524769990264,1.055752425189233,0.0002896159921679149,0.022605479156774494,-0.0021242144516028373,0.0007024447408324146,-0.003098083842230762,0.0009248101204706637
CS2_36,78,1.0743707882977596,1.0556787135472234,-0.002412552886254107,0.03153729838551785,-0.006348135374098339,-0.0013353990687180889,-0.0010593578844955455,-0.00168977851454681
CS2_36,79,1.0736001857101414,1.0592749010488436,0.005703478655560579,0.023178564467748387,-0.006158520196347661,-0.0024660143910976598,-0.003343738598327186,-0.002588485369087039
CS2_36,80,1.0730867551155754,1.0606645864353603,0.01616584565005552,0.008530422224481388,-0.004245182063048589,-0.006479008820310492,-0.0007904251093098149,-0.0007594832943125911
CS2_36,81,1.0726845628558976,1.0696982421487728,0.029882935698315308,-0.014294968830666121,-0.005591218804825049,-0.00294321543712626,-0.002410590162711935,-0.0016566218483732077
CS2_36,82,0.95668330659392,1.0777936212895507,-0.05596243339324092,-0.05811656922530854,-0.003046284701041159,-0.001494867243665099,-0.0018823069898784147,-0.0006078531924168747
CS2_36,83,0.9559676269177046,1.0867897336781813,-0.02670113225210086,-0.10382949301658827,0.00011514447830764995,0.000740552369551958,0.0010471108570010205,-0.0021942892463055553
CS2_36,84,1.0709256910043763,1.0912118309116097,0.10321110630309699,-0.13129213738945364,0.005049499907547758,-0.00026422632251827543,0.0015988166246146684,0.0014108008776127904
CS2_36,85,1.070117653943143,1.0943504137061977,0.08500380734293397,-0.12650026859343516,0.007717949495586177,0.005248631841964364,0.001896611737581193,0.0024005083207451934
CS2_36,86,1.0695605913097666,1.092327994436517,0.043384218271653535,-0.08850684428933676,0.011641431377383535,0.0060883234896725235,0.0008160265750896377,0.0038094413574220037
CS2_36,87,1.0689665476491896,1.0854182221402204,-0.02632851912046542,-0.015717077307182255,0.009862002420108627,0.01010296033865752,0.004630352408580013,0.0009986066781238147
CS2_36,88,0.951256431268277,1.0718375334161334,-0.2129688861175689,0.06229190163529508,0.015725532061952617,0.007354355177139347,0.004281448457861429,0.002734546589536391
CS2_36,89,1.0678615940529426,1.0526780754188483,-0.15920856934024058,0.1429194705555119,0.019246946927844937,0.004255480392460663,0.0037144386975032817,0.00425575131027282
CS2_36,90,1.0681034217830216,1.028408457852518,-0.1952663336517272,0.20316770258430084,0.02000486687162203,0.004689039997304612,0.0043484866023153846,0.002751201435857816
CS2_36,91,1.0667920283887184,1.0008435746756552,-0.19154577939336248,0.23134358945884653,0.01691448746953762,0.006137531409238296,0.0003368928164400074,0.0027617318620147646
CS2_36,92,1.066112427706578,0.9702287282710497,-0.13413179305191053,0.21439217561386012,0.011886437338148722,0.0024585730484957165,0.0009294541261687271,0.00034885227066660266
CS2_36,93,1.0649888657975026,0.9417266998720726,-0.014670019232629816,0.13841123699520122,0.002233767999353466,-0.0013164220575238325,-0.0025948888550992,0.0011984909864417395
CS2_36,94,1.058600552550061,0.9186506405423936,0.131042718830032,0.03028366774204036,-0.01070929797822365,-0.003747301519235426,-0.0013823513656575932,-0.005537523788629221
CS2_36,95,1.0571449252827065,0.899170037003938,0.290694030296093,-0.09483114651851066,-0.020721459147799208,-0.008672120764337692,-0.0038758463268820887,-0.004618569346601266
CS2_36,96,1.0559599710539374,0.8925311186835956,0.4250442541258249,-0.20876290939610287,-0.028594453341431007,-0.009024545027600023,-0.008159123625600425,-0.007074370451120077
CS2_36,97,0.1008711523407797,0.8916963830939836,-0.4735744459233187,-0.25837144566212367,-0.03422106955137216,-0.012007138763088841,-0.005290070558448431,-0.007361060030546459
CS2_36,98,1.063843352444681,0.9021819298972917,0.4339196694411021,-0.21944899646252858,-0.03267773083048493,-0.009421060263496976,-0.0058600476391068405,-0.004850411787361328
CS2_36,99,1.0636032767912138,0.925174360901612,0.2981274369830508,-0.12003331317498361,-0.023347724258742906,-0.00647401589038121,-0.006251079910476535,-0.003592387948042462
CS2_36,100,1.0629313800277291,0.9535444520625539,0.13155521676952933,0.000512268216505965,-0.012477875193963867,-0.005090087100177848,-0.0012601672077726192,-0.003852427607876783
CS2_36,101,1.0683177629595728,0.9873018716963419,-0.02319235543916328,0.10469758363726518,0.0012391473349778364,-0.0034891792195216754,0.0018301680219740674,-6.947316320990125e-05
CS2_36,102,1.0694316323545108,1.0234673654711295,-0.14824108608254102,0.17691407043419216,0.00982112109480547,0.003222342647347703,0.003942498902908652,0.00030531979535052044
CS2_36,103,1.0642651438224036,1.0580703971518708,-0.2335776327898135,0.20510322606906967,0.022299956846912238,0.005195914262197139,0.0035512028413586644,0.003622079351387937
CS2_36,104,1.061293562961236,1.0907585562768578,-0.26880611589366604,0.19615897139130095,0.025294989056419907,0.00888345778622012,0.0025781102379801688,0.006425594017793189
CS2_36,105,1.061167063526173,1.1167026469650436,-0.2586456187852036,0.15746493345629373,0.03015827002803929,0.0029826632433588214,0.003934791803937441,0.00856937672642034
CS2_36,106,1.0607353526819114,1.1360976959104263,-0.2124749980158232,0.09434641145004995,0.025526833339995968,0.00937493732836442,0.003977636539230777,0.00388683604154238
CS2_36,107,1.058026983721236,1.143944501931811,-0.14987871479926865,0.022053802976063217,0.02501441303310823,0.008642657785020625,0.0039642346013362365,0.0042860881060349364
CS2_36,108,1.0646829774794888,1.143764222774685,-0.07351541241188601,-0.03994148976034296,0.018498100967016814,0.009009834588848346,0.0012689034861695905,0.005598817745424024
CS2_36,109,1.0662073125224154,1.1369867190464038,-0.01275837259473632,-0.08619246894764147,0.0175243038535584,0.006285682797852322,0.002459133383954527,0.001902314892890272
CS2_36,110,0.9539384141619198,1.1210840024660227,-0.08643334894236517,-0.10058269318039395,0.014807663444315248,0.002880318299486196,-0.0010364721285361954,0.0032189441544785116
CS2_36,111,1.0563290701503014,1.1053918006256935,0.03176510001107449,-0.0843066015181444,0.004678661545151444,0.0013537120283005966,0.001040850308552781,-0.0035944529368339257
CS2_36,112,1.0562764583199868,1.0825067513028128,0.024937771438202576,-0.041990566607226075,-0.0046093762557526605,-0.0032896878786379687,0.0005668042790954508,-0.0018452380449948333
CS2_36,113,1.056070027037073,1.064739286727752,0.012309176383977907,0.00376340673643203,-0.017003814986997195,-0.002302793257593507,-0.003997120048085527,-0.001438114604824582
CS2_36,114,1.0534289837448938,1.0458307831518396,0.004823683833414399,0.03239343356567922,-0.01835303552103106,-0.007617565655028971,-0.0024869952261972863,-0.001161320489224102
CS2_36,115,1.0567809153016832,1.0342782245563196,0.02405358386710563,0.029080166782883617,-0.019679443942635978,-0.007420795739564518,-0.0019848721719819087,-0.001545948137115984
CS2_36,116,1.0614471084855168,1.0261791119144166,0.04626500758443972,0.01380268041234676,-0.015235306332658093,-0.005361490790979278,-0.0015536480937376168,-0.002649246296697377
CS2_36,117,0.9494008601365032,1.0266124656864462,-0.05507292824082005,-0.0038655835290654604,-0.009577932423349377,-0.0007523391676930048,-0.0029419672696461264,-0.005000854966615332
CS2_36,118,1.0525037978323937,1.026100031651585,0.04038308332069715,-0.0050361644160190205,-0.0043891018583511986,-0.0019752494888699186,-0.0019625096302576745,-0.000616291831492842
CS2_36,119,1.0512486012551712,1.0300867294398146,0.022054292657100717,-0.0019547369918808503,0.0007917904717678765,0.0005685396918180828,6.287386908740684e-05,-0.00036088796717825974
CS2_36,120,1.051536694327531,1.0359594621882398,0.005581631169702224,0.0020301659965305226,0.005120540453764974,0.0014782756172082255,-0.0020917520199739328,0.003458370837312058
CS2_36,121,1.049650606170296,1.0448762409618355,-0.004839461515307753,0.0013768257981506451,0.007829717290894314,-0.0007999552617814612,0.000687809161264925,0.0005194296511850301
CS2_36,122,1.0476759529771087,1.0525061499820356,-0.013153977955011586,0.002409968241692079,0.004584107573371538,0.000876173141834253,0.0016761234677581073,-0.0012225915579011264
CS2_36,123,1.0563659738239934,1.0566608151912678,-0.0061392165426146185,0.0014711533507634144,0.0020370046162756505,0.0006955631709161144,0.0018216992336690806,-0.0001810452828043595
CS2_36,124,1.0573603920680057,1.0593595196407066,-0.0020610079224024744,-0.0019202440933621938,-0.002506356817202818,0.003933153512915534,-0.0014702804436529874,0.0020256081041183423
CS2_36,125,1.0591155406822423,1.059413313165493,-0.0004605607756630574,-0.0005852216834759113,-0.0014654110322425524,0.0004349218514459679,0.001260041957431296,0.0005184571117235057
CS2_36,126,1.0603844996610015,1.0591144913979997,0.0013220191354796345,-0.0016102318128642576,0.0015794524076347986,-0.0020391814206381126,0.0017209664709806568,0.0002969833944131395
CS2_36,127,1.061228619880147,1.059110668993044,0.001284576359930119,0.00011526705508253709,0.001614509618154192,-0.002136168574597107,-0.00016424298781474205,0.001404009328042008
CS2_36,128,1.061818223063355,1.0586561280123614,0.0025892067068936783,-0.0008496068268841842,0.0018763984818997055,-0.0007095701910454422,0.00018250594871132544,7.316084289613139e-05
CS2_36,129,1.0623559078231182,1.0596735448019212,0.00034326772911105334,0.0011553153553543406,0.0005575798310344776,0.0004048508252796909,-0.0010761857137233449,0.0012975349054210686
CS2_36,130,1.0631509739540306,1.0615252199639555,0.0006763390893371867,0.002792769740852826,0.00018273269770262445,-5.0788917975300906e-05,-0.00017554271444534899,-0.0017997559944086794
CS2_36,131,1.063214640498309,1.0609642639522598,0.0011819881263544518,-0.0012784809808272049,0.001574662920269711,0.0027283446105302914,-0.002560606470290072,0.0006044682509769626
CS2_36,132,1.0634413080293044,1.060322127148061,0.0016555988830927683,0.001440262681383747,-0.0021341865179403813,-0.00011986130970443756,0.00177581790730631,0.0005015491479870566
CS2_36,133,1.0636721715585225,1.0632449020529213,0.001419567881348095,-0.001065235385680891,-0.0016712504565629786,0.0016026739479524598,-0.00015182344221311965,0.0002933368715544916
CS2_36,134,1.0638121530169116,1.0633020794818782,-0.0007930813634023147,0.000620399283612649,0.0006021599113421127,-0.0015953845075506346,0.002791282150172019,-0.0011153020283949694
CS2_36,135,1.063914067879253,1.0620950280202441,0.0018296094639954478,-0.002000031908599512,0.0005562483963848794,-0.0009247522551912864,-0.0003267895766434398,0.002684755649770917
CS2_36,136,1.0640553169768054,1.0622077587759189,0.0007325700826478058,0.0002451572111200223,0.0007648709744268279,-0.0018110079984962125,0.0015831460014558815,0.00033282184038846706
CS2_36,137,1.0640596111317109,1.0591618401864655,0.0008398837177624278,0.001732575518289126,-0.00010559723808682467,0.0028389668474893904,-0.0006275212275779499,0.00021946323802396367
CS2_36,138,1.0640520603031618,1.0587650490674112,0.004148043742970493,0.001277755924108822,0.0034375266449105948,-8.842413035054117e-05,0.0006279066905869354,-0.00411579772581819
CS2_36,139,1.0570659965752611,1.0536188541989284,0.0013578345698404192,-0.0003974371114029636,0.0012081874967619507,-0.000569286861416089,0.00017135882374953533,0.0016764853720224473
CS2_36,140,1.0495044669120688,1.0507237568752108,-0.003011935497794056,0.00024361866901810678,-0.002001541621447813,0.0010281229152476696,-0.0005163771399046395,0.0030388226277376163
CS2_36,141,1.0490170150764655,1.052696355623795,-0.0009697696312938659,-0.0008783563308991696,-0.0015147301620232838,0.0014597120057234581,-0.000292075772839064,-0.0014841207398195082
CS2_36,142,1.0483337166516122,1.0500992750749814,-0.000936668401629031,0.0004948422065713994,-0.0018612978314086356,0.00119651057006353,-0.0013386651178202555,0.0006797200672825794
CS2_36,143,1.0461531382081901,1.051741093223593,-0.0029640420612206853,0.00021085638553176197,-0.0007860563435933359,-0.000469783449049305,-3.273511628449172e-05,-0.0015461945135575744
CS2_36,144,1.0538321622079962,1.0502440342777333,0.0032306144690753056,-0.000265634291752091,0.00018338067583244702,-0.00019818001680399372,0.00018366626716369728,0.00045428074115757357
CS2_36,145,1.0566329926870281,1.0504193527617083,0.004889430151847252,0.0015915180221859775,0.0003108321711179876,-0.002080006655075295,0.0016570576900431105,-0.0001551915414176376
CS2_36,146,1.0544411805048526,1.0523000287326727,0.0010323164975604992,0.0006447937316689773,0.0006998341401305119,-0.0019501397360635823,0.0018302949158583552,-0.00011594786278857621
CS2_36,147,1.044686364815945,1.053983429620405,-0.0067352042711201765,-0.0021514618464824457,0.0010700735569269082,-0.0005038149900369468,-0.001583176808912228,0.0006065194729328557
CS2_36,148,1.053231303846454,1.0539278216934986,-0.0021458804809545394,0.0019611392901498857,-0.0010412425183698138,0.002904752938816422,-0.001977901506903184,-0.000397385655152846
CS2_36,149,1.054861962755572,1.0541278342073896,-0.0013233498037763902,0.0003540341024520682,0.0005643629239910465,0.0008438129500615436,0.001117567405003636,-0.0008222991155176267
CS2_36,150,1.060497951843654,1.0549799931225345,0.004418191142276382,0.0006873361628277688,0.0007849388352391858,-0.0006355416635733928,0.00045986575250902976,-0.000196831596197177
CS2_36,151,1.0612436798051772,1.0537827544416491,0.004480366922874064,0.001725304368561549,0.0016610701754815637,-0.00044848054455028465,6.89128677348202e-05,-2.62485148851488e-05
CS2_36,152,1.048652003737649,1.054155655786172,-0.0054296330394826425,0.000330786538412277,-0.0004597328294335429,0.002294816858860247,-0.0010468795547618013,-0.0011930101058056602
CS2_36,153,1.048641557619404,1.0530851816857816,-0.001528663748060444,-0.0008759519061056997,-0.0013456920018137658,0.00012539173171159792,-0.0017646875563534633,0.0009459793305597955
CS2_36,154,1.0490188260378863,1.050790394114839,0.0007466534725598301,-0.0014411942705301656,-0.0021045836421507438,-0.0014433663840591729,0.0023622537322149496,0.0001086689311898619
CS2_36,155,1.0478188139027687,1.0488574965389477,-0.002972040224656111,0.0018403499588380873,-0.0015462362544604207,-0.0017178612340303441,0.0020603511661033123,0.0012967538686443482
CS2_36,156,1.0474502585391665,1.0533272262332003,-0.00209800867153338,-0.0021985789384223564,0.002218365838173761,-0.00030986131601190895,0.0017127205120062155,-0.005201605201493019
CS2_36,157,1.0554698779136888,1.0474081534340245,0.003476970809140657,0.001820867618527443,-0.0005251291747486367,0.00245978056727887,-0.00011331456222342186,0.0009425491354979666
CS2_36,158,1.0567651774404219,1.0491700832605324,0.004623932874173272,0.00239583903095742,0.000597119539787756,0.0016084767726064668,-0.0030301757966859485,0.0013999016723835619
CS2_36,159,1.0472313185488904,1.0465925612409843,-0.002735572866747434,-0.000417782124158381,-0.000694356808240753,0.0016090749150733383,0.00026360820216846906,0.002613785906644418
CS2_36,160,1.0453377491791098,1.047488383915493,-0.0024568303928212227,-0.0001522813052557087,0.0013519155985770657,-0.0010063736559924141,-0.0007026305730841189,0.0008155655097220534
CS2_36,161,1.0452136097270248,1.0462900028715514,-0.000519594516113407,0.0004301994571437357,-0.00016659424872715652,-0.003049792490606735,0.0015500373353889933,0.000679351235962448
CS2_36,162,1.0449208676642083,1.0482631265514546,0.0018008756938294257,-0.0012333583252224748,-0.003023123623962329,-0.00044775568821646687,0.0019605317408772803,-0.0023994287668698436
CS2_36,163,1.0419651928292826,1.0489086760652881,-0.001990487974917125,-0.0033464352331962492,7.324286957000614e-05,-0.0018768989460056606,2.8444237087922212e-05,0.00016865173022253074
CS2_36,164,1.0514368921310684,1.0493420493752124,0.008127999920213076,-0.0023015673533662985,-0.0027113486795351475,0.00017728845190705456,-0.0010048737293662916,-0.00019265593870691829
CS2_36,165,1.0534214857052362,1.0512473545174834,0.006103196175459751,-0.0022738977403562815,0.0012239526123808476,-0.0014872300701531654,0.00012457074316776353,-0.0015164606181854155
CS2_36,166,1.0452466539564718,1.0500099127405764,-0.0063351650602238895,-0.0004236338235462291,-0.0006586246452103766,0.0018471231093731622,0.0025561047630480553,-0.0017490632099832282
CS2_36,167,1.0415770641905446,1.0459550321837252,-0.013847288886625184,0.002146672178265408,0.0031586702247096876,-0.0005551379816903805,0.0013279468178434178,0.0033911695732261587
CS2_36,168,1.0427865924069941,1.0426461255130473,-0.015596766614935413,0.010767237041904945,0.0015155757331184376,0.0029270227178061652,-0.0022640606045643374,0.0027914585390825045
CS2_36,169,1.041855711726246,1.0360486550892836,-0.0113256719754248,0.008847902470007258,0.004432771850600878,0.0019300736920541577,0.002164376316781095,-0.00024239579824891555
CS2_36,170,1.0394275090000207,1.0297612978200406,0.00210770229276425,0.0054697483758053295,0.00257429134723983,-0.00034360842942710577,0.0009531991972294334,-0.0010951216839327513
CS2_36,171,1.0478418207788778,1.0203684217105302,0.026356794826579922,0.0026498261982348535,-0.0018934460668300521,-0.0004165251681005613,-0.0016974663388747788,0.0024742155339475195
CS2_36,172,1.0500732951417895,1.0201342237729678,0.04866477782478383,-0.009291361509562876,-0.0023562621977267295,-0.004520922484011168,-0.0015457084289897346,-0.0010114519198815837
CS2_36,173,0.9372819228972418,1.020752939204723,-0.053633273178348685,-0.016646416411286852,-0.004518835621220494,-0.0032870681334561187,-0.002784654356140289,-0.002600768649825511
CS2_36,174,1.051180180168096,1.0227232835206228,0.048963226011021654,-0.010313716340510017,-0.004609542154527365,-0.0019535766710183414,-0.0009626260056886827,-0.002666868276420419
CS2_36,175,1.0516373787218924,1.026289596452378,0.02738198532668097,0.0035400864226968667,-0.004745570900559333,0.00022614755933949773,-0.0034469504172742536,0.002392084193846487
CS2_36,176,1.0522154607476324,1.036428236705443,0.006718741235123992,0.010494306098508517,-0.00035010951304038993,0.0008060465354271557,0.0020795354791175707,-0.003961295877943906
CS2_36,177,1.0527285565878195,1.043191477383105,-0.005997364041173001,0.006364910682845352,0.006577188220433816,0.001230012654942977,0.0002906135292067747,0.001071718073273641
CS2_36,178,1.0530869423132856,1.05193907155951,-0.01572473087862878,0.009606682133086566,0.003331136789595254,0.004124249123247972,-0.0019107428018890012,0.0017212763030470509
CS2_36,179,1.0531078149290352,1.0575050872436484,-0.013349882995214663,0.0033751149306392794,0.003129109204079873,-0.0009309014576232257,0.00404158636245434,-0.0006622984442729991
CS2_36,180,1.0530593640085115,1.0602815285906775,-0.008267300597448098,-0.002387463449229861,-0.00039028855319392613,0.0017830721448795282,-0.00021402219318509736,0.0022538379807051354
CS2_36,181,1.0529922683954496,1.0611423556816761,-0.0029531710335044953,-0.00550321075290987,-0.0029605529744345417,0.002020282106741787,-0.0006583595858632042,0.001904924868462078
CS2_36,182,1.0530330539735786,1.0605706896638745,-0.0015550924846144656,-0.002706595240325966,-0.00431171800161266,0.0008874423848986467,0.0005067477367297834,-0.000358420170667854
CS2_36,183,1.0531544855084576,1.0574811339374182,0.0012914767281682056,-0.00439555483820542,-0.00047603074799355306,-0.0022275427829173337,0.0007444194522344545,0.0007365836744117087
CS2_36,184,1.0533053507959735,1.0538836546982417,0.0028608113936387397,-0.0025594580709311305,-5.2066980963783754e-05,-0.0015476898278348515,-0.0003061686711062052,0.0010262681695322492
CS2_36,185,1.0534161520502252,1.0518098019881936,0.0002676156293160661,0.0029826401537916196,0.0009927345579146616,-0.002674137460675842,0.0012137185412126887,-0.0011762214449649346
CS2_36,186,1.0544950821213988,1.0502871120578914,0.003224633990892604,0.0017991541026474286,0.0008638089330209478,0.0013693482683098126,-0.0013142126106702842,-0.0017347627065266201
CS2_36,187,1.0546618316702379,1.0474000665498626,0.0042519107266997995,0.004690260270322746,-0.0021492300739701913,0.0011222326527231296,4.823453892410562e-05,-0.0007016430802189585
CS2_36,188,1.0442480114097918,1.044463128625138,-0.0019369130448975342,-0.0023625262215133396,0.0020909330092184963,0.002977351210668356,-0.0017298197682409314,0.0007458575173477669
CS2_36,189,1.041785044653011,1.0422446311077005,-0.001173901948435807,-0.0006976334239967928,0.0003114773382622506,0.0008936438383568287,-0.0013678165784787506,0.001574644238436052
CS2_36,190,1.0413016888417488,1.040665046763982,7.57340962310629e-05,0.0008312017344076152,0.0002166867354525563,-0.0013761616987355099,5.412500030846638e-05,0.0008350561291132153
CS2_36,191,1.040365217400101,1.0401742635970421,-0.00040685011383045173,0.0003417747320091051,-0.0009871417622280662,-0.00027696868836256643,0.002631530568913632,-0.0011113910140882772
CS2_36,192,1.0373531058885277,1.0385761712857569,-0.0033864687475311968,0.0004201062467649854,0.00014976946287122598,0.003004631439095294,-0.002311819326620027,0.0009007154486509939
CS2_36,193,1.0459015260409998,1.040875783672538,0.007412691708428157,-0.0008112914949774741,-0.0010541912002803645,-0.0013534842961829344,0.0020332363461198,-0.0012012187773235586
CS2_36,194,1.04753267905528,1.0430902064238106,0.0077530358795591435,-0.0019023150752165761,0.0005422235617253455,0.0006713152691769086,-0.0022690819253039806,-0.0003527051617485981
CS2_36,195,1.0406451466807098,1.0481621714585512,-0.0018134198204419426,0.00035703630221135547,-0.0027334622083662282,0.0008627755938073986,-0.003022223506615258,-0.0011677312191848718
CS2_36,196,1.0364823844320838,1.0498514299309167,-0.009560727255669756,-0.0005324287640214735,-0.001896753965186855,-0.0011355367280462354,0.0015187054882595979,-0.0017623043533880707
CS2_36,197,1.0371449451072507,1.051580303641813,-0.009312532595882472,-0.005235804593816379,-0.00011566587430603725,-0.0006747916439531029,0.0005926209464454259,0.0003108151474872577
CS2_36,198,1.04051417709853,1.0474420933744837,-0.012337349274428422,-0.003842084691447942,0.002752487553680938,-0.00016977508367890278,0.0012860907161135469,0.005382714423106899
CS2_36,199,1.0482676778675941,1.0482872775553642,-0.008311174192144135,0.002358193339940429,0.0011541740552825203,7.889606373504431e-06,0.004427483459470771,0.0003438339597599226
CS2_36,200,1.049925825669321,1.0410707189161974,-0.009871547689012739,0.008904881663532734,0.005168766600427389,0.001453890040753457,0.003382484501537874,-0.00018336844827099806
CS2_36,201,1.044127089669404,1.03225439154402,-0.007610655280047675,0.011133169003844088,0.0015414983984039265,0.0043997660975123275,0.0011967008016445153,0.001212219021999831
CS2_36,202,1.0394070290820832,1.0264889348878687,0.0011559927137803168,0.01040802663700656,0.004357336883972521,-0.003246609773984902,0.0009141537116440803,-0.0006708060584978029
CS2_36,203,1.0408392654396526,1.0156999270557334,0.02931883225641958,-0.0009392256675975144,-0.0029315974234675247,0.0009960113882260477,-0.002436901396850833,0.0011322191463699275
CS2_36,204,1.0402136440925887,1.012386140955489,0.047588600308499124,-0.007992744082262526,-0.004376749414404078,-0.005171946924922508,0.0005667916906393877,-0.0027864485210396545
CS2_36,205,0.9189727940299566,1.0093088890052777,-0.05836987777558335,-0.018033892950893467,-0.007219693797765751,-0.004075468824682462,-0.0014964952887823089,-0.0011406663736881304
CS2_36,206,1.0417276700559093,1.0111030188590278,0.05259437507974055,-0.010196990546648311,-0.005255199242656329,-0.0006734895095122653,-0.005485497184001151,-0.00035854748118666226
CS2_36,207,1.0459088946485746,1.0161368245812967,0.03869214674368048,-0.0011903185880911206,-0.000712738040884022,-0.004675397847947585,-0.0031077240828988923,0.0007661018007381147
CS2_36,208,1.0470668123138296,1.0215484078019599,0.01652934991937092,0.006593885192208821,0.002384529057018877,-0.0005073586519636567,0.0015429727276412748,-0.0010249738155126862
CS2_36,209,1.0374245470039227,1.028460069428438,-0.010504668092241676,0.012786326604761642,0.002626596873054028,0.0008184819981078199,-0.0007899881372551286,0.004027728249492381
CS2_36,210,1.037532654475756,1.0366031744746749,-0.01809161788843016,0.00992822858736265,0.0039004004951934627,0.0036150074417187843,0.0014749584224115224,0.00010250286321928993
CS2_36,211,1.036988225275861,1.0430365019912882,-0.018581717574440805,0.0025693977473949118,0.004750612628118684,0.0021451927623869975,0.003239693345777833,-0.00017145570407035572
CS2_36,212,1.0367839831491654,1.0435995567391931,-0.010232794353618853,-0.004345587206945667,0.002680616201743764,0.0021321670684907043,0.0014398417269675817,0.0015101828940041362
CS2_36,213,1.0369743067597845,1.0457870346693185,-0.0063351719392854495,-0.002145569578981673,-0.0031641787186217725,0.00044544002506340417,0.00012270033055962953,0.002264051892331404
CS2_36,214,1.0445002077527796,1.0475310687715889,0.0029132987332378315,-0.001418282844438749,-8.09685484631518e-05,-0.00283246434732564,-0.0006740156983266666,-0.0009384283956566122
CS2_36,215,1.045723554474833,1.0453428020208304,0.0071987004773765495,-0.003290088900262096,0.002450690959639511,-0.0036059472650702795,-0.0002664762970962967,-0.002106126603197889
CS2_36,216,1.037268650809441,1.042983074176059,0.0005482405196080605,-0.00047037534060914254,-0.0014734335605334375,-0.002795036074512979,-0.000828219328702735,-0.0006955996613763131
CS2_36,217,1.0368030558665566,1.0398129211143654,2.8852177754567837e-05,0.001523311951671042,-0.0027942689628614754,0.0006987196063339463,-0.0031506935982336926,0.0006842134981892372
CS2_36,218,1.0373357849741218,1.0400925680725075,0.0007633599735086965,0.0007023634570611957,-0.0024952739746724514,-0.0004714083627553705,-0.0011749723433458594,-8.085192771507878e-05
CS2_36,219,1.0449529538670461,1.0433365452906482,0.004408999702891343,0.0011029376445879425,-0.0007464336756046076,5.111447601477968e-05,-0.0033896372600539532,0.00018942760623247813
CS2_36,220,1.0460539432765117,1.0443034583524304,0.0024266283225704657,-0.0014151252349584712,0.0009356184857100057,-0.001025812824043391,0.004088143679351006,-0.0032589675872824984
CS2_36,221,1.0460337083568376,1.0460062497296698,-0.0012873829326730444,-0.002506051834351536,0.0019649822939849086,0.0020508835369865567,-0.0031159816479534906,0.0029210091284475907
CS2_36,222,1.0461964223471156,1.0489231306600248,-0.004237779312165251,0.00029194159845854914,-0.0009068488685027649,0.0006342288020422456,0.0021661152798914205,-0.0006743658954198223
CS2_36,223,1.046343467979863,1.047860490351031,-0.009630688474720843,0.004156835465052904,0.002761895742033414,-0.00036086840784826317,0.0008419348971775019,0.000713868324297027
CS2_36,224,1.046448432092216,1.046363004883113,-0.00886307163310362,0.004804340984055463,0.0020475547261969607,-0.0001562032586633701,0.003249271426559646,-0.0009964651188210487
CS2_36,225,1.046667215391306,1.0407682843907071,-0.0007266737620026137,0.001929420176732758,0.002973380705928292,0.0014741438626504097,-0.0009426098703641167,0.0011912698046946898
CS2_36,226,1.0475678930506689,1.0352179304749924,0.010630735530283762,0.0025857587295325802,-0.0009284958511002582,0.0010328190833896632,-0.0015596123992863053,0.0005887573995669847
CS2_36,227,1.0474102983559206,1.0275847692176172,0.030241706478124974,-0.008686727951379768,-0.0028608723811794842,0.0017961233190198851,-0.000692630656526078,2.7930247011581604e-05
CS2_36,228,1.0474731184894566,1.024417269057736,0.04687516535741012,-0.016732230083225687,-0.0018679029226467885,0.000967726781759328,-0.0027530194902917826,-0.0034338902945399634
CS2_36,229,0.9376262628505216,1.0162695103790236,-0.056800272645424525,-0.01638551531754862,-0.0026296972931540794,-0.0021063566982505917,0.0018085758364039305,-0.0025299814534512216
CS2_36,230,1.0471758235925606,1.0118326754123252,0.03997710814820638,-0.0031165761611020378,0.0008439520627734017,-0.002240370295628366,-0.003233682555248512,0.0031127168980883886
CS2_36,231,1.0471817914979553,1.0118148701292562,0.017833400651933718,0.018434548776142742,-0.00019652549852224298,0.0004286665786141584,-0.0025519385078718753,0.0014187692852542983
CS2_36,232,1.0472215270527485,1.0158625078877819,-0.008389991907443198,0.04234063964025264,-0.0007564930458043576,-8.309345509993881e-05,-0.001532989742635682,-0.00021905240746581336
CS2_36,233,1.0471114179089795,1.023791695114519,-0.02483002321958895,0.053118224049586195,0.00048369048272016766,-0.0017659588060683236,-0.003681523401075845,-4.686394235124093e-06
CS2_36,234,1.047187873863308,1.0315467252511021,-0.02780183888675961,0.045233051671486536,0.0011379097118412052,-0.0030713387151748194,-0.0007414814656874127,0.0008848462133495529
CS2_36,235,1.047198894758381,1.0450910607074637,-0.02362776395062632,0.028963877999360208,-0.002032229534212914,-0.0019356897194183946,-0.0007644975162637044,0.0015041366889237953
CS2_36,236,1.0470914728455227,1.0626950727873128,-0.008877724086731733,-0.004920794475269652,0.0012266447398794175,-0.0011109685043161164,0.00144774695152819,-0.0033685046499952994
CS2_36,237,1.0469910939774607,1.0801739207885521,0.008510387968614168,-0.03699732213897279,-0.002128531157197346,0.0016059848179545658,-0.0030068004571019284,-0.0011665459274663686
CS2_36,238,1.038170717604018,1.093458312509041,0.02027742888225084,-0.07569859563965416,-0.0008078236096152474,0.0007004803361597656,0.0008472131085902357,-0.0006062980625940158
CS2_36,239,1.0373844863477473,1.109630157576998,0.035471183333146056,-0.11002211923079684,0.00033995199791750136,1.5956169508910246e-05,0.0015139483607268342,0.0004354080606956848
CS2_36,240,1.036431054459726,1.1214703176989773,0.045698294022949816,-0.13506149552950555,0.0012888941177131802,-0.001323591507105068,0.0011668217874237013,0.0031918137900713655
CS2_36,241,1.0337420398281338,1.1342119025064237,0.0412194583033238,-0.14558119275395248,-1.905825529893862e-05,0.0007755457592322202,0.0031584248705338915,-2.3040680342068746e-05
CS2_36,242,1.0314577015923447,1.1387643781135512,0.027287111454357842,-0.13935265434821556,0.0010111615971481354,0.003174057297425671,-0.0006933184860601512,0.0012669658867625094
CS2_36,243,1.0392486333512707,1.1387768414338983,0.004498409452461732,-0.1118207903099764,0.0026379807774778515,0.002011346394211765,0.001700199352326922,0.0014446461706351156
CS2_36,244,1.041181330818631,1.1334879704234908,-0.04013410951602259,-0.05925795312539455,0.0014646806400906614,0.0013975924963336409,0.0038110171044164554,0.00041213271477148555
CS2_36,245,1.0359152814931605,1.1183561517206533,-0.10128468258618686,0.008689121097716707,0.0014977488560756107,0.0036879020296450506,0.004021238347725237,0.0009478019485199395
CS2_36,246,1.0312576538143432,1.0991692995456797,-0.16668924435636226,0.0885825747837871,0.0009165846054427318,0.0036627677835570863,0.005337375874737189,0.0002782955002000328
CS2_36,247,1.031572290438433,1.0725533911001073,-0.21860804769459363,0.1650365138269964,0.0018860178330636344,0.005588392198239094,0.002240699071784346,0.0028753240254187702
CS2_36,248,1.046424479118192,1.0390339264700597,-0.23021989613450752,0.22161746479127262,0.0026593832393651917,0.0063488166137294485,0.002258476923775956,0.0047263071316264215
CS2_36,249,1.0514486140730328,1.0083885519175715,-0.21595314705551572,0.24615294503550894,0.004663017408315457,0.004194236177460876,0.003983599560944209,1.9410944032525416e-05
CS2_36,250,1.053993690741445,0.9717990662621537,-0.15502218842757504,0.2300860396863034,0.002890980267499765,0.002740924331551578,0.0023338269799366377,-0.0008349584440743018
CS2_36,251,1.0496997270355246,0.9357584541962275,-0.053058284482582346,0.16356856722752366,0.003335477523809671,0.0002781609899733192,-0.003048542232511654,0.002865893729011727
CS2_36,252,1.0419989706306474,0.9056783769680127,0.09100219153439319,0.051031859792726446,-0.00038835808087927864,-0.001468685561643959,-0.0025117012794498694,-0.0013447128237571505
CS2_36,253,1.0416292200600807,0.8833577312034026,0.2567755078652736,-0.08425477289128909,-0.0021286018385222364,-0.005725660541664218,-0.005685262839857324,-0.0007097209783721944
CS2_36,254,1.0408797675254249,0.8709565649000084,0.3931996636891409,-0.20207409968340662,-0.006604804608009969,-0.004940012161275096,-0.006080061222410255,-0.003577483469456852
CS2_36,255,0.14709758771482484,0.8687602952160746,-0.4362981008713872,-0.26192800979823566,-0.006651872065798853,-0.007411427769412466,-0.006290635307693823,-0.00308266144138883
CS2_36,256,1.033571198005557,0.8771831393353516,0.4050843187327284,-0.22858917424688535,-0.004854153629498925,-0.00804710540438452,-0.007596952660525872,0.0003911258006208338
CS2_36,257,1.0307836179360939,0.8971177358701447,0.27667822755774846,-0.12907225362750102,-0.003002796546643769,-0.007046916281570472,-0.003639932976956574,-0.0002504461362548096
CS2_36,258,1.039707017191184,0.9273351410386437,0.12577125671632933,-0.0029123703758906667,-0.0045822093763588255,-0.0021526057687247203,-0.0020198005368366407,-0.0017323945863820824
CS2_36,259,1.0415154321664528,0.9596223358421146,-0.022194447074499118,0.10250017941387485,-0.0006710132790823718,-0.0006056726655112878,0.0043148881989047245,-0.0014508383504164139
CS2_36,260,1.0365756266255897,0.9969489559299096,-0.14894109238984415,0.17936361325448008,0.0023719330220296816,0.0030446920278346854,0.002979481015989593,0.0008080436859360886
CS2_36,261,1.0307024566801726,1.0350332963829678,-0.2264689731008773,0.20645071238242269,0.007653445171868971,0.004684776012923088,0.0037863429329278004,-0.0004371431791581118
CS2_36,262,1.0309830734439522,1.0659560320896395,-0.25102338678833874,0.20139739680879226,0.002051924614357182,0.007014484347466398,0.0029793028034878306,0.002607319491347088
CS2_36,263,1.0316382229602326,1.0925052835999653,-0.23370803259000872,0.1571637637857978,0.004205473542391769,0.004514047295039731,0.0031327961714365878,0.0038248910781688984
CS2_36,264,1.030935927267922,1.1109131232022353,-0.1907880633897856,0.09816678901191309,0.0028962012565527137,0.003932601375332342,0.004310335676909113,0.0015049400575815443
CS2_36,265,1.029317329120584,1.1206054223443025,-0.13389620552650527,0.035952166666906024,-0.0015511630846453833,0.00328607044441282,0.005832447075809846,-0.0009114088762854981
CS2_36,266,1.0296093185972461,1.123428974960295,-0.07823766327026775,-0.021528108433519405,0.0023186592571940853,0.00032080043861712514,0.0035867424458837526,-0.0002800868776529963
CS2_36,267,1.036684310450823,1.1161348489829377,-0.020610026405042614,-0.06631899504824489,0.0052252416041193425,-0.0033152672090516117,0.005454404821729479,0.00011410362508153622
CS2_36,268,1.0397902524054023,1.1051280137902186,0.019290410133935645,-0.08867968731271068,0.001636871336614358,0.0010697099267157242,-0.0007891247843046731,0.0021340592344988476
CS2_36,269,1.03938424134697,1.0906109642744553,0.0396490764747217,-0.08986585697889654,-0.0018624930699194689,0.0022598580103988675,0.0006067285384105922,-0.002014035982485601
CS2_36,270,1.0295531364772295,1.0737276016185908,0.03523838519895128,-0.07744790402189648,0.0009399246664984031,-0.0004550246511493553,0.00036087894870387313,-0.002810725359144856
CS2_36,271,1.0305026939802033,1.05664446217259,0.029460376895442234,-0.051411283534604994,-0.0010794744685902493,-0.0001344771584977161,-0.0024345136837141093,-0.0005423963194460632
CS2_36,272,1.0285289612805695,1.0436294021316566,0.021327061524079673,-0.02325722319502004,-0.005245192305051076,-0.004826931704444665,-0.002159130570375636,-0.0009390246765749263
CS2_36,273,1.0272219425314528,1.0297659637641237,0.007683954527403217,-0.0022561004909922694,-0.0037389246128478426,-0.002311238409590943,-0.00112515774341692,-0.0007965545790457629
CS2_36,274,1.029718743368063,1.0213247670580001,0.00470508937050967,0.01036873251951593,-0.002303894805615564,-0.0019629217108771435,-0.0016097650889963582,-0.0008032640512100318
CS2_36,275,1.034696090924534,1.0164150661609712,0.005130245601721871,0.014158727425909241,0.0008345931317572347,0.00044366585603274755,-0.0031748489594411516,0.0008886416290189535
CS2_36,276,1.035704157046009,1.0145778791264564,0.007397654398085619,0.010886748748813237,0.003154988887435282,0.0008522653497865964,0.001115285567150753,-0.002280665110653018
CS2_36,277,1.024731844141634,1.0158404241979038,-0.0005154896274582787,0.006301758730721137,0.00018954344590032084,0.0022342703124685775,0.0004606930377444833,0.00022064396944848394
CS2_36,278,1.0249662794803847,1.0210714123624152,-0.0025046626417344117,0.005240991753855281,0.003457497939398347,-0.0014149452961437483,-0.0007266596688529814,-0.00015735504354452118
CS2_36,279,1.0246093509519643,1.0225672893148792,0.001252560643585869,-0.0010622178726200494,5.3301141608183475e-05,0.00044188526662268995,-0.0001274469830095545,0.0014839793660374736
CS2_36,280,1.0246210738266086,1.0259081774798717,-0.0023125825743596892,-0.0005745798420961119,0.0005136807868540148,6.132908856872249e-05,0.0024495329110412753,-0.0014244840981360875
CS2_36,281,1.0242765551260362,1.0285574445849222,-0.0027476818571262845,-0.00035050655916882544,-0.00020954603956640868,0.0005002317400407651,-0.00096699189711083,-0.0005063949206925764
CS2_36,282,1.0302774528568825,1.032856450338951,0.0006801548429705782,0.0009492517350586968,-0.0008963406416362765,-0.0006497208494834612,0.000827568300771173,-0.003489910946690741
CS2_36,283,1.0314954598748187,1.032106117014421,0.00034573312086341615,-0.000891709480819908,0.0016384699400638402,-0.0008046690444874507,-0.002782552434025342,0.0018840706814142896
CS2_36,284,1.032063622275352,1.0336349223852404,-0.0015217996647202935,0.000949189875899839,-0.0013879570648326941,-0.001280300421327624,0.0028764302690275634,-0.001206863181532539
CS2_36,285,1.0324292400326982,1.0306763604472737,0.0008947105873126694,-0.0013148299191684918,-0.00025790877036065054,0.0010151253946480893,-0.0004060164312549165,0.001821798646516144
CS2_36,286,1.0328524374901278,1.0338532991829987,-0.0014772226951463281,0.00019049730532215504,0.0008731605198244738,3.632395924209765e-05,-0.00021432856602456244,-0.0004092922939758772
CS2_36,287,1.033234642429985,1.0323258083127598,-0.001457761238699965,0.00010798343441041121,0.0011655372794784308,0.0017037949177739187,-0.0011822545970692339,0.0005715342433043522
CS2_36,288,1.0339226137026927,1.0329820306111563,0.002816876171233698,-0.0011335326067207548,-0.0005322440903140241,0.0002493370777663528,0.00022199270604536726,-0.000681846244754352
CS2_36,289,1.0338543299851501,1.033022213895653,-0.0006030747970490255,0.003187502931890684,0.0006386337259757197,-0.0020299858549416,0.0006308292612336198,-0.0009917892558671735
CS2_36,290,1.0342235100486263,1.03248711925964,0.0020799293651155323,-0.0004548023833899384,-0.0007521717843464881,0.0006509233212855232,0.0007573988325266419,-0.0005448866405955117
CS2_36,291,1.0336571510518873,1.0344117373519577,0.0010260451956986853,-0.0016119367294388756,0.0013829949329202985,0.0002773622070669089,-0.002975371205077798,0.0011463192205779303
CS2_36,292,1.0332998580486077,1.0352547661140223,0.0004249499908603319,-0.0014558600351246532,-0.001597521109145622,0.002499634393887624,-0.0020871196290003055,0.00026100824505668433
CS2_36,293,1.034426821068454,1.037684956007322,-0.0033796083936574193,0.003325581540457164,0.0006827749085662356,-0.00190731078261961,-0.0008542202493362877,-0.0011253520407433013
CS2_36,294,1.0338777632186336,1.0354206219970423,-0.001126497096934644,-0.0010524662976885949,0.00043909476212072277,4.412637134415642e-05,3.7276808412306735e-05,0.00011560659607371872
CS2_36,295,1.0342342804366709,1.0348982067992907,-0.00033016514534509256,-0.002400331380073767,0.0008688658391130517,-0.00040770463680384815,0.0018541995389869748,-0.0002487906568915957
CS2_36,296,1.034349981541716,1.033407712706556,0.00025429865203035665,0.0002241131018983785,-0.0018678817062123046,0.0009824714641429007,0.002897082634747741,-0.0015478153898837311
CS2_36,297,1.034856541177902,1.0301326573477894,0.0031219092015814915,0.001130783524597307,-0.0013503354934201281,0.0002098314426952465,0.0002739483086204654,0.0013377467674153976
CS2_36,298,1.0311358304073437,1.0291272113691423,0.0018955588903974683,-0.0006181879270800622,0.0005627323731016942,-0.0016485243920571586,0.001894005986824798,-7.696597024213996e-05
CS2_36,299,1.0200141533610037,1.0256915429231557,-0.005274854966562098,0.0005923155715589714,0.0011519683335788136,0.0004607325842000574,-0.00251192075547873,-9.563040262228485e-05
CS2_36,300,1.0214584236950586,1.0250602781343163,5.111223333170978e-05,0.0009840150661846634,-0.0026904358374532315,2.594193207703373e-05,-0.0025626071446215354,0.0005901192375199792
CS2_36,301,1.0194352121843693,1.0244035370133533,6.617776479970726e-05,-0.0007546855526067908,-0.0026866988452522375,0.0012217612521007236,-0.0015593132142436297,-0.0012555663067423698
CS2_36,302,1.0175730708332935,1.0241609623198078,0.000571543856224019,-0.002888404334306633,-0.0016627789392369987,-0.0012202745885598967,-0.0008198988566447642,-0.0005680786962669832
CS2_36,303,1.02168451782034,1.0236350622627302,0.004088428953097328,-0.004768340648363598,-0.001840078395289946,0.0004728342315095921,-0.0018843213683559334,0.0019809327112257874
CS2_36,304,1.0266330060221804,1.0247419117193242,0.004615622853157697,-0.0010224546444206387,-0.0034031295943535993,0.0007357528319296562,0.0010207350083634686,-5.543222742384132e-05
CS2_36,305,1.0274516585281859,1.0267201947287943,0.002604708303523624,-0.0033826431241080674,0.00123223942997482,4.536696895265784e-06,-0.0008119633934280025,0.0010845858106298773
CS2_36,306,1.015767276095545,1.023582198238181,-0.015312212182576626,0.0005829351959639888,0.0029047866782184444,0.00021679685765420425,0.003639059448086444,0.0001537117884036219
CS2_36,307,1.0151705725301454,1.019758924074996,-0.01862925641104138,0.004019245193967998,0.0036511615192988275,0.0036274487820243152,0.00025859670053287947,0.0024844525989720237
CS2_36,308,1.0153932075146201,1.0131993054255384,-0.01557565847091065,0.008374169362482963,0.0057607931579569905,0.0001483720786617441,0.002184129454190782,0.0013020964352233363
CS2_36,309,1.0150733987941791,1.0073447769000985,-0.009059618878002709,0.009282096861734125,0.004479656762729058,0.0026043268079946214,0.0017727591768038594,-0.001350598908537538
CS2_36,310,1.012352873807444,0.9963084366346893,0.004882777951633301,0.008464606377710054,0.002021531203596604,-0.00042464739648371804,-0.0001245516507780866,0.0012247206167163899
CS2_36,311,1.0207012059597886,0.9912526291319118,0.03470298783833052,-0.00155574088272477,0.00018752394960192448,-0.0009808587664787624,-0.0024533044836645202,-0.00045203090061309795
CS2_36,312,1.0221017543435664,0.9837704788109498,0.055631356534163665,-0.0057320309035705595,-0.00673303538637226,-0.004412019362194918,0.0013825316311794173,-0.0018055270545285233
CS2_36,313,0.8932843667089685,0.987295525440849,-0.06289983810981792,-0.016427417741473636,-0.005782759503551628,-0.0006532357418513953,-0.0025655827451176393,-0.0056823249167105485
CS2_36,314,1.023852616963952,0.9864943496016472,0.05573601917377276,-0.011255915723588784,-0.0022876058975610197,-0.004738667660282071,-0.001560168040500982,0.0014646054358822519
CS2_36,315,1.0228468274265843,0.9943560469570472,0.029060200020262335,0.0027477130804254143,-0.0012566916023686444,0.0024094688342857842,-0.0027156338933390714,-0.0017542760439420541
CS2_36,316,1.0280084389744029,1.001774994265152,0.014898885408921696,0.007175327010116232,0.0022160904691486917,0.001214058269264091,0.0011437870095332332,-0.0004147035338415366
CS2_36,317,1.030376719636584,1.0091051457046516,2.398939575614059e-06,0.012492969083422597,0.004173448611947658,0.0011406348594955379,0.0016871678886001683,0.0017749544719128192
CS2_36,318,1.0307871781849007,1.0151836304918331,-0.007233581800366621,0.011112752282646519,0.0032075109256680546,0.004132279654797007,0.002052477035339541,0.0023321095178544735
CS2_36,319,1.018159963059552,1.0218887031466808,-0.01889696496143161,0.004852789770317618,0.005655914083682988,0.000829035660354503,0.0003111167054297348,0.003519368582025448
CS2_36,320,1.0180387599799339,1.0243701441501412,-0.011454853097950808,-0.002790185824836145,0.004522217122240097,0.0007689297040278006,0.0011075165915672785,0.001514991262296488
CS2_36,321,1.0169300836227277,1.0270426155357117,-0.00427441925051589,-0.006354937905123777,0.0012372212947842115,-0.0008795625542906807,-0.0007130635633301032,0.0008722299934514471
CS2_36,322,1.0162157518600594,1.026667179118684,-0.0024891855160273013,-0.0018830327981424267,-0.003731723488530103,0.0004006387494554379,-0.0010611276568611469,-0.0016869966202977377
CS2_36,323,1.0171735843424372,1.0265604477512094,0.0026365310470290735,-0.0031094661047671116,-0.0029944100271141875,-0.003132303426419536,0.0006886336384105523,-0.003475848608041238
CS2_36,324,1.0225023244923719,1.027111065575435,0.005488105709241046,-0.0012580513151544295,-0.00322195073120096,0.0005838540998139439,-0.005672469685022879,-0.0005282292348265836
CS2_36,325,1.0234612739412334,1.0264472441118517,0.005534076254312623,-0.0024342269172362057,-0.005108850141378575,-0.000951185275933433,0.0014283458968138167,-0.0014541300616353892
CS2_36,326,1.0237691982706174,1.029028282074345,-0.0007222540807553815,-0.0034184945822476292,-0.0019189888364190947,0.002203061493982423,-0.0009306791876759055,-0.00047172868516397333
CS2_36,327,1.023950975690255,1.0280620840572505,-0.004018504611922633,-0.003270545749087688,0.0018019146994127178,-0.0019182426016586623,0.0016652157721618289,0.0016290540494802426
CS2_36,328,1.0246188276231436,1.0294252598110374,-0.01094746503971648,0.0008151852452743621,0.0008387752068760842,0.001445890610854585,0.005059434070708039,-0.002018252356754187
CS2_36,329,1.0245800687652942,1.024519441499215,-0.014396861427174371,0.005217394411419668,0.0026287282643491054,0.004697605756688349,-0.0017099627224163496,0.003623722908363062
CS2_36,330,1.0244430239956372,1.0187601486384503,-0.008610799720786756,0.005347338187109571,0.003420815076263955,-0.00024030554213888675,0.0005991865454031524,0.005166640736536539
CS2_36,331,1.024101317140346,1.0118282169833406,0.004772285538074398,0.00040901300335660965,0.0029387099556329663,0.0011096636405653682,0.002246874469145035,0.0007965534755572037
CS2_36,332,1.0238774561716397,1.0009319811780675,0.022919173155742358,-0.0012124587182769126,-0.0006622824487411036,-0.0003413564193230885,0.0013056925395417665,0.0009367068100375463
CS2_36,333,1.023546654500553,0.9901350994078089,0.04064966928031843,-0.005111644531046641,-0.001125123484517713,-0.0007001654419354871,0.0018597912794182463,-0.002160972083963076
CS2_36,334,0.9035642187305939,0.9810866124419377,-0.06509952965258298,-0.004503977429848114,-0.005636261020177235,0.002208042878813577,-0.003985634751511082,-0.0005050337664547173
CS2_36,335,1.0230329800082494,0.975185614250897,0.055017004959615916,-0.0009354093294868857,0.0019262315597125459,-0.005611461375452666,-0.002204768219044841,-0.0003442319122732797
CS2_36,336,1.0230540146451546,0.9703974715554224,0.057194253944629445,0.0019181678098867771,-0.002584203076142861,-0.0012841291826900679,-0.0030268659885004097,0.000439319508259938
CS2_36,337,1.0229886433019786,0.9716425460164306,0.056292232698795935,0.0018188542027016384,-0.0027157250792255107,-0.0038904938608498806,0.00020006646162483278,-0.0003588372117645019
CS2_36,338,0.9041581944846797,0.980149897840566,-0.06470476927839737,-0.0036074832036030566,-0.002029723963625979,-0.002177235950266742,0.0005472244067769665,-0.004019715397404964
CS2_36,339,1.022679686836689,0.9844712075440474,0.04420197889620686,-0.007344373093300051,0.0005196415753660265,0.0010841424687805866,-0.0007878682249162612,0.000534957596352509
CS2_36,340,1.0224169421635523,0.9933303505663861,0.025649026886909204,-0.0002719803775682862,0.002188685546647136,-0.0006175500525872702,0.0002693578357485385,0.001869051683961423
CS2_36,341,1.010183822199366,1.0029202928781544,-0.0026048330179231955,0.008255926757136331,-0.0007296426795500644,0.0026517647769204993,-0.0006098135303421329,0.0003001269454062314
CS2_36,342,1.0072247444143905,1.0075744005363436,-0.015724581882209238,0.008044851734644328,0.0039807696177535405,-0.000675188502630333,0.0035817150680500453,0.00044277777396119526
CS2_36,343,1.0062546030832493,1.0125878037870806,-0.015269407224033388,0.00013344718453059352,0.002596123076223933,0.005160247687343,-0.0006662243924801479,0.001712612896463489
CS2_36,344,1.0044004524801302,1.0163107310472619,-0.014889231422447689,0.0019479448110707373,-0.0002144861196085962,0.0007599556653055054,-0.00018885791330786335,0.0006743963444159196
CS2_36,345,1.0018263332713104,1.0169027894560072,-0.011815772780238432,-0.0011185138528876026,-0.002167522552347875,0.0005414466796544699,0.0009802556442863354,-0.0014963493896588173
CS2_36,346,1.0121192013622036,1.0134422411606898,0.0045808814988773155,-0.0071460482985899725,0.0040181003365492496,-0.0019380797309402138,-0.003174036919158314,0.002336143244501236
CS2_36,347,1.0137071271576232,1.0108742212717698,0.007167889568638909,0.0007619638082846875,-0.0033545427787907787,-0.0027841966195531406,0.002818098916577849,-0.0017763070801616438
CS2_36,348,1.0064706104409922,1.0073475944431343,0.0023047671737373952,0.0008390890509310147,-0.0002279950780209061,-0.002148021548298943,-0.0014950202953913365,-0.0001498033732998779
CS2_36,349,1.0010000336094436,1.0064734719188468,-0.00034059263081415863,-0.001023072441154441,-0.0011669933929672768,-0.00109550160061651,-0.0016813363964018014,-0.00016594191364098298
CS2_36,350,1.0012056079211717,1.003241266365613,-7.024595741148755e-05,-0.0004574251877464984,-0.0005894930862738632,-0.0022635957539644644,0.0011383339502404855,0.00020676752444733935
CS2_36,351,0.999385857328754,1.0035134739168654,-0.002415054062632401,0.00019690156199338388,-0.001255155075396773,0.0007240321564366055,-0.0013726826909367417,-5.658543174659861e-06
CS2_36,352,0.9997587228098439,1.0015320647305124,-0.003318016454454753,0.0020844141413026347,-0.0013216302887431232,-0.0006575085307788896,0.0052540478875507555,-0.003814648741281247
CS2_36,353,1.0053983708040803,0.9997747426436433,0.0008427598903711982,-5.234561833426234e-05,0.001993478069376353,0.00181995167826979,-0.0023178343665138596,0.0033376184394609877
CS2_36,354,1.007139415763099,0.9985969725537158,0.001937097705308569,0.0021236629197650975,0.0016081033935756157,0.0008251923437676209,0.0003531095878912284,0.0016952771906290638
CS2_36,355,1.0078286254892888,1.0008043998195304,0.0054751507474628675,-0.0015521739449440993,0.004322281587956807,-0.0015890049194548117,-0.0002396150038464948,0.0006075871338849963
CS2_36,356,0.9966674726661253,0.9978332086022015,-0.002704434974520256,0.0010815220337484753,-0.0013869994015520074,0.0008030075624375064,0.0016893044057730365,-0.0006481356265640133
CS2_36,357,0.9961247527194885,0.9977773514551038,-0.002709484019607848,0.0010173645335084939,-0.0013823707597910423,0.000776776992678436,0.0013226723998088156,-0.0006775579466140733
CS2_36,358,0.9941638341247909,0.9978443530682778,-0.001744580694538562,-0.002049801847456592,-0.0018937986892218013,0.002003399049258947,-0.002224340749388172,0.0022286039241774815
CS2_36,359,0.9946950113534001,0.9993456137153683,-0.0036341900775236535,-0.0006315311320999035,0.0031056705826836787,-0.0012280196667670887,0.00024389295762642212,-0.002506425089764578
CS2_36,360,0.9963395938756747,0.9975286046145205,6.095981095894036e-05,-0.00045353138174592656,0.0008269865493620356,-0.0018979786856784682,0.001893723056900423,-0.0016191701531235688
CS2_36,361,1.0028818651023883,0.9966465326159653,0.005864875424899557,0.002514721489920259,-0.0027721913900370506,0.00042577896322869725,-0.0019726202472377854,0.0021747681787664835
CS2_36,362,1.0038669507166702,0.9967020702168141,0.006724322752279989,-0.0011387057271646653,0.0015079967260626587,-0.00208955055182781,0.0019583940363218436,0.00020242319693946782
CS2_36,363,0.9942126105869065,0.9973033391911814,-0.003553394866796867,-0.0023003890305843652,0.002245276768290389,0.002644141396276494,-0.0019552532133256255,-0.00017110972183481202
CS2_36,364,0.997963775005924,0.9982838354967086,0.0003443245281578281,0.0004434677632829171,-0.0024249934903816358,0.0019913253833130323,-0.0019016320542386924,0.0012274473140048545
CS2_36,365,0.9963362809876899,0.997295957611518,-0.0013096557205208065,-7.645275773399373e-05,-0.0017599672005576183,-0.0010973605470525267,0.0037954763015098886,-0.0005117167639525565
CS2_36,366,0.9922817095677592,0.9960430386699848,-0.0061638551785097246,2.9077848769464646e-06,0.0011229007499928944,-0.000584101735372317,-0.000388864950311825,0.002249684164107612
CS2_36,367,1.00152567672323,0.9981861183793518,0.00452346609351254,-0.0008912629469736356,-7.402502324458768e-05,6.313478357145481e-05,0.0014366988360311978,-0.0017184534654037529
CS2_36,368,1.002985810081964,0.9941816609996215,0.006357977389962908,0.0008348013464320185,9.38518772862193e-05,-0.0005747056750367736,-1.1111720449677263e-06,0.002093335248822054
CS2_36,369,0.9941179883119267,0.9953186390766079,-0.0016307459698008716,0.001642422978833667,0.0005411436006350047,0.001267684438348767,-0.0012422374041857888,-0.0017789184721770342
CS2_36,370,0.9897738921476247,0.9936538961103787,-0.0007745028269527095,-0.0021712326556555315,0.000904976723902867,-0.0008374227023059495,4.249380287968119e-05,-0.001044316366692365
CS2_36,371,0.9900189305866869,0.9950192557942122,-0.0012022964497624287,0.0014194878585038803,-0.0023623264594213023,0.0001200550229120848,-0.0007575628515746808,-0.0022176823903428573
CS2_36,372,0.9890526333433654,0.9904263702410494,-0.0007736367109604472,-0.0008412906423920869,-0.0007161198481693497,-0.0008689180272628508,0.0019026661479462964,-7.643787865077489e-05
CS2_36,373,0.9867877129211582,0.990390899000369,-0.005474488902625452,0.0012370438387987147,-0.00023543866876368647,0.0007132464158344834,-0.0002479617669450528,0.00040441294351658825
CS2_36,374,0.9942421548920617,0.9926341932093121,0.0012950075223299546,0.0008236306819720381,0.0013892693887366644,-0.00028197264225680987,-0.0006604711038428191,-0.0009575022279001642
CS2_36,375,0.9964895998539731,0.9929708787287815,0.0030817911587647765,-0.00047967839288946216,0.00048616291944595893,-0.0005328451756787933,0.0005538821781563244,0.000409408372856962
CS2_36,376,0.9970856332802089,0.9953328602131502,0.0032910856135391535,-0.001188003204722673,0.0005623874068003854,-0.00014396893367474306,0.0019201120580136313,-0.002688839937651578
CS2_36,377,0.9972543152356721,0.9973984127116846,-0.0007701677578719266,0.0009230087141996375,-0.0005848593065612295,0.0026635156574602104,-0.0025418003593042846,0.00016620551124854206
CS2_36,378,0.9975596148258177,1.0010111488239308,-0.0015066542043006821,0.0007011298975714857,0.001788951211821298,-0.0032647221824417426,-0.0019178238460581282,0.0007475850603659281
CS2_36,379,0.9990795870959612,1.0001692367373018,0.0005556668082491935,-0.0017643188619134345,-0.002665969574247478,-0.0005061059522100571,0.0021225038387579303,0.0011685740345363232
CS2_36,380,0.9995707548073707,1.004765318099919,-0.0023606531579092034,-0.0023255631904202834,0.0003666755121395956,-0.000990684354414299,0.0005320052868865015,-0.00041634345449767675
CS2_36,381,0.9999137811297203,1.0071637575165413,-0.0039051389677987125,-0.0013708500182000158,-0.0047512311372849446,0.0030919501768120537,-0.0010672153711829102,0.0007525088650404076
CS2_36,382,1.0001576862570865,1.0076501544945398,-0.008226891891656742,-0.0031436227408251486,0.0029553815340766245,-0.0002817062178114106,0.0003198683372026613,0.0008845026756780794
CS2_36,383,1.0002519027942967,1.0024451633909501,-0.013591316663439991,0.0013215862165975338,0.005138236591316842,-8.509661824500726e-05,0.004198298806343976,0.0008250310048559535
CS2_36,384,1.0002462973380126,0.9989641146089956,-0.013132594820910856,0.006721147839601187,0.003910040072724529,0.002203730158538789,0.003006857134686673,-0.0014269977215384466
CS2_36,385,1.000227115721291,0.9927218432900762,-0.007445207369462399,0.007416903701513737,0.006045256240456194,0.003653689907948524,-0.0023533159194476815,0.0001879458042982607
CS2_36,386,1.0002484128752478,0.9835718312910795,0.007211173071500323,0.008579796773722259,0.0003420082150691527,-0.002114656349917591,0.0010076546008066325,0.0016506052070715406
CS2_36,387,1.000360727724587,0.9754438292965918,0.028115764003002346,0.0013934638273614013,-0.003322257682527867,-0.0009988055589984406,0.0007164696096328369,-0.0009877358364323331
CS2_36,388,1.0008400378560118,0.9712980070573725,0.05042523306304801,-0.010332571138913404,-0.00477661201009216,-0.0028836926430527814,-0.0005868703068853885,-0.002303456231597978
CS2_36,389,0.8809947476825428,0.9666687681276378,-0.05646083264922623,-0.018874695193238183,-0.003366600219232277,-0.0023763915534376874,-0.004398412135667982,-0.00019708871642251451
CS2_36,390,1.0002731646453853,0.9676344382717964,0.05085924381992574,-0.008439010609066473,-0.004805293868707817,-0.0018997807849041556,-0.0001792680590875372,-0.0028971641904958455
CS2_36,391,0.9997113245005025,0.9696414846655419,0.031012023599025253,0.0036123950684813296,-0.0032043191424466913,-0.0013751065596862308,0.0005806776751432455,-0.0005558308712750756
CS2_36,392,0.984755096688211,0.971286806909968,-0.004678941829169713,0.011449283936756014,0.0020835608101202486,0.002631170489058367,-0.00047460101245107354,0.0024578173237018376
CS2_36,393,0.9830428973991978,0.9770977168854682,-0.014504187290363759,0.008972344677682218,0.007052226948518421,0.0022735890888661726,0.0005348067490703118,0.00161640028035762
CS2_36,394,0.9822686870181414,0.9818866402431592,-0.018207949830753654,0.008887345044491018,0.004727391784551894,0.001581101081392667,0.0023318056033457143,0.0010623530326402061
CS2_36,395,0.9811099603013886,0.9870309697607954,-0.014738549281300525,0.0023159389292531068,0.0026063291887110838,0.002522772360335916,0.0025212223570663093,-0.0011487230723615737
CS2_36,396,0.980208307668601,0.9872123114231084,-0.010973187003074501,-0.0013079763789672768,0.0006431476045506207,0.0032883164861310884,0.0026607178855368413,-0.001315022407242037
CS2_36,397,0.9890863010667843,0.9854358056117016,0.0028295816885780126,-0.002300304180958333,-0.0013846717392404877,0.0013662452413063342,5.14512586396353e-05,0.003088193124939941
CS2_36,398,0.9908645526941982,0.9867905267494848,0.0117075965598636,-0.0055526314026153305,-0.0014923562204149374,0.00024721288271676374,-0.0016567731456085667,0.0008209772083013702
CS2_36,399,0.9810949452477189,0.9841924093148777,0.002297243826281526,-0.002113100394610392,-0.0011684822322105422,-0.0021285121837954215,-0.0002581723173443022,0.0002735591756369374
CS2_36,400,0.9775926476440375,0.9838230672806041,-9.311163473591632e-05,-0.0017059118176481927,-0.0010743568185625982,-6.883216495735075e-05,-0.0022642662492040567,-0.0010239410090559099
CS2_36,401,0.9786784889489937,0.9798829645843657,0.002583475135670295,-0.0013015879044087806,-0.0008794437714157762,-0.002221660458521086,-0.0002787047278971804,0.0008934460332043014
CS2_36,402,0.9760083303635128,0.9791975283737252,-0.002354010539158254,0.0011910905890279082,0.00021321087664380903,-0.0030783187538181165,-0.0002870159040254479,0.0011258456641018428
CS2_36,403,0.9731282455627266,0.9788599509142402,-0.0067511310024563655,0.0008069432974056803,-0.0017103194281390907,0.0018951646467817449,3.039489601774762e-05,-2.7578170815580542e-06
CS2_36,404,0.9831999888186402,0.9775698060994173,0.004549555717202976,-0.0006015296746277854,-0.00026418920918581154,0.00015757791242303423,-0.0001268070612739464,0.0019155749750280702
CS2_36,405,0.9865716140293159,0.9804675468314474,0.0060474842478609415,0.00019870421239206668,0.0005172024817911687,0.0018029755958119064,0.00015038641195023642,-0.002612685812832061
CS2_36,406,0.9843379390188787,0.9787717109431857,0.004649356336762142,0.0012813794876914092,0.00010050331510876273,0.0002737046109067089,-0.0006833575111934479,-5.5358223656732384e-05
CS2_36,407,0.973106512991194,0.9776383092397996,-0.005459590505530778,-0.0014144836641755592,0.004118724108342141,-0.0021286206733424936,0.0006235268599795949,-0.00027135242982875065
CS2_36,408,0.9735664611296642,0.9761110809731945,-0.0018168206640501942,-0.0029763203293713884,0.0014404004647270985,0.0004983110383250643,-0.0015787453546198058,0.0018885549453396017
CS2_36,409,0.9751064720138345,0.9771549586734196,0.0003179509898768517,-0.0001997917285144017,-0.004783886302553837,0.002726958257837741,-0.0011775376322636926,0.001067819699347589
CS2_36,410,0.9734234377289113,0.978471685624337,-0.0023953412009928886,-0.0012993735609433139,-0.0002747450467542981,-0.000377649624289633,0.0008893132872959299,-0.0015904518058082147
CS2_36,411,0.9749417463217185,0.9761780028527086,-0.0022395621378873175,-0.0017352429175758724,0.0037330641950329064,-0.0037812401954957367,0.0029995930325775817,-0.00021286856426583182
CS2_36,412,0.9833142507060444,0.9786759899324654,0.004622752135821597,0.0004890051642283946,-0.0024548306092121172,0.001969030381478199,-0.00036172313917439314,0.0003740267807390647
CS2_36,413,0.9846780855765971,0.9786557364226985,0.0023354656160369178,0.0023294482526350045,0.0011182638526801094,-0.00043470355852545656,-0.0016541943187080986,0.0023280692495810614
CS2_36,414,0.979436021691284,0.976132343844088,0.0002652531461191884,-0.0008998131539686882,0.0013273674285214268,0.001583659378894207,0.0003285484056851835,0.000698662583670367
CS2_36,415,0.9793377847490451,0.9765531145978248,-0.0009395057110333201,1.7356179819164876e-05,0.0018031093018882572,0.0025333483879815587,0.0008486229098818542,-0.0014782609755554154
CS2_36,416,0.9763549041539639,0.9761251386528904,0.0019819174611343175,-0.00022292885043048683,-0.002109050849985466,6.735371447631423e-05,0.0011315340412207187,-0.0006190600724850061
CS2_36,417,0.9724986027488249,0.9743820366819756,-0.0020408657783449356,0.0009982001218162468,-0.0007512085721352534,0.0013194585365999332,-0.0006022702639496135,-0.0008067480328641972
CS2_36,418,0.9700972931322265,0.9720418929952054,0.00032828529600962815,-0.0010478824271088678,0.0005837632235251274,-0.0027961009139563786,0.0016690183161895689,-0.0006816834124833964
CS2_36,419,0.9703158541941566,0.9727719195409088,0.0013355099157459215,0.0004564878518356564,-0.0010467978471303187,-0.000834395786442291,-0.00016928118201355946,-0.0021975883536733357
CS2_36,420,0.9699542904120149,0.9716769312030707,0.002419000820191564,-0.0009068675223705835,-0.0017060650959331916,0.000961815624085308,-0.002565457283916995,7.493261209507593e-05
CS2_36,421,0.9688032310818562,0.9694071942412001,-0.002312370702505261,0.0006739674357964823,0.0011955264240222387,-0.0024473342037585463,-0.0017135337263929104,0.003999781559123733
CS2_36,422,0.9663098832593588,0.9736653331819839,-0.005857213856066397,0.001353929154785887,-0.0003603494039487963,-0.0009429443335589346,-0.0009195553583313562,-0.0006293161789602506
CS2_36,423,0.9753511278742018,0.9741318315076039,0.003512424377026252,-0.00335113224167831,0.0023991241504686843,-0.0015489252677811905,-0.000825237158994544,0.0010330424507825093
CS2_36,424,0.9775771627463907,0.976670970257892,0.003288048659073829,-0.0005401759181185327,-0.0005493665895102515,-0.0015223024061233718,0.0016175743546205854,-0.0013875856690352603
CS2_36,425,0.9783882580314671,0.9768496382134697,-0.0004126506149448067,-0.0002644793558245792,0.002909937623611046,0.00010613300096943235,-0.0015240898397296822,0.0007237689460264067
CS2_36,426,0.9787861843608159,0.9763351528089875,-0.00020186840195284786,0.0015480636174772218,-0.000592351534427286,0.0020711055496602303,-0.0006273163492371832,0.00025339861227253904
CS2_36,427,0.9789696467552513,0.9752380347470697,-0.0009816476160753604,0.001460417744583188,0.0010195382857281438,0.00028259992555001924,0.001621451339966907,0.00032925227032563144
CS2_36,428,0.9791833427793044,0.9766079106378087,0.003122467220052962,-0.0014996680710109105,0.0008621233649430477,0.0014159411325287165,-0.0003601006412315744,-0.0009653309219680997
CS2_36,429,0.9793883309421947,0.9774069912147638,0.003685168813667327,0.0023526375856833637,-0.0010676228963359402,-0.002157859706390188,-2.125352407866402e-06,-0.0008288587750426938
CS2_36,430,0.964828389312589,0.9721838213863959,-0.00468472097267358,-0.00285666601876696,-0.0011927407232530808,-1.9126484433162793e-05,-0.0008918856011683066,0.002289707673577252
CS2_36,431,0.962154053570912,0.9694888533093762,-0.0064347879927366975,-0.002516642768460018,0.0011942482969897919,-0.0010814258078901862,0.0018257758986983932,-0.0003219674169944037
CS2_36,432,0.9671804112742881,0.9680899251401383,-0.00028503734738673616,-0.0004979842041544667,-0.0004762106952694491,0.0020728023369114682,-0.0020894415073619737,0.00036635749763656216
CS2_36,433,0.9689394887015168,0.9648287489033651,0.003753483750895711,0.0019500483333149967,0.00015657751051278103,0.0011964864942408354,-0.0034949944972193546,0.0005491381519864432
CS2_36,434,0.9690097501148367,0.9631971193945996,0.006753365160352836,0.0005956231078385036,9.47940382116778e-05,-0.002328097251805899,0.003976191457569668,-0.0032792458463757634
CS2_36,435,0.9549530574622596,0.9611309288064773,-0.0033067976110193733,-0.0014371761841489746,0.0014640669692958118,-0.00021717152742818842,-0.0006704740138560656,-0.002010319026345953
CS2_36,436,0.9539550417306888,0.9569515238185302,-0.0012495707482234495,-0.002660350564019414,-0.0007251867155261049,-0.0004168707992025301,-0.0005536451275130913,0.002609141817724586
CS2_36,437,0.9556414683643695,0.9569064349324479,0.0016820067669549204,-0.002344343108182363,-0.0008036743653204464,0.0003598318628649496,-0.0022351911283754427,0.0020764033544422313
CS2_36,438,0.9541886384947746,0.9595737902451742,-0.00225528430692611,0.0007261193284978597,-0.0013924926880166937,0.002017123268876651,2.3245444557633343e-05,-0.004503862846393238
CS2_36,439,0.951849367476509,0.9532495987125866,-0.00465760586594635,9.72554545091308e-05,0.0010226407860859695,-0.002368792716625265,0.0029744544810554685,0.0015318165766979453
CS2_36,440,0.9605797002430041,0.9557011469934894,0.003333421711573693,0.0014872393193929195,0.00029438124226122126,0.0002979879664533045,-0.001255249358981444,0.0007207723174641141
CS2_36,441,0.9613146566311315,0.952334941842264,0.004472446436980001,0.0006542481743566388,0.0009892121266067454,0.002164716746256392,-0.000378840915930961,0.0010779321689779484
CS2_36,442,0.9545023656896969,0.9518969396720734,2.9329896823825563e-05,0.0007608893509219929,0.0012387445166432065,-0.0013245776687940132,0.0007710981224294699,0.001129941750479557
CS2_36,443,0.9476064552209991,0.9520739175488326,-0.0052040720273881895,-0.0002856981777593358,0.0008990265358919026,-0.00027986753633274443,-0.00010170553401712063,0.0005048543651843408
CS2_36,444,0.9469103892667086,0.9527725784926072,-0.0008449701648817801,-0.000483889965576877,-0.005262296689024212,0.0006201228315533846,0.0018206919727849005,-0.001711847257086046
CS2_36,445,0.9483762168821634,0.9507024560406631,0.0007902644751926652,-0.0028354739753777497,0.000580053119849058,-0.0005498110359109173,-0.0025364716279142672,0.0022251998387914475
CS2_36,446,0.9484797962362954,0.9496265571932322,-0.001985740663298725,0.0013442878810335868,0.00022439019312415036,-6.124364523270437e-05,-0.00011036437314186875,-0.0005580903963293856
CS2_36,447,0.94815683020758,0.9474830488514588,-0.002490718983151435,0.00036866513320821557,0.00013209779143381607,0.0003973919170910847,0.001264453847432846,0.0010018916033170434
CS2_36,448,0.9566486745133105,0.9482908275316103,0.003967434958206732,0.003263592665340752,-0.0012319997111223792,0.0038922170970404875,-0.0005840922416571144,-0.0009493058360158593
CS2_36,449,0.9577006141760336,0.9473676491882265,0.008610097028321618,6.868388985100849e-05,0.002384789885379473,-0.0021139562553075418,0.001579021443748853,-0.0001956710544801178
CS2_36,450,0.9452250134403783,0.9496689368748397,-0.0024199248890080685,0.00046359944327725575,0.0017220098698246173,-0.001796522902059299,0.00024153504368749044,-0.0026546200458964766
CS2_36,451,0.9378092851635849,0.9452827268510344,-0.0047769750362483135,-0.0031242130725901577,-0.00023777705021309868,-0.00163346481810565,-0.0010658802713960868,0.003364868518113369
CS2_36,452,0.9409130316897993,0.9449447997449758,-0.0010400405201085622,-0.0016523610623608998,-0.0021341116084554134,0.0011383580091546214,-0.003560460450013985,0.0032168475324779017
CS2_36,453,0.9426438162514472,0.948232795599689,-0.0011716054694802414,0.0012106162978448478,-0.0025828690014318423,-9.736207640443393e-05,-0.0005303819885739474,-0.002417377154961536
CS2_36,454,0.9384385347273394,0.9432340866808123,-0.0037490946816178157,-0.003192079352392263,0.00016178651465140567,-0.0005754632940581303,0.001893635884551622,0.0006656629321708997
CS2_36,455,0.9472212120065286,0.940559958133339,0.0019192136746968853,-0.00163030605959029,0.0024223490016936247,0.001447910300317257,0.0007733789834833574,0.0017287079261427045
CS2_36,456,0.9507425480320428,0.9435742332828689,0.0028779751556987044,0.0030884680397452705,0.0004223167862607609,-5.989436327971364e-05,0.00030827585349683413,0.000531173229513075
CS2_36,457,0.9516251115520014,0.9437667274798109,0.005977009227267891,0.0018582409079047975,0.000981850017045441,-0.0014883486553274156,0.0010262011031395507,-0.0004965685759029039
CS2_36,458,0.9362293405020559,0.9413545296858562,-0.006891772439252042,0.0012965799171675244,0.00015251882610036472,-0.00043899127814854815,0.0009419318900605481,-0.00018545614213842873
CS2_36,459,0.9328361437281067,0.941899029381722,-0.0034776083457825984,-0.0052143674481540045,0.0018390383583263682,-0.0007697483697224459,-0.0009469921710298973,-0.0004932077184169594
CS2_36,460,0.9350197405674372,0.9410049491690831,-0.001182439984908855,-0.0017471332157393562,-0.0006720491751844278,-0.0031553529476422626,-0.00016320033460331883,0.0009349670144661882
CS2_36,461,0.9383928238530146,0.9415726514871494,0.0027866967736779173,-0.00299708365879,-0.0015631756463152476,0.002548522050510411,-0.001740582390111332,-0.0022142048063112448
CS2_36,462,0.9346042894071296,0.9406041878495905,-0.004508915967864232,0.002622776415652005,-0.0018365005792513244,-0.0008574260956281762,-0.0004873268965474772,-0.0009325053606353248
CS2_36,463,0.9448442906843155,0.9411732714019115,0.004622172522070728,-0.0015242143661573753,0.001089330715825577,0.0010000396132986537,-0.0011285736042831178,-0.00038773564392384393
CS2_36,464,0.9468986703849822,0.9420657007316716,0.001684609692725966,0.002755115679977953,-0.0019791686187206597,0.0007341802516309574,0.001747006794645442,-0.00010877419327676201
CS2_36,465,0.9476207055520405,0.944309662790908,-0.00023316391911282314,0.0005412961497203039,0.000436126797478962,0.0017108911909181415,-0.00024507401319478795,0.0011009665087299825
CS2_36,466,0.9480573302171038,0.9450020120308209,0.00150623747837254,-0.0011651597949255774,0.0018589628620148528,-0.0007064120846803137,0.001876262446204739,-0.0003145727674563464
CS2_36,467,0.9481333594117274,0.9469739456721759,-0.0005876606150343119,-0.0007233492077770891,0.00269877990185107,0.0008347473026625542,-0.00028973818297623453,-0.0007733655059554475
CS2_36,468,0.9485092921154603,0.9483959247107596,-0.001122585617283041,0.0014634291853454834,-0.001437486621139408,-8.620651506123201e-05,0.0010970081706639097,0.00019920875525591798
CS2_36,469,0.9493958317677382,0.9493857485469397,0.0017907079463409994,-0.001533592769070271,-0.0014276874982958002,-0.0017459318811841483,0.0017478648201052632,0.001178722555657983
CS2_36,470,0.9491248810115849,0.9494105976677644,0.0014431386226410447,-0.002087347367040655,-0.0004311449474094447,0.002188468312960125,-0.00235960414643908,0.0009607728219634663
CS2_36,471,0.9487723328862714,0.9482567436685015,-0.0008292372424433973,-0.00038444732517348504,0.000671167690353333,0.00015633957965218885,-0.00012582250490166701,0.0010275889732672906
CS2_36,472,0.9486074030003877,0.9485720415689128,-0.0007770440690024701,0.0019665701086511275,4.365101269885411e-05,-0.0005086909354018453,0.0012179661815690216,-0.001907090913994848
CS2_36,473,0.9480758262352467,0.9495735501758713,0.0017086719366807808,-0.0006257253590633576,-0.0016925297817079086,7.8621277535149e-05,-7.87741327887008e-05,-0.000887987928040432
CS2_36,474,0.9477170246483766,0.9451809275922672,0.0011961999023675717,-0.00014528896260170723,0.001452940363830859,-0.0008539277705204923,-0.0027952235893160334,0.0036813970657210136
CS2_36,475,0.9472147519907779,0.9467192179385562,0.0005020696322948988,0.0010117475660045355,0.0005791308744315397,0.00015802547886910413,-0.002033784996377321,0.00027834545055523027
CS2_36,476,0.9470898199263402,0.9461484172131299,0.0018052379895086468,0.0007197523398734222,-0.002238851727351548,0.00010159071850594741,0.0025899867831995307,-0.00203631343692355
CS2_36,477,0.9469550237824862,0.9454201874488143,0.001903042138809463,-0.000646961032737041,0.0015385545692524487,-0.002104181370830639,-0.0007351669212451844,0.0015795489040745486
CS2_36,478,0.9467057646025054,0.943575605470176,-0.001836992215869145,0.004063510074953737,0.0004425163690948538,-0.0013126038908317103,-0.0005175786038924642,0.0022913073526173136
CS2_36,479,0.9463471924824631,0.9443887103219566,0.0024135833567818085,-0.002208287828884117,-0.00046832535998428437,0.003539339970404183,2.7821041283013795e-05,-0.0013456490652192694
CS2_36,480,0.939933438431348,0.9436154915756039,-0.00251558668101108,-0.0034479217277492706,0.0018714390693868412,0.00047299029247666453,-0.0003929757822750817,0.000330001641145846
CS2_36,481,0.9358761900629029,0.9421980424538928,-0.007017484612974906,0.0008032322055449763,-0.0018088274335245132,0.0013531467036004222,0.0024526703132040804,-0.0021045896091206073
CS2_36,482,0.9441913572327632,0.9391731130257464,0.0028106177937446686,-0.0010083624732802015,0.0019884077932563462,-0.0008588589182414115,-0.00039210694638018155,0.0024785469125839553
CS2_36,483,0.9465049774806369,0.9385721702664909,0.005039731778169175,0.003267430978050757,-0.0005648678994237227,-0.0005756360462678572,0.0007259865515936725,4.0161805840864e-05
CS2_36,484,0.9466316400821873,0.936447274835207,0.008696196545039366,0.0020433841324727043,-0.0008364611914378213,0.002181963454516486,0.00042174481166049635,-0.0023224625515005006
CS2_36,485,0.9285689505622869,0.9320275621497227,-0.006414227139006841,0.0006356855233576159,0.0011277880519279242,0.0017131126488728844,-0.002378872550579954,0.0018579018383950458
CS2_36,486,0.9269719590393208,0.9307755493354494,-0.0026335592091019885,-0.003080422546275686,0.0009669886168532223,-0.0004294959916721663,0.0002814133304953904,0.0010914854645614766
CS2_36,487,0.9272742678009598,0.9318380156084797,-0.000592823492300666,-0.002562656269897182,0.0004568979272310152,-0.0020517956652904524,0.0010662695533963276,-0.0008796398997811399
CS2_36,488,0.9269818358250834,0.9318538481634007,-0.0012336121521055866,-0.0013657575859823427,-0.0016851125909441063,0.00018267369542745085,0.0038806317857174263,-0.004650835529444882
CS2_36,489,0.9235587114122072,0.9291572516177762,-0.007344718768160937,0.002641105522405775,-0.003000121520439929,0.003000190070552195,-0.0014106344233103466,0.000515638875626319
CS2_36,490,0.9347393971034759,0.9268180180349614,0.005685637192113533,-0.002573057608672765,0.004217667100418733,-0.0018816329441167711,0.0007112537944381004,0.0017615114924703877
CS2_36,491,0.9375552408890293,0.9273987358053415,0.006701593978669695,0.003281242254055958,9.737049796676003e-06,-0.0002050853735235333,-0.0008435611477943911,0.0012125782795863907
CS2_36,492,0.9341884650891057,0.9274421684522193,0.007133624302452314,-0.0013774002803359988,0.0014317052877132177,0.0005781894238976804,-0.0018234558705741734,0.000803633732072487
CS2_36,493,0.9211732382442168,0.9253415395794303,-0.004756255873077156,-0.00019834094831130354,0.0011596095279569787,-0.0023027164476001837,0.0008513501817748798,0.0010780521871611608
CS2_36,494,0.9226494597212636,0.9273149893488142,-0.0018513694625233589,0.0015275915285431509,-0.0017663576593994878,-0.0028905812476771975,0.0024532267434863443,-0.0021380395674042343
CS2_36,495,0.9213278175183959,0.9266179103871346,-0.0018147329810559642,-0.0010004201935765607,-0.0004045610689327907,0.0003630268006735108,-0.003104282535733723,0.0006708770729479061
CS2_36,496,0.9194591879239891,0.9238070475150356,-0.0009322903212352241,-0.0025980538483741213,-0.0019970041105540825,4.911165854410556e-05,0.001254082552432603,-0.00012370555811262734
CS2_36,497,0.9160728017192596,0.9228756957252395,-0.007746864304040955,0.0011318924998868973,0.0006328888426175454,-0.001758379749476771,-0.0016904825388841193,0.002628051208908143
CS2_36,498,0.9294360100113543,0.9211047433483341,0.006036657733540831,-0.0006735730404357879,-0.000954412178778057,0.004513632492759189,-0.003129409619844223,0.0025383712358622583
CS2_36,499,0.9312850612381531,0.9220790212736875,0.007408590377187844,0.0005975091638682472,0.0005040129023098286,0.0007436076616905969,0.001332055083346744,-0.0013797352645324335
CS2_36,500,0.9225893812937507,0.9175581500036422,0.0009833501997575564,0.002773874055732074,-0.0004944997649947722,0.00013251532713533584,0.0012736673220440657,0.0003623241130322154
CS2_36,501,0.9120029183405478,0.9161980286377571,-0.003829699323138921,0.0001443993779143593,0.0011111576118146864,0.00011327224445596487,-0.0008428816087797017,-0.0008913586329907773
CS2_36,502,0.9134645561147607,0.9156107964953762,-0.0013340851237869363,0.0012843981797802447,-0.00010765870140063323,-0.0007636732600081622,0.0003445598695073233,-0.001569781378759084
CS2_36,503,0.9136124096743288,0.9118323909463232,0.005092834869578689,-0.0010300259024243286,-0.00041533614505784674,-0.0017089233664574187,0.0005617159510289278,-0.0007202467127684971
CS2_36,504,0.8985271821955934,0.9075953999316643,-0.006928449515662358,-0.0018752063423693073,-0.000933718485467878,-0.0007581126136751587,-0.0008758409475306737,0.0023031101400671984
CS2_36,505,0.8922565100904158,0.9066112121632715,-0.013895073651578878,-0.0010479070297632319,-0.0009249422820683845,0.003874813841304135,-0.0038019426809768188,0.0014403497039627284
CS2_36,506,0.9147588428482472,0.9035984205029279,0.00945510909106084,0.000539989235507237,0.002273823496927917,-0.0007386015533985959,0.0006344939478171469,-0.0010043919071222745
CS2_36,507,0.9178618366793039,0.8985533712859374,0.010857875696771158,0.005068596360315812,0.0005489188214438506,0.0003310359854414997,0.0004949578779762152,0.0020070806157516416
CS2_36,508,0.9029354985449594,0.8956076965106293,0.004014847794351558,-0.0014139882072178721,0.0012449845595493547,7.412504372120939e-05,0.002427181066638401,0.000980651747101608
CS2_36,509,0.8870703147319965,0.893651842747131,-0.008218765822395365,0.000707386682609031,0.0007562992707958252,0.0007710726930431886,-0.0015736672835807608,0.0009761464200328761
CS2_36,510,0.8872634287709111,0.8925754808154689,0.00015298728353696763,-0.0038324845860612244,-0.0009852731244325153,0.0005454141816316379,0.0017897976582663118,-0.0029824934819305425
CS2_36,511,0.8840833316863268,0.8913954774302796,-0.0026275792875192286,-0.0022493429731955997,-8.267628171981625e-05,-0.0011331831446993932,-0.0014275635624251062,0.00020819948234239061
CS2_36,512,0.8824741179342617,0.8904859554204414,-0.004624935204358345,-0.001060650800639861,7.605256517209873e-05,-0.0006454292509068378,-0.0006946744494065951,-0.0010622003687132922
CS2_36,513,0.8860842882441489,0.8931893657995569,-0.003453174622669475,-0.0033803444361712714,3.311676043514513e-05,0.0002912996611648491,0.00032357930056700206,-0.0009195542427328806
CS2_36,514,0.9037209398761341,0.8976579644872232,0.006394430835137135,0.003174238721399005,-0.002518404683024749,6.440202632947366e-05,-0.0006736570728078317,-0.00037803446859638475
CS2_36,515,0.9076718712920666,0.9035461109259777,0.005547177270986114,-0.001071176747568033,0.003096636205410323,-0.0013587487990493945,-0.0005855785016901968,-0.001502549093924804
CS2_36,516,0.9097415488434066,0.9061644240468486,-0.0003061344512507764,0.0009774542813138995,0.003259623316682613,0.0012590067718577672,-0.0025613969168229458,0.0009485717620926717
CS2_36,517,0.9109695870205101,0.9079914780101265,-0.00022429599402523946,0.0011597723579901166,-0.00029153419836029144,0.0011403154978769723,0.0006733621718971154,0.0005204891418692479
CS2_36,518,0.9118554696392707,0.9124716011770286,-0.0010101754828761751,0.0008819338915685535,-0.001409063327307245,-0.0013244657288520876,0.0018241614419094282,0.00042147763433855983
CS2_36,519,0.9143682446927386,0.914654706045151,0.001264320185750255,-0.001270873514537089,-0.0002677487314219584,0.0012124145502223507,-0.001357347558236419,0.00013277368142689124
CS2_36,520,0.914865069276317,0.9169922383195847,-0.00040142586608415173,-0.0006670667531275071,-0.0014340286666654262,0.0008302884114459737,0.0014907659137965029,-0.001945702117199077
CS2_36,521,0.9153619787566214,0.91671063586732,-0.0006577252957566141,0.0004501542402641646,-0.0016221512836893106,0.0006116044431298883,0.0009279895036655528,-0.0010585287530607292
CS2_36,522,0.9140486059524235,0.9141072137886721,-0.0027161195934628382,0.001291116697186402,-0.0017617526551178282,0.0023378515528999044,0.0005465333832115213,0.00024376274476804822
CS2_36,523,0.9130364389331049,0.9085374613553552,-0.0029417172128704577,0.001035837086112237,0.003411623261359666,0.0011185086543493911,0.0005977646438992866,0.001276961111005047
CS2_36,524,0.9125457266790988,0.9053405730930085,-0.0026146798628269323,0.005073387823652991,0.004122845887463135,-0.0010772768128287295,-0.0016163848769958238,0.003317261393911234
CS2_36,525,0.9120739612811448,0.9038234384999946,0.0019269362611299315,0.008635028411314274,-0.0030860248986435456,0.00415459182581439,-0.0021331273886015514,-0.0012468814634045017
CS2_36,526,0.9114396780832053,0.899330475213944,0.008085471311422317,0.005301805937959925,-0.0014000856407548974,-0.001008929078719646,0.002568562628004314,-0.001437622321959081
CS2_36,527,0.9116016961478977,0.8992269258354606,0.010116640958390382,0.008710771834552027,-0.0020678053168000448,0.00016694443172782795,-0.0015281895606394085,-0.0030235920681614525
CS2_36,528,0.9116568880220157,0.8943288349892559,0.02131771270771762,-0.001710657015234923,0.00033026086626588777,-0.0023904370682255333,-0.0018145642693756312,0.001595737778224356
CS2_36,529,0.9115014728783564,0.9000512652900444,0.031758130253957836,-0.014134898342361321,-0.0006924879236158295,-0.0023088159201838025,0.00108530453207478,-0.004257025044890746
CS2_36,530,0.892102836790456,0.902694575434718,0.027310113131523508,-0.033500544357713234,-0.0022604770724391856,0.0009834660061612877,-0.0036191882083740044,0.0004948918303711743
CS2_36,531,0.884278556078,0.9098066549296526,0.03615962888946001,-0.057260308117956175,-0.0009070509963171933,-0.0008652707500814622,-2.2447481457281832e-05,-0.0026326504186361343
CS2_36,532,0.89942871168295,0.9183810213318793,0.05907753824549387,-0.07422344259295045,-0.0014184641324981985,0.000578077546797222,-0.0021558920931483614,-0.0008101266515215701
CS2_36,533,0.7745875631563668,0.9236909829789085,-0.07612124726219766,-0.07687277168514417,0.0027365889666368013,0.0002468959810315747,-0.0006238370214900238,0.001530951215561015
CS2_36,534,0.9058925038710233,0.9324076679394093,0.021585330213529805,-0.04979140416907822,0.0016842461164622267,0.0015427324992305415,-0.0007020416047059027,-0.0008340271550960382
CS2_36,535,0.8854752868975568,0.933667878512813,-0.05112681805960778,-0.000330846635349919,-0.0015700306501118168,0.0009537537015344428,0.0023325423252989193,0.0015488076792050459
CS2_36,536,0.8737709625959367,0.9298294122979688,-0.11037669463348812,0.04477912523215376,0.001462219278639389,0.001335731744685645,0.0015093956850922275,0.005231772971407411
CS2_36,537,0.8734975495925834,0.9229405854157436,-0.15197603128996592,0.09119792657525051,0.004319440596948112,-0.0024466250379418966,0.004814012376544651,0.004648240936627132
CS2_36,538,0.8721800450370534,0.908982549089242,-0.1740840406400811,0.12229351555639997,0.006962473700988818,0.0015646695432839034,0.002785003438910721,0.0036758743294156506
CS2_36,539,0.8698567682229728,0.8892140388203051,-0.1750297342423922,0.1446739559252399,0.004470755954042116,0.0020879467771174887,0.001349204368803798,0.0030906006018161236
CS2_36,540,0.8757985980364289,0.8634759973574481,-0.13315578744784495,0.133746008200748,0.0027553220926748155,0.00214990773117353,0.003917124428779506,0.0029100256532278343
CS2_36,541,0.8878957107680314,0.8383630888976286,-0.057791180304809495,0.10138594134503202,0.002487266520078133,0.0014209003952976762,0.0009330019558018778,0.0010966919343388915
CS2_36,542,0.8908465378808721,0.8115587545110249,0.02924551403801551,0.05272196999773153,-0.001167480276446427,0.0018544050383976808,-0.0019092954818925448,-0.0014573299717056982
CS2_36,543,0.8726734799313043,0.7871513194611519,0.11134529904155296,-0.018004505269046966,3.6455695477180555e-05,-0.004086146082938488,0.00010655586342869258,-0.0038754987973956463
CS2_36,544,0.8622407887509009,0.766884582759676,0.1997601972252253,-0.08904841510479891,-0.0049936918009990585,-0.0030425078694191164,-0.0032079797829846213,-0.004111396691042742
CS2_36,545,0.8586070870467601,0.755667250953725,0.2720512634913568,-0.14939438468493338,-0.008349803145031524,-0.000488105089902666,-0.00498471199077787,-0.005894422501586066
CS2_36,546,0.27509903308054895,0.7521833634705742,-0.29069903993042606,-0.1671434821581621,-0.008218720427141297,-0.0031697617029296803,-0.002617994190349291,-0.005235331780681911
CS2_36,547,0.889495460906724,0.757270562883581,0.270112748141608,-0.12159502920780677,-0.004485991539327132,-0.005010095546430417,-0.0018790674389882374,-0.004917666411163486
CS2_36,548,0.876621300196669,0.7732450600773302,0.15286068633387218,-0.03770101502547045,-0.006142437617740554,0.0010962786103885195,-0.0032143505600255684,-0.0035229216422095
CS2_36,549,0.875840048941908,0.7929866802820402,0.03831677278838162,0.04883410491610285,-0.0011997633501642092,-0.0007223964594725411,0.0002206635507243731,-0.002596012805941615
CS2_36,550,0.879185642539615,0.8184765581800689,-0.04799201581804317,0.10587377807988982,0.003934219368548391,-0.00019547387196629918,0.00021016872422541236,-0.001121592144573745
CS2_36,551,0.8914205239238719,0.8430621725691771,-0.09473488025495708,0.13519067161613124,0.0059717707725383245,0.0004826861393345803,0.003440542138205096,-0.001992439082515277
CS2_36,552,0.8933877189357791,0.8652079469943961,-0.11265911421595413,0.12751228487359395,0.007220586448792602,0.0002609596901872081,0.002698541197979785,0.003146513920103331
CS2_36,553,0.8754255214333666,0.8856218906904334,-0.12496821244808101,0.1036984648993447,0.0022671485607069163,0.0027883256294802313,0.0024047963666693284,0.0036131077147279283
CS2_36,554,0.8649841225598314,0.9004393667924228,-0.11311031837381635,0.06543753581333761,0.006101844035057481,0.00185577783597693,0.0018467410867152969,0.0024131753538862606
CS2_36,555,0.8653503477696862,0.907379077454328,-0.08300488743328507,0.030869373313667688,0.0018037494743608625,-0.00021254256043746816,0.003450699947955332,0.005064877556711125
CS2_36,556,0.8599913722279613,0.9115871105302156,-0.05819985460288362,-0.00012516216178041226,8.585409069803899e-05,0.0008791668829674668,0.0024422037344229543,0.003322053739903095
CS2_36,557,0.8586028601529598,0.9108017627798153,-0.03744449781974653,-0.01802148704160135,0.0020176174185141224,0.0026725131275616453,-0.0029153713322429705,0.0014923230067512736
CS2_36,558,0.8620054503076773,0.9023438601486387,-0.010958545198630357,-0.033671708902099085,-0.0001826993018047899,0.0004378266002604,0.0025438749398335294,0.0014928420063212199
CS2_36,559,0.8754318499855582,0.8918798816812671,0.018700460403967365,-0.038165983348516494,-8.292922058526287e-05,0.00017852826858651672,0.00169495197438663,0.0012269402063649925
CS2_36,560,0.8787567272771888,0.8823149269947195,0.03385016759573866,-0.034473688235949373,-0.003390826596946585,0.0012015558301086526,-0.0005224282272824325,-0.00022298010450777324
CS2_36,561,0.8633956922401218,0.8734812597876318,0.02387199727536926,-0.03167452923155638,0.0014702504837243824,-0.0003628157989181088,-0.003950718234661064,0.0005602479428638224
CS2_36,562,0.8524992312556048,0.8665205820200037,0.015637758735996946,-0.021901529041661805,-0.0014617478131656824,-0.0024603767183323326,-0.0012096619981138773,-0.0026257939407894346
CS2_36,563,0.8521457675534645,0.8613438352655806,0.011151932776327263,-0.008994377253728668,-0.004758059540428704,-0.001715713171431408,-0.0016482752577500505,-0.0032335752766419943
CS2_36,564,0.847476701588489,0.8534347876283561,0.0009590724735640175,-0.005744822134353578,-0.0020086675447712954,0.0003800362800115189,0.0007042675171448309,-0.00024797264128583054
CS2_36,565,0.8452027740046084,0.8526117999668557,-0.004593926415546014,-0.001200730099813388,-0.0014752870093452685,0.0024010143532179145,-0.0028159406920505916,0.00027584389230175403
CS2_36,566,0.8458505540574954,0.8499990150238076,-0.009583736778631871,0.0021563494558652983,0.002876551031895349,0.00013235575564998956,-0.00015730499346480807,0.00042732455314775533
CS2_36,567,0.8622430039425275,0.8489302599494625,0.0032672262388468327,0.0049483569167637735,-0.001105316250100622,0.0029953660708604782,0.0015255450553969727,0.001681565946052742
CS2_36,568,0.8659020056972828,0.8508078621679023,0.008958079501047512,0.0024304862480076174,0.002752375885988291,-0.0002124609353157013,0.0006930131999924619,0.0004726496130720448
CS2_36,569,0.8517124341978608,0.8504556656179921,-0.0046526944910968895,0.0021569898946635063,0.0033833468250718465,-0.00030294007031819123,0.002186040021883703,-0.0015139736117137695
CS2_36,570,0.8442223573025807,0.8468582208206926,-0.006864900199760362,0.003118416202085263,-0.003469343252371414,0.002900099414301568,0.0002902445465088057,0.0013896197624958192
CS2_36,571,0.8482226829299719,0.8494857239702791,0.0056868169942658675,-0.002465288689009401,-0.0027934414495092534,-0.000233063292495917,-0.0017309959707626002,0.00027293135710699834
CS2_36,572,0.8454321818855455,0.8466493834672284,0.0012951304204453992,-0.001358303402001316,0.0009556586931728105,-0.0028468548992469866,-0.0003346601770078376,0.0010718277738824464
CS2_36,573,0.8439039618318063,0.8483166700001566,-0.0026407874599942735,0.0006371366320063926,-0.0010326146912188528,0.0006467086934691645,-0.00030300818905718956,-0.0017201431620670028
CS2_36,574,0.8410401437362403,0.8471098025603765,-0.008537699945187611,-0.0008401509052384036,0.0009383253192028866,0.0006065327992519563,0.0003305822185995572,0.001432751681775446
CS2_36,575,0.8590519763112532,0.8490904785796966,0.007625015009710129,0.00011376489693048872,0.0010471532816485366,0.0014702949550515192,-5.888204774409726e-05,-0.00023584837811319555
CS2_36,576,0.8615168177363195,0.8488763220428348,0.007263027683839114,0.000788793203346989,0.0023481795461949982,0.0020182510898495752,0.0013010843805421246,-0.0010788402252663216
CS2_36,577,0.8551329157287704,0.8481680013594929,0.002953541896930492,0.0031327880688167826,-0.00024544630391849304,0.00018203013748469305,-0.0013003147692318333,0.002242315326561498
CS2_36,578,0.8420787773635716,0.8499523986823737,-0.007647736591814225,0.0029625663405557583,-0.0025152407579073876,-0.0010113105446147048,0.0012068371777910027,-0.0008687369506538134
CS2_36,579,0.8435569181645342,0.8475754114933308,0.00025777442805587287,-0.0009906312619576954,-0.0032103848328201906,-0.0002588993118296687,0.0015575238659890115,-0.0013738762246180078
CS2_36,580,0.8418271052034925,0.8459384376058074,-0.0013597317210358821,-0.00039971155977262075,0.00012310968003125967,-0.0021495870646528505,-0.0008956547619090475,0.0005702430172752553
CS2_36,581,0.8413335375687296,0.8470052410193571,0.0004469340384504457,-0.005821115074470898,0.002602051096692227,-0.0007247886309275361,-0.0015653816378483256,-0.0006094032500910575
CS2_36,582,0.8378761305753919,0.8482828738495749,-0.007307729144152131,-0.0008983996959764668,0.0003717850622669891,-0.001035064878488038,-2.7819595033231898e-05,-0.0015095150290983363
CS2_36,583,0.8524583772790812,0.8473069451700802,0.004741000633096785,0.0015272318563051186,-0.001275478675016154,-0.0014074742490364069,0.0019630728052021907,-0.00039692027320279637
CS2_36,584,0.8556147690733908,0.8497329046497397,0.0029582551747767112,0.0007087830045436453,0.0028841980591589335,0.00036016747688016464,-0.001123624988277219,9.408568375764678e-05
CS2_36,585,0.857528850501069,0.8520904383945384,0.0018969030111472783,0.002929379798598801,-0.0008528899836057772,-0.000722493470658378,0.002497881567412115,-0.00031036882987748004
CS2_36,586,0.8581760375806766,0.8560671589447828,0.00018469715085795,0.0022775582026681655,-0.001304281746019408,0.00013311439668188996,-1.6511033831599175e-05,0.0008343016517851879
CS2_36,587,0.8584876648891608,0.85727109510344,-0.0008278410878481744,-0.00018116732778918434,0.0013018934547135194,-0.0003806697701145001,0.0011660800203289715,0.00013827448256408903
CS2_36,588,0.8584986446414646,0.8581479342588251,-0.0007036009417449733,-4.196867734637847e-06,-0.0020028023617404945,0.0010961015372168742,0.0016683518749130565,0.0002968571278596302
CS2_36,589,0.8581738577976168,0.8626582887773515,-0.0011171436977082444,-0.00047222242365174135,0.0004191098499505589,-0.001955749535998856,-0.0010679182900709661,-0.0002905068960062993
CS2_36,590,0.8590154060054189,0.8591005698760864,0.0006539585799942657,-0.0005157826454834739,-0.0017074162956896676,0.00020960831917018162,-0.001079114780412153,0.002353582937693534
CS2_36,591,0.8590839920354298,0.8623831599623366,0.0003391546658010116,-0.002276153673504324,4.680567425834875e-05,5.468135444346042e-05,0.0005700588248602547,-0.0020337147868505216
CS2_36,592,0.858906600959287,0.8616854588370271,-0.001516141994244985,0.0013389006921726762,-0.0003797474086626597,0.0010449315512239116,-0.0007692791283366541,-0.002497521603912304
CS2_36,593,0.8586779979314514,0.8587511098021772,-0.0005825728377518006,0.00031618619195296463,0.0006257872597080885,-0.0003883656054759021,-0.000840504006031899,0.0007963571129368431
CS2_36,594,0.8588919627200298,0.8588494131830714,-0.001256240448782841,0.0038078104192438137,-0.0020278179887372365,0.00022466016165075429,0.00014009783121544134,-0.0008459604516461264
CS2_36,595,0.8592211365499196,0.8560667283496785,0.0014158064263395068,0.0020751055685822033,0.000678538064257383,-0.0008473801973630998,0.0021643052913078277,-0.002331966967018055
CS2_36,596,0.8586325883015036,0.8522754197862957,0.0047698859247787065,0.0006231381496421449,-0.0008818906298804029,-0.0004101388054899792,0.0007442542003180759,0.0015119196619199763
CS2_36,597,0.852534648241007,0.8522582543309254,0.0017098951848446143,-0.003305829376141646,0.0005847911502265898,0.0006701423482804241,8.524420291021646e-05,0.0005321503882810327
CS2_36,598,0.8433848740135179,0.8511082973711235,-0.007767910450288758,0.0007678660404936837,-0.001196011617414693,0.0015455104144930923,-0.0005288220118332516,-0.0005440557413764733
CS2_36,599,0.842741173985976,0.8471639324013418,-0.007534955455229294,0.0018448476117394798,-0.0014392620061395424,0.0019524655757058688,-0.0009189675642150883,0.0016731134146882962
CS2_36,600,0.8531962149713412,0.8438658647567686,0.007524201021131602,-0.001293590631634552,0.0016713767986154047,0.00025352891615292467,0.00027840962275913096,0.0008964244756248757
CS2_36,601,0.8533225703111262,0.8423810132810176,0.009326693096913145,0.00034151663416698985,0.0011072154873167455,-0.0008962454747450303,0.003844038258410565,-0.0027816609839232983
CS2_36,602,0.835942843920086,0.8368662620984877,-0.002438810816876202,-0.0003675335163246699,0.003921097246243003,-0.0031331146366308854,0.0004815464825203695,0.0006133970570783788
CS2_36,603,0.8281393684193468,0.8334887306516827,-0.005327179227613053,0.0011988285547408655,-0.001009922842247884,0.0010868657804120555,-0.001205863778262331,-9.20907220887727e-05
CS2_36,604,0.8276897599846862,0.8322938310388921,-0.002303223593272654,0.00029620138827719605,4.182108698818875e-05,-0.0020342849224752445,0.0006625890477519494,-0.0012671740640334465
CS2_36,605,0.825504352327493,0.8318987425908504,-0.000491669970221896,7.163435313090323e-05,-0.0035997323038287174,0.0007225058408543683,-0.0012277713305491708,-0.001869356854498621
CS2_36,606,0.822142930689977,0.8304502187786738,-0.004099024704647609,-0.0008760205718854663,-0.001452783926295486,-0.0009194151193836509,0.00018286496451531454,-0.0011429087315213274
CS2_36,607,0.8194960122325305,0.8305396102150115,-0.0039402045826757645,-0.005287259670897651,-0.0027347119692372433,-4.386477624976138e-05,0.0006223333088899988,0.00034010970813980537
CS2_36,608,0.83311768357704,0.8298796311898821,0.00533167291646173,-0.003414200348754895,0.0016392347009041217,-0.0021300485579020837,0.000549109316678654,0.0012622843552192974
CS2_36,609,0.836114036586526,0.8274417456314271,0.006934455529756881,-0.0009644374883448929,0.0013844824309549551,-0.000957446853707172,-0.0021589416616839313,0.004434178992471814
CS2_36,610,0.8369311051342923,0.8269165464778944,0.0029235054331458233,0.0036343550136529222,4.123561089225441e-05,0.0027053562614918715,0.0005133375231657725,0.00019676880809805247
CS2_36,611,0.8166511922503812,0.8227533534543054,-0.020004643307190477,0.007970000209201137,0.0019884973974833194,0.00261456723461563,0.0022139938076556447,-0.0008845765441945658
CS2_36,612,0.8146924737779759,0.8159343376987347,-0.014304607019857779,0.009737099500047013,0.00117785919849923,0.0007341171995585962,-0.00011155336230405348,0.0015252205655123567
CS2_36,613,0.8153082536989533,0.8097779607927165,-0.00444692865585647,0.01016687388840989,0.0006512161862610469,-0.00028324253312882734,-0.0009617041813381908,0.00040407820387740263
CS2_36,614,0.8113717985706081,0.8051333222299127,0.010578818248088474,0.0013861926280885732,-0.0034617343690300506,0.0012430211185922057,-0.0034063160293228176,-0.00010150525228768831
CS2_36,615,0.8116064368141878,0.8025645650420049,0.029150522881510703,-0.009183455974541656,-0.003259373441568089,-0.004800681047421608,0.0008800078724969846,-0.003745148514946302
CS2_36,616,0.8188392077403464,0.7996278654459419,0.05163339902635713,-0.01999667593165382,-0.0053993782561634375,-0.0032490548266056536,-0.001034087095078707,-0.002742860621759564
CS2_36,617,0.6973737131977522,0.7942004029980464,-0.06678219266323178,-0.026594785363470968,-0.002267469805171704,-0.0021130777902785398,-0.0010202593156256985,0.0019510951827741052
CS2_36,618,0.8259209279774105,0.7949455794300054,0.040647627200543324,-0.00899267255356429,-0.0005166434857781008,-0.0003408522218822424,0.0004845275778779039,-0.0003066379717001947
CS2_36,619,0.8179069919885542,0.7943573227462395,0.0075268817210213,0.01062956802504303,0.002560242480447366,0.000650589593364771,0.0008282906387613229,0.0013540967847107046
CS2_36,620,0.806740239734193,0.7933695160422669,-0.023301399902631525,0.026524127715448605,0.0037315312665675885,0.001837698497635168,0.001913500010628182,0.002665266109411945
CS2_36,621,0.8009502720054904,0.7928923523757267,-0.026452974788041192,0.02566489283477816,0.005490128820924831,0.0017953843191324324,0.0014830596060547015,7.74288441744899e-05
CS2_36,622,0.8075224829728391,0.787347376001877,0.006258560010508654,0.0073307765575576,0.00347139305332512,0.002573591003057181,0.0012767960016870097,-0.0007360096503267208
CS2_36,623,0.8041676661913293,0.7812481644698959,0.033376774179711306,-0.009346834663696511,-0.0015509986952512158,0.0010483267004056018,0.0009558534375628811,-0.0015636192312202398
CS2_36,624,0.6672801487776994,0.7754099724140617,-0.0822362708523668,-0.020127464536490232,-0.003487490053370877,-0.0020016816680783448,1.4829396734175292e-05,-0.0002917458664512266
CS2_36,625,0.8042302038892615,0.7661371778529006,0.059059555982215135,-0.017982557835111584,-0.0017412713710534269,-0.0003553663629951612,-0.001361200675694561,0.0004738663050560027
CS2_36,626,0.8143485305387017,0.7643814251983778,0.06519718324627038,-0.007349246320676671,-0.00178551508069645,-0.0015921301686219185,-0.0036868031914082913,-0.0008163831422028275
CS2_36,627,0.822093106590593,0.7642836118603832,0.0677969329649376,0.00015486640043117433,-0.006055699408451084,-0.002085509064125401,0.0004409360441053066,-0.0024420322071910094
CS2_36,628,0.6919156489127296,0.7675076729221889,-0.06720254888689677,-0.004612270744797053,0.000781565893246242,-0.0024075423480590234,0.0010378772279489277,-0.003189105103607957
CS2_36,629,0.8026870575148202,0.7714045566554578,0.031047699462902218,0.00010074279026301709,-0.0005562373139372398,0.0009489246811142774,-0.0036299156090223417,0.0033712868546644753
CS2_36,630,0.8059796355401723,0.7820725392017688,0.022367555195523046,-0.0018992030711322448,0.0032252283507558494,-0.0002490724604204243,0.0017936565771505025,-0.0013310682480600741
CS2_36,631,0.8055890425001841,0.7916810422359045,0.00509814821118085,0.005120550744139655,0.0007551197151836985,0.0031452191910511284,-0.0007359551445686515,0.000524917552849485
CS2_36,632,0.8058302533389714,0.7983905514879911,-0.0032355674806210516,0.0019357619240886858,0.002399280581286002,0.002921105738152264,0.0030219683491988733,0.00039715274434354384
CS2_36,633,0.8028027840531635,0.8095007106781517,-0.014300123000570025,0.004788586959900162,0.0028144285223293862,-0.002417805975174811,0.0019383114813270022,0.0004786753937797755
CS2_36,634,0.8124642078335533,0.81257754835815,-0.00631273162224281,0.0013215004255257236,0.00031853214225814483,0.0025294562632697465,-0.0002553645129706007,0.0022852667825953607
CS2_36,635,0.8166496948042301,0.8177420462189671,-0.0025801593661651826,0.001532952054436855,-0.0005204033257551155,0.001644789418687123,-2.4622757189720506e-05,-0.0011449074372554527
CS2_36,636,0.8175622708460537,0.8183436306001767,0.0001513886394032783,-0.0036180777767295144,0.0033055153673385443,-0.0019922908571391525,-0.0002931181813065604,0.0016652230554707959
CS2_36,637,0.8188078248634341,0.8195805028032197,0.0011505919361621839,0.000861419087766983,-0.003125653394828644,0.0012585803485071797,-0.0016725016383444373,0.000754885721654127
CS2_36,638,0.8188420441659758,0.8213429884187423,-0.002045513111732394,0.0006689057815323193,0.0018077651346485226,-0.0010660485687184042,-0.0010711791730898131,-0.0007948743147161727
CS2_36,639,0.8201817070491231,0.8213392533959955,0.0014719869320486629,-0.0020182421812821117,0.0004837920691622289,-7.389207519696331e-05,-0.0026347362669732455,0.0016135451755677226
CS2_36,640,0.8207647978229389,0.8213374635419703,-0.0008500634613250119,0.001732204763376166,-0.0003087790496145489,-0.0002055902094313658,0.002154156585016643,-0.003094594347068804
CS2_36,641,0.821827253742633,0.8221587040770503,-0.0003482075342309774,0.0001782637415985862,-0.0010216775846123123,0.0013176434925868132,0.000260343189292125,-0.0007178156394571371
CS2_36,642,0.821283794405133,0.8227952433289826,-0.0006109073991990405,-0.0033212531129071694,0.002299789348961245,-3.145653691649831e-06,0.0008766843650515611,-0.0007526164722705692
CS2_36,643,0.8212510396822807,0.8202236347250302,-0.0006289555164527579,0.0032091260800940474,-0.0048663762886947655,0.0007299692342846449,0.001296179260504364,0.0012874621873209672
CS2_36,644,0.8215822529858272,0.8184342364068306,-0.0008342047140484916,0.0013233166530850534,0.0018835825821695627,-0.0008308404013980213,-0.0007194596654981502,0.002325622124371109
CS2_36,645,0.8223886462424517,0.8165554668156187,0.004730196371968117,0.00013465410132273541,4.154387759705609e-05,0.00024062247857065298,0.0006810361146173978,5.126482145281041e-06
CS2_36,646,0.8228776630825863,0.8126266537469384,0.009356323226875345,-0.003227101085474441,0.002156381716808261,0.001736107293814826,0.0005874113727102878,-0.00035811318987770814
CS2_36,647,0.804901759446376,0.8079967947792567,-0.0030053087968345176,0.0008413059874485007,-0.0013575797232754786,-0.0008038806634250981,0.000602920412949729,0.0006275074560650716
CS2_36,648,0.7940577078191281,0.803319265499047,-0.009058212248786444,-0.00034241764148585475,0.0003409593414911246,0.0006186498651100015,-0.00047147739705456987,-0.00034905958940264874
CS2_36,649,0.7884683985004248,0.8006141931337925,-0.009509157247871072,-0.0027391841307049885,-2.0137943134140562e-05,0.0003224653102621308,0.0009834586050953642,-0.0011832392151721878
CS2_36,650,0.80326103812398,0.7984531586470037,0.005483527687801618,0.0017843352181077772,0.001257517333018049,-0.0016044267741456952,-0.0012277863749116872,-0.0008852876064824779
CS2_36,651,0.8046828339891583,0.7930569031391886,0.009532210266008668,0.0009636484549676751,0.0004111645595745646,-0.000453221690173667,-0.0016543371871449775,0.0028264664526266472
CS2_36,652,0.7965055291165837,0.7924087106544505,0.0031119062849857674,0.0030065084073468964,-0.00196608795253299,0.000787432053623236,-0.0004805934951722731,-0.00036234682722578054
CS2_36,653,0.7838737894279468,0.7868503644176326,-0.007755222030257341,0.002190791575290582,0.0008388696744754891,-0.0012871113794089737,0.0009661357438891988,0.0020699614398549636
CS2_36,654,0.7849067392195925,0.7887552888150513,-0.0007661519961460302,-0.0017640961691414304,-0.0005830547508014611,-0.0017143502063173778,0.000979816031546205,-7.124914483208234e-07
CS2_36,655,0.7835947958936851,0.7888080515158806,0.00027116937778401266,-0.0051357594801133295,-0.00019076423675339513,0.0012477139857514016,-0.00224957953869247,0.0008439642834603673
CS2_36,656,0.7835989699686214,0.788016728904825,-0.0019477592999409582,-0.0017929562714707164,-0.0011834132461470558,0.002464625858187574,-7.606443011120393e-05,-0.0018821915330906427
CS2_36,657,0.7825259653604615,0.7898806692638779,-0.004773354184581262,0.0017942512101229834,-0.0012831485908100764,9.10296513329209e-05,0.0004515682547271118,-0.003635050230183516
CS2_36,658,0.7910353083220816,0.7879275517831378,0.0017160073312757452,0.002673475103940875,-0.0002787702195898847,-0.00035563022064373956,-7.408189813250477e-05,-0.0005732435470064978
CS2_36,659,0.7950184549547679,0.7848698128252862,0.005152010232023474,0.0006125432272372526,0.004223925416741823,-0.0012535894279418172,0.0009821538304107915,0.0004315988604478799
CS2_36,660,0.7960581537373237,0.7842133225695855,0.009376321030719684,7.274146848545586e-05,0.0013555910056810337,0.0008083449117964024,0.0002473791650760195,-1.5546404964422188e-05
CS2_36,661,0.7798850272970892,0.7821448287389255,-0.006351153498913382,0.004985159535845493,-2.3607345876795384e-05,-0.0025167009087202767,-0.0008141358901430587,0.0024606366809658774
CS2_36,662,0.7761695154431436,0.7818264418262199,-0.003271474320381272,-0.001227877719457259,-0.0001963603623783028,0.0015472818015483192,-0.002680388345153016,0.00017189257910376734
CS2_36,663,0.7766063462238737,0.7790673033281474,-0.001049455171710891,-0.0015480170043051258,0.0005773493461079392,0.0006652410084265447,0.00015910335629317098,-0.0012651786228873676
CS2_36,664,0.7779872571692614,0.7802978750090349,0.0010035776433528496,-0.0004504670083306337,-0.0010992300382837215,-0.0012898267050305047,0.0013964557150386383,-0.0018711274308290476
CS2_36,665,0.776163318030596,0.7797257694928221,0.0014352604864895525,-0.0030931880011031226,0.00014250742581844447,-0.0016402569226712101,-0.002442043652647935,0.002035269218248867
CS2_36,666,0.7755632724732671,0.780512348080266,-0.0028575113191465916,-0.0006520621436700505,0.0007971846552154653,0.0003054026017357699,-0.001655059592787794,-0.0008870297917647097
CS2_36,667,0.7848268344785332,0.7835337513212725,0.0033388235958479824,0.0015000716532083027,-0.001209687242828981,0.0006614509131112846,-0.0017955534421822577,-0.0012020223067158021
CS2_36,668,0.7870161960294482,0.7842908623703441,0.004666238359110504,-0.000545940587906167,-0.0016790040948722765,0.0003719680116464894,-0.0003370984218152464,0.00024917040531672875
CS2_36,669,0.787564056930556,0.785100056202024,0.003623530653904781,-0.002590313625402932,0.0017162237567475017,-0.001159328807638957,0.000815756955601564,5.813180749469758e-05
CS2_36,670,0.7688095350176347,0.7813240984982242,-0.01500550851623892,-0.005117934327396513,0.0031575949944211592,0.0024146849406335848,0.0006726078508449652,0.0013639915962070516
CS2_36,671,0.7660479606774864,0.7766662265323789,-0.0181148197625115,-0.0012430765214758762,0.0022206267389199928,0.002151076736606288,0.00017277065055982532,0.004195156323083388
CS2_36,672,0.7684201770352672,0.770155876835773,-0.012235894142529619,0.003197186509089184,0.003943696992790212,-0.0004001224183432555,0.0019836752599323086,0.0017757580177590417
CS2_36,673,0.7672820543598355,0.762778508451782,-0.00914942712986339,0.010116617888821561,0.0022656259506087404,0.001345695055516874,0.0024841082457966995,-0.002559074083205304
CS2_36,674,0.7645205609156989,0.7487753434841932,-0.00056724432419525,0.010823441884647563,0.000990634051939186,0.0006270120113245271,0.0019439421020269075,0.001927431726398285
CS2_36,675,0.7653331460955677,0.7393861682775091,0.018802221800696347,0.006107282608092831,0.0006614005378921075,-0.0012145108529068602,0.0005037165903804103,0.0010868671542409297
CS2_36,676,0.7807453884707662,0.7325515659950249,0.05499103830969288,9.29214500611526e-05,-0.002981371714937273,-0.0009398613269223858,-0.002067836162917619,-0.0009010680645570944
CS2_36,677,0.6541894979826708,0.7277159654470021,-0.051106165720314345,-0.012812741796820428,-0.0028544171665039913,-0.003427936207156081,-0.0002616914660376949,-0.0030635150463533462
CS2_36,678,0.651973698778864,0.7297088183614447,-0.049572693512633444,-0.014952459062754327,-0.005112217090762313,-0.0002533599431444692,-0.004262004241271973,-0.003582385670055216
CS2_36,679,0.7718976302449079,0.7318449901734789,0.05272397791126678,-0.0048591499165998985,-0.002962971580339908,-0.0016686113550836153,-0.0013642646601222004,-0.0018163403097652335
CS2_36,680,0.7697149760403761,0.7401278156766933,0.027123821319927306,0.006636916932038315,-0.0006798290572733238,-0.00126957550497771,-0.0008758208503785677,-0.0013483524569248419
CS2_36,681,0.7707196602387221,0.7498677279946003,0.007357801215642978,0.009156453421137578,0.0023880908523328834,0.0015089182835453289,-0.002466331705824298,0.002907000195646748
CS2_36,682,0.774010575607992,0.7615639685856705,-0.0034496763977207696,0.00905686327753691,0.002936804486862639,0.0006572457470657195,0.002656629270120155,0.0005887406556079813
CS2_36,683,0.774765701317552,0.7727037304132609,-0.012770226945171891,0.0061360468581089424,0.004486707486783936,0.003065442885155136,0.0018206003511403418,-0.0006765997148515871
CS2_36,684,0.7734396580748317,0.7808488029933014,-0.015974738159021333,0.001674744287275863,0.002267545937487715,0.0007456215741943577,0.0025257767838293426,0.0013519046751251432
CS2_36,685,0.7843617315533287,0.7864836605279968,-0.007606200417007825,0.000880872990365069,0.0005819656716347518,0.00250025606063023,-0.0003402133698547315,0.0018613901029149351
CS2_36,686,0.7877524287483197,0.7919983891243989,-0.0019295805274127892,-0.0012039650698386006,-0.0017794705626932726,-0.0001412288326988046,0.0007144531609724807,9.38314676973582e-05
CS2_36,687,0.7892637607056159,0.7923602847580647,0.0030992273244758507,-0.005171936465337641,0.0015295805682726065,-0.0030910940822714127,0.0005585149316385818,-2.081631767617023e-05
CS2_36,688,0.7904441813012859,0.7931412051321401,0.0022795684112397576,-0.0023215625742992094,-0.002543786706290839,0.00012490535306137557,-0.00023999603813005936,3.8477346819692305e-06
CS2_36,689,0.7907818224066645,0.7943808817143883,-0.0007934816270828575,0.0005981157719990944,-0.001054149614439234,5.8799105693280975e-05,-0.00044094531342652805,-0.0019673976194742554
CS2_36,690,0.7908833726393638,0.7917136321980447,0.00018440996664696797,-0.0012158342734809216,0.0027581044796133945,-0.001089371235785904,-0.0016917800200314218,0.00022421153531296476
CS2_36,691,0.7914505656504076,0.7907542189951857,0.0018274413409247875,-0.0009115622145856679,0.0009463020135219432,-0.0003759756860352991,-1.802852638102693e-05,-0.000771830261475083
CS2_36,692,0.7918388597566306,0.7909301064842208,-3.571847813970335e-05,0.0002802743110305922,0.0015714557875896016,-0.001256316439235837,0.0024374182179760008,-0.002088360116205672
CS2_36,693,0.7920802900216017,0.7915660089342178,-0.0020357081867286206,0.003704511318058168,-0.0017914470057051818,0.004959984529576725,-0.005039083173704569,0.0007160236164038986
CS2_36,694,0.7921311857567943,0.7919414746374683,-7.256205212242933e-05,0.0012810873749553747,0.000674141484341929,-0.0006503463869718948,-0.0006015559570422081,-0.00044105333333700444
CS2_36,695,0.7918729697498605,0.7930138228388458,0.0009206251639253003,-0.0017478878659061702,0.0024354632022121963,-0.001558376020889123,0.0002691520422826392,-0.0014598296000174888
CS2_36,696,0.7916267421225243,0.7908361942235417,0.0008372657649587138,0.00014679140837873926,-0.0017305682921921364,0.0006033218887703235,0.0006043135825877146,0.00032942355716233045
CS2_36,697,0.79513007539055,0.7913995073986232,0.00483567068637295,0.0005351429678980387,-0.0033217387050176322,0.001237293494353643,-0.000879320846140379,0.0013235204038569929
CS2_36,698,0.7857091668710751,0.7902622018915787,-0.005240842571439335,-0.0017609548356247809,0.0020559153668084735,-0.0011455623648183107,0.002548570199768568,-0.0010101608023424522
CS2_36,699,0.7786256379174099,0.7891637747611304,-0.010111558756813722,-0.00034045828220896266,-0.0007667290255918324,-0.00044569096970599063,0.001109497322186905,1.680288386969102e-05
CS2_36,700,0.7919824733618892,0.7877433467571612,0.0026188366164307504,0.0019305506324901831,0.0008913505316340707,-0.001075347789873936,0.00113540487483039,-0.0012616682502310033
CS2_36,701,0.792428808872645,0.7830674046828355,0.006211041546652591,0.0010829447939651696,0.0001028972686762694,0.0012429107552793899,-0.00024068877641689898,0.0009622986120415463
CS2_36,702,0.7918718609702484,0.7822386640485659,0.008878637473567721,-2.9254933993008024e-05,0.000671838075266295,0.0009889481291950526,-0.001736668334327753,0.0008596965225672259
CS2_36,703,0.7750534100078577,0.7780601945439491,-0.0035989727671894467,0.001186891981976053,0.0010721739388831657,-0.0035003820928593003,0.0013180701408275499,0.0005154342790386762
CS2_36,704,0.7668171228832641,0.7751549189985809,-0.00605939666993457,0.0002978450229141158,-0.00112838475324998,-0.0013977145465829753,0.001088426282955501,-0.001138571431626581
CS2_36,705,0.7681055131883294,0.7717727116812035,0.0007805070541658656,-0.0006833089741580322,-0.004637499126820053,0.0015929902070971826,-0.000920043314469245,0.0002001556806294122
CS2_36,706,0.763726699151734,0.7707135331730023,-0.00038928683779748175,-0.0020953854827480303,-0.0022512963136827506,-0.00074570968895154,-0.0016828910808474277,0.00017773540368592385
CS2_36,707,0.7628101669056164,0.7691757776195567,-0.0036166774608083416,-0.0012648412649131785,-0.00047391054217855414,0.00028994278740676464,-0.0011460701450047783,-0.00015405406717869123
CS2_36,708,0.7610565189952112,0.7673333388062767,-0.007235501744636945,-0.0007127888955497035,0.0010030215019324364,-0.00031780146806397987,0.0011023492792879704,-0.00011609846212791945
CS2_36,709,0.77816761591248,0.7687001231824,0.006613603238204166,0.001275934311689635,0.0007058198528246596,-0.00019376152179030788,0.0035387985140685014,-0.00247290164929183
CS2_36,710,0.7795093722596729,0.7667599318887851,0.003977135923336716,0.004003243843279413,0.0023244655571012336,0.0018554803951503491,-0.0019909301555459157,0.0025800448226980647
CS2_36,711,0.77971041200942,0.7661812395372611,0.009121457093283786,0.0020678220893573522,0.0011732465465364849,-0.00014000729242164903,0.0012000563505206606,0.00010659769994058891
CS2_36,712,0.7613790357256924,0.7642370358632216,-0.006302536897246834,0.0007142423348233105,-0.00019311477608918706,0.0007672689378033544,0.0009467585579370835,0.0012093817270321533
CS2_36,713,0.7550109658126036,0.7614966635458443,-0.003526206453988711,-0.0037285060860306075,0.0005581526388826983,0.000655259396463231,-0.000817697639263351,0.00037330043482317407
CS2_36,714,0.7550183892418705,0.759998943320274,0.00013775702805833288,-0.002201593714831704,-0.0017169209505493877,-0.0007962709188113114,-0.00029609902475108597,-0.0001074264733938584
CS2_36,715,0.7507109806888614,0.7583203048592362,-0.0022884945940093568,-0.0008744682483486653,-0.0002916531404680096,-0.002957463801398756,-0.0011068642414072186,-9.038011903677848e-05
CS2_36,716,0.7482509602674412,0.7595848959457753,-0.005063246844868121,0.0012868153008866504,-0.004726382162122914,-5.3902389451995304e-05,0.0007011655850908248,-0.003478385141259355
CS2_36,717,0.7475042335861506,0.7548930987990646,-0.006909640476053735,-0.001913066917446374,0.0008704606464727959,0.0030862942681464745,-0.00312261635035583,0.000599703643206036
CS2_36,718,0.764762673330246,0.7560224345496043,0.008484406430220746,0.0002112468585940584,0.001980558941797596,0.0008644391623402937,-0.001361372659382159,-0.0014390399323821908
CS2_36,719,0.7663058222136172,0.751510734896081,0.00812090226283676,0.002895797322396107,0.0005659279582991196,0.0023285123694624862,-0.0002962893194862018,0.001180236744008022
CS2_36,720,0.7662638638860138,0.7520940150170783,0.008564882497983517,0.0019220759583506912,0.0022536146381409877,-0.0009175298631854969,0.002312951480615328,3.385417702586168e-05
CS2_36,721,0.7470441213040147,0.7487844973165169,-0.006218971342612977,-0.0009207336367982368,-0.0003932164412711678,0.0039217750290876305,0.000628038062643281,0.0012427323435015378
CS2_36,722,0.7396249045671901,0.747800660777616,-0.01124665893129164,0.0008025214849606107,0.0029118704497671163,-0.0006598769638119824,-0.0006822049159972117,0.0006985926957236267
CS2_36,723,0.736285335122183,0.7456585904305757,-0.009384091156187819,0.0029776872974620243,-0.0021150841207181873,0.0004348517874357187,-0.0010833386169134362,-0.00020328046846845795
CS2_36,724,0.758327412439221,0.7387905637415864,0.017935428145106076,0.00196087421610778,0.0016762123545723407,-0.002625512032016086,-0.0011274329064743566,0.0017172789432482972
CS2_36,725,0.7423692010788681,0.7355655981345345,0.010713849877648925,0.0010530388147111454,-0.002460468567351787,-0.0018923265449485346,-0.00035191869108304686,-0.00025857191587435203
CS2_36,726,0.704368369894137,0.7278311880902307,-0.017288519906108007,-0.003764250435145511,-0.0011971385245218328,-0.0015736481307103308,0.0013744470802481033,-0.0010137082371346954
CS2_36,727,0.6916907904197229,0.7180485222216684,-0.022671819349062695,-0.0063057871973905295,-0.0011357369899700706,0.0007544156543251199,0.0014505596324432574,0.0015506364950856914
CS2_36,728,0.7166772892551259,0.7107271219016218,0.009547787998702276,-0.008818801731342377,0.003087023531695187,0.0011462431466573173,-0.0004082343101752625,0.0013961487561689597
CS2_36,729,0.7195931411806278,0.6961771737666053,0.014351857724792407,0.0019865225751542087,0.0017632442564512023,0.002726750394462854,0.001918627849940056,0.0006689646503532468
CS2_36,730,0.7196199736307571,0.6811768626576521,0.01660461395376979,0.011045663713782003,0.0041075467762286474,0.004126723255201307,0.0007674863028215017,0.0017910770084233715
CS2_36,731,0.6812548291925546,0.6656032884439584,-0.010489565816129377,0.019134392760994202,0.0039528588986423386,0.0024611047581221887,0.0002946825476458912,0.000298067650528966
CS2_36,732,0.6658543789271469,0.6474928965590708,-0.0016133435241413763,0.015807829162566747,0.0022446400369096706,0.0009145146054682949,0.0002132288053919741,0.0007946133387433263
CS2_36,733,0.6578982470673331,0.6330377022488318,0.026740805771344286,0.00425953494877429,-0.0029892929255796795,-0.0008458677139016145,-0.0033763080269998713,0.0010716728246476283
CS2_36,734,0.648399870955835,0.6219709673240532,0.05125755901754852,-0.013998176894857467,-0.002388476076376028,-0.003795473455456703,0.0001875736219315484,-0.004834102517736881
CS2_36,735,0.5074583603828957,0.6157553871642327,-0.06506130909704075,-0.024984757400042176,-0.0062357396277327925,-0.0037620855522185167,-0.003926429641819323,-0.004326705347463183
CS2_36,736,0.6419024437891423,0.6084925345469289,0.06014938009538556,-0.014831861524547778,-0.003685502017653,-0.005248926411915887,-0.0007284786101417306,-0.002244702223256888
CS2_36,737,0.6406065079592054,0.6100044108914304,0.0364369910177775,0.00045675602293058457,-0.003531339077634981,-0.001531095336304736,-0.0010303055419032007,-0.00019890995095749376
CS2_36,738,0.6644637140897451,0.6178988513182427,0.034353261286672994,0.013267497175519496,-0.0006842538903031722,0.0010983619797968755,-0.0013255248279383498,-0.0001444788948723296
CS2_36,739,0.6713027254917989,0.6229247576996846,0.024822245659994437,0.013435414517658948,0.006447402221933076,0.0021982807788776156,0.0013748217033472095,9.980296516512822e-05
CS2_36,740,0.6750956411984674,0.6292415715969418,0.021240004215277414,0.012128662746574329,0.005599534727520207,0.004042573116742815,-0.0010245681665020658,0.0038678630153823647
CS2_36,741,0.6399592733907653,0.6385385887915945,-0.019642641664558168,0.012026928285740549,0.004662113421525371,0.0010201700269791237,0.0031711857843216727,0.00018292881153256826
CS2_36,742,0.6306836428538585,0.6423972953397691,-0.023325213062128595,0.006552810317209725,-0.0015064040477565186,0.004029820209169539,0.0027758631909273273,-0.00024052902355608388
CS2_36,743,0.6292804350256631,0.6415405700595563,-0.013300998828528395,-0.00464383988968227,0.002393105956139966,-0.0005763469533143061,0.0005260362115878244,0.003341908540195151
CS2_36,744,0.622612633887357,0.6440659001762449,-0.012731238580254378,-0.005908776054463726,0.000366941949625555,-0.0011556047055950554,-5.8161923196348166e-05,-0.0019664269022644366
CS2_36,745,0.6199481908691382,0.6409446129225032,-0.009569565083136567,-0.006315462487490402,-0.0030595986380908017,0.001383635960115704,-0.0010977029639577722,-0.0023377287670873857
CS2_36,746,0.6120471979972368,0.6384199139710751,-0.014159150153135104,-0.006257216285972201,-0.0024838687790665528,-0.0014129109728315526,-0.0002804010991411026,-0.0017791686070730446
CS2_36,747,0.6242052812204655,0.6365632511446601,0.001419928013379116,-0.007368639634692947,-0.0016100723052211929,-0.00393154343562246,0.0007523162740597265,-0.0016199587639421677
CS2_36,748,0.6416816996363384,0.6368147318110693,0.017582598277279766,-0.004117855740731776,-0.0022754181102234857,-0.0029997826466885468,-0.0018621467034591773,-0.0014604271851697559
CS2_36,749,0.6467872750691548,0.6362156212544874,0.020795779077184516,-0.0050743215157790485,-0.002222226014674919,-0.0008655869284885743,-0.00039618791405217677,-0.0016658028256590395
CS2_36,750,0.6505518067026017,0.631139711257544,0.0188020046326291,-0.0020255346548114987,-0.0011932740148557037,0.0001470967720858382,0.0024243039992067803,0.0012574987732843208
CS2_36,751,0.6169369578912551,0.6312251857111933,-0.01773029952277027,-0.0006694227102563116,0.001701782503987218,0.0022611977943918318,-0.0005372098141254704,0.0006857240036581784
CS2_36,752,0.6048425564754609,0.624262702420072,-0.029650066264599644,0.0018353156919783961,0.004351879854825209,-0.0009561541709190861,0.000921972000458425,0.004076907022909626
CS2_36,753,0.6087175886595197,0.6169802820360601,-0.027681135999153117,0.008201609318026977,0.004172452470482058,0.0026845761930762743,0.0017080556668992116,0.0026517490519694874
CS2_36,754,0.6053271475386239,0.6060046380299078,-0.021754790694329274,0.013219684415966092,0.001200825148057147,0.005502801623979572,-0.0011832412793991475,0.0023372303735279
CS2_36,755,0.6036751557965374,0.5893587045251955,-0.01166478434531112,0.016402434403300283,0.003925255637881905,0.0010937745847106656,0.0031253161723497976,0.0014344548981030478
CS2_36,756,0.5964885149882555,0.577031407693613,0.008937470812054189,0.012473045103160458,-3.7149250041433386e-05,-0.0016781331517978875,-0.00032817666218447073,9.00505257828975e-05
CS2_36,757,0.590943362158523,0.5643534886565886,0.03814329783351903,-0.00412455004451335,0.001680624969900713,-0.005014575289164586,-0.0009071862098483769,-0.0031877376735918147
CS2_36,758,0.5881878474217039,0.5482377591015987,0.06682277798544181,-0.018051694097102514,-0.0031940211546840117,-0.0048593513008636504,-0.0013022318814746726,0.0005346088541673816
CS2_36,759,0.43330696715842265,0.5460297248477122,-0.07279322856704018,-0.02141873133594335,-0.00810904421768584,-0.003967140440962521,-0.0039962966700869,-0.002438316315324579
CS2_36,760,0.5813145803417754,0.5431940097047281,0.06650166977057867,-0.017644601046743758,-0.003465055335202377,-0.002527703670441488,-0.0019557429745481955,-0.0027879960186928026
CS2_36,761,0.578986689657274,0.5505654195046148,0.03848686299636298,-0.0016155413813258776,-0.003243650476429935,-0.0005692678967684058,-0.0003201087049751399,-0.004317024295447129
CS2_36,762,0.5739679659952657,0.55194086074125,0.0026778065011608112,0.012384749906793424,0.003090866771697319,0.0011710555470817042,-0.001075712970987966,0.0037783395888704606
CS2_36,763,0.5750292109330388,0.5658051695163611,-0.01637430415834692,0.017007506514710967,0.002654005462201892,0.005922569257894301,-0.0004394057670945029,0.0004536701975225096
CS2_36,764,0.576677207027501,0.5731220089841399,-0.026290343304663302,0.017209905757285596,0.002489399566732835,0.004727455895289242,0.002096220850623721,0.0033225593676984187
CS2_36,765,0.5955728317186946,0.5853230488633443,-0.007470714144002363,0.006180074404034482,0.007993927471050223,0.0024137474337723452,0.000734024574593104,0.000398723198570025
CS2_36,766,0.5961699853347113,0.5917089866854665,-0.0011622275496007957,0.0007496887006627855,-0.0003900168277484462,0.0016975313601386539,0.001625572964347024,0.001940450083893948
CS2_36,767,0.5947047375044434,0.5988973322116272,-0.00022339445420619397,-0.003615242187031045,-0.0006145582769977912,0.0013968154883756928,-0.00019876984422371788,-0.0009374453501144237
CS2_36,768,0.5940103479962495,0.6022536420084841,0.0018277910342319162,-0.005195375981051665,-0.001119349720569583,-0.0029486443890308746,0.0010187338357684403,-0.001826448708341536
CS2_36,769,0.5932386271872936,0.6014406503794845,0.0022343877810872973,-0.00595018344286703,-0.003760033765414543,4.921324385906111e-05,-0.002414676893829582,0.0016392699684985078
CS2_36,770,0.5926832531244592,0.605132847206431,0.0012972934482036566,-0.005107791803409408,-0.002824113869250439,-0.0031947586249507663,-0.00019125276129715053,-0.002428970387539099
CS2_36,771,0.5938655394099044,0.6052626191920201,-0.0003982292844850007,-0.004943085828967701,-0.0014571773932184886,-0.0033843196233866225,-0.002232425437830224,0.001018157869066818
CS2_36,772,0.5940266221973438,0.6045950000080682,-0.0063852568306980535,-0.0027153197121246105,-0.0027387751744971183,-0.0004611137039250875,0.0014055732971020155,0.0003265143966537505
CS2_36,773,0.59358258656194,0.6038237565272322,-0.015760585726618214,0.0020314730714578967,0.002915362559653754,-0.0011160466337666686,0.001835099201139288,-0.00014647235375997474
CS2_36,774,0.633120678646873,0.6065726946402163,0.018349740553127443,0.0023404268238314593,0.0023714353585092096,0.003396815616316458,-0.0003697299044326426,0.0004592956281860763
CS2_36,775,0.619766444785901,0.6059313416152672,0.004347812666571195,0.003946992437967668,0.0020638571458663026,0.0014751475205430351,0.0015772642941690649,0.00042402917930105044
CS2_36,776,0.607642918576375,0.6042042936937275,-0.0029219419571464276,0.0037999547131440654,-0.0012195215832515476,0.00121060228736141,0.0015560613080981818,0.0010134701926775187
CS2_36,777,0.5979663519752731,0.6006375805241678,-0.003024622773895629,-0.001847126723739978,0.0008744786977373792,-0.0006489413514929491,-0.0006480638929624454,0.00262304757724772
CS2_36,778,0.5903093880853438,0.599147253086738,-0.002574350129373111,-0.0025573830369941767,-0.0015292991496372152,-0.0006205615911734523,0.00021574018777180108,-0.0017720111973878383
CS2_36,779,0.5852559118389498,0.5927826606684289,-0.0006955896253624175,-0.0011377943611201753,-0.004401378740234911,-0.00043070723310646713,-9.861534671866383e-05,-0.000762663436480927
CS2_36,780,0.5809823360193023,0.589439380449528,-0.0009916832089444055,-0.0018485135343410133,-0.002315861414993549,-0.002405182554160377,-0.0019313205522625472,0.0010355169225007724
CS2_36,781,0.5792136489324093,0.5861043411630663,-0.001411374568826006,-0.0019009733146940209,-0.0012105614341276776,-0.00032073499783552204,-0.0016040967244907304,-0.00044295110200887647
CS2_36,782,0.5763297482844205,0.5853824096687276,-0.007234946633889275,0.0017684973032322739,-0.00045699193520312026,0.0009726392330312027,-0.0018433394222711853,-0.002258519839473982
CS2_36,783,0.5922603703881517,0.5788464664845775,0.008726465603927034,0.0027827566651906274,-6.713872056155546e-05,-0.00029663168777388423,-0.00020272199501641347,0.002471174121692189
CS2_36,784,0.5855806592614847,0.578688404536872,0.0015654969395256526,0.0013453644616322443,0.00266850713157533,-0.0013774000880032188,0.0017745165222868154,0.0009157698439322662
CS2_36,785,0.5846918732500885,0.5761104236709998,0.0010220527171812463,0.0033552275063274597,0.001295026541924238,0.00022797222632374458,0.0024839194226810215,0.00019725125131371193
CS2_36,786,0.5808046635913762,0.5733483208150155,0.0024685467353784134,-0.00011034958842464069,0.003420822269808361,0.0001756200064051232,-0.0008646786816354238,0.0023663821229187735
CS2_36,787,0.5741267634738385,0.5733647212474665,0.0007058325586477356,0.0005985052673957504,-0.0001843118850516736,-0.0005544115385785693,0.002345573388658286,-0.0021491454741577047
CS2_36,788,0.5669748859386861,0.568698272231354,-0.0004860361823031931,-0.000893293432270788,-0.0009908384631933458,0.0022851359172243275,-0.002614966405816657,0.000976612366859463
CS2_36,789,0.5635769680793405,0.5708412679908824,-0.00031919669112653176,-0.00263295674586446,0.0006860612518606087,-0.0027705013394611283,0.0009780085421207062,-0.003205714834655682
CS2_36,790,0.5608682207925586,0.5697779938381369,-0.001369665454470786,-0.0012794064868359824,-0.002764893278918168,-0.0034651330402716523,0.0023857270597361833,-0.002416401749408013
CS2_36,791,0.5595904576203328,0.5685251847013901,-0.00136600564779765,-0.0038470676724412793,-0.0018031788966645411,-0.0016122637956986854,-6.903748082576378e-05,-0.00023717349175042142
CS2_36,792,0.557077120826099,0.5673360576218158,-0.006210073387456426,-0.0026835484069884894,-0.001906741900806316,0.0003653421952302686,-0.0017506461387620871,0.0019267309398681412
CS2_36,793,0.5547893450713239,0.56523307277642,-0.010715527689403537,-0.0010028048467981918,-0.0016685041652870092,0.0004571455944953398,0.0008685756636032107,0.0016173878359359815
CS2_36,794,0.5590231343095677,0.5629487662804896,-0.007498788556918922,-0.003273051186714895,0.0027745810289397377,0.0005932907123161846,0.002096447435753388,0.001381888691790044
CS2_36,795,0.5929741068379961,0.5568517250377334,0.023224779121619625,0.004022236997551363,0.0022965490802099686,0.003583470982850767,0.0029117784717332586,8.356722991944968e-05
CS2_36,796,0.5636430165537991,0.5450793194235033,-0.0037337109244340696,0.010935764856629131,0.004612069419832529,0.0008042094212731491,0.003568369390806436,0.0023769950605796917
CS2_36,797,0.5554428616835718,0.536159887552764,-0.0030064608333162765,0.013609672280946773,0.005647248695146958,0.0004995513464871581,0.0017821200576078856,0.0007508426813371859
CS2_36,798,0.5470740411653328,0.5246343915635585,0.008073547336889184,0.013357264983466916,0.0016914667165572233,0.0008198958641508137,5.4941656686067125e-05,-0.0015574668555012401
CS2_36,799,0.541122658605536,0.512433370829129,0.02958622749014692,0.003157221929419509,-0.0027978155600925916,-0.0005170717544906557,-0.0025426441467613944,0.0018033699208451336
CS2_36,800,0.5362652798250807,0.5073299818571575,0.054385578254683084,-0.013080140039728438,-0.004990305815111192,-0.004042912148473584,-0.0014655705207929756,-0.0018713516582103819
CS2_36,801,0.40516440857085456,0.5004849083776621,-0.06089688770858696,-0.022155820286077633,-0.005814967335962469,-0.004294760206506471,-0.0014267050386002097,-0.0007313590784945478
CS2_36,802,0.5307213815837315,0.5013227459100646,0.055009334561015075,-0.012477890611853682,-0.004139470289134669,-0.004653739042696393,-0.0019394345723637337,-0.002400164264820969
CS2_36,803,0.5284218836606982,0.5054968449696187,0.031732593815390085,-0.0015766690134308334,-0.00288721311095949,-0.0004918254479314463,-0.0017024166683095839,-0.002149430776356006
CS2_36,804,0.5245410711323366,0.5110354690380361,0.0020042097472216295,0.010769683369213766,0.000428468093333134,0.0003418573152977547,-0.00021766768008113415,0.00017905135806350737
CS2_36,805,0.5220322338710552,0.5163214110740767,-0.01617583242216314,0.014929405071626444,0.0010068733247073013,0.0038165762427159575,0.002381889851484117,-0.00024808916172291853
CS2_36,806,0.5266130955352466,0.5216833987778131,-0.015833772514566833,0.010099459414145577,0.0062094240764415205,-0.0004900878136599151,0.0026871672699471647,0.002257506433113233
CS2_36,807,0.5238251381969405,0.5256674753544269,-0.015987450091011324,0.004151865152202885,0.005756547748251206,0.002967177307629725,-0.0001602953328421833,0.0014298181672943197
CS2_36,808,0.526164748691631,0.5265781302279253,-0.006022890385367888,0.0008932744699168908,0.0016727995454557097,-6.313284698839418e-05,0.0007293673089460562,0.0023772004798951127
CS2_36,809,0.523010514089318,0.524606679255992,-0.001727639374700068,-0.0018389538200681097,0.00045689581348403526,-0.00036622884365943015,0.0026264359704710177,-0.0007466748028915013
CS2_36,810,0.5149595591784859,0.5200114765144934,-0.0019052048505885566,-0.0018880625471522166,8.030452087835107e-05,-0.0018739667029563783,-0.00027963361539124203,0.0008146459714686817
CS2_36,811,0.5125140004750826,0.5149788446142334,0.0029658440069735936,-0.0002239489351678843,-0.0032364102191720207,0.0015960875913295022,-0.0013517721360329132,-0.0022146443339171296
CS2_36,812,0.5091043862809634,0.5071005042461527,0.006295704789509748,-0.0012731841627039427,0.0008678689018320189,-0.002780567016319198,0.0012589813751351017,-0.00236492173822715
CS2_36,813,0.4953980703615386,0.4978139862744299,-0.00011950110416108649,-0.001532926824721949,0.0011865460033824871,-0.00158462098423433,-0.0012287436608009077,0.0008633307770928711
CS2_36,814,0.491884029389567,0.495173876313197,-0.0008046240816126607,0.0004050300916530266,0.00039502320305885704,-0.0014359508667742531,-0.0016046067544171398,-0.0002447183947991881
CS2_36,815,0.486946993655728,0.4895475222026783,0.0007462113114079234,-0.0013207751923092139,-0.00045114951319502725,0.0005043572196664567,-0.0017774333254136463,-0.0003017389245552766
CS2_36,816,0.48517059755538483,0.48552015698445183,-0.0016415050762120223,0.0010870775972175058,-0.00046314529101780386,-0.0007432477781574936,0.0013028638851449064,0.00010839735716151069
CS2_36,817,0.48647456188451343,0.48460189649133767,-0.000499801652601871,0.001706759769921032,0.0008313615391850962,-0.0007056914360007373,-0.0019937370916361,0.002533774387033141
CS2_36,818,0.4895954877631148,0.48821437687411234,0.0015514457442749872,0.001664553063640217,0.0004976490170242449,-0.0029019355120952135,0.0027978330592874035,-0.002228434361550214
CS2_36,819,0.4888644802174369,0.4880976938646009,0.0022147383626924524,0.0010451322437421953,-0.0017828397524366944,0.0047747203333731135,-0.0031989884054918895,-0.002285976307195806
CS2_36,820,0.4854730792336319,0.4868174540515949,0.0023712884603652776,-0.0022993398959053144,-0.0009497628705178515,-0.00015966503868945553,-0.0008328066723685682,0.0005259113222454169
CS2_36,821,0.48174353583401697,0.48992236341883044,-0.0020436079846367036,-0.004875151774172747,0.0009352128582393132,-0.00011992134450797258,-0.001996762196587241,-7.85970186861756e-05
CS2_36,822,0.47589228752905655,0.49073325071145746,-0.006657186370259857,-0.002449620282385049,-0.004508819583139781,-0.0008901281486429116,0.0024307162663881362,-0.002765924937751192
CS2_36,823,0.4713610454769359,0.4884451146749566,-0.01319326788342618,-0.007422299716376907,0.0021218488760789914,-0.00048248794092771213,0.0011569371654001925,0.0007352004295049101
CS2_36,824,0.502021087152544,0.48245433723448133,0.01539701439577245,0.0004437302162640444,-0.0009971626155586282,0.002098578885936101,-0.0006196045527487211,0.0032441937054141366
CS2_36,825,0.48691921953795403,0.47422328185836593,-0.0010330243395733738,0.003800823383763239,0.003147291296065498,0.004503999481207577,0.0003164662144795596,0.001960381766207124
CS2_36,826,0.47395869950288505,0.4663503339903511,-0.012890015479205048,0.010857949598040883,0.0068792598429919345,0.0003061179453022108,0.0024579039099665028,-2.850177242329042e-06
CS2_36,827,0.4651810262594349,0.4526057388734861,-0.006684704611362326,0.01270669007523634,0.003004826331701918,0.00269378741529945,0.0016885678772824149,-0.0008338795716659766
CS2_36,828,0.4595935159685689,0.4375878062091471,0.00788347187675645,0.009419439009108528,-5.091970863528996e-06,0.002886115413579838,-0.0004805308302574717,0.002302306393692664
CS2_36,829,0.45470169379221526,0.4268953074128335,0.032557395491378954,-0.002039344115433427,-0.0020286740292262545,-0.0029813815645955426,0.0007018597792467059,0.001596530952402135
CS2_36,830,0.45066182418090284,0.41959298293262104,0.05593317658154817,-0.014393279065319654,-0.004483168843400933,-0.0015208399808336426,-0.003795721552099983,-0.0006713257557379946
CS2_36,831,0.3193740311666029,0.41563443196638755,-0.06157817842480733,-0.022323859916857345,-0.004831888253946362,-0.002879967255367076,0.0007387255166276692,-0.00538523228135552
CS2_36,832,0.4453493355333875,0.41401499642594003,0.05306694174442264,-0.011219116820511072,-0.002590791669105909,-0.003932228951992955,-0.0012422037037323993,-0.0027482613538081214
CS2_36,833,0.4432180409970048,0.41729182383785157,0.03134234126592897,0.0007607483495529936,-0.0012345461142972789,-0.0017346801343046633,-0.000581332070972552,-0.0026263139981471165
CS2_36,834,0.44434192692797314,0.4209927016167739,0.007891597977620658,0.014427444398230755,0.0019495337302243452,0.0008193444831219434,-0.002381722724177269,0.0006430275843733374
CS2_36,835,0.44790586243580766,0.4253928590502554,0.001126021847875406,0.013408123973406773,0.004901840654889367,0.0014475500223529413,-7.520989488131786e-05,0.0017046769187949729
CS2_36,836,0.45618133367196556,0.42968717495558795,0.004387227196181333,0.015068301589522078,0.00022377996467725357,0.005610274162347458,-0.001336814070288797,0.0025413900077856637
CS2_36,837,0.4346165973526208,0.43075060819646926,-0.009808537025684426,0.005542343076912169,0.0028124011005379646,-0.0009685844210995593,0.004819656148493741,0.0014687104187570334
CS2_36,838,0.42951310267733245,0.42936158562648624,-0.008572063878612002,0.0013445487841482863,0.0017366733968863918,0.0032168277152936392,0.0014943451193095067,0.0009311860574594969
CS2_36,839,0.4214339362142452,0.4272091486645897,-0.006151839733759673,-0.003852229567548076,0.0017697464051473343,0.0009804671966265085,0.0011480884987656685,0.0003305548970293186
CS2_36,840,0.4216224881445134,0.42132235685542074,0.006446223321472587,-0.005013080147553612,-0.002253759826622328,0.0005602187109664744,0.00021362593795865882,0.00034690343940724976
CS2_36,841,0.4034328317771134,0.4146738852732013,-0.0046899944287393065,-0.0018486618048306255,0.00017894406066522615,-0.004011209336687971,-1.3429054209768957e-05,-0.0008567027790705049
CS2_36,842,0.39960221542115004,0.4064252519378265,-0.0015151940402653612,-0.00017871633113130815,-0.002672061948500885,4.889444418321455e-05,-0.003554114982414359,0.0010481564960736652
CS2_36,843,0.3928587305254645,0.39910316224018483,-0.001111183196978628,-0.003810039731365178,0.0007822128097187985,0.0003250445725514564,-0.0016061692112280138,-0.0008242968003212696
CS2_36,844,0.3916213118635863,0.3950803944214013,5.605099077223536e-05,-0.0003951662083035748,0.00035466159250531465,-0.0006526193910377931,-0.003442419997060115,0.0006204106128607239
CS2_36,845,0.3891704211297853,0.3933033201542018,-0.0006428032528340868,-1.8710897665304345e-05,-0.0017778645961018852,0.0001855032694444252,-0.0011892252727215846,-0.0006897981160863967
CS2_36,846,0.38652064086252125,0.3928876091618933,-0.003539872223000527,-0.0005119214581858706,-0.0011142839394758166,0.00047864309676765764,9.550535092523267e-05,-0.001775038966978128
CS2_36,847,0.3884031206651972,0.39543157355738195,-0.002168798816203744,-0.002181633431260153,0.0016230067047978299,-0.0033610560293485933,0.0013067712434825264,-0.002246742404919144
CS2_36,848,0.4003994177136363,0.39523890034774706,0.004150815039937585,0.0003261466538163022,0.0014559834272497656,-0.0005621065495951414,-0.0019822574769272207,0.0017719364257366673
CS2_36,849,0.39803701991192675,0.39643476943422973,-0.001667346842920433,0.0010120710352804479,-0.0008337665332089874,0.002128695045348815,8.861091376615391e-05,0.0008739870146272059
CS2_36,850,0.3997583933917479,0.39720844399121036,-0.0001356855851311301,0.00019749117056967305,0.0016192271600455562,0.001328322153918829,0.0009790223320865783,-0.0014384276763878148
CS2_36,851,0.4044514973438478,0.39491405608299784,0.004410856350951608,0.0012124603798975815,0.0015364878596847906,0.0006342510370281813,0.00037116321478929256,0.001372222571339419
CS2_36,852,0.4029160199234987,0.3938936823621674,0.0049616417896136515,0.001985425467051373,-6.656823469240961e-05,-0.0010746583723974235,0.003056572165969785,0.00015992489919118013
CS2_36,853,0.3876663705037693,0.3919852499622085,-0.0045965775351838566,-0.0014316511390330328,0.0001533291008439335,0.0020611382471340026,-0.0003999849121155183,-0.00010513306108084448
CS2_36,854,0.38342141858136536,0.3891441765438096,-0.004898702473243573,0.0019449729125869146,-0.0008576539576138842,-0.0005569620096846487,5.399536833576526e-05,-0.0014084076422623082
CS2_36,855,0.38515423821988826,0.385609380603303,0.0022345363825271363,-0.0005935906088365616,0.00034422115546048126,-0.003117866706309679,0.00025604663332027644,0.00042151092034990224
CS2_36,856,0.37782034607080384,0.38370113756256846,-0.0015795545075853073,-0.0006792936622777799,8.320059223256953e-05,-0.0019921471749830702,-0.0005105448901258332,-0.001202451686406159
CS2_36,857,0.37642908102509764,0.38214412599224634,-0.0007442760171443219,-0.0019374085975602656,-0.0014602652259458695,0.002515155233408281,-0.0021673810472348626,-0.0019208691495418578
CS2_36,858,0.3785131162340658,0.37729456154856844,0.0029868297981431777,-0.0033344171839858367,0.0016033347621180472,0.00046021358527189487,-0.0009812637968645574,0.00048385768317929013
CS2_36,859,0.3746001711300835,0.37911060083891374,-0.00323915032330504,0.0027036727951604577,-0.0007931648539055542,-0.001153265770405879,-0.0006497711046912044,-0.0013787502878816887
CS2_36,860,0.3755956553760704,0.3767883320809636,-0.0032503897673571455,0.001175057371217914,-0.0016218703909941787,0.0012664159374119457,-0.0019562589444305474,0.003194369252694797
CS2_36,861,0.38023601478697167,0.37848762718363815,0.001489660877604525,-0.001496384493936391,0.0013957188308012204,-0.00023340479104283526,0.003611088082729754,-0.0030182907410906466
CS2_36,862,0.3852693241781502,0.37870149626741406,0.004115969685382492,0.0014723376499733605,0.0018098539891353946,-0.0002968327140984263,0.0004932130045806105,-0.0010267135443532344
CS2_36,863,0.38245895124578766,0.37577945428652443,0.0007497159037186282,0.0015713192745900556,0.0001951673478425358,0.002076077100632307,0.0011402014470183264,0.0009470160463772758
CS2_36,864,0.38127594541731114,0.37155608137974744,0.00026782635557363757,-0.0002747768658551595,0.0024333544809650855,0.0018268408230459107,0.0032611384089298976,0.0022054809962546405
CS2_36,865,0.3761268506731952,0.3717172538428667,0.00037954005674548476,0.00013950209024023727,0.0019953962219642547,0.0006745193604633512,0.0020686842629524587,-0.0008480449987965464
CS2_36,866,0.3704470106449591,0.3689697201430501,-0.0014169480266963334,0.0014075937980820535,0.001704011692049372,0.002066801046879245,-0.0014407882390159346,-0.0008433796040630804
CS2_36,867,0.3648096966255743,0.3640148793811778,-0.0009414175189309003,0.0022988572879893416,-0.001549834069005081,-0.00012175304446864495,-0.0004358724214370893,0.001544837177644989
CS2_36,868,0.3616582461283606,0.3615437509592969,0.0011550152624062377,-0.0004327871961229995,0.0011278312404414024,-0.0026327230285644273,-0.001107475588744952,0.002004634648201724
CS2_36,869,0.3581971924615672,0.3633408042021824,0.003678339675220734,-0.0020168299048642147,-0.00243462565533997,-0.0024005845544509794,-0.0013516927636575676,-0.0006182183676991652
CS2_36,870,0.3558922010747061,0.361938774372202,0.0003789859113849669,-0.001577115040332878,-0.0036597878223617007,0.00010570443688220823,-0.002018056208567824,0.0007236955961696207
CS2_36,871,0.35368368983550624,0.3651694845471659,-0.003654824741809391,-0.0017129490125791572,-0.0037648723647363607,-0.001106277478967298,-0.0011261120310207063,-0.00012075891106550907
CS2_36,872,0.3518077970274227,0.366798542121164,-0.01080411482034624,-0.003721343962786302,0.0018886830144775105,-0.0015015393723089847,0.0003695702128726907,-0.0012219999934799256
CS2_36,873,0.35187056610704914,0.3678516007677718,-0.020154640645347447,-0.0015902090515597896,0.002723847277472864,-0.00025290281122325486,0.00030243760690228837,0.0029904331351796026
CS2_36,874,0.408267973576611,0.3735519036022373,0.023418536648772754,0.005100442657904542,0.002383915718107226,0.002934436495356166,0.000989217072290307,-0.00011047846661763618
CS2_36,875,0.391831856325694,0.3742998547482571,0.006172113530231828,0.004658160091625679,0.001989775392314342,0.0010753648556983356,0.0024352292860960177,0.001201358578945215
CS2_36,876,0.379410364855836,0.3764521284076338,-0.0033728468130007996,0.0015468942370234849,0.0029331204838722335,0.0012915350325811538,-0.0008311801614306663,0.0013907138311920974
CS2_36,877,0.36912109514218905,0.37551019260741714,-0.007966761893500266,-0.0008522007208997054,0.002650466852135963,0.0010337620422969447,0.001474938936841663,-0.0027293025162895366
CS2_36,878,0.36336715765263405,0.3686280928017709,-0.005147781986091868,0.0011761383803199435,-0.003317618657625791,0.0014631756611976888,-0.0002967927334209719,0.0008619443544099046
CS2_36,879,0.35572227822174085,0.3641669151125042,-0.0025423407093694756,-0.0031750047149878805,-0.00035089832003110463,-0.002424687271391841,0.00024350098331076637,-0.00019520668756111667
CS2_36,880,0.3492575418216268,0.3580573417743838,-0.0030382238536569932,-0.0009728626821037984,-0.0032626429532837927,0.0009580998086153987,-0.002059825779764488,-0.00042434431945700154
CS2_36,881,0.34874715915522225,0.3505657496566748,-0.0005463141486326212,-0.0003074046187022012,9.736824338109751e-05,-0.0009133337217044174,-0.0009216854714235138,0.0007727793889227738
CS2_36,882,0.3464735054853958,0.3463141709373661,7.251825453460173e-05,-0.0002527718954620948,-0.00018842090149924078,0.0010892958747801584,0.0005072119759134741,-0.0010684985861085915
CS2_36,883,0.3435862799512184,0.3409927343712839,0.00046559203133371196,-0.0010290876462971971,0.0008602359870597393,0.0004719551133682251,-0.0002891225474113159,0.002113972817070024
CS2_36,884,0.3412530695054179,0.3399259611824694,6.123460953527528e-05,0.0005496095687423603,0.0006902584310161083,0.0006641763445461489,-0.001455061112833529,0.0008168906579874853
CS2_36,885,0.33823337260063147,0.3398070766222478,-0.0009235156616424407,0.0007084156182423366,0.0009364735551199339,-0.0016901796663024078,0.0007457773471369753,-0.001350675037016598
CS2_36,886,0.3378878918369601,0.3363241266087801,-0.0003502547590368142,0.00031677851563295466,0.0005018654502881701,0.00044990934838942947,0.001712661816649286,-0.0010671949664620205
CS2_36,887,0.34216300353774276,0.33768415630994336,0.00681389636154091,-0.0005271588567652748,0.0006425482515917616,-0.0010965987737809534,7.093999008644963e-05,-0.0014247795691622097
CS2_36,888,0.33497547996804933,0.3360102385513899,0.0007991777771741788,0.0010097085020241447,-0.0018270013048249413,0.00040017841512127725,-0.0013051147090241179,-0.00011170708546082987
CS2_36,889,0.33002606243385024,0.3332012864354662,-0.0017841343636546656,-0.0014242178564568464,-0.001606497274309378,5.227414064966784e-05,0.00046540366587987064,0.0011219478664429498
CS2_36,890,0.31686611760417094,0.3297971932055186,-0.014482613428579203,0.00036270400077669895,-8.912073330179148e-05,-0.0006976997905180626,0.0023914129786945034,-0.0004157584434203601
CS2_36,891,0.3341216114174097,0.32660812263388517,0.005051787321747797,0.0029205053293422816,0.00014919696919798558,0.0005512691138857285,-0.00221803395467144,0.0010587641826859259
CS2_36,892,0.3368499776905862,0.32353972106048706,0.012092478639672338,-0.0006854088207071869,0.0017993532140328763,0.0028061953022107205,-0.0012667897837542342,-0.0014355717436934014
CS2_36,893,0.32876150662594483,0.3201644109207399,0.007792975791536532,0.0007677275087680189,0.0008642875962546442,-0.0008274410427766027,-1.6126152538325776e-05,1.567218459261124e-05
CS2_36,894,0.30671435387985646,0.31633474162025377,-0.007725655917068652,6.346769398337932e-05,-0.0004038436871374813,-0.0015415388810523665,0.0004264614848661326,-0.00043927824526151556
CS2_36,895,0.3046335613920297,0.31349453516421133,-0.006991638393243618,0.0006827921516086972,-0.0012361939514782356,-0.0016419351363600868,0.0010144132152457267,-0.0006884114684632347
CS2_36,896,0.3030448332696931,0.3121675668685405,-0.005476452988352846,-0.0020801881108938993,-0.0012047908385865534,-0.00037238100666633136,-0.0028188226792773847,0.00282990221500388
CS2_36,897,0.310557515678191,0.31412366485828824,0.001580103893159534,-0.003071891464007294,-0.0002755493057772982,0.0016845247472400435,-0.002833560809778484,-0.0006497760536179814
CS2_36,898,0.3187911741315066,0.31297056448994653,0.005751512724917641,0.0020703722493990327,-0.0028648533165096823,0.0004493088299824798,-0.00043463285442361265,0.0008489021924868548
CS2_36,899,0.32146333031950824,0.318355822019346,0.0005595461093365374,0.0018958674212178211,0.0020238658128708875,0.0015557230666957775,-0.00016585607229163945,-0.0027616378543555264
CS2_36,900,0.3223908897184895,0.3205728794439565,0.0022791164691858194,-0.0019076492461445117,0.0010031859419157773,-0.0001363284957785721,0.000713274774844624,-0.00013358898651918497
CS2_36,901,0.3208101960332943,0.32260888233699,-0.005482335961226624,0.001126576644417308,0.00032823101145363276,0.0006533435991316537,0.0017014639228813205,-0.00012596533680164735
CS2_36,902,0.32241721735860374,0.3246378714816863,-0.003368524206660217,-0.0005400992284272262,-0.0003430329108565838,-0.0006791591784544938,0.0021231900760670832,0.0005869715082101379
CS2_36,903,0.32603579770829505,0.32656263421542175,-0.002838694792667085,0.0009326974944759083,-4.895612984521053e-05,0.001735933356271927,-0.0013720789430919714,0.0010642626893622735
CS2_36,904,0.33085091627286545,0.32849339362108376,0.0026160608190323037,0.0015013971224268356,-0.0015658573561720996,-0.0015605638306487673,0.0010722323962970319,0.00029425368071109683
CS2_36,905,0.3299292657788584,0.3276257909149275,0.0043320235141884374,-0.00148176240730047,-0.002403113796321076,0.0009563341258182385,0.0019873249753425293,-0.0010873313675936523
CS2_36,906,0.32740858199696277,0.32593159312777076,0.0008351100237338212,0.000500423282906186,0.00028152225800782147,-0.00040784343788741005,-0.0017459605242712692,0.0020137374478314445
CS2_36,907,0.32184815605207007,0.3238062375009121,-0.0017739490911632438,0.0008374285906759134,-0.001061838189407548,0.0004483672259163285,-0.0009820900094668836,0.0005740002077735351
CS2_36,908,0.316794406281506,0.32133842675323177,-0.0013051759401835113,-0.0021532841483260117,-0.0017864141995845505,0.00043260743719724596,0.0017585910668573442,-0.0014903445026605748
CS2_36,909,0.3145894438039676,0.3152858174653702,-0.0037417326584809384,0.0014476157268127697,0.0002535666811626177,-0.0006280484390451732,0.0005707257414654814,0.0014014994725180018
CS2_36,910,0.31357715492854155,0.31145713530810915,0.0016326723396525578,-0.0018939398516676904,0.0011020794980074846,0.00291233949446186,-0.00033251434023718197,-0.0013006173335777355
CS2_36,911,0.3109403075988961,0.30737281930402305,0.0029046361063489595,0.0017693798874094365,0.0010056720486611704,-0.0008326178207555044,-0.0006704156603097921,-0.0006091660793059303
CS2_36,912,0.3087625512490053,0.3008734517251195,0.006867353986797486,-0.0003168755691507386,0.001318837333407681,0.001002749055255548,-0.0006728632000611227,-0.00031010189438819964
CS2_36,913,0.29062412320679165,0.2978882345811602,-0.0034941406443041653,0.00013540511546078607,-0.0006187511767713893,-0.00048735501389429237,-0.0013002506068085639,-0.0014990188534163308
CS2_36,914,0.2840749533327589,0.2941377229745761,-0.002844720272204935,-0.0023837949960931666,2.2749717752070887e-05,-0.003110921545175344,-0.0009202227806093791,-0.0008258595684471787
CS2_36,915,0.2813135555017485,0.2901540371785709,-0.004125642112968642,0.0017995924700661766,-0.0040129990365083594,-0.0013864825668752593,-0.000461203403913104,-0.0006537468285699962
CS2_36,916,0.27933621568402245,0.2875191307437839,-0.0007690649598795917,-0.005510336686689956,-0.001794696020308781,4.320901679441646e-05,-0.0008296386933219227,0.0006776124824235809
CS2_36,917,0.2858531910891635,0.2871039281590637,0.005256753684012967,-0.003621192431317079,-0.002302013870611273,-0.001051332867766468,0.0029011889172393945,-0.0024341403050714065
CS2_36,918,0.28422283339781984,0.28368303344869605,0.0005157263433759645,-0.0006271180027854495,0.0011257277633854596,0.00027587791194074704,-0.0022933567530590065,0.0015429428832509711
CS2_36,919,0.2823815653765447,0.27873175352474777,-0.0013085072413205078,-0.0007801548421647218,-0.0007582526855013968,0.002910922633399153,0.0003339469010315484,0.0032518572840137547
CS2_36,920,0.27904645229803826,0.2764980242566293,-0.003790674551648205,0.0027346175134355046,0.00399310606186745,-0.002086019236266514,0.0022347779450399255,-0.0005373794921335534
CS2_36,921,0.27544320829574964,0.26683682361646865,-0.0006074672051648048,0.002613437899689899,0.0012989280238657722,0.0023112420327811778,0.001995575095905174,0.000994669032412344
CS2_36,922,0.2752057870479039,0.261790416104146,0.007320773576045035,0.003377659623390053,0.0009289119072050867,0.0026299786337554624,0.0007451144262825901,-0.0015870670226247037
CS2_36,923,0.2723676271193938,0.24888712297449012,0.02010903536802774,0.0022907546392284786,-0.0007163891350413845,-0.0019789185213715207,0.0009268515540165497,0.0028491704413816407
CS2_36,924,0.210236594041301,0.23760681259268035,-0.022910125951730705,-0.00413049557212521,0.0010560085339576574,0.0006650398706461778,-0.002212396498074232,0.00016175129009717186
CS2_36,925,0.21680219635114203,0.22786814810852163,-0.002730075364168569,-0.0034504453713790884,-0.0030475960646334137,0.001341660321309666,-0.0018073595766628211,-0.0013721354801056141
CS2_36,926,0.211273284348294,0.21834905914866387,0.0023378757098472666,-0.003166871927814635,-0.003880159002084079,0.0005026195621558313,0.0006788583882751018,-0.0035480973069796687
CS2_36,927,0.208587970614324,0.20807163495797387,0.002659140598871521,-0.0013801418872607238,-8.916815491362747e-05,-0.0005480315097373212,-0.0012729983151708766,0.0011475351493166592
CS2_36,928,0.20757643981979101,0.20225788833666836,0.004494539033628687,0.0029259097469675984,-0.0017411027660453572,4.546682978704785e-05,-0.00011027959402531954,-0.00029598154206284086
CS2_36,929,0.20370875825969703,0.19998354005620977,0.002422571294362087,0.0007755721398441729,0.001839660206281988,0.0008312899551298642,0.00040406271683917424,-0.002547937882423043
CS2_36,930,0.19866801798783995,0.19743722004137043,-0.00048826807349518973,0.003619442824160781,0.00020381776687473642,-0.0018837102854753283,0.0013944341396700732,-0.0016149181968676523
CS2_36,931,0.19450842731982987,0.19505470487803944,-0.0016583274684679617,0.0006366953974708754,-8.868234408275211e-05,0.00018075023101391625,-0.00048730744854555826,0.0008705943043271515
CS2_36,932,0.1922642966265442,0.1935481245454086,-0.001445012352372028,-0.002322800315629113,0.0013026981052598632,0.002980069128908313,-0.002026442372052522,0.00022766011777037773
CS2_36,933,0.19019556376474678,0.19153762331761903,-0.003110928302862739,0.0007706037563968405,-0.0003425691088574919,0.00028589215398424234,-0.0005932820818786961,0.0016482242618541909
CS2_36,934,0.1879984723715591,0.18965526833710566,-0.002595689721181643,-0.0031011281091891316,0.003571107862412206,-0.00289477041849771,0.0020469143412710574,0.0013167703119538437
CS2_36,935,0.18696833591756912,0.18825909144252917,-0.0020485968470698684,0.0004391798889873557,6.1011187403366875e-05,-0.0017321716678216441,0.0006996996144287386,0.0012901225318056682
CS2_36,936,0.1857200101536467,0.1855317498955762,-0.0014264831105878497,0.0015548548453233075,-3.670895529427976e-05,0.0008687008580958109,-0.0020689210109534183,0.0012968178646389269
CS2_36,937,0.18444809279216212,0.18146686627949138,-0.0006368206108488745,0.003976859539554119,0.0011591984939202783,-0.00016474215772669927,0.00137666385906432,-0.002729932377673592
CS2_36,938,0.1838557951795603,0.17784365411148995,0.005964763903278214,0.0015202957809968699,-0.0008962613604076425,0.002850744284000129,-0.0017623245592116089,-0.0016650767467492277
CS2_36,939,0.183092582399917,0.17297859752598477,0.011349418496367558,-0.0002983196578027894,-0.0025473881470420515,0.002090637980933976,0.0003550518219927927,-0.0008354153864005388
CS2_36,940,0.14476582407548388,0.17093564737595857,-0.019764930084408074,-0.006603328556936906,0.0018870471256002338,-0.0011814882113250654,-0.0010454222800112157,0.0005382989547952885
CS2_36,941,0.1764867775131429,0.17079236219724103,0.007205100814020528,0.0005699242962056549,-0.0003322832252737893,-0.0007440961472420927,-0.0009416649609840418,-6.256522428232619e-05
CS2_36,942,0.17750285569509217,0.17370043403713964,0.007123123196412266,-0.0009574713970878321,0.002490163199561586,-0.0020423723949432927,8.64024466476285e-05,-0.00289742315646893
CS2_36,943,0.17742294928973967,0.17249370225737048,0.0032576522387690295,0.0009959094380963477,-0.0027497931902610274,-4.938134893484909e-05,0.0016360900907473452,0.0018387700401507657
CS2_36,944,0.17853666413765534,0.1759463534464939,-0.0015060243643573107,0.002173152930656791,0.0003801354745450804,-0.0003713150999658696,0.0014820580505681938,0.0004323039355038595
CS2_36,945,0.18056730419474043,0.18218873827646953,-0.0034498015388644845,0.0012738727989731237,0.0011319587885355456,0.0011432558314370608,0.0005145161452267498,-0.0022352358719932427
CS2_36,946,0.18297749353823267,0.18300922255617347,-0.002349996446083226,0.0014424161963503424,-0.0005879898331978177,0.0019693712613790726,-0.0016166894996438549,0.001111159537413523
CS2_36,947,0.1870276735652876,0.18561507997900517,0.0007548403100797672,-0.0003998432667413779,0.0017043537014104948,-0.0029279143281577356,0.0015123015420454146,0.0007688558603177071
CS2_36,948,0.1855425558269035,0.18896643213095932,-0.0016660599758267784,0.001162858969281646,-0.002575119535660277,-0.00040924529912005195,0.00269564695701217,-0.0026319571865255124
CS2_36,949,0.18624250759939187,0.18475078553325086,0.0018961010028415823,-0.002322032412205979,-0.0013371806314349088,0.0013150426766338928,-0.0016995267031402043,0.0036393183664067143
CS2_36,950,0.18379967208391346,0.18823486568728476,-5.1355612716597517e-05,-0.002293201469783407,5.4471203615025164e-05,0.0010446206650185084,-0.0014489106410652789,-0.0017408175145826818
CS2_36,951,0.18486308228417592,0.18419892120859893,0.00031092618112182224,-0.001476155807392837,0.001197889135058092,-0.0006037200678083,0.000993511073462576,0.00024171079460234244
CS2_36,952,0.1822066293845408,0.180999755155271,-0.0018790721665549476,0.0010921282111951015,0.001061787198246126,-0.00044601897103692216,-0.000467191997050502,0.001845242188912935
CS2_36,953,0.18157505010884734,0.17545250235241805,0.0019075681423636225,0.0015023425080056684,0.0013946268945114948,-0.0005278532118886002,-0.00017711816373115752,0.0020229818218420563
CS2_36,954,0.17584383468191245,0.1720430248447523,0.001924329956893095,0.0017790159575354595,-0.0019868751856004395,0.0016066235642153794,0.0017253343287413957,-0.0012476185478467027
CS2_36,955,0.17529726874459595,0.17070607137878513,0.005948826977082455,0.002383724306522226,-0.0007241980017942739,0.0012412376618836714,-0.003809126780636792,-0.0004492665602675941
CS2_36,956,0.17301872139517105,0.16418485837106878,0.012343871660842594,-0.003149735474243477,-0.0022194363787455458,0.003085227534287221,-0.0015289524192957627,0.0003028883390727579
CS2_36,957,0.13669123274450357,0.16263977576380506,-0.021748805731010238,-0.0043493636781798215,0.0027236301927323794,-0.002359675778946132,-0.001148759468669592,0.0009344316959257489
CS2_36,958,0.1699242560611225,0.16361086848144668,0.012193712172251561,-0.0027930133706904024,-0.0018228166605889038,-0.0008641911312214219,0.0007217648276998486,-0.001122068018823415
CS2_36,959,0.1686995002149425,0.16442037542589938,0.0066486639146381265,0.000556329179662433,-0.002211692922840093,0.0003067944298622092,0.0001961551832573174,-0.001217124756135453
CS2_36,960,0.16879305279424983,0.16428137028496692,0.004291565860771586,-0.0007195898380980158,0.0013620302821320998,-0.0009101418549920628,-0.000655329536615913,0.0011431478354521493
CS2_36,961,0.1684732981686814,0.16601193119438395,-0.00044376113736284076,0.002358733705845079,-0.001532861284118662,0.0018075985661384234,0.0005508445094614305,-0.0002791871461817093
CS2_36,962,0.16727811317524566,0.16571184874327982,-0.004152701884675936,0.00227878240999028,0.002104818843911012,0.0008148431963229675,0.00038757320766550783,0.00013294889867531787
CS2_36,963,0.1667140400726277,0.16497891198739922,-0.0016236823918706492,0.00033328774495900056,-0.0005907008573781341,0.00311911547995674,-0.00176636961971299,0.0022634779694048067
CS2_36,964,0.1658998708751005,0.1658807288818288,-0.0008362852717895485,0.002421139347729129,-0.0006621035851201214,0.00012216002972834347,-0.001586059002937539,0.0005602907160907682
CS2_36,965,0.16500591933534015,0.16511937091905726,0.0013588135587961501,0.00010402927657268093,-0.0001789619573046412,-0.00183032036642604,0.003040111514032522,-0.0026071233686303353
CS2_36,966,0.16425104401555846,0.16342124335905217,0.004041840688950971,-0.0010315711712302917,-0.0005916762639418059,-0.0009618477729009088,-0.002729649313004728,0.0021027047296677064
CS2_36,967,0.163785681790813,0.16210418152816564,0.0036667077507187775,-0.0009238979966839798,0.0007270758043878369,-0.0020386092850138227,-0.0013268271811187787,0.0015770514115628074
CS2_36,968,0.1625292139016734,0.16190408779399046,0.0019889981785457577,0.0008411199368932724,0.00125823284729456,-0.004930317236168972,0.0050075787354011735,-0.003540486112616102
CS2_36,969,0.16306199344803574,0.15620093864910767,0.004100437294348883,0.003032919902258742,0.0018175817758646028,-0.008746940046565671,0.004276320851819117,0.0023807352626736135
CS2_36,970,0.16618943502364125,0.1531177421141552,0.008890175485569005,-0.00035609411075185343,0.005500740363838813,-0.010702257336686687,0.007824883709776655,0.0019142450380629807
CS2_36,971,0.16861793105250733,0.14995902001093964,0.012642276742135085,3.7004444610419358e-06,0.005440936295849556,-0.015437220203438604,0.01805382853346231,-0.002044610531470431
CS2_36,972,0.16689251011696804,0.14559142689309135,0.011673761103425863,-0.000626483617064487,0.01249988999565358,-0.02332339386105954,0.026690396127829856,-0.005613086284843755
CS2_36,973,0.17228014092501454,0.1392395575600175,0.02063018572266616,-0.006370433761818531,0.01870263132099243,-0.030491593075632616,0.041517688818662225,-0.010947895421785871
CS2_37,1,1.134949299218925,1.4007607105941162,1.2946873155785816,-2.1478555766105663,1.3582811198541194,-1.47055961305936,1.4256035661407347,-0.7259682234046259
CS2_37,2,1.133956384065581,1.3459374956012509,1.0264943701848888,-1.7337580095117615,1.1548225514517383,-1.2710630772812392,1.203029404933338,-0.5915063514381462
CS2_37,3,1.133662005091961,1.299561036277176,0.8002034521708155,-1.3778923244945862,0.9745409117664204,-1.0985449382662702,1.0116354471450488,-0.4758415796320328
CS2_37,4,1.13293652936288,1.261249252710987,0.6082547060773985,-1.0709394548400353,0.8124721048855293,-0.9420488728158508,0.8404191602818722,-0.3764703670621087
CS2_37,5,1.1290230746319099,1.2278144014718237,0.44737081314303095,-0.8117264255497308,0.673243081306461,-0.8057230215059762,0.6886115426464414,-0.29056731700359967
CS2_37,6,1.1278411535230353,1.2019312402752282,0.31786301864866406,-0.5985735895100163,0.5493592564036353,-0.6812521787237401,0.5614509254420058,-0.22293751913570922
CS2_37,7,1.121699853189885,1.1796138480406564,0.21334436592778988,-0.42491143747891486,0.4427927861931837,-0.5761354013127539,0.4499208105381833,-0.16292511883867222
CS2_37,8,1.109575441774469,1.1632352998082323,0.12310047652220127,-0.28225561413177414,0.3491387503380965,-0.48108049630129346,0.3547237877182818,-0.11728676229464352
CS2_37,9,1.1053314041618396,1.1517240647831317,0.06207705145467803,-0.17376318201249258,0.2739825245935913,-0.4041135844317618,0.2738466999223319,-0.07842217026124165
CS2_37,10,1.1020492922238807,1.14511922756032,0.017176645839849382,-0.08967640477570349,0.21306439006843214,-0.3382111311415768,0.20781386967793564,-0.0532373051176132
CS2_37,11,1.0978356634941138,1.1372393416919142,-0.01234189021109119,-0.02829679999228534,0.15505795159414507,-0.27555515880524056,0.15156992302960182,-0.029837703923414297
CS2_37,12,1.1040865172274028,1.1358879589741995,-0.01797025612516937,0.010038172805786326,0.11245891709084331,-0.2287669197464164,0.11092818951349591,-0.01848954539842132
CS2_37,13,1.1061232247771926,1.135095024631762,-0.014109634946339013,0.027542078452269383,0.07869352493729315,-0.18539278613373344,0.07365858745020051,-0.009363569728191976
CS2_37,14,1.1062947172757678,1.13531881784423,-0.0007915292320010747,0.02506767208683664,0.05357976558081799,-0.14977528603880713,0.04818407225794944,-0.005288795337261518
CS2_37,15,1.1059068733420077,1.134098099440672,0.020397319172949055,0.011113050103108993,0.034178650245407824,-0.12164539585928402,0.028165376296641818,-0.0004002261713301551
CS2_37,16,1.1054631775055128,1.1317695542111232,0.04246329242622025,-0.007142671436739714,0.017295094811044007,-0.09575705244627063,0.014818598365872909,0.002016361460605155
CS2_37,17,0.9991517426743144,1.130517017257378,-0.05265029031809981,-0.02226649513041465,0.009328168531077213,-0.07353480089131365,0.007505012396979154,0.00025313075928066824
CS2_37,18,1.1045837181121811,1.129551145095691,0.045776601879430875,-0.018166343898574057,0.00216635813501084,-0.05687903639580122,0.0011815418968431596,0.0009534512862888325
CS2_37,19,1.104106693624228,1.1283065525610603,0.027567976280463938,-0.007881198705481944,0.00101884850853705,-0.043750947327319836,-0.0009389135970140675,-0.00021562420911045167
CS2_37,20,1.1032817091291385,1.1260785736017942,0.006128558130071355,0.004220866971341577,-0.0014022463441603716,-0.027905154296319505,-0.0012243912056251619,-0.0026144978407134493
CS2_37,21,1.1025501897738827,1.1218794579243152,-0.0062207922238555445,0.007298142702636586,0.0017190467736630667,-0.021561531236247274,-0.0017393525650854042,0.0011752182860104159
CS2_37,22,1.101885957414293,1.1184532997603607,-0.01205098951581901,0.005962217786999545,0.0021459143570020005,-0.014253013402542303,0.0006743613031497486,0.0009541670129731052
CS2_37,23,1.1012249440513173,1.1154880922208266,-0.013206601769486207,0.007530792633797631,-0.0004939548902006606,-0.006135959096424413,-0.0025874475309765423,0.0006300223718868574
CS2_37,24,1.1007462939135095,1.1105908261875408,-0.010008252951620503,0.0013708407472949444,0.002967537152844076,-0.004882347794779369,0.0009017681284716729,-0.00019407766793702017
CS2_37,25,1.100285949391541,1.105151611588702,-0.005855901111601755,0.0009715217947177309,0.001089189899614189,-0.0010738625643339319,-0.0018163929965780996,0.001819782669517306
CS2_37,26,1.0994444272955022,1.1031037191195283,0.0012630425151773496,-0.0024264939226774284,0.0013244917411250898,-0.0016048035019580323,0.00023027810834807028,-0.0024458068751947
CS2_37,27,1.0987431868201192,1.0967624951256187,0.006877950122284408,-0.001398576390246755,0.00033311922878719697,-0.00337419612591039,-0.0007697937287571571,0.0003121884774814584
CS2_37,28,1.0924512603514351,1.0915195789691172,0.005430224610661046,-0.00038834699289839016,-0.001569267399529077,0.00020778225524274534,-0.0036729515154074474,0.0009242403160051136
CS2_37,29,1.0809658261317097,1.0856238737905466,-0.0017256616295020276,-0.0005367262502289756,0.0005341469251147929,-0.0033889130461325283,0.000982084122348365,-0.0005229778839021551
CS2_37,30,1.0776592362429405,1.081843001910061,-0.001372091753948415,-0.00033548953385380395,-0.0021705461778215493,0.0003327202147572038,0.0010688144329121592,-0.0017071729512561507
CS2_37,31,1.0749237079767546,1.0794615584688214,-0.0037943404918289324,0.0006991115287134264,-0.0011353199658322552,0.0006464324083056074,-0.0016804706304258926,0.0007267365580495375
CS2_37,32,1.0720262586503821,1.0769036413121427,-0.005786686580428877,-0.000677753938578556,0.0015979609123333537,0.00034311755788533774,-0.000831787018560726,0.0004777663058425004
CS2_37,33,1.0809319423365054,1.0772680999518092,0.0025657276574554155,0.0009114761579197019,-0.0003770332757779881,0.0019639878235698594,0.0003636581573255101,-0.001763974239247774
CS2_37,34,1.0843676095118013,1.0746647512977965,0.006320065355056758,0.0015683588373632208,0.0005455074690958789,-0.0009617352084022141,0.00254591361014567,-0.0003152519541352084
CS2_37,35,1.081233663111604,1.0754257704885404,0.004876264334161488,0.0009716880964880552,0.0007420738952170654,0.00025269221085481803,-0.00048806132241351524,-0.0005467646948212772
CS2_37,36,1.0700952902989442,1.0740076956812947,-0.0042098574680929125,0.0013800952960605307,-0.0009443708158679458,-0.00047384506389559853,7.161225402995051e-05,0.0002639603164726779
CS2_37,37,1.0667812615076784,1.0721019075947402,-0.0013917167750678227,-0.0043072812061480635,0.001006489483454714,-0.0020093956737090284,-0.0004732482090501158,0.001854506195894383
CS2_37,38,1.065681061493784,1.0720202281283497,-0.0015624072205485736,-0.001456657832706021,-0.003393226123913044,0.0006065685703943106,-0.0006159254607089815,8.248133581004154e-05
CS2_37,39,1.0631561019648785,1.0717198294097625,-0.006105892008738392,0.00013417750533162583,-0.0003026634187742102,-0.0016391555650040624,0.0016067688113384788,-0.002256962865093263
CS2_37,40,1.0727458243421495,1.0701501481253637,0.0024711387488618127,5.637564712715206e-06,0.002048138387641945,-0.001023032701475263,-0.00021139317848409067,-0.0006948127045170328
CS2_37,41,1.0759934936040239,1.0676192321320088,0.007018237438987584,0.0014430966126404298,-0.0004804285152938242,-4.8939469280617736e-05,-0.00044406354278400597,0.000886358846348561
CS2_37,42,1.076708918700966,1.0664632031794152,0.006717636086290081,0.0019820356747638286,0.0025613087177476113,-0.0003718205033232931,-0.0002631889149620509,-0.0003802556406599686
CS2_37,43,1.0618709551987564,1.0665447040825815,-0.005230049345493798,0.0006027580956813305,-0.0005179097835324162,0.0009782027817197081,0.000994171292934263,-0.001500922020655426
CS2_37,44,1.0608935988076453,1.063703649413502,-0.0013147941195718034,-0.0022713073297267183,-0.0011336851531429395,0.0008717325735049135,0.0007711941158186926,0.00026680921214661534
CS2_37,45,1.0595107830894008,1.0601391521634855,-0.003493788438252416,-0.0005716508300253874,0.0007088609515071765,-0.00012315770199784447,0.00011351023728637337,0.0027378566128581023
CS2_37,46,1.057954294683256,1.0606268608439717,-0.0029143091090515862,-0.0004677236735188954,-0.0003880269296117575,0.002998004247227979,-0.0013968941816680446,-0.0005036166079852357
CS2_37,47,1.062297700532362,1.0587721638232708,0.0021635873787624813,0.00046936050800796587,0.0005079404591376991,-0.001676816033514134,0.0011007939035542246,0.0009606703974440404
CS2_37,48,1.0683104030644444,1.0596304416511242,0.006520096373277949,0.0016108327483433963,0.0009143016425529091,-0.0012495970056015425,0.000653188268304996,0.00023113928824203712
CS2_37,49,1.0702413522004761,1.0621458948713736,0.007684598338616491,0.0032528171391320256,-0.0010130374600927602,0.0013536713861775798,-0.0033837431085824324,0.00020115093484794017
CS2_37,50,1.0573222238281517,1.0658310471902877,-0.004966165182302395,0.00045586988035236774,-0.0006568600037608378,-0.002511223940076568,0.00010989710347599642,-0.0009403413134534067
CS2_37,51,1.0557852135584582,1.0706671320933117,-0.007677287734620948,-0.0034240352913076943,-0.0017148060578841388,-0.0006293260902589671,0.0014184593711060482,-0.0028549228248771533
CS2_37,52,1.0543409603559581,1.0726553613890981,-0.009974491633165588,-0.008039423901850858,0.00031996507809383225,0.0003619161764860695,-0.0013392469295799502,0.00035688008448808093
CS2_37,53,1.0528343169657504,1.0774283027159346,-0.017495939751139614,-0.007463914128970354,-0.000556488632853357,-0.002347740889273919,0.0020800402768636522,0.0011900572834278407
CS2_37,54,1.098249605858049,1.0787935493148217,0.019406056540808535,-0.003763617246800947,-0.00016387043741940125,0.00082413094963546,0.0007927426916716916,0.0023606139346755628
CS2_37,55,1.094546459616807,1.0796718857448702,0.004939279780624709,0.00507501239579119,0.0009256424690932389,0.0013636778059999913,0.0022548032848102154,0.0003161580265018913
CS2_37,56,1.098750491368898,1.0758448169541872,0.0007237472762096709,0.014444001444490644,0.0013653044916466736,0.0019618578598200277,0.002410373596866912,0.002000389634812007
CS2_37,57,1.0981782910570046,1.0727127864291381,0.0016898717017867818,0.01811310488774534,0.0025054272851598807,-0.0001408620018767133,0.001142422142162724,0.0021555405022617314
CS2_37,58,1.0877470084675203,1.066379593988156,0.0016083198802490791,0.016571614447592316,0.00295308747302825,-0.0009815150203888116,-0.0001190977325734006,0.0013350053251700144
CS2_37,59,1.083186635656201,1.0606429630355012,0.02274801262238018,0.0009989698455074843,-0.00044490426657963747,0.0008111951722928823,-0.00019180913859875385,-0.0013777917186920219
CS2_37,60,1.0814505674160202,1.058042450848106,0.04725820837501395,-0.014945493273116882,-0.002743136552425096,-0.0015536598803115571,-0.0014261142823160855,-0.0031816879225973938
CS2_37,61,0.9665533603200327,1.0521658843494093,-0.053397096143726994,-0.023460618305785278,-0.0037262239285639283,-0.0016489944186207836,-0.0016699281920826918,-0.0017096630964620189
CS2_37,62,1.0704198730281895,1.0495565683109789,0.046215964893274,-0.018537425933513426,-0.003747319145775537,-0.001018940372881804,-0.0016267224614173715,-0.0004222523615531801
CS2_37,63,1.0746459584833676,1.0502976634340833,0.03447016917903435,-0.005564945615275309,-0.0010296655812175122,-0.0016635052788608314,-0.001854350080761862,-9.407674470654239e-06
CS2_37,64,1.0720457153670537,1.0531920428763781,0.01147103127573906,0.008681278734751703,7.293440686088288e-05,-0.0017412974394110472,0.00034416912204963566,2.555629093083104e-05
CS2_37,65,1.0634247948214899,1.055474234307625,-0.010513118522924171,0.01576676437456737,0.0017624723304003435,-5.095948360382041e-05,0.00033820537727575865,0.000647196341981551
CS2_37,66,1.0619852268455787,1.0587665961319455,-0.018095652461761688,0.015784842459365924,0.0020971344685708953,0.0023409606497048537,0.0006460227230967829,0.00044532277908755
CS2_37,67,1.0599697325819513,1.0571783964663044,-0.014065006358147192,0.0069510362507205275,0.003665818246943363,0.0011738705958355845,0.0035432845847117858,0.0015223327008524615
CS2_37,68,1.0580762346187598,1.0588486603350975,-0.010023919599425389,0.004325720913677996,0.001433827039887108,0.0017073225124555715,-0.000983214900033277,0.002767838223157684
CS2_37,69,1.0536535457598646,1.0582536608189734,-0.004889872446701128,-0.0006996761741969362,-0.0006170414125548284,0.0007306203428879903,0.0011355815649689925,-0.000259727025615324
CS2_37,70,1.0568157641953597,1.058702657714942,0.004924598988864308,-0.0022873095866474957,-0.0017070034657540483,-0.0018342995456551287,-0.0006341235758410615,-0.00034875642796696675
CS2_37,71,1.0562074218132054,1.05523309330585,0.010169632439414038,-0.004400495936597956,-0.0015127764724990373,-0.0014261050141718234,-0.0009693966447982254,-0.000886529957156701
CS2_37,72,1.0498848703738481,1.0545988720367039,0.00409522353910733,-0.0017110364186274734,-0.0027307038975729696,-0.00232208889350836,-0.000503215717319056,-0.0015421803654697645
CS2_37,73,1.048129584157472,1.0544163782397167,0.0016305154599944608,-0.0018964760080351574,-0.0026108467778876883,-0.0006531420101371546,-0.00259834647354451,-0.00015849836243880876
CS2_37,74,1.0477858183078403,1.0532699884468144,-0.001976061883031336,-0.0014548647484177275,-0.0011924963282619013,-0.0006203468058079993,0.0006953866204360023,-0.0009357870835522927
CS2_37,75,1.0467090709429492,1.05286088781226,-0.006434392610008424,-0.002482635221752462,0.0028980124639614645,0.0016899606795510985,-0.0021999055980965352,0.0003771433278207302
CS2_37,76,1.0423366983053803,1.0527150973703594,-0.015922124823490463,-0.00022631760720846046,0.00501240654397957,0.0011185848803429727,0.0006497385157353788,-0.0010106866617322723
CS2_37,77,1.0480238938065476,1.0503734737193269,-0.011614681753423969,0.0007693287008322713,0.00657809474298547,0.0008084934727321183,0.0021505106372223535,-0.0010413258028877258
CS2_37,78,1.04769672928456,1.0445482414211074,-0.0094557757853955,0.001587088259083864,0.0065275932892716205,0.0007426623823015495,0.0015052432204437397,0.0022416764081231756
CS2_37,79,1.0467606203195814,1.0413189776973217,0.0007373508370224898,-0.004518064242452839,0.006668305321883612,0.0013206883292088156,0.00023485726206469649,0.000998505025298054
CS2_37,80,1.0456045937266936,1.0348628355807048,0.017508547882311935,-0.011955714048396479,0.003301685251620872,0.0004243885533097027,0.0013627835247090447,0.00010006689367985917
CS2_37,81,1.0446175811427274,1.0295013938990598,0.03453877676485847,-0.014408902380213045,-0.006156818026559653,0.0026011458787084663,-0.00117778567229403,-0.00028022940917579514
CS2_37,82,0.9302185751020993,1.0256088424911773,-0.06837056266529008,-0.009383878426241637,-0.0153405188566554,-0.0023059674686211774,0.0009717419614874201,-0.0009610819745053764
CS2_37,83,1.044114034898751,1.0225168714759112,0.02442121037700518,0.021621669958197504,-0.022691441285154757,-0.0017888441388341583,-0.0006084793078867408,0.0006430477313791984
CS2_37,84,1.0424178015704442,1.0246192841771518,-0.002033487975534264,0.0534157254014689,-0.02868178617730851,-0.002335526533523313,-0.0017561144676965746,-0.0008102929415417193
CS2_37,85,1.041258892696682,1.0283888804664034,-0.02037447013526739,0.06742925791600259,-0.02654622745535669,-0.0015971088523388283,-0.0035919606533253577,-0.0024494786763815447
CS2_37,86,1.0404145957713595,1.0329776008948535,-0.010346622246793995,0.042322506660165696,-0.01863115710127208,-0.003155463858923065,0.00010598581063361614,-0.0028582544738986497
CS2_37,87,1.0394181913682843,1.0343351518165926,0.027820419578538057,-0.02005988512183072,-0.0031664836394488137,0.0014581311414895422,-0.0010506111387692074,8.146864553287359e-05
CS2_37,88,1.0385409108544081,1.0383253985253378,0.08436123326882566,-0.1031485446548425,0.01814645804957166,-0.0003274476751917104,0.0006535606575788252,0.0005302525973134182
CS2_37,89,1.0377888304666172,1.0389296486590174,0.11850315547397021,-0.1553624164953614,0.0313470537537084,0.0012919553662834313,0.0009166211396225879,0.002162812483874359
CS2_37,90,1.037676070699355,1.03622495078705,0.10460616682157597,-0.15211336030391862,0.04262452714650525,0.0015714838247456832,0.0054740680149652455,-0.0007117656770235703
CS2_37,91,0.9222062133958033,1.026582452255342,-0.09302305439266237,-0.06559378979246074,0.04377280070890067,0.005077525279492769,0.0031276732603347443,0.0022626060394416755
CS2_37,92,1.0356102392784408,1.0121933097877276,-0.11220210088644667,0.08037657010598227,0.04335906755995019,0.005744488300983606,0.0015420205397501231,0.004596883785897928
CS2_37,93,1.0350248109623692,0.9974358388066027,-0.22523788407324666,0.21934171929098628,0.03516719800770341,0.003919796893872639,0.0031313562473557553,0.0012667857047429169
CS2_37,94,0.9149517331433046,0.9771662672491438,-0.35404277606015594,0.2628967531949445,0.023989614284750823,0.0018124285991755159,0.0024907377275352,0.0006387081135141244
CS2_37,95,1.0221474856247212,0.9564839066787828,-0.09822803569963766,0.1587633361924191,0.003998058035785271,0.0007580974534705396,-0.0004238650102624245,0.0007959878951690301
CS2_37,96,1.0206254491879747,0.9359684076993882,0.13844652634159788,-0.03520270942312075,-0.01656968010578352,-0.003141093917037525,-0.0003454266036250217,0.0014694251181941672
CS2_37,97,1.0192431249658327,0.918476619246773,0.3700810432026101,-0.2271894259254971,-0.03638937611106206,-0.0030895576796652583,-0.003979499183801093,0.001333321338688736
CS2_37,98,0.06418258267199661,0.9080993072484664,-0.4589527488808328,-0.3261567369330893,-0.04962920576862155,-0.003204631814502652,-0.0030120686639759004,-0.002961332195887788
CS2_37,99,1.036168359941782,0.9026424544429141,0.4693911050170342,-0.27670591658200516,-0.049123461462554134,-0.003044299850949689,-0.005344467821069404,-0.0016470538864158926
CS2_37,100,1.0351905432155653,0.9053218052931651,0.3198301395191475,-0.13493292677146834,-0.04510151433384236,-0.003952824622011046,-0.002137674398117026,-0.003836461555729714
CS2_37,101,1.033837783064397,0.9140492545548077,0.13220602959271624,0.030823973479935075,-0.03700680565990705,-0.0022227940327362566,-0.0035012612241903988,-0.0005106137300865848
CS2_37,102,1.0399444796640487,0.9301782483975323,-0.0370798790559014,0.177128980000298,-0.028229922855350656,0.000470143938159264,-0.002359991477224988,-0.00016309936986264414
CS2_37,103,1.0412342151713299,0.953266533384201,-0.17498455586022754,0.28067536656636594,-0.0165335955393613,-0.00021893513652344396,-0.0007455944591770224,-0.00022500387088320858
CS2_37,104,1.0362913303356125,0.9788170212365874,-0.2744792081967283,0.3348356449198381,-0.0008992060720371086,-0.0011520222403883693,-0.0011072375513913768,0.0002763381548530707
CS2_37,105,1.029922232417393,1.0052148250148645,-0.3268490518580444,0.3423494527950373,0.006631074111435432,0.002250822408519742,0.00047103494607935896,-0.00014592508272818935
CS2_37,106,1.0299187304185402,1.0322265585807493,-0.3371251542401412,0.3166094567864501,0.01665606999815043,-0.001177627116143042,0.0015322092538642262,0.0011972170733825596
CS2_37,107,1.0293743170613396,1.0593240405491897,-0.3113161477355891,0.2603042984301335,0.01976039966668328,-6.747050860514032e-05,0.0018420375469419185,-0.00047284096941586955
CS2_37,108,1.027029914288713,1.082029886882924,-0.25840640432039463,0.1796824527494287,0.020067578642429394,0.0024371126754233322,0.0007015065873803034,0.0005177809904959976
CS2_37,109,1.032367120869063,1.1010176884038398,-0.1800582373213053,0.08291183174099627,0.024829294579598458,0.0011821193644502028,0.002998899782835383,-0.0005144757645981166
CS2_37,110,1.0353146956769272,1.1134128771133402,-0.09571146381236269,-0.01413969639071351,0.02590828120568222,0.0006330422334441629,0.0009278243878842367,0.004283830855179822
CS2_37,111,1.0357508605884203,1.1263491065740172,-0.015978069050714572,-0.1040301473841924,0.025650429606646843,-0.0006026231396738587,0.004221885729052635,0.00014027816863021626
CS2_37,112,1.0228159801380965,1.1322514774815502,0.037005542185596374,-0.176039876531283,0.02553405142973772,0.0029711966101209396,0.000463944446854214,0.0006296444362473374
CS2_37,113,0.9058213048061887,1.1326284145526522,-0.03663466082140999,-0.2184999756891998,0.026368453236062413,-0.000560384918154157,0.0036331480730301536,-0.0011136896573899842
CS2_37,114,1.02123807379866,1.1247909042603377,0.09859086536496921,-0.22928472809750655,0.02115180609119973,0.0034488160173535365,0.0020343168084424085,0.0005060932752478186
CS2_37,115,1.0198020573785627,1.1140601077236532,0.09753794765844727,-0.21536506029641117,0.018810758983954325,0.0017712989957881413,0.0013187987649392367,0.0016682054701729866
CS2_37,116,1.0161322878831385,1.1007712657414845,0.07765545471884909,-0.18024393524767177,0.014728434922166833,0.003347175943274659,0.0008396846915250753,-0.0009657929629819581
CS2_37,117,1.0281862841641782,1.0814690307154515,0.06715184299213589,-0.13386424086675192,0.010502952138208359,-0.0007483318804615679,0.0011452715553612381,0.002529759428727687
CS2_37,118,1.0294210379118205,1.0643091477458653,0.04456724447312343,-0.08490025162077311,0.004614000226887746,0.0010716462119967456,0.0009644668245880192,-0.0012052160318883787
CS2_37,119,1.0205571426336881,1.044910204408139,0.009844811211352418,-0.033409649751349364,0.0015539989802814483,-0.0013672751587921453,-0.0008522903026143314,-0.00012265683166195565
CS2_37,120,1.0158882626977501,1.0274526122941068,-0.01750458600376783,0.01360225092526885,-0.004051629756708854,-0.001480971171950942,0.0007976364920103925,-0.0029270501575988437
CS2_37,121,1.0152986053836948,1.0114372634589965,-0.03683069973770918,0.051306075843282735,-0.005772644409595285,-0.0024901414774106496,-0.0018709952861468012,-0.00048025308386783405
CS2_37,122,1.0161647153189577,0.9987787599597068,-0.0444394407756709,0.07436554855979577,-0.008953465735865666,-0.001779082280739962,-0.0013247568825707518,-0.0004828476022030886
CS2_37,123,1.0092581005659014,0.9919504785753175,-0.046257945033895055,0.08003651648425988,-0.01056606594508949,-0.00148530544055356,-0.004194958416853986,-0.00022461973091592738
CS2_37,124,1.0214682149987908,0.9880886030508522,-0.015362420713457243,0.06353293575304436,-0.010019072067781855,-0.001106998073014162,-0.0009814342074386379,-0.0026833988221258865
CS2_37,125,1.0238520802190578,0.9866503009783578,0.010167525690664862,0.0376008711783354,-0.007760734301910861,-0.0005206661638435833,-0.0013062327785298429,-0.0009789844637197764
CS2_37,126,1.024627401823107,0.9910249473600667,0.03738576453226482,0.0014464951729013422,-0.002406699223300523,-0.001960562227673619,-0.0006590783802278179,-0.00020346549095040566
CS2_37,127,0.9154060260993475,0.9974511886630751,-0.057293086050939995,-0.019686574620880123,-0.0043238477060753904,-0.0003755553372734085,-0.0008420135542275883,0.0004759146710832555
CS2_37,128,1.0273690930019654,1.0068997359517018,0.04815884304469587,-0.02533023024778115,-0.0018027157070333506,0.0017006422165870114,-0.002618253209390713,0.00036107087201893895
CS2_37,129,1.0284434123604633,1.0151885850797076,0.029930021511151136,-0.01709491779559276,-0.0004421029421247712,-0.00032859949954468204,0.0012538530261112883,-6.342710085854568e-05
CS2_37,130,1.0289514527554182,1.0221360834032676,0.01039856379175124,-0.006440910700384845,-0.00019622852131673645,0.00018885671873511948,0.001267677950021047,0.0015974100315195863
CS2_37,131,1.0295578891650976,1.0288405073110938,-0.0035818901678445927,0.0011604399160628758,0.00100192682992532,0.0007085305803857248,0.0003028185775792292,0.0011255560358175395
CS2_37,132,1.030423805529324,1.0341902209282625,-0.012431242800998752,0.0063743041664122094,-0.0016361881051331992,0.002639908109134336,0.0008891342187162335,0.00039766893049267683
CS2_37,133,1.0303339397166624,1.0383973866114071,-0.014687011909922899,0.0030241729500472565,0.003449817063055973,-0.0008782410016065917,0.000907188312465408,0.00012062760881549256
CS2_37,134,1.0307306117649162,1.0399107569483006,-0.011016009608955959,-0.0006606480257553601,0.0006169931607739049,0.0014370208377913534,0.0005537851775128477,-0.00011128680731673907
CS2_37,135,1.0309897448817793,1.0404523140783573,-0.0062573890621877935,-0.0004900986327663917,-0.0010183489441140878,-0.0015335612251901126,0.00034034201786125137,-0.000503513432854171
CS2_37,136,1.0313373147585523,1.0378273634124306,-0.003739562126054628,-0.0007690259932961101,-0.002448769984546111,0.000472939009145265,-0.00015767410224470913,0.00015204446029997776
CS2_37,137,1.0315868542587836,1.0338165780577346,-0.00257449787124535,3.939054351569012e-05,-0.0005968176296196393,-0.0018571202749928992,0.0008543791950842541,0.0019049421553851008
CS2_37,138,1.031712916729603,1.0334711150610394,0.0015380397693717054,-0.0013431845666026735,-0.0004359578716265731,0.0007547737608172965,-0.0006548619899068482,-0.0016170075164634121
CS2_37,139,1.0317649320884215,1.0278698818104983,0.0034587041126877926,-0.0001988043467422522,0.00021721139247122257,0.0009251468599342175,-0.0010283556499043937,0.0005211478264807837
CS2_37,140,1.0319665867434793,1.02543948573372,0.005206352072950348,0.002171510520565281,0.0006291777707859851,-0.0012667680679480737,0.0007234537846394101,-0.0009366251543134147
CS2_37,141,1.0249967416181534,1.0209090074862746,0.0018010350692045977,0.003156779143548506,-0.0002452706978595153,-0.000546650910220085,0.000921825603209028,-0.0009999841561837666
CS2_37,142,1.0128242898030422,1.018411363715853,-0.0024409296193845026,-0.0018228337593731508,0.0017601958799747608,-0.000993446877220025,-0.003020088865701065,0.0009300292537775829
CS2_37,143,1.013623965183811,1.0165969466417382,-0.00027244071424849025,-0.001909367265699438,-9.345332178595998e-05,-0.0009555232708973771,-0.0006078413623638721,0.0008656444016196165
CS2_37,144,1.0118915656903766,1.0160891020904261,0.0004902743609533335,-0.0014471147047801038,-0.0016845510702293337,-0.0003491296938364103,0.0006230533046272239,-0.0018300686715119058
CS2_37,145,1.0108907467005253,1.0159914398730339,-0.0021372935285575772,-0.0016469501560093449,-0.000676018756106127,0.0004582139921409457,0.00099091773272905,-0.00208956253101689
CS2_37,146,1.0174532146969781,1.0165408568390366,-2.450133763710573e-05,0.0008648837562519631,-0.0018318719172642599,0.0012507319607482767,-0.0012567615875485891,0.0019098769063497592
CS2_37,147,1.024037223511165,1.019745133901346,0.003126718557576638,0.0012379490401267339,0.0009050360263865457,-0.0020602888559622602,0.001967395387361303,-0.0008847206254506298
CS2_37,148,1.025201187102283,1.0228067911290866,0.0010792133120076923,0.0012046284953169345,0.0014039883100107915,-0.0014460482851772663,-0.0012017236964904667,0.001354337757263663
CS2_37,149,1.022707145127772,1.0240361910781957,-0.0031030245429665253,0.0005308877797259929,0.0008475882677120911,-0.00063741851519583,0.0009753558129648141,5.756516810835473e-05
CS2_37,150,1.025399584421276,1.0255358230021703,-0.0026370952238022574,-0.00013951384222176414,0.0008990395774391725,0.0035851432929633826,-0.002690440049928559,0.0008466275843081383
CS2_37,151,1.03231005694325,1.0263739682271216,0.005272829915656347,-0.0007997785245020422,0.00044599327273649343,-0.0002058013218704239,0.00036476167500508266,0.0008580836158802258
CS2_37,152,1.0331900998804184,1.026687517751069,0.005251110462779929,0.0014058467492888544,0.0006232086212822017,-0.0008757472988422611,0.002635587882369064,-0.0025374243711172775
CS2_37,153,1.018816610641137,1.0243049468910272,-0.005105594172848572,0.0002286827813293559,-0.002044775253581932,0.0023679495904337486,-0.0027443887573554556,0.0018097894845236961
CS2_37,154,1.017383427709837,1.0225892739721167,-0.002934058331860452,-0.002814159669001283,0.0006120653693198224,-0.0013136627836869356,0.0001242803651620061,0.0011196887107744894
CS2_37,155,1.0209886503795724,1.0232799725928614,4.9966576236084045e-05,-0.0011416474006755947,-0.0003450893746321892,-0.0006256635881292715,-0.0004049697642537627,0.00017608125965327612
CS2_37,156,1.0186825249749987,1.0214581861902294,-0.001786550893050158,-0.0006105392668484936,-5.737689302330424e-05,-0.0009970136794699824,0.0010899048462892345,-0.0004140854066811629
CS2_37,157,1.015685736093202,1.0217936126350382,-0.006227815931049611,0.00030651508538579516,0.0017067506593151831,-0.0009465056151365282,-0.0004059218781536822,-0.0005408989385037545
CS2_37,158,1.0267223460868653,1.0206253102565221,0.0035355998069568806,0.0007448435529907372,0.00024570890189006613,0.0002511218725227748,0.0008775867922849501,0.00044217482279968314
CS2_37,159,1.0287328273567304,1.019089717720557,0.006977108689290931,0.0019296884745925533,-0.0008813465812775891,0.0007857205614185041,-0.000410300329412359,0.001242238739827063
CS2_37,160,1.0194497295282012,1.0193100346804134,-0.002440814711405507,0.0017484865437372547,3.0158204412196087e-07,0.001317621265115747,-0.0010797974881089454,0.0005938975785328884
CS2_37,161,1.0150618967630312,1.01980981180946,-0.0023183535084599573,-0.0007490835401703004,-0.00018336728884357735,-0.0005873993268680956,-0.001606929750967692,0.0006972182928339341
CS2_37,162,1.0160275023830678,1.0179400068516218,0.000602242494633104,-0.0023848538992529266,0.0001225811586049056,0.0004849237497067205,0.00045324216414444437,-0.0011906402128387108
CS2_37,163,1.0161009931813414,1.017007951569976,-0.0010194250825400972,-0.0004972728497639425,5.7928556716914944e-05,-0.0006989855812244879,0.0005251550176594968,0.0007256414740385829
CS2_37,164,1.0119592686411636,1.0171105112581469,-0.005352499984732158,-0.0007086551137062235,-0.0009210578001540699,0.0012458068015186897,-4.253195685097709e-05,0.0006276953621855279
CS2_37,165,1.019533470532977,1.0178547084634337,-0.00044914489440730094,0.0012878806212992535,0.00091919741873128,0.0013028217118080867,-0.0014858162334152518,0.0001038233676202854
CS2_37,166,1.0238367674187359,1.0162716880261213,0.004186928444916678,0.0016137812562523467,0.0014040590658329869,-0.0003984156134646911,-0.0005630715172186107,0.0013217976765983453
CS2_37,167,1.0253176500248244,1.01618248580268,0.006873189262759937,0.001315692004104556,0.0012470678188348636,-0.00032839861421191926,0.0004439886093113559,-0.0004163749389679006
CS2_37,168,1.0101542335089313,1.0159073569323513,-0.005971234264965183,0.0008991332398858895,-0.0005048615831013417,0.00022337692848783418,-0.0010672997026747867,0.0006677618849426198
CS2_37,169,1.0108671537993175,1.0153302254491,-0.0019223046686779703,-0.0010052040916833946,0.0003100907500808737,-0.0019413439083128378,0.0014283359069662473,-0.0013326457124567784
CS2_37,170,1.011382528230964,1.0145486621028657,0.0005418084203772273,-0.00019532158044297302,-0.0032909468212951416,-0.0010383449065104,0.0014330253194794317,-0.0006163543780256662
CS2_37,171,1.011069713565977,1.0144963773986382,-0.001395904223132708,-0.002083302623493002,0.0011796945640125305,-0.0022448750177974557,-0.0001489374952619395,0.0012666608886254948
CS2_37,172,1.0097267833291212,1.0161796983410292,-0.004589987226061447,-0.0014815847163053562,0.0010418053877786198,0.0008761768826565915,-0.004309175520841521,0.0020098501070380265
CS2_37,173,1.0202001869931578,1.0173100493266685,0.0034325107666081916,-9.564485162725246e-05,-0.0018669295381955784,0.0030809925241528616,-0.0004938041729147803,-0.0011669871397185598
CS2_37,174,1.0220013361842426,1.0189062914738458,0.001812802361138448,0.0022899688545183197,-0.00020549530507212998,-0.0009179852335137376,0.0018911095100570187,-0.0017753555556650079
CS2_37,175,1.0235733347156746,1.0183398908362256,0.0006411639501910366,0.001033590166206012,0.0025659395933514202,-0.0011074612524364228,0.0018599961532025882,0.0002402151893466405
CS2_37,176,1.0238802968097573,1.0206720080360365,-0.0008494313218369497,3.88761984117566e-05,0.003679832898865184,-0.0010857738471584343,0.0008422001997830364,0.0005825845659407134
CS2_37,177,1.0242310476541157,1.0236149202162557,-0.0002877872276699018,0.0007962787207427589,-0.0008252575601687582,0.002686415918117272,-0.0011626459772427528,-0.0005908765157801216
CS2_37,178,1.025548362909074,1.0267153873655475,0.002421514032262937,-0.0016935924775980998,0.0005022590805707751,-0.0007922247450542571,-0.001710328728490072,0.00010534830142587701
CS2_37,179,1.02621288521728,1.028790270565574,0.0026543614839696175,-0.0015452003071565706,-0.0017071414253564765,-0.0018992787673769156,-0.0006142683272284018,0.0005341419141686541
CS2_37,180,1.026510022657586,1.0305611378607225,0.002365947940061469,-0.0029625450101333447,-0.0018520651571733546,-0.002083406615846736,-0.00031176231691301513,0.0007927158760588992
CS2_37,181,1.0268194908650656,1.0341967042298972,0.0014768508009281802,-0.006362390611555042,-0.00048272027244600273,-0.000650164467632869,-0.0012873180375103583,-7.147085755381983e-05
CS2_37,182,1.0271969483767478,1.0356879079379444,-0.0045887163218321135,-0.0031971530443346695,-0.0017289640514955428,0.0014551120962756163,0.000378055707907657,-0.0008092940288129067
CS2_37,183,1.0272890750020451,1.0347506987395754,-0.012050271951176287,0.0011932242623554335,0.001508774965893721,-0.00016464008557584952,0.0024441231329983258,-0.00039283414315930727
CS2_37,184,1.0276110244142345,1.0304581834787734,-0.016427717508948465,0.00437245740878158,0.0026953877794624933,0.003917310997726265,0.0012680141706357605,0.001327388006535805
CS2_37,185,1.028106112323762,1.0264137091156047,-0.018666335691567722,0.010983945670120258,0.0033223165276075176,0.0040732568842292574,0.00025671598661763923,0.0017225037496766563
CS2_37,186,1.028569272640567,1.0199286388236943,-0.015573408486097408,0.0169124993560879,0.003927105319484985,0.000541112341308857,0.003695161037861025,-0.0008618358334390408
CS2_37,187,1.028782539650976,1.0106162924304551,0.002719460259009562,0.009091029703937463,0.004091057363243995,0.0014781141095819357,-0.0011317466528910209,0.0019183323558839293
CS2_37,188,1.0303717285090244,1.0047490637971868,0.02824108397052874,0.0012096571214496412,-0.0013719606734352925,-0.002032175973775662,0.000992837748154941,-0.0014167775635010192
CS2_37,189,1.0306178233415793,0.9994871377021742,0.05541930876294835,-0.013586601459638943,-0.005040699257484473,-0.0019188833166996096,-0.0018479358211124777,-0.0018945033511264873
CS2_37,190,0.9041912419273928,0.995253903348109,-0.05739256347008228,-0.020411394210947377,-0.004572261715225988,-0.0033428595544267004,-0.004954319907525835,-0.0003892625924278722
CS2_37,191,1.0152916257355145,0.9958810473798447,0.047485942690595695,-0.015453818615976523,-0.006071381555351876,-0.0016167627788075138,-0.0031765073114573047,-0.001756894149475031
CS2_37,192,1.0147407572728042,1.0004842052378708,0.02428141707862149,0.0014132594066988441,-0.003419841893672919,-0.002891281681289523,-0.0026722501386576216,-0.0024547508126799055
CS2_37,193,1.0141669487763494,1.0057622685342924,-0.0016689151358443939,0.014747062289280691,-0.00035848831739009393,-0.0011423460411402206,-0.0020229047189939432,-0.0011497279095295206
CS2_37,194,1.0110577125706115,1.0128388747085688,-0.020725651431491316,0.018307973622587268,0.0007695314892506864,0.0017118157106728222,-0.001192258896576798,-0.0006525727067807353
CS2_37,195,1.020240921449144,1.0209738003242643,-0.016766480900725876,0.011474207725642215,0.0011174726702632021,0.00018360763784617447,7.158990878160935e-05,0.0031867240048708578
CS2_37,196,1.023224612459778,1.0287357592366386,-0.014103813473011225,0.001111984585484846,0.004131882564873746,0.0009011439045034018,0.0022535943348934635,0.00019406122695230863
CS2_37,197,1.0203737618649598,1.03392528554955,-0.012131388741695752,-0.011320897397767824,0.003479091815160908,0.0026809650055078993,0.0029419447359990687,0.000798760819948773
CS2_37,198,1.0100520540791322,1.0359321798522128,-0.022981891905392907,-0.012763819679177672,0.004862186390285702,0.0012957876075607756,0.0023068791708703135,0.0014007325688109825
CS2_37,199,1.017868856221051,1.0335694644418492,-0.015456041828438096,-0.012012915659282789,0.004126772054745215,0.004575024515639163,0.00256950298169454,0.0004970496376292914
CS2_37,200,1.025704316350557,1.0300593156292837,-0.011257679671234025,-0.0011675558586269983,0.0050034534218625,0.002113157770950671,0.002369080523412763,-0.0014154555455659428
CS2_37,201,1.027661927760922,1.0205711122972612,-0.010567918228274891,0.010529055763229576,0.0022831770867636886,0.0022025585893213507,0.001354706816602472,0.0012892353547297366
CS2_37,202,1.0213583863923907,1.0111540665980643,-0.010902285951120517,0.017536914432286617,0.0025623230587107707,0.0007844238721143028,-0.0011732944027651976,0.0013962387064341626
CS2_37,203,1.0153726378873236,1.0000099247639844,-0.00020287004189049968,0.014940387130214419,0.0013352316512664848,-0.0017518884285356144,0.0011937397228159036,-0.00015188698670746937
CS2_37,204,1.0170446447620378,0.9932411021046923,0.026772139079369216,0.0034499549672730866,-0.0011095534080575607,-0.0016850617355356494,-0.0015019655864259183,-0.002121970736149184
CS2_37,205,1.0174725873639963,0.9875757514730062,0.05221894528314129,-0.011075142974315246,-0.004234775852741553,-0.002481044948148719,-0.0027616994201869107,-0.00176944627380852
CS2_37,206,0.8955275610668725,0.9847219739334158,-0.05700927516205067,-0.020122687690416148,-0.006694169599874879,-0.0018752896416782108,-0.002633173929887854,-0.0008598168689508101
CS2_37,207,1.016906149354769,0.9874045121848375,0.05264716356387769,-0.014126511813301313,-0.0028727490814026277,-0.004389871898037332,-0.0012267174122925575,-0.0005296762657262482
CS2_37,208,1.0228064246665287,0.9934979993098763,0.03436949811129796,0.0007699075103960334,-0.0035499648718604316,-0.0014726638506489824,0.0008117394083812238,-0.001620091030182068
CS2_37,209,1.0245628874965877,1.001626505429508,0.012327363695808577,0.010594270115198236,0.0010589747953361687,0.001694011831969314,-0.002361882068252675,-0.0003763563829793713
CS2_37,210,1.015025010462594,1.0090718301520285,-0.013223913055015973,0.01496317838101986,0.003158306317692195,-0.00022960716897027047,0.0010859290228840638,0.0001992867369243279
CS2_37,211,1.014020694369517,1.0149789981901156,-0.021308485842716118,0.011393466771485323,0.0038037548944603278,0.0016529036581905444,0.0017634642691772117,0.0017365923531904319
CS2_37,212,1.0146113906731546,1.0210566226216917,-0.020358212740091086,0.007096137766528899,0.0006490493372605047,0.004083975887839947,0.00026986944892357827,0.0018139482751417246
CS2_37,213,1.0133339600397218,1.0231608695630459,-0.016639529692087113,-0.000806415703809143,0.0024732572727697113,0.001747932289859184,0.0016356785706486893,0.0017621676639667612
CS2_37,214,1.0128270225486027,1.025838681942267,-0.00906843541128392,-0.0041524274769934215,-0.0017196927031906107,0.0018981150670754196,-0.0009425459260063404,0.0009733269816177226
CS2_37,215,1.0215023396789746,1.0245577465455116,0.0019305849692265104,-0.0033470307657139354,-0.0014449173779050076,-0.0006678951743338329,0.0014049340553545973,-0.000931082651891463
CS2_37,216,1.0240619139018818,1.0215071241290379,0.009023748417111203,-0.006064311517667872,-0.0003196609355722455,-0.0002620245070508,4.523525610776309e-05,0.00013180298012467512
CS2_37,217,1.0188535649189028,1.0216731616720407,0.004298784371376215,-0.0036394466040435658,-0.0004393815069993609,-0.000726772322461852,-0.0008822325686669838,-0.001430548199966498
CS2_37,218,1.0122335737584045,1.0205227500260579,-0.0037795677157343686,-0.0010035437131704944,-0.00021447127192079194,-0.0014566954687350807,0.00013915079644713534,-0.001974048969409742
CS2_37,219,1.0153536769726195,1.0197999480149973,-0.0025616891690423095,0.00023001846630288733,-0.00014308284480457037,0.00013439613727657046,-0.0009225583370986465,-0.0011833553711798918
CS2_37,220,1.0207923108432233,1.0207858384831552,-0.0006685847078639842,0.0017606557760560444,-0.0007753805430829403,0.00011733884542925597,0.0007862115819512476,-0.0012137686708521952
CS2_37,221,1.0242420089945519,1.0211700544173672,0.001959475705104868,0.0005473986595188572,0.00033007418189118617,-0.0003665146515827568,0.0006488818618933612,-4.736125950694215e-05
CS2_37,222,1.0247404588387674,1.021968497645741,0.0007011619089076541,0.0011162643767992548,0.00012727618025716112,-0.0008619609338255991,-0.0004002894925640818,0.002089509073378512
CS2_37,223,1.0248387235623646,1.0233468684829767,-0.00024072810312178883,-0.00074581020876673,0.000787757730729432,-0.00029006776927188586,0.00036854840769316125,0.0016121549420113595
CS2_37,224,1.0252530521592043,1.0261236783259537,0.00045234179385073524,-0.000795746996323808,-0.00030596701918945784,0.00034768780737181855,0.0004891254942929983,-0.0010580673270385336
CS2_37,225,1.0255413553631882,1.0246998520728638,-2.703599916056956e-05,0.0009115365434995823,-0.0011237021026446244,-0.0006436174731172274,-0.00019133076780590013,0.001915653009146539
CS2_37,226,1.0256597350723275,1.027279775189422,0.0005745250519352122,-0.0008937781277082167,0.00021511104879329846,0.0002569664521882381,-0.0009553288120865734,-0.0008175358106723287
CS2_37,227,1.0261270452436229,1.027103079623986,1.0180441653832984e-05,0.0015960660037461594,-0.001896216571367712,-0.000347380076084421,0.000498858216466486,-0.0008375424754277656
CS2_37,228,1.0271507278426846,1.0252195264019954,0.001925212436117936,-0.0018385923799698434,0.0017081875294542588,-0.00031175875113816635,-0.0002608521313620247,0.0007090046565108263
CS2_37,229,1.026905246743734,1.0262130446899498,0.00016932144243840116,0.0013698026704233401,-0.0010587502651565463,-0.0009277017593576647,0.000635363449350996,0.000504166435111591
CS2_37,230,1.0267943516588467,1.0272449795008183,-0.0008056076370077636,0.0001270912679951312,0.0015543924712404917,0.0008170251844426739,-0.0007878408639857288,-0.0013556883455841703
CS2_37,231,1.026949156954764,1.0253257688216508,0.00047471152219031427,0.00029257254133010856,-0.0007136232175141852,0.0008831933932126581,0.0005422589700591248,0.00014427484284269528
CS2_37,232,1.027020314224039,1.0270074081589136,-0.0009733620833264283,6.710087811928989e-05,0.00034631903453069486,-0.001559207576224636,0.0027565318992813087,-0.000624476168276524
CS2_37,233,1.0271868896195784,1.0282245804673098,-0.00010206339837098713,0.00021454553100602177,-0.002240414295402379,0.002401259686478132,-0.002693203327720189,0.0013821848751867619
CS2_37,234,1.0273496793629704,1.0285949185602588,-0.0013714573936927427,-0.0027032090599626436,0.0011922555490060489,0.0013942142563113638,0.0011046082653840942,-0.0008616508954934793
CS2_37,235,1.0278317543952014,1.0278034225270993,-0.0012205720554468154,-0.00048454446218888146,0.0002971189128934516,-0.00014656404558911328,-4.93915838768458e-05,0.0016322850209507854
CS2_37,236,1.0273716445854575,1.0274679644543363,-0.0014221415541794786,-0.000147047230950983,0.0006110830434626422,-0.000782021012448701,0.002267539118364891,-0.0006237323142953699
CS2_37,237,1.027285809625191,1.0266447088932253,0.0008549075323828052,-0.0013116173158174548,-0.00021792084094505486,0.0018015117517346832,-0.0008306216662642231,0.0003448411897424206
CS2_37,238,1.027248601636174,1.023198914836619,0.0004230800672145926,0.0019539372861764616,-1.8811566572864647e-05,-2.8120054076684488e-05,0.0006454403750096104,0.0010741606106869706
CS2_37,239,1.0272550901921562,1.021938206920026,0.006067531417290585,-0.0020175903122086115,0.0015188718708110524,-0.0015696929803556935,-0.00024481205664312613,0.0015625752521163654
CS2_37,240,1.0148468242815483,1.0203260745632363,-0.004610554441585689,-0.0005714993805797081,-0.0004742983159211013,0.002218605859192331,-0.0017757467283160539,-0.0002657573504350286
CS2_37,241,1.01696530240104,1.0195585407435797,0.00016554481376588226,-0.001169115468786598,0.00013585641041392776,-0.0008372845547452482,0.0006662036200464929,-0.0015544432400725972
CS2_37,242,1.0154456291614409,1.0177401556748047,-0.00019889424473968945,-0.0016717807290066913,0.0001957693997588477,-0.0004203549417099797,-0.0004090120644982171,0.0002097459906256253
CS2_37,243,1.0121648943939192,1.017006301863344,-0.003308062908644566,0.002045918150081144,-0.0022792705702261913,-0.0010868353585540963,0.000438506296127747,-0.0006516631530500763
CS2_37,244,1.0105643498972796,1.0165081143367891,-0.004330092577571837,0.00023357051814346414,-0.00031958313067508216,-0.0011995291835854665,0.0007599005388648431,-0.0010880306788609007
CS2_37,245,1.0201622479175256,1.0139172928741245,0.0035533370959356177,0.0016746476645532803,0.00046750011102192677,0.00011512144963664248,-0.0008937655388066456,0.0013281141828916615
CS2_37,246,1.0217362892881496,1.0151532252486812,0.0065294463488764455,-0.0005948833760547279,0.0018331753912559452,-0.001258171140684053,0.0009470869299798617,-0.0008735901927284819
CS2_37,247,1.0128081527340882,1.015193904771222,-0.001380520659628631,-0.00019668227179402297,0.00029801094864828506,0.0005198884845755483,-0.0013447961694233231,-0.0002816524446206056
CS2_37,248,1.0096518617492904,1.013508737838648,-0.003967313958985146,-0.0008831765978880731,-0.0009797212860786643,0.0007969215022973529,0.000240440853997582,0.0009359733235034816
CS2_37,249,1.012298519135953,1.0143031495298969,0.00036093850533512595,-0.0012931535043585612,-0.00019069836699380513,0.0005682066875987658,-0.0004143343567756414,-0.0010355894336467842
CS2_37,250,1.0113314925139851,1.01334703230294,0.000440001256767068,-0.003265628986127582,0.001436469813437287,-0.0006046618510456898,-0.0002884557179095042,0.0002667356214287716
CS2_37,251,1.005757342924908,1.0134308478410592,-0.006504380104341351,0.0022408944680337487,-0.001393194374551363,-0.0011888058425032484,0.000592281078968726,-0.0014203002139333198
CS2_37,252,1.015450104507297,1.0123657294731874,0.00443863856228915,0.0004613897871629626,-0.0004319800501610203,0.0021680736129546982,-0.0018286411264223591,-0.0017231058279219159
CS2_37,253,1.0173875180649787,1.0097796745692915,0.004652260396096002,0.0021337889217246295,0.0005538630147801365,-0.00014728938417238321,-0.00028016395443610485,0.000695384424680645
CS2_37,254,1.0107453261959645,1.010497893194917,-3.6175446873320715e-05,-0.00025925551722455936,0.0035690240299006636,0.00021344123699995157,-0.0020376712952327224,-0.0012019300807731904
CS2_37,255,1.0045791782984006,1.010458338930953,-0.0037063090802330043,-0.0004567342896608164,0.001174789155237609,1.2285701724565394e-05,-0.001490830446089843,-0.0014123617452163008
CS2_37,256,1.0065200932364728,1.007497333525347,0.00042667409104273134,0.0011898686463483318,-0.0025858587186791547,0.0005447389349319963,-0.0012635998392937949,0.0007109365242827989
CS2_37,257,1.0036041350275635,1.0083949084310067,-0.0021695364025442585,-0.0014047841814150619,-0.00022537278604223493,0.00015409375087224074,0.0008292701549422576,-0.001974444010535842
CS2_37,258,1.0044265801070846,1.0064441979474519,-0.0015329183971770105,-0.0005535704354911605,0.00026393494194611026,-0.0015794489111599906,0.0011695767361517098,0.0002148081537411676
CS2_37,259,1.0075411892151678,1.0070803888633577,-0.0001483579191983877,0.00031446030834832167,-0.001801840210886063,0.002579684070998481,-0.0012366183033986852,0.00075347233302866
CS2_37,260,1.0116996662942466,1.0055457359108968,0.004648364026088137,0.001088437156585475,0.00033476179509427963,5.876663335689147e-05,-0.00022706724539565262,0.00025066794297269086
CS2_37,261,1.013221591547305,1.0045062287233453,0.006490186733483048,0.0005225643445131738,0.00014168282845300698,-0.0019174360791928092,0.002704467356583192,0.0007738975648392314
CS2_37,262,1.002069200020344,1.0044705603782407,-0.0048768406348844075,0.0012872153163459765,0.0014823058916763145,-0.00012567432578303487,0.0001966452281371541,-0.0003650119040299562
CS2_37,263,1.0016342929946482,1.0049590323860969,-0.004358632573601932,0.0008671929841110013,0.0006246310978751536,0.0006559466202564893,-0.00042196500636567947,-0.0006919125841838617
CS2_37,264,1.0037626766369367,1.003182604344265,4.453287206705344e-05,-0.0011464114629312152,9.614957248945126e-05,0.0008411600846256784,-0.00018665005464411032,0.0009312912097189564
CS2_37,265,1.001709896389297,1.002416202421099,0.0007299333866605597,-0.002609314986186238,-1.3462956092849723e-05,2.6744559297032468e-05,0.001993471938494598,-0.000833678044466868
CS2_37,266,1.0012442826995418,1.0027610892955836,-0.002449361452650917,0.0012235964178072551,0.0007029923462789311,0.00012088700600770248,-0.0001146565775462346,-0.0010002644062364868
CS2_37,267,1.010478859950826,1.0035984421821658,0.0065558869371622926,0.0002929056313054336,0.0001721676436935299,0.002175544873049369,-0.001837382884480336,-0.000478704506209983
CS2_37,268,1.0118404618223238,1.0041027505331375,0.004841956839963842,0.00437798142639533,-0.0018770540953796302,-0.0003770130972073859,0.00031825528084983225,0.00045358485985797116
CS2_37,269,1.0023287634058917,1.0044686706452048,-0.0017504854900225548,-0.0002723183975359922,0.0001583083141088188,-0.0024383888876006515,0.0007136136520502691,0.0014493634989378391
CS2_37,270,0.9991156110822921,1.0066551449855226,-0.0037031053847781477,-0.0032052052392797206,5.762215996544867e-05,0.0007000943354119573,-0.00040995247104026034,-0.0009789873729219888
CS2_37,271,0.9980989604563639,1.0079497227155207,-0.003551010433860516,-0.004510823638810552,-0.0008456822439148739,-0.0014721795774917104,0.00024292347073921636,0.0002860100951922384
CS2_37,272,0.9997412974997459,1.006097708238438,-0.006070977090019568,-0.0022495112318490864,0.0009466170572981248,0.00011454541283868631,-0.0007001016156683361,0.0016030166590355799
CS2_37,273,1.008130103997511,1.0062529918462024,-0.001495643890163722,-0.0006311119662532217,0.0018565954882402748,0.0023492225691801585,-0.0002488186037295303,4.686848087193358e-05
CS2_37,274,1.0006999286528098,1.0037396222378052,-0.013623762650871526,0.007188258785850352,0.0013389416128799997,-0.00037738939494003315,0.002810184299737231,-0.0003759263077230184
CS2_37,275,1.010021970795071,0.9985406847458733,-0.007119032475968237,0.013012692723526169,0.0019363590513582182,0.0011855060297239098,0.00248776639108905,-2.200574448124523e-05
CS2_37,276,1.011988309618387,0.9923868277253978,-0.004529341500021485,0.017493852750069133,0.0037125296801192825,0.0026485187736864945,-0.0011710020699432697,0.001446924184311102
CS2_37,277,1.009029813300887,0.9857517184547189,0.001261141965924609,0.02019504292643952,0.0013796333105681239,0.00040679547327283693,-0.0013896169969222492,0.0014250980933482682
CS2_37,278,0.9985973695156138,0.9767267470935512,0.011309667459433544,0.01055957694741995,-0.0006758150101552125,-0.000464281380282141,0.0008469469767869939,0.0002945273596627135
CS2_37,279,0.9985753388392302,0.9693364745258258,0.03561951767520715,-0.004323668825384081,0.00022194846721506698,-0.002220068532053143,0.00010024975406601343,-0.0001591142948341573
CS2_37,280,0.9963995529310408,0.9660659078561201,0.060517502450809876,-0.02247931055645796,-0.0035806965944282514,-0.0007990701319504635,-0.0006859937628666633,-0.002638786398468247
CS2_37,281,0.8435244200574719,0.9631708727988325,-0.07592867861582517,-0.036238336556579404,-0.0015171671480849458,-0.003270716168493193,-0.0011904437489685066,-0.0015011105080891892
CS2_37,282,1.001434473324528,0.9645569690077985,0.07741314587176412,-0.030395458561844488,-0.0042460723863422725,-0.0029003111057387104,-0.001523314568683461,-0.0014704850028028772
CS2_37,283,1.0002531441144369,0.9675952880494505,0.06336652114874756,-0.025385794909773125,-0.0017238376522713454,-0.0018934286234256967,-0.0017292679318712202,2.366396369455048e-05
CS2_37,284,0.8731195752758611,0.9762948832967364,-0.0833804564358484,-0.015289158559282747,-0.0009127557850866196,-0.0018700183402720746,-0.0009883660884035927,-0.0007345528289744755
CS2_37,285,1.007997537374858,0.9860331395421014,0.027580005495865142,-0.006342839999997691,0.0013028635592740921,0.0016056151058859145,-6.69123362075035e-05,-0.0021143340651710515
CS2_37,286,1.0105971051760392,0.9931794959478909,0.006318209927893343,0.0068959342524369145,-0.0004515432666016814,0.002411341268842005,9.159880278288383e-05,0.0021520681686056473
CS2_37,287,1.0090656324623675,1.0027440639078735,-0.02058448599877074,0.01963445369122195,0.0032322473343276755,0.0013724476119848,0.003522544239418976,-0.0008556383972407691
CS2_37,288,0.9970127727676816,1.0074576777216457,-0.0563161006771978,0.036587314849094214,0.004553435331473649,-0.0007283870859851074,0.0030217987572261195,0.0024370338028873867
CS2_37,289,0.9972132151809481,1.010098535928339,-0.0658532698084898,0.04360029991909676,0.002178009939182364,0.0033944099167516964,0.001891788380382924,0.001903440837064317
CS2_37,290,0.99519325100961,1.0103149045278121,-0.06697257912112216,0.04552377087285271,0.002085016297672102,0.0007851241413382354,0.0016574976803188045,0.0017995165429575389
CS2_37,291,0.994290415045354,1.0070604353985826,-0.048990421507006915,0.03290878803700669,0.0010705517209031914,0.0008554065437010676,0.0033661205738075187,-0.0019804657890451238
CS2_37,292,0.994785848766659,0.9982813673804665,-0.020292687030537854,0.014388515427258245,0.0010282408922543554,0.0007976293368924266,-0.001084744245150011,0.001667526937864441
CS2_37,293,1.0018268583952388,0.9903033506297418,0.02219166336070448,-0.010773651826178746,0.0011739931034052793,-0.00037808214829710785,-0.0007752682881334848,8.485349345619002e-05
CS2_37,294,1.0029708249252067,0.9831356897678789,0.055110315032032134,-0.03092218122424648,-0.00022861409780070891,-0.0034533872645846437,-0.001745251267688594,0.0010742539085998055
CS2_37,295,0.8687943246895333,0.9781561034740944,-0.061747420030525794,-0.04088251358889291,-0.0024683923532261174,-0.0013827697436100115,-0.000924409291430568,-0.0019562737920688325
CS2_37,296,0.9879232236267477,0.9753290422295164,0.0523730796341624,-0.03274729823070638,-0.00021822550688397488,-0.0016745309356998982,-0.000849961222547228,-0.004288882405849545
CS2_37,297,0.9885961136163299,0.9720824207454579,0.030298762520665955,-0.009185483032075286,-0.0015695659104838027,0.0002311285720548645,-0.00533983608837243,0.002078686744046909
CS2_37,298,0.9891865450140394,0.973100148901435,0.010289864814122165,0.008319141873112895,-0.0029804046688031824,0.0011643337587896171,-0.0013957342368211172,0.0006891945069224725
CS2_37,299,0.9872093463750602,0.9779165194184274,-0.00601074864155409,0.01666816423275587,0.0009242642654882629,-0.0028815337735702035,0.0023894234740705557,-0.001796742665016512
CS2_37,300,0.9936684852892377,0.980843042575187,-0.008027913222398724,0.017943441486055693,0.0007549298516671892,0.0027470520825930034,0.0005857642842932382,-0.0011778318353058092
CS2_37,301,0.996657286102419,0.9854477133415849,-0.005045066853844124,0.01204064653529632,0.0029838452313057195,0.00028589189972789053,0.00013356929599293385,0.0008106865839657976
CS2_37,302,0.9975911428958746,0.9887430350159347,-0.004240321483269465,0.011326421111192529,-0.0007373547056251229,0.0007326666248242309,0.0013974410708907543,0.00036925519314876535
CS2_37,303,0.9979443062702771,0.9926357082708049,0.0007610908253193474,0.0024609718571799856,0.0013665155540924557,-0.0011366154826573907,0.0011107038443779855,0.0007459313322347129
CS2_37,304,0.998414827521195,0.9953046989299491,0.003657553317120333,-0.0012255588244806084,-0.0018076190271841149,0.002631622031342215,-0.0022139507425469785,0.0020680817678742605
CS2_37,305,0.9992425726099725,1.0000614635153378,0.0076853300118025995,-0.004167400235086761,-0.0016011151441894787,-0.0008658339176607471,5.834699915663101e-05,-0.0019282186888527851
CS2_37,306,0.9994264816863208,1.002164620283634,0.007850351038259672,-0.0068916888639492715,-0.0013019850211115067,-0.0019797587024678607,0.0002822004163508508,-0.0006972575339368995
CS2_37,307,0.9999869059114985,1.0038389035838686,0.005010812771242211,-0.004878084649104059,-0.001548409814090799,-0.00216592877392918,-0.0017198828532561476,0.0014494955769928683
CS2_37,308,1.000115580771734,1.0074688685523299,0.0023986993511078865,-0.0065865325963154085,-0.001106909488102296,-0.0017453377718356937,-0.0007076220336227946,0.0003944146883439371
CS2_37,309,1.0002728983742877,1.0079675638546826,-0.004713874520388713,-0.004106091372715208,-0.0011705855590712873,0.002258903857891758,0.0006810606134777181,-0.0006440785694829409
CS2_37,310,0.9998540296359728,1.0075182062774035,-0.01224900068092736,0.0012720800143554965,0.0006971047652414825,0.001214024942754193,-0.0006861846548556313,0.0020877989022815248
CS2_37,311,0.9996699938653926,1.0036943615642457,-0.01836749784404857,0.005832586353919873,0.0019805285095555454,0.0031126216225781226,0.001488638980772506,0.0019287546087262495
CS2_37,312,1.0008341039025623,1.0011643338056846,-0.018801964240021857,0.012348672550146605,0.0036353927711238443,-0.0006949018257407352,0.0019544905135513648,0.001228080257691269
CS2_37,313,1.0000590262379525,0.9933729947776545,-0.013747337342806339,0.013679446048342663,0.0028589777765274794,0.0027853933113899283,0.00014363150957913935,0.0009659200874602872
CS2_37,314,1.0005353170259106,0.9846507811806364,0.0015615679434498547,0.009810912989017496,0.002183687609343781,0.0007207696456832471,0.000420304134130091,0.0011872934536466277
CS2_37,315,1.0008303505702827,0.9794940391864647,0.024154696625342798,0.0013534681973788533,0.00066987179144158,-0.001784802577569372,-0.0005406889739704823,-0.002516233748931115
CS2_37,316,1.0012226519511955,0.97089866043012,0.04735461983174561,-0.008356363338171675,-0.004338546581754406,-0.0010240734124356721,-0.0036676483706356918,0.000356003322038418
CS2_37,317,0.8877603816264141,0.9695734956750491,-0.049957459496944724,-0.020585708697085443,-0.0027917680850903805,-0.0037650254808017512,-0.0010429488119364937,-0.003670203499860033
CS2_37,318,0.9865519750925102,0.9660892660360727,0.04498107391559486,-0.015488684996371046,-0.0031854613554404883,-0.0023823182018307535,-0.0019067892278238122,-0.001555111141876626
CS2_37,319,0.984072621834045,0.9687601382466189,0.024891660819672458,-0.004188931246372333,-0.0014200594513594357,-0.0016325653041768628,-0.0013259747962391874,-0.0010116464972524523
CS2_37,320,0.9864999029828283,0.9698111074851247,0.007316097655483199,0.008702152662048303,-0.0001317813167565059,-0.0008331358305135308,-0.0015493756976516083,0.003184837960930099
CS2_37,321,0.9828368957858729,0.9768537521498768,-0.012201022898180114,0.015476035937083542,0.001994114622078708,-0.0006871154467351542,0.0024946151516395763,-0.0010934837925301924
CS2_37,322,0.9802232230564911,0.9817424711104756,-0.021919477567898776,0.01365284376075025,0.0028092036951477524,0.00285846385637772,-0.00037207528599406164,0.0014517934260803627
CS2_37,323,0.9907161134295421,0.9846668485346819,-0.008672326900427635,0.005635989333270946,0.0033465921126244118,0.0035145977434872635,0.002161107716155805,6.33048238316409e-05
CS2_37,324,0.9930501176687727,0.9867192343106926,7.996802589050176e-05,0.0009294495800634634,0.00036850010235976515,0.0010020257033792872,0.002284685429085014,0.0016662544504132044
CS2_37,325,0.9869412160281072,0.9856909953959483,-0.000608482759652429,-0.0034441322653929814,0.001051119681770249,0.0012897340129469314,0.00037135910065601025,0.002590622797483927
CS2_37,326,0.9785661869415065,0.9869782568670352,-0.003946149752623567,-0.00533184220886431,0.002720970940466107,-0.0021212791250671903,0.0010940254460613005,-0.0008277952863639194
CS2_37,327,0.9793433291822708,0.986074730738021,0.00100068972258407,-0.003013931049985435,-0.0027745281417190025,0.0007767552571491126,-0.0011833943342843955,-0.001536993070680753
CS2_37,328,0.9800984755137563,0.9831813472014974,0.0035418856593846175,-0.0029952650555191023,-0.0024020203883828163,-0.0006029811968529324,-0.0018367196285200451,0.001212228860648736
CS2_37,329,0.9784440308302393,0.982735909181649,0.0011279625581636992,-0.0016684183946102213,-0.0017141435069598658,-9.493459409441552e-05,-0.0026520290305095894,0.000709684555788623
CS2_37,330,0.9808567056280566,0.9839965956801808,0.0026188622860850537,-0.0022129236459974503,-0.00025459152885124803,-0.003431161148859988,0.002195229411720759,-0.0020553054880372832
CS2_37,331,0.9865237029878529,0.9859300408444696,0.004172913375111313,-0.0008055862820340149,0.0009263029044963692,-0.0014227782821392117,-0.0016888516228788484,-0.0005883380133458865
CS2_37,332,0.991514751875751,0.9872395925702341,0.004960026644145531,-0.0001102936061135028,0.0003605290870003312,-0.00015530329038327016,-0.001701152550836279,0.0009213529554540184
CS2_37,333,0.9896012046123841,0.993875180825577,0.00046870220619788053,-0.0035570307221358187,-0.0005729913341402635,0.0021242757919288603,-0.0006306408819603851,-0.0021062913385372127
CS2_37,334,0.9941649660993257,0.9939407508864484,0.0021593413920455115,-0.0021517692360831942,-0.00131960353026482,-0.0006767973676398488,0.0007580734273867285,0.0014549704600802108
CS2_37,335,0.9975053638101432,0.9964787532800586,0.0011510719847732033,-0.001565685206037313,3.0765747705711915e-05,-0.0010311972227477922,0.0023849959130636898,5.665924458459907e-05
CS2_37,336,0.9982558707874216,0.9955987937475815,-0.0027618406206781076,0.0008137851546556619,0.0005613916760394837,0.0029095716954638004,0.0010632355155817956,7.093354972277496e-05
CS2_37,337,0.9866107465003173,0.9919591875629704,-0.021381135663396694,0.011031818952221432,0.0014745738970576264,0.0026134339785073646,-3.479412171457137e-05,0.0009476618304618761
CS2_37,338,0.9854240856605951,0.9862848385698731,-0.022058247210275366,0.01628267859205932,0.0034155665859893444,0.001036289268467566,0.0005939387227877209,-0.00013097893202272272
CS2_37,339,0.9845245546454002,0.9769253559990331,-0.011741944219651468,0.015551800385632357,0.0015060838670876314,0.0009152995573692827,-0.0001257780968326624,0.00149373708942014
CS2_37,340,0.9834339986156593,0.9694682552778969,0.006396614855394731,0.006267824807616701,-1.8383860100654927e-05,-0.00034726535627714616,0.001738022667588528,-7.106983934798752e-05
CS2_37,341,0.9804602301345149,0.9629217564605603,0.02433133963216267,-0.004025349757785831,-0.0007732193688940819,-0.0014406433895481705,-0.0016608033066028666,0.0011071498029718901
CS2_37,342,0.9890709904310757,0.9604390326788173,0.05549471828637838,-0.015778769343889432,-0.004793025652036847,-0.0028315443951618647,-0.0007088856035804911,-0.0027505356046846874
CS2_37,343,0.8657292655384605,0.9571372200701408,-0.05890663856692759,-0.022525886469262513,-0.0066828064096422545,-0.0028099858670148125,-0.002298192782864837,0.0018155555501138119
CS2_37,344,0.9909609754753532,0.9632234514486724,0.05454341415214433,-0.018037195990081405,0.00021852992564259273,-0.00454456121255693,-0.0010944303057410993,-0.0033482326087463828
CS2_37,345,0.9913291393610919,0.967901284438424,0.028727492377991628,0.0005677562753681267,-0.0016940424355633428,0.00021214059481529398,-0.0017880797919556893,-0.002597412164161033
CS2_37,346,0.9916244234400136,0.9755097063669328,0.003832307245393359,0.014342908275675246,-0.002122750336993545,0.0010380714897133068,-0.0010801051963440353,0.00010428552934079308
CS2_37,347,0.9922089227548803,0.9821550943241582,-0.014935508024638458,0.019060473183079026,0.003401560382789443,0.0015325740398814184,0.001248021414823972,-0.00025329263175217945
CS2_37,348,0.9923320160834095,0.9871172237551774,-0.021831308667189558,0.01734120962735582,0.0037311683463515572,0.0022460413884941945,0.002656468477832193,0.0010712130887978173
CS2_37,349,0.9923431741663649,0.9949651638616417,-0.020627778051041285,0.011262305505771994,0.002694098728561468,0.0033993432226997766,0.0014836525342574623,-0.0008336117021210515
CS2_37,350,0.9923555628276475,0.9974281762475955,-0.014897090675391259,0.004708752550920709,0.00258896003841899,0.00016090295588774636,0.0006373136010255204,0.0017285480425903684
CS2_37,351,0.9921032029153309,1.0000457162125151,-0.005782805690217385,-0.0020689092363270186,-0.001580128719772789,-0.00025882135049496623,0.002383326463894418,-0.0006351748307613145
CS2_37,352,0.9918632321827445,1.0007354557773032,0.0030387837392861308,-0.009362492093886343,-1.2737234338748112e-05,2.452204025363083e-05,-0.003210525911432342,0.0006502257991639857
CS2_37,353,0.9916770114786857,1.0019605736114838,0.007448448830819335,-0.009816459517304128,-0.0029433824217500117,-0.0025005192047787873,-0.0011809062918362024,-0.001290743594265896
CS2_37,354,0.9915302375633495,0.9977723721962928,0.007509883705304829,-0.009257615581812,-0.0017011989486117802,-0.0018378743261389593,-0.0008166175479370976,-0.0001387120000047748
CS2_37,355,0.9914738679766408,0.9976417026850537,0.007692797093809968,-0.008637794233335548,-0.001718551051303604,-0.0019088833909821988,8.172675462156854e-05,-0.0016771299474561063
CS2_37,356,0.9915208430858122,0.9941399151079247,0.00583302338640234,-0.0067859115287450394,-0.0018852267615352626,-0.000530075517664232,0.0003801432728656726,0.00036897506031152206
CS2_37,357,0.9916448781415745,0.98928135558784,0.0017844417666906998,-0.0040542556094203,0.000542285727882861,0.001302796524836893,0.00042057613060632294,0.002367677946833813
CS2_37,358,0.9913231599347512,0.9871522225464828,-0.006690908051215186,0.005969958926151019,0.002337311131399897,0.003021197890328351,8.818295053328033e-05,-0.0005548055250993172
CS2_37,359,0.9871605679013662,0.9782944223416796,-0.013085301436356545,0.011235659888418733,0.005485524243783102,0.001275212063166644,0.002347330193694143,0.001607720542541964
CS2_37,360,0.974965619838418,0.9728104446439424,-0.023404771685669273,0.017518160626934867,0.0030160330393497786,0.002943556789501331,0.0012308247631716398,0.0008513716018223572
CS2_37,361,0.9742541618683802,0.9646144739835847,-0.013894900662815292,0.019594872260163255,0.001741406335419964,-0.00030939040569879866,0.0032793135249965803,-0.0007716132263391334
CS2_37,362,0.9733415238885605,0.9586425893791218,0.004234341734046407,0.012114438967546349,0.0007525654917628288,0.0004532234253915331,-0.0023881634273622996,-0.0004674717406353798
CS2_37,363,0.9713891839863535,0.9511173146250144,0.029641180285282582,-0.0034812839889875285,-0.003355945451658786,0.00013674229135678302,-0.0021590866934002627,-0.0005097371391305958
CS2_37,364,0.9729394571678149,0.9499305049805566,0.05176046879862818,-0.0173639576189968,-0.0031088254537425487,-0.003912752755412982,-0.0010967346909967243,-0.003269246150742765
CS2_37,365,0.854635511918886,0.9468671675499373,-0.057359667246540555,-0.02489112758203646,-0.004537511659158793,-0.0020730009332531356,-0.0028750730269665173,-0.0004952751923983228
CS2_37,366,0.9818697172882764,0.9502388603089761,0.05503113891800293,-0.012683420848489113,-0.0046887961818705606,-0.0031848337987740406,-0.0022099036312500926,-0.0006333275405561502
CS2_37,367,0.9747877639048781,0.9546025288984563,0.022510049308220634,-0.0009416822599217823,0.002840066708784595,-0.0027132541288705046,-0.00048157445166350306,-0.001028370229418553
CS2_37,368,0.9683101064425443,0.9590919217936653,-0.0066383003497714945,0.012632427333038852,0.0019806606860833494,0.0002761633582620634,0.0007870823100734681,0.00018015125459685565
CS2_37,369,0.9688008122085989,0.965968950771265,-0.021135066361217803,0.016640151671008577,0.0031607346235134766,0.0032063529961620218,0.0002482504804820334,0.0007114379705854911
CS2_37,370,0.9666283840559657,0.971834903132558,-0.02968146397277915,0.015485372272536848,0.0016857211929250126,0.003751009037163699,0.001829017263867537,0.0017238250737974554
CS2_37,371,0.9675533256646176,0.976479185197683,-0.021699494641546604,0.00457972892931239,0.004082296604785272,0.001854946470688589,0.002806435781566586,-0.0005497727341527401
CS2_37,372,0.9723433656493938,0.9762373263619125,-0.008440780476635344,-0.0004541780885882959,0.001388437969817468,0.0022355920359263762,-0.0001499008587560343,0.0015268686474431818
CS2_37,373,0.9754264619866859,0.9747509353340333,0.0025628336573910713,-0.0014562896961278634,-0.0013097568738999741,-0.0017490923429366095,0.0011881034515061873,0.0014397283971631333
CS2_37,374,0.9774228380053813,0.9744063101346976,0.013496952321816797,-0.00756151962147942,-0.00113672319505437,-0.002333065824775586,0.0019988204217562767,-0.0014479362919672324
CS2_37,375,0.9656957930373196,0.9716242366897847,0.004056424947946884,-0.005470928454647736,-0.0026384809954245574,-7.498994817018928e-05,-0.0021064642325998384,0.0003059949749220198
CS2_37,376,0.9640834698098146,0.9692236092352399,0.003155240272114653,-0.003537042121009487,-0.0015613637389895675,-0.0010932177980803228,0.0003650627915554291,-0.0024688188858534303
CS2_37,377,0.9627391464590502,0.9673507856631406,0.0014577855042310897,0.00036297889598615606,-0.001307745838919778,-0.001963749833114417,-0.002154504189364469,-0.0010064037971871918
CS2_37,378,0.9618773396983613,0.9643948354359202,-0.000685026583651634,-0.0004819913471795333,-0.001200295482273988,-0.0008687282578406882,-0.00039439056219270797,0.0011129364416600875
CS2_37,379,0.9616221736129305,0.9658085708548501,-0.004535396669923346,0.00033417119081729536,0.002502959008798173,-0.0010703467687646496,-0.0013549195276402262,-6.286452902039073e-05
CS2_37,380,0.9708045302053421,0.9658162847304393,0.003973606107333389,0.0007024543276878059,-0.0010756366079038846,0.002413800679213,-0.0012325661198572602,0.00020658703079587908
CS2_37,381,0.9726819676164737,0.9685470157831819,0.004324654166310045,0.0009847744549093835,0.00021907145953301992,0.00025491525800926134,0.0007707248468589025,-0.0024191884107436627
CS2_37,382,0.970324865832304,0.96844184277701,-0.0009898166120109974,0.0006558542311018386,0.001987722225288313,-0.000783578336160295,0.0007178161237482348,0.00029502536589283375
CS2_37,383,0.9691913622921109,0.9694684468901074,-0.0021107121008886753,-0.0010973620054410545,0.0007807231115052518,0.0011984358321889582,-0.0006044970158673009,0.0015563275235437185
CS2_37,384,0.965480517878196,0.9692980019044517,-0.006664742927258805,0.001584483481886658,-0.0012360965831507453,-0.00033595445701865693,0.0011319261576432818,0.001702900246223789
CS2_37,385,0.9746453416312839,0.9708839121366364,0.003140959141751848,-0.0005972909038575335,0.0014506287455443587,-0.0008076668935838819,0.00027549555839870434,0.00029930378716227726
CS2_37,386,0.9764328183180981,0.9699100058859402,0.00545215021722788,0.0004456609945532867,-0.0015325216243979108,0.0022769470096714855,0.00014437464174104803,-0.00026379886661323515
CS2_37,387,0.9690671845100178,0.9696966752385052,-0.00015660451034992716,0.0012797813431308439,0.0013591159406217456,-0.0015981158399585704,-0.0010533519401376148,-0.00046031577870478077
CS2_37,388,0.9625871790374738,0.9679045170687883,-0.00418178471958138,-0.0005017363614011335,0.0005733659246884289,-0.0004244180193797755,0.0003875719121355421,-0.0011703368219912293
CS2_37,389,0.9633350565177681,0.9664338744105253,-0.0007037177002458098,-0.000455270109948338,-0.0007632046840544594,-0.0011319925761215462,0.00036090606142908624,-0.0004055389383422936
CS2_37,390,0.962328161588764,0.9638290671697678,-0.0004918779453510692,-0.0008405585896112414,0.0005243120788264064,0.0005020285978708503,-0.001783131332683855,0.0005883215558379544
CS2_37,391,0.9605201055042034,0.9660601651639409,-0.0023047084885718535,-0.001623918853605443,0.001543592730137637,-0.0009734309409150045,-0.0014127445207540372,-0.0007688496393837745
CS2_37,392,0.9651737958479671,0.9667948839390414,0.001492892556963195,-0.000849431133002725,-0.0005328342882717215,-0.0004936246726898733,0.0009139988739738945,-0.002152089483338143
CS2_37,393,0.9695567172729032,0.9658146399931905,0.0027390153406473402,0.0015731057503409838,-0.0010596501209056532,-2.5383296151825862e-05,-0.001125716310949289,0.0016407058596164669
CS2_37,394,0.9701718320141701,0.9668248781882518,0.001009704041283368,-0.0003198936481650637,-0.0010019076417639727,0.0024811864463821945,-0.0003225672322713259,0.0015004318030826733
CS2_37,395,0.9707223009207215,0.970373452466948,-0.0001912451122029081,-0.0005728608386111605,0.0001600613377040171,0.000995184313989849,0.002145561948444773,-0.002187853253150535
CS2_37,396,0.9710624654982905,0.9715978233897674,-0.001991947907949699,0.0001331137506178139,0.0003042948129539869,0.00031156060683467713,0.0006183394577448057,8.928133058042816e-05
CS2_37,397,0.9716713146116458,0.9714089709357947,-0.0010382983759773005,-0.0003076837603143389,-1.5787515549185912e-05,0.00011950153486539421,-0.0006187305320828485,0.002123342266915028
CS2_37,398,0.9727557817656773,0.9714668593343727,0.00029568253752403854,-0.0006646366422649539,-0.0013778450386302149,0.001405864679880925,-0.0006547914795583939,0.002284648315907691
CS2_37,399,0.9735716660258085,0.9757416742535207,0.00010364518773942595,-0.0013578004181715386,0.0013776238392333214,-0.0006175957636082479,0.0013638144813712335,-0.0030396956130613008
CS2_37,400,0.9740245358983444,0.9734875335589863,0.000624352361670856,-0.0001599599888109813,-7.723270355724897e-05,-0.000714358870409983,0.0009064152260635699,-4.2213744571483045e-05
CS2_37,401,0.9741434359848355,0.9743247522181784,0.000161301173485446,0.00047716611541374134,-0.0012388995058172344,5.705384726123097e-05,0.00025744726164978404,0.00010461481564129234
CS2_37,402,0.9743966893562757,0.973719989390555,0.0011556357541716697,9.854540859573977e-05,-0.0015117428470907144,-0.0002469876244600887,-0.0015772748952117411,0.002758524110587472
CS2_37,403,0.974640768077748,0.9753261376223794,-0.0010067985494858372,-0.00012643016350987073,0.002126550245639869,-0.0016484269878238925,0.0013187396073507372,-0.0013490037560321558
CS2_37,404,0.9746512325254031,0.9745184599193992,-0.0009197234852812994,0.0002771552141105367,-0.000415384446328397,0.001996483395559156,-0.001174500842105545,0.0003687427108153453
CS2_37,405,0.9748123508613773,0.9748063743252398,0.0008105120754651469,-0.001251930096083529,-0.00044955952179889927,0.0012611795701977088,0.0012832488492013272,-0.0016474744001453274
CS2_37,406,0.9750800783303291,0.9740504354099578,2.9771237306716713e-07,-7.080640671197992e-05,0.00044482498080260897,0.0015135210415079304,-0.0003513788964012464,-0.0005068155706117901
CS2_37,407,0.9754474424023343,0.9709866689577532,-0.001329389488544524,0.0026607591826658694,0.0008971004452150937,0.00029619561671527164,-0.0009254311055900305,0.002861538734553968
CS2_37,408,0.975116051115819,0.9686625922287345,0.0005924967064356268,0.0021416050880940646,2.5845049968557048e-06,0.0013231760070118233,0.0021799841323582353,0.0002136123887603339
CS2_37,409,0.9751383041803976,0.9688009550022462,0.006821432961659589,-0.0007755598525883928,0.0017283053617516762,0.00045416416607745817,-0.0013039257282707471,-0.0005870677899149013
CS2_37,410,0.9610329013569086,0.966284440820681,-0.0027504352593021785,-0.001038259864706081,-0.00022199050709243107,-0.0016174764408845583,-0.0005813465281938073,0.0009579690828383484
CS2_37,411,0.9578609271335949,0.9641989865813202,-0.0031381453792365117,-0.001233715700595283,-0.0015247883779359159,0.002846602917206611,-0.0012518316716548731,-0.0020361812877579205
CS2_37,412,0.9564542626121586,0.9614565327487825,-0.001047692717277424,-0.0012228279854857654,-0.0008155442506294044,-0.002425682724331924,-3.0472876944004503e-05,0.0005399503663812623
CS2_37,413,0.9554537998281809,0.9614011288777541,-0.0026818669444782037,1.7933295508703457e-06,-0.0013758264331628126,0.0003408532676037192,-0.0009304137367137386,-0.0013018685836202065
CS2_37,414,0.9530477623952294,0.9597902720575637,-0.005693556055738036,0.0015659032381919369,-0.000503506158864829,-0.0006174405982235425,-0.0009199904275153732,-0.0005739197104307309
CS2_37,415,0.9626933685074341,0.9580587794500866,0.0027482247198047554,0.002978667873065764,-0.0010852846537631477,-0.0007330900753101641,-0.000668095900032744,0.001394167039324008
CS2_37,416,0.9656036629948588,0.9586453589470036,0.0064494086681975635,-0.00017730737147855994,0.0014349438138842403,-0.0009718381474302692,0.0006938636078288581,-0.00047076657861663503
CS2_37,417,0.9648899883396993,0.9573886292592768,0.00606088342543051,-0.00017269321811513698,0.0006317158741335309,0.0008362766929081504,-0.0017127819173707157,0.0018579581682631526
CS2_37,418,0.9526613019742882,0.9576424839354762,-0.005297938331005274,0.001132943981499639,-0.0025598741585904903,-8.461555421619597e-05,0.001961237597160222,-0.0001329355461212497
CS2_37,419,0.9541282716267716,0.9579786129667349,-0.0024057028426883315,-0.0004354196951496616,-0.0005462857670491307,-0.0010947325540425637,0.0027810215022241827,-0.0021492220339535046
CS2_37,420,0.9535575308508157,0.9582302046365276,-0.0006694071866979326,-0.0016913957352331413,-0.0016542217526885178,-0.0008893909468460495,3.0478051756994766e-05,0.00020126373353855122
CS2_37,421,0.9521722438932585,0.9567604633862823,-0.0019494041022339685,-0.003338264384449862,0.00241917485998845,6.150374926012548e-05,-0.002192859864184889,0.00041163019871447116
CS2_37,422,0.9492719188834329,0.9561295321103521,-0.006338494019261882,0.0005204005360044729,0.0008314656903788906,-0.0014201396614579736,-0.0008589527184052797,0.00040810689714728
CS2_37,423,0.9608006631418178,0.9545909655370071,0.004494276490555492,0.001982838742694378,0.000743218742081546,-0.0005697965095196971,-0.0019985247080669217,0.0015576847935941925
CS2_37,424,0.9630972565080427,0.9532716468344988,0.006574783205853295,0.0029648150344479887,-0.0005442057071921841,-0.00041077354352725415,0.0020476368040919244,-0.0008066461745571104
CS2_37,425,0.9548192006884975,0.9545853474322948,0.0005734427610308128,-5.029994756084868e-05,0.0008014411968613908,-0.0008880057759230984,0.0012413282969141338,-0.001444053326102951
CS2_37,426,0.9496667332004023,0.9526704624816614,-0.00298926796876818,0.0009066320200972823,-0.0011655936038730487,0.0008049191038717192,-0.0009221832656317573,0.00036176438420529013
CS2_37,427,0.9498381668703217,0.952099933809641,-0.002130007675968413,-0.0021158269903545886,0.0007471657125246834,4.7108276739119424e-05,-0.00021071580463595193,0.0014005094934651007
CS2_37,428,0.9515541444978268,0.953898379625637,-0.0009294800770844473,-0.00010426809830862273,-0.0008080590973918362,0.0007285199092906282,0.0006645938106203151,-0.001895541624560961
CS2_37,429,0.9504956372470375,0.952710973286353,-0.0018380039579124021,-0.00028244392664477215,-0.0019553109277353586,0.0009098400218840256,0.0008104798753626833,0.000140102826545907
CS2_37,430,0.9551267073742125,0.9532641753493062,-5.47098878763964e-05,0.0013442111434909215,-0.0003072228537528846,0.0007418989340406675,0.0006726738439497683,-0.0005343192060569387
CS2_37,431,0.9601065302021112,0.9537877461193451,0.005196179874642229,-0.00020994250139452455,0.0016806135537232026,-0.0012816717753842352,0.0006038752462229853,0.0003297296317735019
CS2_37,432,0.956829407752548,0.9546361102789104,0.0020891663128934966,-9.478484153940403e-05,0.0010978706785254432,-0.0017531576122401956,0.0003315288641445049,0.000522674020034271
CS2_37,433,0.9556056181990761,0.9560679937103371,-0.001348438392052541,0.0021746344674169037,0.0010631488817444148,0.0006795718983681185,-0.0015376137176376134,-0.0014936787004107375
CS2_37,434,0.9552846125431989,0.9517510949386793,0.0005733777750408373,0.0005671070137834189,-0.00039502325763836945,0.00010586703243689485,0.0021021224327147296,0.0005800665570053457
CS2_37,435,0.9511378237750199,0.952364179576848,-0.001530728111822639,0.0005932874617669418,-0.001861963054827828,0.0015825668671279546,-0.0005284433684221343,0.000518924354897892
CS2_37,436,0.9493366896291326,0.9516150175519129,-0.0004255130722580806,-0.001219341279400412,-0.00016684214247586303,-0.0008172101431342268,0.0015041926518198298,-0.0011536139860337663
CS2_37,437,0.949593683608744,0.951000844601293,0.0013989844815286716,-0.001105895713779781,0.0003820292789703844,0.00043207334451470484,-0.0021694207167818847,-0.00034493171581025193
CS2_37,438,0.9498802801154635,0.9496962171351736,0.0008655674687626724,-0.0015103485989824143,0.003634530983566773,-0.003607354858578336,0.0004710103460673392,0.00033065759052556496
CS2_37,439,0.9489575056224915,0.949902892653228,0.0014892418951017502,1.8421189223482622e-05,-0.00025982859932052743,-0.002303104787263457,-0.00019183163620255746,0.0003017148591802583
CS2_37,440,0.9466479074492753,0.9490776730606433,-0.003292157047374493,0.0005154550548643452,-0.0026647120516524354,0.0014761554286159032,0.0012756635021528443,0.00025982945444233456
CS2_37,441,0.9532050697706591,0.9512907701071531,0.002063271129110263,9.445888029868542e-05,-0.0017278788996424636,0.002883540106712816,-0.00123283817480919,-0.00016625342847579014
CS2_37,442,0.9563070416453758,0.9524267347638196,0.0024458074532237467,7.16865044247893e-05,6.138222385349467e-06,-0.000737450883861059,0.002539269668213909,-0.000445144134432646
CS2_37,443,0.957481639934235,0.9537353566686899,-0.0008062855868320891,0.0030583390658473287,3.167737075386837e-05,0.0012527004355708418,-0.0010749109823766213,0.001284762910490882
CS2_37,444,0.95815901589412,0.9555744476279754,0.0006550170833539218,5.1362687545296474e-05,0.0012843487779068323,-0.00020533918592095563,0.0016425543962949153,-0.0008433755454081211
CS2_37,445,0.9584168565523967,0.9551746459948782,-0.0007092726435447352,0.002641576672674762,-0.0006939858768677868,0.0003225197195006083,0.0008956750823887188,0.0007856975508869808
CS2_37,446,0.9585638445462443,0.9568118157656119,0.0017095708539886425,-0.0009163817534294603,0.001122041281810247,0.0011666000433682676,-0.001683752780702645,0.00035395108305625477
CS2_37,447,0.959019167444028,0.9561590457905688,0.004742902782818656,-0.0010011576470431696,-0.002128052302311554,0.0011730076247035183,0.00048817045664961375,-0.00041474931408828187
CS2_37,448,0.950265047780569,0.9564399147840418,-0.004609186194995218,-0.001642303933562838,0.001782574331187024,-0.0013161392825290462,0.0005303341951178118,-0.0009201461677789538
CS2_37,449,0.949857086934482,0.9553956040983089,-0.0049451112360839634,0.00031855810219578594,0.00017352668649359753,-0.0003421599847060124,-0.0019064482716329239,0.0011631174909879087
CS2_37,450,0.9570307228310388,0.9556711985491135,0.00213939525005287,-0.00028526452196685713,0.0015549131100723193,-0.0009733205210381802,4.6708060817538906e-05,-0.0011229071479156613
CS2_37,451,0.9591641424788491,0.9550306953792626,0.00441785984558927,0.0005678116596735734,-0.001066571284590757,0.0008801546066717099,0.0008370400615328125,-0.001502847842080896
CS2_37,452,0.9564071143940591,0.9538968376121915,0.0026093195505688866,-0.0006097192407274972,-0.0002012299785177846,0.0002904164580402484,0.0005199037986542909,-9.841385779430594e-05
CS2_37,453,0.9503337617906391,0.9557749545301465,-0.005923357918324217,0.004224238886685217,-0.002167217764438441,-0.00045207923292287677,-0.0007112754498038496,-0.00041150130982021163
CS2_37,454,0.952188489712749,0.9545504975362906,-0.0016613759421371,-0.0017865815563500953,0.00028059018755942605,4.588375384719123e-05,-0.0004665479015181436,0.0012260235851685277
CS2_37,455,0.9543756939727297,0.9553329202863667,-7.496029518955398e-05,-0.0002448953969167147,-0.0012570620913943667,9.2553727909739e-05,-0.00032125078455389513,0.0008483884757090869
CS2_37,456,0.9562892509687266,0.9554915211698427,0.000699548372937693,-0.002302603223288257,0.002303902555163675,-0.001431640608758081,0.0021554882137806803,-0.0006269655625465424
CS2_37,457,0.9566816278737331,0.9558920642918188,-0.0004071451013041703,-0.0003336195324200214,0.000352461500846823,0.0019147010671580218,-0.0011174413121136002,0.00038060690798923796
CS2_37,458,0.961792891495481,0.9577555003064798,0.0017744445979197053,0.0020398894614335338,-0.00012003295070495242,0.000622048150264817,0.001019308711961337,-0.0012982668357578561
CS2_37,459,0.9625020782946176,0.9560556909426394,0.004358089767191651,0.000469303978667946,0.0005914857173114355,0.000991278926950873,-0.0016009331337305506,0.0016371620414073413
CS2_37,460,0.9560605859014171,0.9565678407949904,-0.0007195064737109476,0.001140376167660509,-0.0005010740311803292,-0.0024892224224939176,0.001837850409903912,0.00022432140474783592
CS2_37,461,0.9525179477723231,0.9568966192103479,-0.001467266299974757,-0.0015117321142982733,-0.0014658423578775292,0.0014392833382716043,0.0006603459681475614,-0.002033460022319082
CS2_37,462,0.9538671890313211,0.9564672786097611,0.001459275503012848,-0.0028382689584792627,0.0009863027492916577,-0.00044841726268098986,-0.002075073326841937,0.0003160916666705256
CS2_37,463,0.9537900669644959,0.9561329774711814,-0.0015949564080864982,0.0015781150630242062,-0.0024976758073683766,0.0014301050844033525,0.00047645098070003654,-0.0017349494699132916
CS2_37,464,0.9527252470934489,0.9555781696014775,-0.0015311980179100904,6.075490600841155e-05,0.0005602579928650436,-0.0013594658178190723,1.3029899060719224e-05,-0.0005963015203456535
CS2_37,465,0.9570719375441712,0.9548867809597426,3.3415700050332906e-05,0.0015381922883938198,-0.001408273655541916,0.0036023131792896667,-0.0017737580013433385,0.00019326702165961107
CS2_37,466,0.959074583050171,0.954280749244189,0.0019314641237998507,0.001303531401562122,0.0007477199097459283,-0.0008106094146574971,0.001214764516108488,0.00040696321666957024
CS2_37,467,0.9596020866181689,0.9542249829382167,0.00477991535257925,-0.0006100543717762486,0.00015815256817417703,0.0015024058445214591,-0.0008121656524257848,0.0003588498859062881
CS2_37,468,0.9498736014494824,0.9520604752044466,-0.003432195821461969,0.0010387086581610458,-0.0009805859273790867,0.0006186059843258777,-0.00021758683648352887,0.0007861801389479527
CS2_37,469,0.9493599589808781,0.9545343443579816,-0.0021028779389602624,0.0008869235813070179,-0.002865919016196893,0.0008750017875110705,0.0009234974374190346,-0.002891011276895358
CS2_37,470,0.9493727562464152,0.951530564195729,-0.0006917997428209738,-0.0003781210722837285,0.0003546088040744071,-0.0014718048849076762,-0.0005888835873286121,0.0006181924852355288
CS2_37,471,0.9489740454639453,0.9502797438206715,-0.0006916518560680104,-0.0014430717563197776,0.001316450930071499,-0.0005995763367543286,-2.6446539159305693e-05,0.00013859715295236723
CS2_37,472,0.9467712778188471,0.9497181700628299,-0.0036585799369268615,-0.0006519796359402503,0.0006260036335536808,0.0002089412647822699,-0.0010279956439609164,0.0015567180268744262
CS2_37,473,0.9538361454260311,0.950583068151391,0.001907461375390037,0.0009134728145325249,0.0009671850051390175,0.0002900462680913505,-0.0009182398899961411,9.315165090917072e-05
CS2_37,474,0.9554965750945712,0.9503942648240002,0.003771095457629503,0.001751862753106583,-0.00043271253503292294,0.0005766119921148115,-0.00028245632054618865,-0.0002820911279657517
CS2_37,475,0.9528768885742878,0.951202952009215,0.0031899633843498264,-0.0012909806750021151,0.0011886183047983665,-0.0005215055319609371,0.0007279250916966076,-0.001620084058984032
CS2_37,476,0.9457153755381995,0.9514249955745989,-0.003497148210602907,0.0004058312248393237,-0.0015487046451601605,0.0010130759134205664,-0.00023939222429281205,-0.001843282141798977
CS2_37,477,0.9467516626456991,0.947849012321626,0.0001430468144101924,-0.0021042262079848523,-0.0014652180791909716,0.0007460069615338188,8.640213408425637e-05,0.001496638653593914
CS2_37,478,0.946182409459368,0.9490719868895227,-0.00073474096407431,-0.001509032338581427,0.00035234442726329564,-0.00028283686286030465,0.0004617262586607871,-0.0011770379979524897
CS2_37,479,0.9487698031127785,0.9491830215514032,-0.00022817632513220346,0.0015933225282275761,-0.00019431995212726476,-0.0016688579756365175,0.0013246589103254292,-0.0012398456727481097
CS2_37,480,0.9467201815891322,0.9500013522400157,-0.0014361287680611404,0.00010564970113761455,-0.0018766730085817698,2.556236329867067e-05,-0.0014663191817144109,0.001366738195423947
CS2_37,481,0.9534545348784782,0.9521827035751914,0.0020276521619268842,-0.0011604342569546064,0.0023222856298753336,-0.0004901633054990696,-0.0012093581324124842,-0.00021815084406473582
CS2_37,482,0.9543761201227383,0.9518612469369648,0.0019032900475088725,-0.0007897210086465268,0.00019174097654865323,0.0009333367543771688,0.0006730633992826841,-0.0003968370340962405
CS2_37,483,0.9546329078428712,0.9514120516150989,0.0015290148221681354,-9.265481591060137e-06,-0.000665247229133242,0.000936156867148073,0.0005208494437846181,0.0009093477544901324
CS2_37,484,0.9550689847028124,0.9536571508204479,0.000507278195986422,-0.000631836629327934,0.0010195963708829216,0.00018724381046974632,0.0004668787461713826,-0.00013732666290507573
CS2_37,485,0.9552423424720828,0.9563187391115662,-0.0019527883165767446,0.002946237020237698,-0.0005519831935924325,-0.0006992532241384877,0.00012401601272919992,-0.0009426249893017533
CS2_37,486,0.9558347125441458,0.9556759547925051,-0.0003571341437129956,-0.0006898895811406799,0.0006699400983780443,-0.00011852759347726914,-0.00040596326176162476,0.0010603321819495342
CS2_37,487,0.9567144201780238,0.9552616808538197,0.0008647223669434828,1.9440483248941965e-05,-0.000475593187421409,-0.0016760868497206777,0.0021543459670017753,0.0005659104923803425
CS2_37,488,0.9572541084804058,0.9562113955394963,0.0010205052035173702,-0.0005876488340362411,0.001704763117007158,-0.0010283386874929386,-0.0018851381829773084,0.0018185702728952865
CS2_37,489,0.957208450824119,0.9587073689550393,-0.0009545927831159516,1.6117086181976227e-05,-0.0006456307774458056,0.001207852879007547,-0.0006832631269983612,-0.0004394014605268936
CS2_37,490,0.9572011769085975,0.9564651835780176,-6.782987409060868e-05,-0.00023532770346232443,0.0008185269432799708,-0.0009826894768788367,0.0009564604380837426,0.0002468529516738878
CS2_37,491,0.9570976689007722,0.9576377682925293,-0.0005077095407822655,-0.00024326854267858576,-3.1550915875188435e-05,0.00040166467261159146,0.0017105779871489234,-0.0018698131041127205
CS2_37,492,0.9568362962860277,0.9573842475745894,-0.0007683798798760598,0.000767430905255895,-0.0006869907130776432,4.293918612548019e-05,-0.0005076491397966477,0.0006046983009849201
CS2_37,493,0.9566117291835994,0.9578609233861097,0.0004538564196768624,-0.0015763490036700654,0.002047620574030173,-0.0014119297922943863,-0.0003687795010344785,-0.0003936129509473417
CS2_37,494,0.956954577449217,0.9569787287740047,0.00015829365820594114,0.00036095442727484195,-0.00047233114167207147,6.494681697456905e-05,0.00036261035586119644,-0.0004986254933038439
CS2_37,495,0.9568985396016529,0.9559825361994342,-0.0004335189632568077,0.001052682995074841,-0.00032056519366232205,0.0007546880490735751,0.0006377586601386551,-0.0007750421969974288
CS2_37,496,0.9565809060646018,0.954412483073329,0.002140401543054558,-0.0024363006959825357,0.00311160018838632,-0.00250208899366898,0.00047933687965800244,0.0013754740181092225
CS2_37,497,0.9562752999009447,0.9534953710923605,0.0005929600993199071,0.0015965194385525092,-0.0019879080645473254,0.002889586329748197,-0.0016102865069291589,0.001299057460851124
CS2_37,498,0.951022596452035,0.9538897322226884,-0.002197565222372641,-0.0002431109545072058,0.000384873851244807,-0.0016774757005503802,0.002974539016704429,-0.002108396810575983
CS2_37,499,0.9494596830896279,0.9534198080464938,-0.002269023873532381,0.0002721351630924639,6.95949118545863e-05,6.768451071904633e-05,-0.0011900779887646835,-0.0009104377289883013
CS2_37,500,0.9537223656549383,0.9524106696418411,0.002654736494734355,5.3680900943729174e-05,-0.0002644803460713346,-0.0016956851163301902,-0.0005708800207263684,0.0011343240500201357
CS2_37,501,0.956214043681908,0.9538708914830925,0.004249194714790919,0.0019136836235389403,-0.0016475123958489218,-0.0013640608606275476,7.571971609803609e-05,-0.0008838726506993392
CS2_37,502,0.9561867566735716,0.9534109794412229,0.006968288310815671,-0.002305177426824058,-0.001678794052456127,0.0012473687632130065,-0.0017167711434509763,0.0002608627294990418
CS2_37,503,0.9456498252818095,0.9565387973418968,-0.005710583679762277,-0.0025427526844474637,-0.0012961761663628135,0.000688767878740078,-0.001676664770544063,-0.0003515626848790416
CS2_37,504,0.9443612977213887,0.9550769359326148,-0.00812972552397223,-0.0020363528927392367,-0.00036861202784601216,-0.0007291238935713637,0.0009315052272310888,-0.00038332914696058044
CS2_37,505,0.9466116269351215,0.9547812875745192,-0.010028468290126557,-0.00015436619313503538,-0.0006069701868590798,0.0012253429929333785,4.447711523766144e-05,0.0013503238749834469
CS2_37,506,0.9457107195985355,0.9524674427156069,-0.014873232664043013,0.004777303684601523,0.002825973409644828,0.00044101177569377305,-0.000996299718978099,0.0010685203488158788
CS2_37,507,0.9427070388739569,0.9486084489838035,-0.018910304323670902,0.010750629774817583,-0.0015739387479941933,0.004293587306412412,0.0008318878881324114,-0.0012932720534878865
CS2_37,508,0.9501150818046185,0.9418314390162208,-0.004637583067588102,0.01033051807642069,0.0018161755895526762,-0.0011945379638358788,0.0012966989062354183,0.0006723711985867155
CS2_37,509,0.9511553092534495,0.9340485440428804,0.010599615255879801,0.004280016319543893,0.0025427576341928064,-0.001397803226885161,0.000632238783953215,0.0004499403944257539
CS2_37,510,0.9503030592607544,0.9277333466178137,0.025735606698166092,0.000270421479229347,-0.0006841946938322695,-0.0005414861031115236,-0.002452317219888154,0.00024168243327291468
CS2_37,511,0.9404535485873335,0.9193067456280235,0.03508010986281308,-0.010515953208388894,0.0010343485094940132,-0.0036697700892457607,-0.0021716564655973112,0.0013897243052284245
CS2_37,512,0.9405897667052336,0.9142102137543217,0.05181371315350225,-0.019583003992522153,-0.00319101722977443,-0.000493634136073374,-0.0004703983855551718,-0.0016961065037282383
CS2_37,513,0.8162156623205696,0.909210664941454,-0.0689089949130553,-0.020561878209468566,-0.0018901125792726015,0.0012277416828121712,-0.00035687509604138463,-0.002504883499176782
CS2_37,514,0.9415894925340105,0.9037268450071487,0.044105002571243654,-0.0070608042230547235,0.0010407055336601352,-0.001635256243388802,0.0010919700049057902,0.0003210298380166476
CS2_37,515,0.9390080868564095,0.9024052710984435,0.021314135011650935,0.013059293267478385,-5.384694135803888e-06,0.0011814634359064605,-6.451585215691566e-05,0.001117824544817897
CS2_37,516,0.946041735732809,0.9008100944572246,0.014992487678878244,0.026718833328163934,-3.1394395966421325e-05,0.0029266257749759857,0.0005718321250723381,5.325671712901364e-05
CS2_37,517,0.947424884414044,0.9006332333998025,0.018389784817308095,0.024565915214605365,0.002990899270811674,-0.000609337102683654,0.0010159060462460489,0.00043848272004716205
CS2_37,518,0.9464055060288494,0.9006760121518169,0.03506421202234019,0.01019848612011774,-0.00025088209517825353,-2.2406506915681376e-05,0.0005135321038053751,0.0002265521853804475
CS2_37,519,0.936280777164896,0.9034067759798399,0.049950909973058386,-0.012329059986701219,-0.0023398810203779717,0.0002651295546778719,-0.0004981645578835997,-0.0021749328209876777
CS2_37,520,0.808440412925929,0.90508499859256,-0.06769363213023893,-0.024194508397928187,-0.0005943129417334683,-0.002328992257399426,-0.00041735583002479716,-0.0014157840993894153
CS2_37,521,0.9347000092817339,0.9085444216049994,0.0517042928584967,-0.021541818273142527,-0.0007912226519785945,-0.0007944206966527473,-0.0028320191292532746,0.00041077552665231166
CS2_37,522,0.9357776169575232,0.9120159298972629,0.03317060721997026,-0.008692655715754168,-0.001690217463292023,0.0004729054778279891,-0.0001381347773310576,0.0006391822757782022
CS2_37,523,0.9334712399874405,0.9208840332360625,0.009145671320425743,0.006900632911798378,-8.900486766247769e-05,-0.002380133071472375,0.0018933477189838075,-0.0028833073027965043
CS2_37,524,0.9410462179808299,0.9242108271221533,0.0004520206760741015,0.01374588213979453,0.0006972800112309952,0.0011878145747395142,-0.000678926705643007,0.0014313201172273958
CS2_37,525,0.9429692518481438,0.9300588845839403,-0.0032748558856311874,0.012524036071438056,0.00020023509155302403,0.0014090598275593726,0.0023698671533897257,-0.00031797504015844045
CS2_37,526,0.942204028839992,0.9347659414933636,-0.003666974420560271,0.009058868458093198,0.001060811250696157,0.0018497513287839588,-0.0014616071478903499,0.000597237831771007
CS2_37,527,0.9307528476521547,0.9346269723403293,-0.009982568409558034,0.00040821968561721787,0.0033770030642309274,-0.0006858829345581406,0.0001335328361815047,0.002875571028941437
CS2_37,528,0.9309629132510757,0.9388879065524299,-0.007273770076203574,-0.0005279463072555934,-0.0003920498817395941,0.0017330373051581934,0.0015127916169808638,-0.002977055999352475
CS2_37,529,0.931719670458488,0.9371674623919775,-0.002252225356539258,-0.0028477325736645798,-0.0009621903672743956,0.0004167668873335539,0.0003124834768530908,-0.00011489404157064809
CS2_37,530,0.9318080507801234,0.936388649524868,0.0014687424651006673,-0.00542106905317505,-0.00013405973066687643,-0.00027003105723213966,0.0008190426902506828,-0.0010432241004313808
CS2_37,531,0.9291912273105716,0.9360693197372287,-0.0038764612609598946,-0.0005153064881944956,-0.0009015806771088171,-0.000906382387660613,-0.0019717207289312506,0.0012933590758771208
CS2_37,532,0.9374671579422831,0.9369362495062669,0.0014999592718023876,0.0006576329712734794,-0.0005777475837862524,0.0004763586682936009,-0.0007625994632851011,-0.0007626954720459144
CS2_37,533,0.9390725806499347,0.9367807661735486,0.0021897118640319194,0.0006386389226532938,0.00040114971609362597,-0.0001710803266411741,-0.0013944613920164712,0.00062785564783302
CS2_37,534,0.9392902961507517,0.9355258479268939,0.0026343291247491398,-0.0017856950483151762,0.0009110890450350998,-0.0013982896988374448,0.002311821036767392,0.001091193719936341
CS2_37,535,0.9395572767174514,0.9395772168941412,-0.0013608400468926895,0.0015664555282260603,0.0010099790822143135,-0.0006987300457987935,0.0010173094068564575,-0.0015541141459286688
CS2_37,536,0.9399436405733823,0.9382398989204179,-0.000391660819137724,0.0016309573500863004,-0.0010127391216655794,0.000775474096779229,-0.0005826564351826353,0.0012843665372905112
CS2_37,537,0.9403595529080775,0.9392975666757978,-0.0007522765379494839,0.0008671886112367263,-0.0004996532363962614,0.001133059617856671,0.00036011326669393897,-4.644553412919491e-05
CS2_37,538,0.9407633302825928,0.9403049922334901,0.0010527920344968389,-0.0014164021670577931,0.00014841316351635195,-0.0002836302132112057,0.0011445726953935634,-0.00018740750917030767
CS2_37,539,0.9405883491177818,0.9425975368075068,-0.00022807051030326487,-0.0009849676013363004,0.002388781741411103,-0.0006493702323529709,-0.0017937907033910281,-0.0007417704288151129
CS2_37,540,0.9407092813343993,0.9390335229935114,-0.0011698057868640786,0.00034659929525637356,-0.0010253527026804715,0.0028960619156075027,-0.0015390328269506842,0.002167288401406465
CS2_37,541,0.940062578057649,0.9423267846508167,-0.0009010481983795524,0.0007314394142493711,0.0004923810389412884,-0.0033511313331899663,0.0025102661906607872,-0.001746113750293281
CS2_37,542,0.9397855414727943,0.9411506937529321,0.00031114234450879013,0.00021538541892061596,-0.002604463018521675,0.0001068198884161904,0.0008837386777109023,-0.0002777756359012962
CS2_37,543,0.9396115899366038,0.9398754839843864,0.00015966345026073602,-0.002684553226123232,0.0008749899318713302,0.0004853110627668464,0.00041095366318224955,0.0004897410256032868
CS2_37,544,0.9393149072388169,0.9399758667393303,-0.0001719526056910996,0.0004866475701020841,0.00029511182013365226,0.0002903752928337813,-0.0012708864077551959,-0.00029025521466934627
CS2_37,545,0.9390784823830032,0.9374975256300389,-0.0014504911846557852,0.0010790720894452007,-3.635827854394028e-05,0.0008354910836569043,0.0014411919988228349,-0.00028794900019521176
CS2_37,546,0.939129072823917,0.9356619939192851,0.0017188746835042408,0.001211970861538347,1.7185033763835964e-05,-0.00010058877876228019,-0.00043216905389144745,0.0010518061140238155
CS2_37,547,0.9390973462468821,0.9347176820709647,0.0027491219847581845,-0.00028748960423851023,0.002100651778101615,0.0007681828331263746,-0.000817986504508939,-0.00013281635576354068
CS2_37,548,0.934268947860495,0.9351086043461321,-0.0002899019262297299,-0.0016032027578047822,0.0007843647199330332,0.0014799588310958703,0.0008239449135041096,-0.0020348203085689453
CS2_37,549,0.9313696900005611,0.9364907675280824,-0.0017012003396072286,-0.0016521141857437555,8.471881214954675e-05,0.0005914152182766462,9.498728292545546e-05,-0.002538884356749001
CS2_37,550,0.93748586855253,0.9366938979082868,0.008740817904720217,-0.003982303298801207,-0.003255026686407486,0.0012181201517348199,-0.0021456401227756554,0.00021600265200075538
CS2_37,551,0.9400104862611598,0.9356087458703363,0.009590884556542618,-0.002533367264751655,-0.003955294729607163,-0.002009854599486193,0.0022813293244441416,0.0010280430588596714
CS2_37,552,0.940359627180785,0.9392781076844815,0.007344772429882848,-0.004888523369927421,-0.0011182642362732836,0.0014249533021973208,-0.0024348841917383643,0.0007534655171950183
CS2_37,553,0.9275387637299097,0.9394175480922063,-0.010713640738845419,-0.001987755752552792,0.001745517081580246,-0.002463492050840372,-0.0005297525236443194,0.002070339582372684
CS2_37,554,0.926031526774322,0.9390188783679925,-0.019052210969027386,0.0007367133203020676,0.0013279934277614731,0.0009479236918415914,0.003807100827630971,-0.0007548719311854819
CS2_37,555,0.9252149960795313,0.9359801252288666,-0.024526175606328696,0.007782139394006053,0.00293522859921356,0.001392114747190365,0.002435941853593433,-0.0007843781756766218
CS2_37,556,0.9250387645688765,0.9281841241220172,-0.02500416727963936,0.011663722555278085,0.005763967791926312,0.001187615657568085,0.0006936811591053822,0.002549820524027508
CS2_37,557,0.9234375835366535,0.9190221579362513,-0.018407567660894054,0.016766199289908825,0.00013321713134985684,0.0026559379904519,0.0008140075705512075,0.0024536312411074183
CS2_37,558,0.9312663881629,0.9114353141465101,0.0076588780145752785,0.008882146222014792,0.0015470518557936018,0.0001803586455092834,0.0017006660834667428,-0.0001380268461539921
CS2_37,559,0.9336123864492478,0.9045339462451498,0.032115799301749494,0.0018712097911501246,-0.0012495299552579173,-0.0020087451488429242,0.0005340536734500022,-0.002184347500310984
CS2_37,560,0.934168580181872,0.8960114121441588,0.059597293315046394,-0.01354442348566328,-0.0040071636457322275,-0.0015746896254232709,-0.00025241319201600135,-0.0020614353708900534
CS2_37,561,0.7973065040986604,0.8930086121397941,-0.06196837314530888,-0.02314937199476092,-0.003769818308936108,-0.003105906292797361,-0.0037158120275110483,7.173742729528993e-06
CS2_37,562,0.9217270615662141,0.8947531517907429,0.05493143173137203,-0.016877019638561662,-0.0037419009901886475,-0.001672378609099677,-0.003919121173807564,-0.0017471015814586655
CS2_37,563,0.9212722644714173,0.8971339079383943,0.03215088643779328,-0.0006397615561349557,-0.002196413789673472,-0.0018929629180625444,-0.0004728667917789528,-0.002810524886146531
CS2_37,564,0.9205223372298317,0.9034708112058601,0.0064903099329875055,0.012113163206063286,-0.0009681329137982424,0.0013224195986863635,-0.000726518183752908,-0.0011797156529286886
CS2_37,565,0.9187059604786452,0.9126800214443337,-0.014612946020565155,0.01857503698225607,0.001781609843320722,0.0010802229688769104,0.0012170956289377882,-0.002015080404473344
CS2_37,566,0.9263238040060351,0.9207117728098102,-0.015746549375641388,0.018159623951144857,0.0017941112012029752,-0.00022383988655611412,0.003110458868528154,-0.0014817736015814741
CS2_37,567,0.9285610464258802,0.9287693085610791,-0.011782786276793791,0.004420998080611642,0.003870321533297893,0.0013559229360773743,0.000551714196662273,0.0013755673548871492
CS2_37,568,0.929464987404991,0.934733483340951,-0.0076126237989051545,-0.0020870393204937628,0.002262380745295986,0.0010382167282945037,0.0008055768902899554,0.00032499277912376905
CS2_37,569,0.9162706632345383,0.9380398125057545,-0.01586985427912767,-0.00980899103427563,0.0014802501442721236,-0.0008442226885773473,0.0007733255467553587,0.002500343004791659
CS2_37,570,0.9146615319006663,0.9400135054226781,-0.014458074629623585,-0.011015897577748254,-0.0018703567198759307,0.0005309421654409458,-0.00022010592544818386,0.0016815191309673223
CS2_37,571,0.9165697672671165,0.9382001818044046,-0.011338999195294634,-0.011250636182498651,-0.0003072804812442558,-0.0006994797300366475,0.0015257990739155044,0.0004401819428008301
CS2_37,572,0.9085743824990011,0.9328923616823532,-0.019462906524776932,-0.007283754353186942,-0.0005588603898116809,0.00032892272357827346,0.0018351173385500745,0.0008235019905517689
CS2_37,573,0.9002122303410438,0.9241192363334021,-0.029615268201497714,3.232096863440026e-05,0.0009983570317670654,0.002172230035377402,0.0004928706572059644,0.0020124834878902397
CS2_37,574,0.9139364662695861,0.9137591844645611,-0.016437632557922282,0.009976409642656302,0.0034048957201929155,0.0015825477592294665,0.0018023128678067897,-0.00015125166091234453
CS2_37,575,0.9183377690332648,0.9014603191798302,-0.004456488098747023,0.01491350127234392,0.0033153877018539195,0.000959131961533874,0.001623502599168004,0.0005224143814766633
CS2_37,576,0.9200401345515701,0.8869377748208571,0.007449591552315858,0.019583892847959007,0.004334767342809661,-0.00014858943869643505,0.0016457132147520688,0.00023698417505921304
CS2_37,577,0.8981864790995111,0.875312710974888,0.009590854268769291,0.01408679830596399,-0.000119944036611208,0.001160250275517466,-0.0012636154529254574,-0.0005805752635125104
CS2_37,578,0.8961531636420474,0.8655348976530466,0.037238748100156725,-0.00012399441548071715,-0.0017353488596209255,-0.00026052637675603497,-0.0014160879053293353,-0.003084524580544427
CS2_37,579,0.8936817090505116,0.8571588082668992,0.06086438200082839,-0.016524380865310807,-0.002962060747081042,-0.0041416958513062485,-0.0008835844596274021,0.00017024068056216424
CS2_37,580,0.7500215274401789,0.8569167942483065,-0.06730873267950631,-0.024135974401992957,-0.0058961733349493835,-0.004643218926443773,-0.002464193147858076,-0.0024469742831556337
CS2_37,581,0.8873108784568515,0.8599587661960363,0.05971392711515319,-0.018991468133310044,-0.006281101718735318,-0.002583355446109047,-0.0015809479340159734,-0.0029249416450643525
CS2_37,582,0.9023330331588966,0.8664173027534271,0.04714383572967881,-0.0033884332374947332,-0.0036499783039813166,-0.0009644437405280728,-0.0017857205402659463,-0.0014395295310859544
CS2_37,583,0.9084996631893745,0.8761965019310008,0.023380022712117702,0.01005926966838729,0.0009044590708921132,-0.00027139703568829384,-0.0011637749229595937,-0.0006054182660878718
CS2_37,584,0.9107169349740118,0.8863606459945069,0.0012965137513909473,0.018325844525222026,0.001847375001327949,0.0007809173399961656,0.0007602601451204946,0.001345378183812609
CS2_37,585,0.9121175998938256,0.8994623907845624,-0.011949682467082993,0.0156947541227931,0.004175045838308359,0.003699470699106852,0.0020606120188324836,-0.001024991135912044
CS2_37,586,0.9129695357423344,0.9083961143465431,-0.017811719349152055,0.012269414560552703,0.0033556417550477595,0.0027318048772895856,0.0006823512646323169,0.0033459282538491003
CS2_37,587,0.9133725046954879,0.9160982786582028,-0.019028904050141876,0.007053379074374415,0.003364075917567453,0.0020264246655710056,0.0022263595792394045,0.0016328908169350716
CS2_37,588,0.9149896123299612,0.9218071999527697,-0.01245462961277631,-0.0007841802342233483,0.001377268162465777,0.0014935520581788367,0.003001119610313026,0.0005492823588211903
CS2_37,589,0.9154063045313592,0.9254051370790015,-0.0045667603439787895,-0.006127262341012923,0.0008061136998194526,-0.00026760231243819086,0.0010918587477714852,-0.0009351800323890285
CS2_37,590,0.9157627801352461,0.9238972364516471,-0.0014401835670468184,-0.003850252102081864,-0.0028262427459002496,0.001234777744421747,-0.0027509512732540077,0.0014983955927262422
CS2_37,591,0.9135085575453772,0.922008763471929,-0.0018726965529187818,-0.003274647995830494,-0.0012808856149019148,-0.001254350699297783,0.0010799275431869673,-0.0018975526405859275
CS2_37,592,0.9129184879109218,0.9191233847316661,2.2172485927399356e-05,-0.0022121618592817072,-0.0006614868794490766,-2.9034831455389842e-05,-0.002993252542788074,-0.0003311332272481585
CS2_37,593,0.9125809447357582,0.9144722775295532,-0.00047218575914803975,-0.00016447338490184916,-0.0003773804406401446,-0.0008946876344911547,-0.00041695745443741947,0.0004343518464134671
CS2_37,594,0.9121014441434951,0.9127858801770546,-0.0008763983517096272,0.0007419786579887281,0.0011302972226026314,-0.0006597714750943837,-0.00042592693352013736,-0.0005946151870374823
CS2_37,595,0.911785303720734,0.9070828611964383,0.0013915532589617186,5.717714978058921e-05,0.0014828115128203932,-0.0015753741498667928,0.001146249027387309,0.002200025692133208
CS2_37,596,0.9119551407141628,0.9066987229443109,0.0023989165544565775,0.0012114267307216792,0.0017316622447502035,-0.0012801192875200468,0.0011814145111885379,1.3116983105168477e-05
CS2_37,597,0.911900599939095,0.9067206195720884,0.00831293817472589,-0.0025815552811039753,-0.0004162161856434427,-0.0003986704703409345,0.0005267714058793688,-0.00026328730963743203
CS2_37,598,0.895447040625807,0.9029388067118096,-0.007910762902068356,-0.00014303562875003718,-0.000875087292999621,0.00045508597222423654,0.000377576318454176,0.0006044574208552994
CS2_37,599,0.890108037909717,0.9026637842089256,-0.00904537444701891,-0.0034925884984720245,-0.0009390955722499018,0.0012630952162027693,0.00131393592171315,-0.0016557189434441618
CS2_37,600,0.901776333773433,0.9000748268922782,0.0006762982723236218,3.1578844885304644e-05,0.000565084054215943,0.0017561180004016582,-0.0028015042733334186,0.0014739319537465595
CS2_37,601,0.9062249630899437,0.8982291137593765,0.004788242670125802,0.0030346511841028607,0.0009063983242540362,-0.0001145040220835961,0.00013495849258705097,-0.0007538973491848808
CS2_37,602,0.9078170468272022,0.8945950846037363,0.009827882803711056,0.0028134084283185858,-0.0007151224214072274,-0.000118965417023613,0.001130707830627971,0.0002840509678109394
CS2_37,603,0.8873534678389063,0.8920880728270055,-0.005591245603389786,0.001056710608174057,0.0002888848624054727,-0.000441625448491429,-0.00023780293020049116,0.00019047350048844827
CS2_37,604,0.8831659311623596,0.8904352138109766,-0.004596083059413903,-0.0020112781834923576,0.0004921001772504647,0.0003045878073405638,0.00010229168788100293,-0.0015609010993550155
CS2_37,605,0.8823136468203598,0.8882563210239166,-0.0006403250809213204,-0.002392510795770963,-0.0007497671592491456,-6.063771080653238e-06,-0.0016838023792975622,-0.00047020503805490316
CS2_37,606,0.8803576960669037,0.8873273593983162,-0.0010854141670419725,-0.0015002058336365549,-0.0018172513377383746,-0.001053318794118875,-9.869630913820323e-05,-0.0014147769097424378
CS2_37,607,0.8763285602364395,0.8841843614083755,-0.008318632468325274,0.0008363765765396061,-0.0022946505261791385,0.0010782257171126806,7.737934020978372e-05,0.0007655001703786143
CS2_37,608,0.8880429736095543,0.8849423679243985,0.001681335240546179,0.0025360443878866498,0.000485433978869612,-0.00205301417530616,9.662638926921307e-05,0.00035417984068886
CS2_37,609,0.8941653508049097,0.8836310926216684,0.0096095539333691,-0.00011236825778438701,0.0012852788737648007,-2.766842472555521e-05,-0.0006014090155270992,0.00038087104839583033
CS2_37,610,0.8958895683425006,0.8833594136951771,0.00948281252398508,0.0036755600993356665,-0.0005986001073033105,-0.0006171481803818995,0.0007688345416640317,-0.00018130425644206414
CS2_37,611,0.8762985730863271,0.8807171013433998,-0.006843853628449109,-0.00014923364790071932,0.0011051972969695933,0.0014354147558552444,-0.0022638233790526333,0.002297770327189692
CS2_37,612,0.871772310853677,0.8818267612080571,-0.00736384404415648,-0.0019167891585172502,-0.0004010150257342083,-0.0009082985841675976,0.0020382694525570197,-0.0015027730107936722
CS2_37,613,0.8711569723245329,0.8807192182729519,-0.007613000527454733,-0.000750996907797203,-0.0005164708912239495,0.0008464366957727,-0.0021542887913932425,0.0006260744575014321
CS2_37,614,0.888495341944954,0.8813459338316456,0.011467182406147516,-0.0023610928593300797,-0.0008813693975719769,-0.0009518245780701763,-0.00011916981005342458,-4.317671202971931e-06
CS2_37,615,0.8803422165339428,0.8813682376350285,0.0029995116901420887,-0.003974924975062096,0.0015937109655066333,-0.0009078665431974278,3.6173511751322966e-05,-0.0007726257702237372
CS2_37,616,0.87777447185776,0.8821276394737682,-0.004866138101332749,0.0015153837031998461,-4.88336715089965e-05,0.0002125776880520548,0.0005541675744047131,-0.0017203248277522095
CS2_37,617,0.8747617664530272,0.8802277400616946,-0.00836222230756426,0.0001416102601730041,-0.0011076964071538647,0.0023128479748126905,0.0008408744134248399,0.0007086124399642991
CS2_37,618,0.888716111071489,0.8813301062976929,0.0041753154393915,0.002133697689353629,0.0004572069622453707,0.0009334553977772168,0.0015232720583098817,-0.0018369427967630397
CS2_37,619,0.891579567670294,0.8797673400301633,0.006517354211540995,0.0017638495313093718,0.0019908270780675686,0.0017752885640291186,0.0012723299634754364,-0.0015074217329645568
CS2_37,620,0.8834830362557984,0.8774058899844623,0.0005365866482654113,0.004533873867863537,-0.0011993925992288884,0.001519398728478175,-0.000771437118771154,0.0014581167234247172
CS2_37,621,0.8718539960819802,0.8767406822840283,-0.004025454142679399,-0.001508848219617548,-0.00047546444209645074,6.23672462227807e-05,0.0009292721237081355,0.0001314412159482589
CS2_37,622,0.8718770934951481,0.8749405293958009,0.0003088850691722643,-0.003224952133159965,0.0008137628005876396,-0.0015476683674444124,0.0003024345121070632,0.0002841022016089048
CS2_37,623,0.8683243059194634,0.8725350776175,-0.0014017776861564306,0.0002642023246415935,-0.0034361700155193906,0.0009453467549737059,-0.0007566967984986256,0.0001743237075249519
CS2_37,624,0.8655333614132967,0.8731276313660953,-0.002173885033347786,-0.0028545076618202306,-0.0004552814210236106,-0.002025506329015049,0.0018306919196100745,-0.0019157814410384322
CS2_37,625,0.8625069507855585,0.8698883218504855,-0.007811506055991031,-0.001168463550781822,0.0006846471300116167,0.0002031477976259408,-0.0003049067294419662,0.0010157103310729663
CS2_37,626,0.876969417913724,0.8683322901299861,0.004309906982300935,0.001330847184057301,0.001949264196945351,-0.0003783311334865309,-3.486614380529757e-05,0.0014603066791317267
CS2_37,627,0.8802100449712924,0.8694293632229795,0.007782772039929072,0.002232509347583162,-0.0012308679978574714,0.001728771520641012,0.0010491521279324602,-0.0007816553098578732
CS2_37,628,0.8746433353297078,0.8673033009380344,0.0032565211049960818,0.0017242416887080052,0.002311591964981012,0.0003456482246154153,-0.0012622242296783217,0.0009642556204246673
CS2_37,629,0.861698670058507,0.8663919718909331,-0.004894432576612408,-0.0007954563636382846,0.000639263515873619,0.00028377651110765345,-0.0007283754694858177,0.00080192253808806
CS2_37,630,0.8608758100604881,0.8651822035562857,-0.0004936547223626428,-0.0006450945092043257,-0.0016696795134559484,-0.0009172366839137207,-0.0007907059050481018,0.00020997782628838943
CS2_37,631,0.8561449988919847,0.8652957734452514,-0.0016366567917577217,-0.002512153913827551,-0.0007996637876351365,-0.0008695072254962462,-0.0008075352449438051,-0.002525257599536697
CS2_37,632,0.8546135812605531,0.8611325067147915,-0.003406779074541371,-0.0015272960174562416,7.261751835937165e-05,-0.0016411682850871426,0.0009298486400457098,-0.000946148244852047
CS2_37,633,0.8519159194223533,0.8593300434031714,-0.006856080959343877,-0.0006338626092227405,-0.000643413428510641,0.0009809940604784348,-0.0014788987210538824,0.0012171376686636506
CS2_37,634,0.8655593972131008,0.8581550273650824,0.004216675837241723,0.0032511940280864804,-0.00020774139016127116,-0.001378855995836941,0.0016928663581412188,-0.0001697690033000795
CS2_37,635,0.869243963807282,0.8567197396877053,0.008098198688600598,0.00019596444189985161,0.0022962339195418987,0.0015733359820529272,-0.0008777640732919408,0.0012382551453931172
CS2_37,636,0.8669652276780511,0.8586075610212381,0.005670809026767205,0.00021756764737549753,0.002719785035385857,0.0005847592732280903,0.0009616790151468312,-0.00179693335552275
CS2_37,637,0.8520572672938087,0.8564729660058911,-0.007552012641899513,0.002838117592054496,-0.00171256448738827,0.001186972627679471,0.0007853302271844401,3.845796205721044e-05
CS2_37,638,0.8541044222295611,0.8576684374798798,-0.004155810169755088,0.0009214337822498376,0.0004950729856089223,-0.00017203872878828393,-0.000457612350745932,-0.00019506077796959984
CS2_37,639,0.8546529731771741,0.8577829663553936,0.0003714249001886804,-0.0020725435186374915,-0.0016207973328170222,-0.00022349361872430092,0.0010458541374733488,-0.0006304377550124098
CS2_37,640,0.8536984204728526,0.8565084543700122,-0.001894606983847268,-0.001404638311990235,-0.0006844587281105325,-0.001428947950449342,0.001504227905384754,0.0010983901629403844
CS2_37,641,0.8515257086753678,0.8581886702564884,-0.006599885748693243,-0.000718395931524209,0.0005680936560844253,-0.0004003308714354935,-0.0004917123729681784,0.0009792696794074564
CS2_37,642,0.8624284409806897,0.8591022187534118,0.003390500581867082,-0.0004336692178735389,0.0009106120261823924,0.0007528380462928815,0.0015810990777278546,-0.002875158299463332
CS2_37,643,0.8651588689426504,0.8581225720379145,0.004033189518067756,0.002256753922634302,0.001352140789700157,-2.8477273123124993e-05,-0.000873426214972146,0.0002961161487482997
CS2_37,644,0.8663874766943742,0.8565506986785202,0.006731775162275658,0.002712866656132433,-0.0009531238621265292,0.0017770154357896486,-0.00030752775144128857,-0.00012422763896765976
CS2_37,645,0.8515920804355552,0.854862764722,-0.00483014419678667,6.78245492919059e-05,-9.929301388719349e-05,0.0023147248260530647,-0.001309774742520611,0.0005859782833684867
CS2_37,646,0.8513327645635087,0.8546427972411604,-0.000461314173986846,-0.0025109288967110495,0.0013049721367826951,-0.003423901037410457,0.0012696620528802678,0.0005114772328653294
CS2_37,647,0.8506561788903646,0.854937324672806,4.559407497671822e-05,-0.0008190294809906779,-0.0016516841734010902,-0.001501576391341606,0.0019317771745107754,-0.0022862269938424677
CS2_37,648,0.8494419791263077,0.8535747378340349,-0.0005285285319660036,-0.0030086439076457967,0.0012295272235110417,0.0003804140565678088,-0.0033123160028811,0.0011067884475450987
CS2_37,649,0.8463960304411842,0.8548897288888603,-0.004198218236338327,0.0004350266960582077,-0.001284045368954042,-0.0016820718659112483,-0.0016330025239714087,-0.00013138715443374933
CS2_37,650,0.8559512657609183,0.853302245900245,0.0019571504831471364,-0.00018023126429115194,0.0011905350006810606,-0.0015045669257011843,0.0010003247652482876,0.00018580779173936094
CS2_37,651,0.8589442096399935,0.8548594925988723,0.0017426159107503797,0.0021743132261201254,9.751677181689183e-05,0.001686267803295468,-0.0005903427704162563,-0.0010256539115404363
CS2_37,652,0.8599299255260604,0.8561691226889061,0.0011813438236000303,0.0004972521789003941,0.0001843997668389695,0.00029947477705535516,0.00024191747781219893,0.0013564148014422023
CS2_37,653,0.8604485990375821,0.8565081632209243,-0.0009898001829085176,0.0017916779632199081,0.0015888885418314594,0.0020259210954475327,1.7111855076607487e-05,-0.0004933634677301099
CS2_37,654,0.8602621982542402,0.8575403400749637,-0.00019377105370369058,0.0005048650237334369,-0.00044193586477830215,0.00032933552526616996,0.0017159071633478257,0.000807457373767611
CS2_37,655,0.8599235648973149,0.8601390873921669,0.0009640455236771214,-0.0014035433649208764,0.00129531294300841,-0.0007542732656042352,0.00010647097699578803,-0.0004235353195107044
CS2_37,656,0.8599104041429442,0.8607772346783067,-0.001443496222211681,0.0011627923818205747,-0.0008275660457279908,0.0007451427973533008,0.0003060110340166159,-0.0008097144921104205
CS2_37,657,0.8604496717897234,0.8602001502264862,-0.000390969005765898,0.0005369494710197013,-0.00030051237204304737,-0.0024010591366917062,0.0007703843296346495,0.0020347282653621203
CS2_37,658,0.8612183226559722,0.8607449501051694,0.00013002745797166827,-0.000704320466979173,0.0003265089265629039,0.0008801511657600974,-0.0018637659762862045,0.001704771431732375
CS2_37,659,0.8609460500876125,0.8612693486710128,-0.00034030824618438895,0.0015884452913604368,0.0004167769472037227,-0.0031264214004265087,0.000957925765552817,0.00018028304716567062
CS2_37,660,0.8607590267454057,0.8610115771736526,-0.00013474362388207027,-0.0008594404590156003,0.0003404042409520438,0.0010058777377401126,0.0020687133786507733,-0.002673361714542213
CS2_37,661,0.8600848783213806,0.8574817993046496,-0.0011964565596477021,0.0018603950725840665,0.0001598293550739095,0.00090401787652781,0.0002787366680494741,0.0005965565925737453
CS2_37,662,0.8595339216522717,0.8581848955618802,0.0003099900897200013,0.0014821788071463383,0.0008419817726899989,6.499843870584912e-05,-0.0018013894342744719,0.00045126640506343513
CS2_37,663,0.8588611165672901,0.8564297072890084,0.0020611971919512894,0.00037019713545644956,-0.0004106455389788469,0.001437644151616468,0.00027773028336445,-0.0013047139561885384
CS2_37,664,0.858242168111879,0.8550177826042715,0.0024568917318365316,0.00047668887549011916,-0.0005316059568396272,0.0011654473389344825,-0.0005969497449722305,0.00025391325235521955
CS2_37,665,0.852006129459635,0.8545528046593438,0.0004712526119747465,-0.0017418442341568727,8.689563539711861e-05,-0.0008221143399203316,-0.0005861005751327738,4.523569392082251e-05
CS2_37,666,0.8506516216377817,0.8573003734929877,-0.00070347652294093,-0.0014295522268211107,-0.0007601067537974593,-0.0007681695248111563,-0.002197145497448438,-0.0007903013370319041
CS2_37,667,0.858227863865916,0.8578839045389831,0.010553214665864112,-0.004548940815840643,-0.0012096187423069674,-0.0008558039903801336,-0.0016510386962373124,-0.0019438531049631724
CS2_37,668,0.8587954734955514,0.856164659100635,0.011650877336600713,-0.006216004942968693,-0.0012653569002893912,-0.0017260216566483179,-0.000594667095228778,0.0007819876424176686
CS2_37,669,0.848011653130051,0.8559426902709969,-0.003489788309125228,-0.00472297466240664,6.936115649847156e-05,8.218059711886712e-05,0.0004731412656965451,-0.0003429571952745154
CS2_37,670,0.8402262426091136,0.8536038016294981,-0.016593604927738335,-0.001407945215736457,0.0012165772308612695,0.0028592138161759113,-4.437918522304223e-05,0.0005925792579685478
CS2_37,671,0.8398747314146808,0.8490191045291979,-0.022950228780918035,0.007655150186630176,0.002635693680621037,0.0016189682842934429,0.0003821132947153298,0.0015139302169796473
CS2_37,672,0.8375243961107808,0.8430764801262066,-0.026240315895710232,0.013435746054299674,0.002720034862268776,-0.00035727215520529074,0.004453870569804886,0.000435852546932878
CS2_37,673,0.8351921854848978,0.834823207065438,-0.02384035728416048,0.016675851437636138,0.0026219973074892546,0.001959259392979082,0.001227956239130741,0.0017242713251718863
CS2_37,674,0.8337585968463852,0.8251884747886773,-0.010482386375055696,0.01517940420687398,0.0007578850902025266,0.000841998740824418,-0.000709496646860992,0.002982717041106939
CS2_37,675,0.8446788921630493,0.8195996511102142,0.025848667554348875,0.0026065455542086773,-0.00037524611534480503,-0.0017018861706529264,-2.650934930740173e-05,-0.001272330425577379
CS2_37,676,0.8464180248606858,0.8105161128815246,0.05559174403022664,-0.013328152346116678,-0.0036094555928371727,-0.0008735432931806398,-0.002514858306922974,0.000636177482108404
CS2_37,677,0.7148640238086319,0.8065395069685976,-0.05782684088202303,-0.023543318907539173,-0.004003818968255794,-0.003559002141510774,-0.002285189917114205,-0.00045731229467425356
CS2_37,678,0.8312305323511282,0.806084006493268,0.05339920715338756,-0.01793772077631004,-0.0036550328202848057,-0.0026981712668950075,-0.0017128907338816767,-0.0022488656977207584
CS2_37,679,0.8278789710588086,0.8064620149626097,0.03326381038615038,-0.008970119228431257,-0.0009482239961316363,-0.0011292274524359125,-0.0005151094571595223,-0.0002841741539638226
CS2_37,680,0.830025766095595,0.811678166545356,0.012534838669878184,0.007571350078774019,-0.0014763079523758336,-0.001035184959768634,0.0011612682396305262,-0.00040836452496296685
CS2_37,681,0.8273999193802091,0.8186519742745413,-0.009188241156042134,0.015330277134739586,0.0025881600969322634,0.00020129139767342255,-0.0009971002934336818,0.0008135579278269892
CS2_37,682,0.826056782845578,0.8227376903009128,-0.021190659348095133,0.018483464196972207,0.0018071719357143179,0.0014344615417574093,0.0010527877970409154,0.0017318664238630027
CS2_37,683,0.8303820103820545,0.8257036784423086,-0.01657127712817284,0.014325255917821536,0.0008592762308750484,0.002878674703437619,0.00019602200512403313,0.0029903802114485613
CS2_37,684,0.8368981703681548,0.8308741579236157,-0.0029208645253797206,0.002785596487331995,0.0027623584648466277,0.002690072749078514,0.0017164798444002434,-0.0010096305776615226
CS2_37,685,0.8380274571929327,0.8318911966882186,0.0077252450998782475,-0.0031100698410781295,0.0012448915518883921,0.00038127940709568707,-0.0001344247277447455,2.9339012281760557e-05
CS2_37,686,0.8257014944887828,0.8309160575504553,0.0010226998208071512,-0.007499240974433437,0.000690635358159481,-0.00028675109244138996,-0.00017898753763473269,0.0010370813666058009
CS2_37,687,0.8190714274412159,0.8312805354919206,-0.0006529562440652734,-0.007110022054383392,-0.0020960563614543905,-0.0013430761276153795,0.0004964364993761721,-0.0015034337570687141
CS2_37,688,0.8194241057251688,0.8287732021650761,4.1206082506064316e-05,-0.004934046709110184,-0.0012933624948090142,-0.0011474494759891578,-0.001278776965391166,-0.0007366668717668948
CS2_37,689,0.8198222138058284,0.8253661771151412,0.0024493553522470105,-0.005159107383581417,-0.0016958431653736133,-0.0016479742583693263,-0.0013794447511561371,0.0018890509021021354
CS2_37,690,0.8178826439564411,0.8289175030931186,0.0025200580866626856,-0.00804614543204992,0.00044817444831472136,-0.0008760720199602901,-0.0011044717896553215,-0.003976402424001109
CS2_37,691,0.8139880713236209,0.8253467767917269,-0.004528157355720818,-0.0063032410007551765,-0.00034572553619453524,0.0004159216086057545,-0.0012869389564061095,0.0006894357799735568
CS2_37,692,0.827118402217561,0.8286761501353411,0.0053226275483268665,-0.004061357437376888,-0.002050347822445104,0.0011903923884706345,-0.00012766185755312508,-0.0018314007350565705
CS2_37,693,0.8293318139531962,0.8259458607257547,0.003915615303511788,-0.004424919882195745,2.8279071758848983e-05,0.00294801791700751,0.0001972395049773795,0.0007217213136067399
CS2_37,694,0.8300777706560254,0.8242824625417707,-0.005400874134687661,0.0038855414502323928,0.0038934083658907414,0.0015752394652360042,0.0013060181968137647,0.0005359747716840071
CS2_37,695,0.8136669064539497,0.8190673812461635,-0.027533719842229316,0.013599845735934653,0.0026350264978641114,0.0009570389259121851,0.003130715984118461,0.001810617913928358
CS2_37,696,0.8151324003670624,0.8138577352778378,-0.022728161002316043,0.0167597981821758,0.004017280509882046,-3.4184087896410246e-05,0.0019308325037369577,0.0013290989907747798
CS2_37,697,0.8135335893256901,0.8058210239739616,-0.014759976078899806,0.01810096634990734,0.0013281568859579056,0.0009344741155135659,0.0005598700519184678,0.0015490740351287533
CS2_37,698,0.8141546079030064,0.7980115085925773,0.004957691801882285,0.010171055275662332,0.0005592452777580385,0.0009673435943467156,-0.00018945691001490516,-0.0003227797216659676
CS2_37,699,0.8099662098315328,0.7924088959015383,0.02733216297852954,-0.0041311960189433115,-0.002273521581997437,-0.0017006043021969442,-0.0009090312342046979,-0.0007604959019107296
CS2_37,700,0.8186505776965731,0.7891036841162752,0.059544046623404484,-0.01918530196249181,-0.004126747709833952,-0.00266020033563909,-0.0016839154222801846,-0.0023409876071926405
CS2_37,701,0.6875331293156961,0.7888776205114083,-0.06363596375402264,-0.02590196844545474,-0.00488942068090282,-0.0024419999129051775,-0.0007458085645693471,-0.003729329777638248
CS2_37,702,0.8220428053876887,0.7901631426825181,0.05781857747916656,-0.01774088047915719,-0.004417158749336282,-0.0025699526807097016,-0.0008472672324768084,-0.0003636556280584399
CS2_37,703,0.823292662254218,0.7972596773183367,0.0331374016791443,-0.0035796428063847563,-0.002523114644054539,0.0016464629082539486,-0.0026687918698782,2.0669672538078472e-05
CS2_37,704,0.8236782563035376,0.8048076490149997,0.0038969444849213325,0.013225797194895677,0.002186632888315113,-0.0013293660340297957,-0.000570117403015097,0.0014607161610277757
CS2_37,705,0.8241144299867855,0.8132431833211506,-0.013916124710102316,0.019083780409732073,0.002625479151909144,0.0006075866680374588,0.001611005024490553,0.0008595201249635404
CS2_37,706,0.8244561098096241,0.8222547318948983,-0.021884830124615125,0.0167025362138964,0.003378884150123104,0.0022276552245582,0.001134488827418801,0.0006426436265979317
CS2_37,707,0.8250171353208628,0.8274382516584228,-0.02039344318607771,0.009475705897615337,0.003099462832260732,0.003639340339712881,0.0016859650185801118,7.185276336872524e-05
CS2_37,708,0.8253574350580166,0.8306043350098896,-0.014845868402723618,0.0019166725182475008,0.003404508542724289,0.0013594198169961725,0.0005647585580665845,0.0023536090176945264
CS2_37,709,0.8255966704018718,0.8317404714804548,-0.0072285230242442565,-0.0024614588966290294,0.0010210651084697402,7.562496473984681e-05,0.0005487735372090151,0.0019007172346505521
CS2_37,710,0.8256285524406479,0.8324233055928157,-0.00205243524237196,-0.004079336938971139,-6.806825203526808e-05,0.0008948895579994583,-0.0008416448309243974,-0.0006481574430988537
CS2_37,711,0.8258122581888827,0.8300826557440016,0.0018652075093438685,-0.003777683953538626,-0.0008545472944082335,0.0010117009970807,-0.0004581999790437321,-0.0020568748318636984
CS2_37,712,0.8258797103408497,0.8252645430299735,0.0059348149820573895,-0.0027168303162530116,-0.0009139774435688088,-0.001765904849247321,0.0015818207082983866,-0.0015047557677492502
CS2_37,713,0.826393718795714,0.8215248041899831,0.007480587697356969,-0.001119856154182309,-0.000751169483166539,0.00021109116700970143,-0.0007218841319040191,-0.0002298544869356094
CS2_37,714,0.82131589287493,0.8165228672640646,0.005158768793138339,-0.0020648308839736397,0.0012136362915538496,-0.0013573894140500521,-3.272362787866637e-05,0.0018755644566354833
CS2_37,715,0.8103258349579869,0.8142617153304299,-0.0037766317955046365,-0.0010384002239825876,0.0003901925148895254,0.0020930362571007595,-0.0008534850588788148,-0.0007505920569349536
CS2_37,716,0.8051590648472329,0.8112780165166148,-0.0077731126609360155,-0.000263534242650454,0.0007410064527711405,-0.0001792620690888842,0.0018827317348964767,-0.0005267808730922792
CS2_37,717,0.8156331358630133,0.8087790917463905,0.0031194917875600986,0.002215084966260058,0.0006158023927085899,0.0012419337110604809,-0.002326098842603815,0.0019878301085616656
CS2_37,718,0.8173281939838191,0.8086200246249348,0.005574418627459426,0.002789667520164948,-0.00015110732535061265,0.0007745970241872174,0.0006874311344818239,-0.0009668376158395323
CS2_37,719,0.8095420137872642,0.806791775187951,0.0010304653689962623,0.002184925717581852,-0.0011878425601025634,-3.8545592012952764e-05,0.0005922318480589834,0.00016900382624999066
CS2_37,720,0.7976820167077125,0.805022032998925,-0.004038633974361493,-0.002644106023515136,0.0010050401710348668,-0.0010780603306179705,-0.0009324354510417868,0.00034817933168160785
CS2_37,721,0.79821855536537,0.8013859325625906,-0.0010549752369967433,-0.003404899375308111,0.0002283475175970002,0.0008984223669569088,-0.0014805731510598337,0.0016463006957595531
CS2_37,722,0.7964809831053934,0.8016741288148467,-0.0024017259264192403,0.0007537390356278337,-0.0024905412671566442,-0.0021239470085551854,0.0008844626772977524,0.0001848667946445526
CS2_37,723,0.7964272421541398,0.7983616755284821,-0.000974009690829714,-0.0021073089161942416,0.00024236800915518615,0.0007819478385722736,-0.0006297617968268724,0.0007523311966957723
CS2_37,724,0.7949221954441867,0.7987448574045009,-0.004331876376919962,0.0005870165222142203,0.0001297744652202608,0.0004507205441811833,-3.6581252972800064e-05,-0.0006217158464961801
CS2_37,725,0.8021006644287478,0.7971151228863391,0.0022122197296050843,0.0014841485162507058,0.0001927666194018348,0.00016150472771708267,0.0018153473108676467,-0.000880445348879392
CS2_37,726,0.8039927995874976,0.7961095377202658,0.0022318359119067924,0.0022461419877788965,0.0014855902086787236,0.0023742857181806415,-0.00030195009615627467,-0.00015264185138989691
CS2_37,727,0.8041926247652373,0.7950278387984261,0.006715346996817949,-0.001401398332457112,0.0026372776936704543,-2.5315397283757674e-05,0.0003105871536360711,0.0009282878641115425
CS2_37,728,0.7911349768370481,0.7933871604857353,-0.0024305697065378695,-0.0020882328270029333,0.0008700211267255091,-0.0007033111468684393,0.0007225425676431894,0.0013773663544698299
CS2_37,729,0.7883045035601448,0.7933493705752598,-0.005593721015152361,0.0027053146414215625,-0.0010512628498188744,-0.0006179286813154814,-0.0015967714824563976,0.0011095023905006284
CS2_37,730,0.7883559527085513,0.7938068596781278,0.0007146276689182947,-0.0032501372631277684,-0.0015087164387229336,-0.000901853730903969,0.0005181342157812768,-0.0010229614032487603
CS2_37,731,0.7884626097930436,0.7929576532437134,-0.0001894880117650956,-0.0016575649236358488,0.00010349757701640378,-0.0009512904416855221,-0.0002473262328973544,-0.0015528713994740718
CS2_37,732,0.7875073447624423,0.7914927823203675,-0.0012179561294263944,-0.0013152934420163824,-0.0005090303892923493,-0.00023382616978128419,-0.001068649736602697,0.0003593183278197259
CS2_37,733,0.7856112312084491,0.790931035203726,-0.003510566158238143,9.868126550819036e-05,-0.00021228632777407994,-0.0010966443006820302,-5.191360619850622e-05,-0.0005470748484777566
CS2_37,734,0.795358945430479,0.7896364241716891,0.00400653681899627,0.002811101061965808,-0.0015936251592778626,0.0012627911889108994,-0.00020208163221291142,-0.0005622010042331986
CS2_37,735,0.7954132199396398,0.7882892956319547,0.0028475059341357347,0.000343573853071019,0.0038603470159768254,0.0005382611115601131,0.00011961083310239024,-0.0005853744248244989
CS2_37,736,0.79493116882092,0.785372746159785,0.00589620406796037,0.0004991242439865768,0.0019936847167660787,-0.000375869316435309,-0.0004690164238888941,0.0020142953882831965
CS2_37,737,0.7789266598876381,0.7851771795755449,-0.0046430818014675974,0.00019696120568489777,-0.0017390403279836132,0.0017224861151120714,-0.0007506632865030938,-0.0010371815705537558
CS2_37,738,0.7769853503707687,0.7814677992134885,-0.0021890515617383026,-0.003605928717974808,0.0010958034374970596,0.0004553017257757696,0.0004758452814704631,-0.0007144189847467454
CS2_37,739,0.7779622022159387,0.7791976810084713,-0.0003209054088349018,-4.624923454117829e-05,-0.00025751930553237457,-0.002055492954794267,0.0007479579352668263,0.0006967301985002407
CS2_37,740,0.77536703392256,0.7787149970502663,-0.0007277846950937568,-0.0013358850168875755,0.00032490081808264897,0.00013235084881296286,-0.0022833345215960655,0.000541789462652191
CS2_37,741,0.7733340964802515,0.7764185467086465,-0.0035834729942589533,0.0004081428032545737,-0.00011531454149690885,0.00011156860826147907,0.0011042302382047163,-0.0010096043178374307
CS2_37,742,0.7795862133126903,0.7771891594529114,0.0014924150861304487,0.0006826364094215583,-0.00033584528677443626,0.0013478847410579662,0.0001776402739863713,-0.0009676773421218313
CS2_37,743,0.7874249023965163,0.7786106352496607,0.007869229756668494,0.0025279762736678765,-0.0006911833107148783,0.0005316707650013134,-0.0016840182918695782,0.00026059197276239517
CS2_37,744,0.7889925889397098,0.7821350253642615,0.009860949151131932,-0.0008723235821908293,0.002407087755795185,-0.003100046217488173,0.0012128383135463824,-0.0026509418273383658
CS2_37,745,0.7816832422024795,0.783382821044077,0.0005367416698752877,-0.0003642616218052898,-0.001291517426722147,0.000723821636817557,-0.001086493038158967,-0.00021787004055511512
CS2_37,746,0.7768187067852921,0.7867007867639143,-0.003660182720915417,-0.003670610406328415,-0.0028230594858391534,0.0013978192980227345,-0.0005616035935510121,-0.0005644430469383112
CS2_37,747,0.7749162527687545,0.7904025043179331,-0.007199371718537337,-0.0074573050352162605,0.00043278890956112035,-4.7178776891314966e-05,-0.0001883983394975938,-0.001026786564732997
CS2_37,748,0.7784828617632513,0.7902178326725209,-0.007389293464628307,-0.006441318883752067,0.0007329326326733075,-0.0005203795165858833,0.00037630825274392177,0.0015067800926597803
CS2_37,749,0.7777775398602493,0.7877254498501959,-0.015438025806240605,-0.0002413930302941699,0.001954697002901787,0.00021139143399225694,0.001920190470001035,0.0016452299623669294
CS2_37,750,0.7760588941111983,0.7862164223015607,-0.0249761781859133,0.010720245514059862,-0.0006429267323570505,0.003500568734684652,0.0006140158161924263,0.0006267466863598076
CS2_37,751,0.784616195212859,0.7799097359886866,-0.01684481031754879,0.014643226148883857,0.004162159359076842,0.0007923972304824842,0.0013729381323158989,0.0005805486907906506
CS2_37,752,0.7867053456426518,0.7743244885150812,-0.010452330680031714,0.018343564274371692,0.0027449970180048406,0.0009378078255934465,0.0010167656373441091,-0.00020994692875228265
CS2_37,753,0.7871104143917975,0.7662887130505933,0.006629487939247034,0.012995607539280345,0.0020684828117692243,-0.0012750768372591322,-0.0007568836508847462,0.0011600835578423104
CS2_37,754,0.7876355679739362,0.7602248934095636,0.030813814600368042,0.00019955513663953234,-0.003226004589293189,0.001725961931273029,-0.0013161998124158027,-0.0007864526836266034
CS2_37,755,0.7878334639737048,0.7568542531819107,0.0552669519200487,-0.01612398851030613,-0.002467221308188725,-0.0018858018280117552,-0.0007886668000462446,-0.003022062663211705
CS2_37,756,0.6604812704727152,0.7561137521243535,-0.0594908062130297,-0.025297663915108373,-0.004155237400315844,-0.003583750302617319,0.0011279188918489516,-0.004232942640942026
CS2_37,757,0.7868687109472958,0.7588734697871915,0.0541802631943821,-0.018441780885290335,-0.0018310798098225313,-0.0005054447058836115,-0.004150709786423637,-0.001256006827966226
CS2_37,758,0.7876626110553175,0.7624539141900499,0.032186906025452336,-0.003351515732772349,-0.003091749051792908,0.00232572676838276,-0.002683279742840935,-0.0001773913826002106
CS2_37,759,0.7878919250845016,0.770079581416528,0.005839787184907967,0.011773604090402567,-3.5721966354802045e-05,-0.0006553134535868171,0.0017789848867704587,-0.0008889970557000278
CS2_37,760,0.7879910646396837,0.7787282576251264,-0.014114735350006713,0.018599339739505467,0.00295964410544525,-0.00020840088371626187,0.0021496023488561953,-0.00012264292710214392
CS2_37,761,0.7874362783117377,0.7877591929309529,-0.022307522680705866,0.015085608289618855,0.0028846356537043844,0.0036438976680941222,0.0022859766293206437,-0.0019155101605920564
CS2_37,762,0.7874212276060959,0.7923013766521284,-0.021006433155594906,0.009997270933903363,0.0017809599866266733,0.0012924382774815045,0.000887841876315656,0.0021677730538967486
CS2_37,763,0.787251135616934,0.7973272027108002,-0.011367371385201415,-0.0015021530219896477,0.0008827389672993761,0.0017915873189154653,-0.00041917650291824345,0.0005383075487606696
CS2_37,764,0.798626981895287,0.7993722110002086,0.008056633641359693,-0.008802809129225726,0.0013234314657604874,-0.0014991561588156182,-0.00043855415464775534,0.0006152252446468181
CS2_37,765,0.7895463388806739,0.7970826363185111,0.0017497316653441045,-0.0065046150073243695,-0.0025413186316797973,-0.0009043622749259131,0.0008285055507828136,-0.00016423872225656495
CS2_37,766,0.782542563507074,0.7941536885156969,-0.005536338945109703,-0.0043507111293160095,-0.0015597936497845218,-0.0012383439648646264,9.592974092414121e-05,0.0009781329602190597
CS2_37,767,0.7911421615120822,0.7907235912647151,0.004534063000992683,-0.003199254839022742,-0.00016880595743004606,0.0003554247620631122,-0.0037796234724546234,0.0026767667703321034
CS2_37,768,0.7902826190973311,0.7868929675192083,0.002158373415372289,0.002241039789790448,-0.0015079402765249426,0.002575909473086862,-0.00023690011971616088,-0.0018408306864146151
CS2_37,769,0.7892338817134372,0.7803474230231019,0.0049608538448527514,0.002878566205725752,0.0010962986725692651,-0.0009625260482719639,0.0015119614444697401,-0.0005986954111028217
CS2_37,770,0.7771440639255722,0.77577324207082,-0.0013479799676596707,-0.0009003387182130035,0.0021713742703539088,0.0013702626512833774,0.00015150120701679803,-7.399756509191262e-05
CS2_37,771,0.7700039526502822,0.7722649282214165,-0.003004910546524812,-2.7300630858234012e-05,0.0005491345822689447,-0.002090135101768541,0.0017630103469763396,0.0005492258046799238
CS2_37,772,0.7679542698018027,0.7701547886702167,-0.0011581049502341876,-0.0007404099378669565,0.0005413634871290901,0.0014582057952524847,-0.0014503611834561724,-0.000851212052477633
CS2_37,773,0.7676520990579405,0.7690605944550117,0.0016899716634990816,-0.0019645531093576583,-0.0010795288050847458,0.000901398821392614,-0.0011854554883763996,0.00022967154774218795
CS2_37,774,0.7645701751203999,0.7693441693453278,-0.00017780949232044048,-0.0005184464165982737,-0.00024652422592454364,-0.0031369260057583148,0.0005592453636249779,-0.0012535334197827277
CS2_37,775,0.7626741967718296,0.768840591245783,-0.0015220382270522649,-0.0016978642244939897,-0.0028486807414371566,-0.0009537688542893941,-0.0005078074844051101,0.00136376508668185
CS2_37,776,0.7774752570491987,0.7725824097659607,0.01294756486819928,-0.0036588312207120324,-0.0017263986036098918,-0.000696091597364248,-0.0009132178778042335,-0.0010601782626713607
CS2_37,777,0.7783004593197642,0.7721009994548402,0.009600862196868556,-0.0037743819942726254,-0.000998977620051597,0.0011993602593844644,0.0015049078597317697,-0.0013323108142804193
CS2_37,778,0.7788315119619789,0.7732788215266537,0.0017399734280256001,0.0017835099242627503,0.00017905911848808384,0.0001767284469807374,0.0035900654636074857,-0.0019166459238042423
CS2_37,779,0.7637387698910718,0.7691335175503154,-0.017831237059580347,0.0029576505160714265,0.0035479048770980146,0.002962159062562123,0.0002712560841958801,0.002697518888923718
CS2_37,780,0.7590430917681985,0.7661293023214998,-0.028227263191857768,0.011013651071027893,0.0031980002618295445,0.003926383553937783,0.0013556873335050792,0.0016473304487242483
CS2_37,781,0.758778530716393,0.7609994000555944,-0.026758051165970614,0.014970281303758968,0.0035896738064971428,0.0034627681761466877,0.0007143334861176385,0.0018001250848268863
CS2_37,782,0.7566484347100282,0.7536529779277801,-0.020800969250101352,0.01595636120700637,0.003525765211691731,-1.4877933175884498e-05,0.002417879402461863,0.001911298175829671
CS2_37,783,0.7546805322058177,0.7485337263512153,-0.006023974937003985,0.012256926549744194,0.00026745504129674087,8.692077573483002e-05,0.0011923693058736595,-0.0016328908487599882
CS2_37,784,0.7552714601865507,0.7438066654199847,0.019985539870329798,-0.0012031514310788275,-0.0038934246448780953,-0.0012628111852623454,-0.001717145990986398,-0.00044421181952096906
CS2_37,785,0.7686365211939581,0.7391116108735113,0.05568584275957982,-0.015422975240847465,-0.006946926080958184,-0.0014445910140243891,-0.0021581318992868193,-0.00018830817753934516
CS2_37,786,0.6463697220546365,0.7378733321836839,-0.0569506861678837,-0.027039400736538367,-0.0006731039763575812,-0.0049985036585335815,-0.00300947372360793,0.0011675582112187792
CS2_37,787,0.7692915484933778,0.7414505296085884,0.05288555127057773,-0.016217694758484818,-0.0035090880892681823,-0.002776637840303272,0.00036502192410081127,-0.002906133595628617
CS2_37,788,0.7575249309193417,0.7472429041657043,0.012357375927650533,0.00229662330581268,-0.002566286620901314,0.0007529947059939292,-0.0012477172386924338,-0.0013109632951262351
CS2_37,789,0.7511830373017183,0.7504213449720359,-0.02207260271123441,0.019979382114930323,0.003828737980327506,-0.0015178958312851037,0.0006502812400943592,-0.00010621042941212467
CS2_37,790,0.7481417140976632,0.759617748358665,-0.03526684018370857,0.02007510725196342,0.0026280193620652134,0.0010099389210637818,0.001961411970807768,-0.0018836715481899526
CS2_37,791,0.800980866364356,0.7628734921448155,0.023715874665648066,0.007641791738897573,0.0027469817009288917,0.0019031905453585907,0.0015474167893873836,0.0005521187923401685
CS2_37,792,0.792092045149262,0.7641349463319081,0.024162211580210504,-0.003150046903869428,0.0014385127333931763,0.0032872626679654837,0.00018088974893787837,0.0020382690074345305
CS2_37,793,0.7519599497739169,0.7661678738733617,-0.00877003483906711,-0.008903851418370606,0.0005584962755186576,0.001548956244550886,0.0016330351377734785,-0.00027452546643516856
CS2_37,794,0.735210489050433,0.763693426055571,-0.019870739174508722,-0.009451565045009172,-0.0010168404834959867,0.00052644719536879,-6.207524686473111e-05,0.001391835789755203
CS2_37,795,0.754787397581143,0.7583836150822125,-0.0014018152690082437,-0.0005691263679097194,-0.0028968096267185284,0.0010457718857684358,0.0007831298506389214,-0.0005573679416017352
CS2_37,796,0.7565584997500516,0.7504310286440357,0.004851198291123889,0.00021842236027676105,0.001900718480070942,-0.0011378603387270645,0.0015400730652986904,-0.00124508072052548
CS2_37,797,0.7562596899531879,0.7425613804795506,0.012580384467026529,0.0031313582032951714,0.0002956621846407365,-0.0003950893461129989,-0.002224193494529497,0.0003101874909435568
CS2_37,798,0.7254343830909313,0.7291025926880592,-0.0070644065376110525,0.0027304037848574127,-0.0008398377025936197,-0.0006131669905360709,0.0004185782017431078,0.0017002196914630717
CS2_37,799,0.7130351855301393,0.7189310748985566,-0.005910670228958476,-0.000494596630052876,-0.00015393500013133338,0.00042374994713070986,0.000379362581075452,-0.00013979998787137568
CS2_37,800,0.704814637241447,0.7115007051645513,-0.0011062677316699833,-0.002716553391185006,0.00043544732122799813,-0.0003506928172969266,-0.0004210040850226521,-0.0025269971661283142
CS2_37,801,0.696770800816612,0.7035114269504457,-0.0026136957032567385,-0.001715779323889943,-0.001281513123250301,0.0003768992680577326,-0.0020600178120300794,0.0005534806169117326
CS2_37,802,0.695133649570316,0.6979078260084861,0.0005117756971438248,-0.0009911677955933263,-0.0011741794425436695,-0.0012035439865376012,-0.0010056085292034782,0.0010885476756212064
CS2_37,803,0.6877253897966735,0.6984530494774874,-0.0030899021383243683,-0.0017685300648078376,-0.00016695407082334217,-0.0042672355871360024,0.0008113226301916879,-0.00224636038977474
CS2_37,804,0.7083477140562273,0.6985831468293418,0.01454266942465547,0.0006227086317616064,-0.0034645590852622954,0.0009152408623831715,-0.0011574993427847127,-0.001693993212308187
CS2_37,805,0.7133981455412304,0.6976035564129768,0.016993562260685807,-0.0016019550951167022,0.0003421827937659756,-0.0020447104256984135,0.00047053399175262087,0.0016349756523226329
CS2_37,806,0.7184503285658561,0.7001259469118329,0.018603691827326164,-0.0015392631025700218,0.0011316514911953997,-0.00013945086407472608,-0.0004753228056287745,0.0007430751551315433
CS2_37,807,0.6908166919641747,0.7001426436063709,-0.011445664365085694,-0.0011249043320513369,0.0020488968685174872,0.0004200497442046649,-0.0012881850697351292,0.002063855570806963
CS2_37,808,0.6807441635368239,0.6986677847397438,-0.023498122112514425,0.0006107112476338563,0.0010316301911011613,0.0008825144755705006,0.0019019578266050515,0.0011476872317276803
CS2_37,809,0.6792642771039965,0.6946300956993875,-0.026902748022813637,0.005322571065453305,0.0005807279853378221,0.004266814992654816,0.00010211459893775792,0.0012647008486984322
CS2_37,810,0.6744038782063289,0.690088015304027,-0.02738155642434175,0.004777858434066433,0.004217491779841185,0.001167484934687002,0.0023722582734809587,-0.0008376740297503112
CS2_37,811,0.6726641232776629,0.6813521356041955,-0.025263230278069874,0.012499331942779277,0.0014883718429856724,0.0007152077614645924,0.0009299399344483923,0.0009423665362647952
CS2_37,812,0.6643350595355546,0.6723150151673882,-0.01855658348400015,0.009317176044438758,0.0007774000146833635,-0.0004978362475534611,-0.00032457930117798004,0.0013044674116465863
CS2_37,813,0.6734135794539409,0.6647709854137169,0.01336085717352722,0.0004080254268563128,-0.002463502579238469,-0.0010305320208824915,-0.0004164769834946548,-0.0012157769104503171
CS2_37,814,0.6907743693906276,0.655563209721069,0.05613557456390049,-0.01438605632718203,-0.0033453830226043875,-0.00307899397292708,-0.0010599870343873353,0.0009460055216298103
CS2_37,815,0.561006100098286,0.6526576841798299,-0.0635884502061491,-0.017654198693964437,-0.0033162123925885925,-0.0025108857859979456,-0.002597040312202386,-0.0019847965777815067
CS2_37,816,0.6951282824115452,0.6482381983567844,0.061644656187730004,-0.008606387080380019,-0.0020893742258566816,-0.0022901733341647835,-0.0024152267356094058,0.0006465893001010502
CS2_37,817,0.6628063811189939,0.6463910368066154,0.013300058828123901,0.003982454067366881,-0.0007034903603587669,-0.0006778069306567873,-0.0002708894562369129,0.0007850182346469228
CS2_37,818,0.6535554236539447,0.6481130255101439,-0.008973400032598592,0.011944458776979297,0.0012078086160340054,0.0009790084014821888,0.0009147104248005033,-0.0006301879685411891
CS2_37,819,0.6536336346618299,0.6490888608149814,-0.013224224016366606,0.012882753936208882,0.00184525545830695,0.002314882847336857,0.0016481085222346543,-0.0009220028265493862
CS2_37,820,0.6505332368992747,0.648285141858481,-0.013065564578967561,0.009261256159413036,0.0022577961248295975,0.00110744035301089,0.00203691078330675,0.0006502562748137738
CS2_37,821,0.6496484409760122,0.6476706597504656,-0.005964260034265508,0.0023212582033590814,0.0026552089908035903,0.00014395616284300488,0.0031079420470786065,-0.00028632406829116923
CS2_37,822,0.641691631461704,0.6445689102120098,-0.004132483523462644,-0.0009696913546102893,0.00024139610339035496,0.00081636154185711,-0.00025278355280523206,0.0014199221146161988
CS2_37,823,0.6368767250264291,0.6434097624103864,-0.002435538713967677,-0.004256522095903832,0.0007389313246199468,0.0007502446805827584,-0.00018223751329218856,-0.0011479149847017835
CS2_37,824,0.6335596009838937,0.6382361240522231,0.0010130177023028619,-0.0028199505392187568,-0.0025406741305888415,-0.00020776112227481182,-0.0008822083002762508,0.0007610534044010656
CS2_37,825,0.6301992962016989,0.634342910134343,0.003200113380043094,-0.003614340651856768,-0.0017647734294722079,-0.002085908061138882,-0.0006977648449918884,0.00081905975884512
CS2_37,826,0.6280000810264497,0.6309559303150485,0.001689091642100802,-0.0021869900445231644,-0.0013248945487726615,3.858990428764849e-05,-0.0013962456109299008,0.00022459945422604848
CS2_37,827,0.6245234592367872,0.6308318722772522,-0.0012991082786115396,-0.0019239174470397564,0.00014049943245706594,-0.0007843541889936889,-0.0001589595784805375,-0.002282572893362578
CS2_37,828,0.6230824135380644,0.6295136678631581,-0.0030838967821146816,-0.0006606221582482491,-0.0004663375912470032,0.00023936001392055266,-0.0004933790932331334,-0.001966378627137572
CS2_37,829,0.6290001781971917,0.630046166559806,-0.0013546117746064958,-0.0001986503806516022,0.0014068950453081305,-0.00031520616970876316,-0.000968761650256277,0.00038434665187215053
CS2_37,830,0.6374424358458803,0.6338664566505919,0.003956967354735618,0.00156313802337089,-0.00011014636213073919,0.0003425829239351444,-0.00031878902202143176,-0.0018577736415419735
CS2_37,831,0.64246414619193,0.6339647734058567,0.005013329140685893,0.0015327505493389635,0.0003635577129149695,-0.0008795711617634684,0.0008391543734647713,0.0016301522504022046
CS2_37,832,0.6392598522761581,0.6402039947749089,0.0013656385159855771,0.00037557383119351753,-0.002292724834511281,8.449421863017761e-05,-0.00019687508386956025,-0.0002802490658761355
CS2_37,833,0.6387544749204288,0.6395955978312652,6.472833747878494e-05,-0.0028548490273291216,9.903897271115839e-05,-0.0003424383411630872,-0.0013287180945374271,0.0035211153225166133
CS2_37,834,0.6380939808296837,0.6475821599814471,-0.002008473583448278,-0.004438031575872658,-0.0008792477128862539,-0.00012726628385458324,0.001699978546732594,-0.003735138461646133
CS2_37,835,0.6382094908058207,0.6445855688849287,-0.006022942037503082,-0.003239870726051355,-0.00017640161982607943,0.001098544224883194,0.00016072400630197262,0.001803868153827397
CS2_37,836,0.6391633723705326,0.6445904530414643,-0.011167946209429723,0.0020530747836394504,-7.302458442985898e-06,0.0024587593229924392,0.0004559955800884651,0.0007803383905637791
CS2_37,837,0.6396472349146798,0.6428617523356106,-0.01668242368554719,0.007937082905686562,0.0017621581318952653,0.0022620921452915633,0.002593342184299077,-0.001086769022414248
CS2_37,838,0.639702735154188,0.63875425949129,-0.014927475832359113,0.00889911245322887,0.0032629472676535503,0.0030956382625412153,0.0016679794995479026,-0.0010497259075957779
CS2_37,839,0.6394546669022958,0.6350314662535843,-0.009747200286001352,0.012287645531116567,0.002698586191360868,-0.0009373509150790601,-0.00026293824369462556,0.0003844584512310992
CS2_37,840,0.6397190580112309,0.6301114637034634,0.007591393151321143,0.0016772399523270133,-0.0003144852862233786,-0.00041592333586230445,-7.327819966277763e-05,0.0011426481059797903
CS2_37,841,0.670958289258065,0.6270052578798516,0.054913390396495586,-0.005874718450615252,-0.0018174684352430365,-0.001420276763544061,-0.0020498554152149693,0.00020196011345022762
CS2_37,842,0.5440997646696739,0.6273968789616058,-0.057319964587373755,-0.01712525071956739,-0.004269052518106944,-0.0017524379717406247,-0.0009771159484009682,-0.0018532924268485408
CS2_37,843,0.6588554577255121,0.6280472671636863,0.0512223816613528,-0.011718037972941062,-0.0032569275636543066,-0.0020794281675266257,-0.001323353500357847,-0.002036443822896695
CS2_37,844,0.6491910451308109,0.630574231537745,0.02849668810689251,-0.0035972924825436853,-0.0002267521132546922,-0.0009264498202394855,-0.003477783920973555,-0.0016515961006437823
CS2_37,845,0.6446031617828929,0.6336256642365603,0.005179617759593769,0.0085874390514682,-0.0011176105418433647,-0.0017906846987591958,-0.0007105863584541565,0.0008293224124072958
CS2_37,846,0.6401385876399881,0.6379806153200516,-0.010622769045704885,0.011374657522425382,0.0017438346998786298,-0.0005830683696384946,-4.393085914930571e-05,0.00028924845206271195
CS2_37,847,0.6369102236389077,0.6415421496447358,-0.019068603887327926,0.010461390090102805,0.0015382443387878962,0.002398610166711687,0.0007541214751862104,-0.0007156881080082009
CS2_37,848,0.6350103239993059,0.6425357902196445,-0.02133793578752875,0.008061300070262829,0.002206059748931312,0.001560150479416255,0.0007709182359827568,0.0012140411146680527
CS2_37,849,0.6326952516894906,0.64451738740864,-0.018295614482875516,0.004358470566207028,0.0011560718102585042,-0.000715327525813001,0.002417502059295107,-0.0007432380631872526
CS2_37,850,0.6437203796338729,0.6413930706902217,0.0012966182441794267,-0.0019016293268067828,0.0013472513047054888,0.00034219662737440017,0.0005969214107190842,0.0006459507619268218
CS2_37,851,0.6375248036248626,0.6378809930573001,0.0018487038321270681,-0.00227738917810175,-0.0002915456941358345,-0.0016221545318747,-8.822988129083009e-06,0.001995019208701728
CS2_37,852,0.6381590010471685,0.6364349279437265,0.004304006108097241,-0.001557939683661619,0.000586093785608265,0.0003289840231691942,-0.0012823241535950133,-0.0006547468954150495
CS2_37,853,0.6354089494870854,0.6313619804261958,0.008101520604232321,-0.0022509643097232326,0.0005203392893731134,-0.0009488414829941095,-0.0006053438810255373,-0.0007697410770677956
CS2_37,854,0.6293614618198902,0.6290775388428183,0.004427893342213495,0.0007728265756266816,-0.0011097307810639002,-0.0008188825213678434,-0.0008024621298685148,-0.0021857214240469176
CS2_37,855,0.6256539781075929,0.6235160699232801,0.004199000451467618,-0.0005676104984707837,-0.0005270311897123419,-0.000581171511828431,-0.0014315103537698819,0.0010462313725902628
CS2_37,856,0.6221679798285411,0.6225707120759839,0.0030501743066866775,-0.0008932798084842702,-0.0018117750919064742,0.0016915611485608867,-0.00045665791679315297,-0.001982754798092506
CS2_37,857,0.618823769097304,0.6221900693034854,-0.0002828684182582387,-0.00016689385532799974,-0.00012433063947681435,-0.0023392313593305326,0.0005028885473559821,-0.0009558643923385262
CS2_37,858,0.61649592932182,0.6192225518069983,-0.0005462342622845263,-0.005030177947269299,0.00014045667990099665,0.0010696303328777623,-0.0005492442175121506,0.002188947018882767
CS2_37,859,0.6158758629024597,0.6208732835280113,-0.005607465329687698,0.0008960830200763055,-0.0012796365747909958,0.0009364976696383108,-0.001581230289448506,0.001638330968692772
CS2_37,860,0.6162252946341589,0.6203853089960505,-0.006489543914905563,0.001668892165917295,0.0004867504361245623,0.0010256947943879577,-0.0018210163949415386,0.000969208641412102
CS2_37,861,0.635933594072748,0.618722837120093,0.012538965847567116,0.002027713667568297,0.0014700463658033566,0.00022525147754724525,0.002024823700107731,-0.001076044024251894
CS2_37,862,0.6211117297491704,0.6161105664616975,0.0003154183828895408,0.002263760913718173,0.000548461902117368,0.00026248167678480323,0.0011701442968015106,0.0004408962030148729
CS2_37,863,0.6117650938996562,0.6110088696994235,-0.0035742368469051967,0.0016076289803873714,-0.0019722424426159594,0.002431443219209604,0.0013118314238895834,0.0009517999580093685
CS2_37,864,0.604986470105267,0.6073902312253935,-0.0024607236042147626,-0.0008901252775003388,-0.0008419729361177377,0.0015020890464482184,-0.0012604881095411862,0.0015474598553614587
CS2_37,865,0.5996499955982841,0.602172584492685,-0.00286206730004274,-0.00203041577745027,0.0013280095382605485,0.0008106217074836222,-0.0014418540932064614,0.0016731171273369442
CS2_37,866,0.59761392819496,0.5996147283231998,0.0005814298624830934,-0.0005988435011696756,0.0005983672106142362,-0.004037058485210794,0.003258292283446917,-0.00180298740077407
CS2_37,867,0.5925647935990135,0.5952143403753238,0.00013390898614550772,9.437576165117677e-05,-0.0016527008165224423,0.0012757582373834435,-0.0014434064006703703,-0.0010574824445675392
CS2_37,868,0.590572694929616,0.5922101712271701,-9.887786571722814e-05,0.0007506803877185603,-0.0010787860697089808,-0.0004782505432887304,0.001006593730178177,-0.0017388358361770698
CS2_37,869,0.5859363507207576,0.5875778822356852,-0.0009626040146179782,-0.00011151256372274882,-0.002074470826451117,0.0006930300218619133,-0.0009622056789293136,0.001776231649419481
CS2_37,870,0.5853251170300489,0.5878337358484177,-0.0007385678005878301,-0.0014384775008061536,0.001527435664795375,-0.0009459973543211609,-0.001711931124373683,0.0007989193996668324
CS2_37,871,0.5895768697687807,0.5829638354826785,0.002909248293120701,0.0009607455553027842,-0.0008214743966004521,-6.421493181598458e-05,0.0009005049731041795,0.0027282248939641484
CS2_37,872,0.5846649617567792,0.5825226352594087,-0.0023561417410773657,0.0009617174504061165,0.0016223576712829102,0.0012714096795067196,0.0012261721700605657,-0.0005831886297916459
CS2_37,873,0.5853860831515867,0.5822622257863639,0.001197430437789998,0.0011927065994437052,9.595359275201183e-05,-0.0014594097351360302,0.0032137210255401296,-0.001116544452450151
CS2_37,874,0.5833679260274955,0.5768396218224189,0.001210750730770539,-0.0005110468322290155,0.0029392151635953207,0.0011500376668825173,-0.00030857534002980965,0.002047922919643604
CS2_37,875,0.5769714991995087,0.5749898979229018,-0.0009526605213559275,0.0017301969726780547,-6.496432681769644e-05,0.0027496930054110554,-0.0014948315287456242,1.4167781654753503e-05
CS2_37,876,0.5717464712706679,0.5712055997420296,-0.0011915779067712246,0.0018576432032741076,-0.0007148971328917966,-0.00042152055679382436,-0.0015774841622755303,0.0025887081924881247
CS2_37,877,0.5683584042798877,0.5696425975922825,0.004523688334219973,-0.0022841308550780354,-0.0009952617601922888,0.00020652349350000626,0.0002417170589832065,-0.0029767294740265806
CS2_37,878,0.5595008242546449,0.5629154658662596,-0.001172559179873079,-0.00193700135029332,0.0004276625263678698,-0.002307505649354112,0.0003910056093494739,0.0011837565456745264
CS2_37,879,0.5561016440784989,0.5621542335794174,-0.0005335533850592101,-0.0014272286415206174,-0.0013763492015656906,-0.0006972157409733053,-0.0024371610587520416,0.0004189186418527359
CS2_37,880,0.5530328098046944,0.557300890982574,-0.0015538607496096719,-0.0006888530338332042,-0.000600245600112285,-0.0008524165734029026,-0.0014236990929675326,0.0008509939882231597
CS2_37,881,0.5536070589583204,0.5548872768625834,-0.0005156058123498311,-0.0009286750883893343,-0.0005206306477754731,0.0016326899040450668,-0.001216849823238738,0.00026885367938360384
CS2_37,882,0.556798130936329,0.5544267043922108,0.001464474161696407,0.0015092967240230137,-0.00032005936384482475,0.0015163811839585444,-0.0011622724118243832,-0.0006363936352798935
CS2_37,883,0.5529941167406172,0.5523418161271684,0.00027406395913839225,0.001022933751156754,-0.0005086687627719752,-0.00054492918151323,0.0024775554385508937,-0.002068654474918849
CS2_37,884,0.5520829695861558,0.5477507581408186,0.0004845189499819728,0.00039327952732298976,0.0012141278825613837,4.0793369445972974e-05,0.0022008114112121503,-1.319578615022174e-06
CS2_37,885,0.5483889138855282,0.5470025849417783,-0.000415644292317496,0.0005096226544368642,0.0012205313762811937,-0.0006510566700220009,0.0013736032644405562,-0.0006507272709599117
CS2_37,886,0.5430907523922563,0.5454762301829938,-0.0025038735359232274,0.0011526304427250166,-0.00033702626280064635,0.0004471454104170707,-0.0007945465802039192,-0.0003498071446383755
CS2_37,887,0.5377193712430852,0.5442147098358205,-0.004806295843777911,0.000638365495823007,-0.0017910052218889088,0.0004340790766063197,-0.0005180935087921143,-0.0004523884681575503
CS2_37,888,0.5369134455548483,0.5444681833668058,0.00020717594939937377,-0.0026410022783848346,-0.0023030230779046987,-0.002102051257813663,-9.032416666055574e-05,-0.0006255128577095984
CS2_37,889,0.532352242033209,0.5414120236296746,-0.005355372096590824,-0.0012980685390508256,-0.0018060134817827077,-0.00187006823123177,-0.00019035722537329137,0.0014600981023449714
CS2_37,890,0.5313546878359965,0.5434002985145652,-0.0025840785826699146,-0.004729142842084144,-0.001336264717380646,-0.0012314362439710177,-0.00044825102313089546,-0.0017164371441358995
CS2_37,891,0.547920493401054,0.5383361889072419,0.010758703060966653,-0.0014265187963302785,-0.0010779566970497193,-0.0006139043551196571,0.0019248161189862364,1.9165280662928005e-05
CS2_37,892,0.537052617843264,0.532505080164261,-0.0005369157323098691,0.00019380280770462177,0.0013486022190399329,0.0028577616036466118,-0.0012273912044530205,0.0019116781082003504
CS2_37,893,0.5242558488646751,0.5261051738905038,-0.014857790822469326,0.007486906030847986,0.0026703889614810364,0.000836754793686504,0.001353805359878199,0.0006606107788964487
CS2_37,894,0.5156617290965699,0.5165548984840003,-0.018613792116405393,0.010025757941688232,0.003897960490816604,0.002619410905950217,0.0007411049623866144,0.0004363885598585463
CS2_37,895,0.5130573891807111,0.5060710734542069,-0.00775526380168012,0.010249201885603408,0.0015264826893894516,0.0009313407470731545,0.002395249510055979,-0.0003606951711290173
CS2_37,896,0.5103404657783699,0.49416575384141603,0.011764206780207995,0.003832551379252293,-0.0005078272242683677,-5.261145744963576e-05,0.0016785488677312295,-0.0005401562745806123
CS2_37,897,0.5059429260281489,0.4811368637033776,0.034094971001333914,-0.008866169233014799,0.00025130921225558633,-0.001222860979327187,-0.0014969093312331276,0.002045721790525533
CS2_37,898,0.5029581313968108,0.4694123701438768,0.05426723445528266,-0.016827167722168163,-0.0028148481411441446,-0.001026535862907232,-0.0006959592814495928,0.0006430379423308888
CS2_37,899,0.36699909610028936,0.46082638603730935,-0.07293988890253847,-0.014702200048004377,-0.0024845323567332283,-0.0004899249559188608,-0.0027252583186029664,-0.00048548516164695707
CS2_37,900,0.4988198037306102,0.45356505782982953,0.05645401610725725,-0.008062716233972467,-0.0005109113054545385,-0.002099548053401396,0.001707421859547732,-0.0022335163344638005
CS2_37,901,0.5021165627503255,0.44894758044403416,0.045586400713125856,0.009923557955772249,0.0017711049352113135,-0.0024310752063842977,-4.180400961731319e-05,-0.001639201944455961
CS2_37,902,0.5062769973669461,0.44346302972222384,0.04449839652712617,0.014817184219489472,0.0016716473597258854,0.0027585453427371193,-0.00164546396586401,0.0007136582971371806
CS2_37,903,0.49997045233655246,0.44315256662374725,0.04318377076459695,0.012590292815740704,-0.0001876458797830759,0.0014835433834015101,-0.0004245758612973729,0.0001725006283998631
CS2_37,904,0.49455177979522613,0.4447260186754172,0.049690796095227,-0.0005480986809840943,-0.0004988260832709094,0.0008753689783889617,-0.0008197456241390934,0.0011262665750946907
CS2_37,905,0.364729414206292,0.4471216240240707,-0.0703038651133555,-0.01347136716840732,0.001244271363623535,-0.00040366274540304566,0.0003792605910329314,0.0001631534492502145
CS2_37,906,0.48231885613839687,0.4511938293829143,0.0444341416944071,-0.012238457195434429,-0.0008354126971290588,0.0002696584061733395,-0.00014456249118533813,-0.00036034081575171575
CS2_37,907,0.47340368922389153,0.45556269384963516,0.023986275561962138,-0.002664578653837658,-0.0021049903207216183,-0.0013585710826155362,0.002065351258497028,-0.002082491239721741
CS2_37,908,0.46703995240802065,0.45910745145358073,0.005669520065530148,0.004399740802527821,-0.0014757162420375182,0.0005719602257152269,-0.0014136916368051547,0.00018068789146323343
CS2_37,909,0.4599595124137288,0.46217044935883783,-0.011586971001026323,0.00827024433444117,-0.0011406356379908545,0.0014117990348496642,0.00010014051189906106,0.0007344859676179391
CS2_37,910,0.45587931955709493,0.4649255081699052,-0.017719964802928242,0.006077712320774931,0.0029412275083718436,-0.00044843277094754513,0.0006784371979372383,-0.0005751679094213416
CS2_37,911,0.45394765456220654,0.4658452865689598,-0.017133947626668,0.0051583349505083765,0.0010845375393217216,-0.00011665132496358742,-0.0002534590829964442,-0.000636446304554515
CS2_37,912,0.45254868455674924,0.46411393062581013,-0.009380754049065337,-0.003420796005326545,0.0009893483168318526,-0.002063112075616466,0.0005251805393827484,0.0017848873627157372
CS2_37,913,0.4523693705474372,0.46415915064720525,-0.007527603128597764,-0.004347172472714418,0.000586783948159489,0.0014606400885481803,-0.001822320017486538,-0.0001401083596196063
CS2_37,914,0.4575969630366057,0.4622967263186368,0.0014301832558926788,-0.001365933776770392,-0.0038312175651024406,0.00037560329742336286,0.0001793177013887123,-0.0014877160389803938
CS2_37,915,0.45653517942491106,0.4563541390570809,0.0026131124150894722,-0.0022750491432562145,0.0001555250930986231,-0.0005824438017031204,0.00020056731297392574,6.932864795178229e-05
CS2_37,916,0.4536973809849876,0.45188889385926573,0.00024237477791252458,0.000461777168286696,0.0017307411313555803,0.0006080876370487456,-0.0013087501098051145,7.425667842835083e-05
CS2_37,917,0.45995015894258806,0.4487286387934076,0.009864468450886338,0.0011381698513837609,0.0019723621244935067,8.247601112997249e-05,-0.00022598878991035869,-0.0016099673438991996
CS2_37,918,0.4465899408801093,0.4425762938812256,-0.00027429575720390513,0.0035342505451769987,-0.0005626023255915488,-0.00136852637933974,0.0019063690001158132,0.0007784520761881042
CS2_37,919,0.43906002904900276,0.4400866340942507,-0.0024235237695174995,0.0014097737427815461,0.00014903720587061572,4.98428478959681e-06,-0.0007953726011966709,0.0006284962556192573
CS2_37,920,0.436366186829245,0.43772133364929583,-0.0007921407343441209,-0.00029354354488748594,0.0014811172675384542,-0.0007045852137468885,0.00030141554455689873,-0.0013474099744522309
CS2_37,921,0.4319800870001753,0.43305099374450584,5.795281711834938e-06,-0.0007550396931785812,-0.00039776178781291864,-0.001884324317921079,0.0019965800158798907,-3.6156076469267134e-05
CS2_37,922,0.4302228199043405,0.4313611043477189,-0.0006244062205087921,0.000720657100542196,-0.0015927948148935747,0.0012677071897265943,-0.001022098691098871,0.00011265116012544857
CS2_37,923,0.42978017058057993,0.4301590684486946,0.002798398556519303,-0.0015872735908111168,-0.001380374997432387,0.0006518438715329058,-0.0006058319519246583,-0.0002556595885432698
CS2_37,924,0.42665948635640305,0.42953442980985507,-0.0018928205915413165,-0.0009021304799683523,0.0009632936930382603,-0.0013060343877204447,0.00045804848158371205,-0.00019530000009004516
CS2_37,925,0.4260398329419175,0.42821066813805203,-0.0031293356029259375,-4.370277307965396e-05,-0.0005911200978224061,0.0018702452009474884,-0.0019771403151570823,0.0017002185609147596
CS2_37,926,0.43081028924016707,0.43027240375391973,0.0016964168834901518,-0.0008583279128819136,0.0005132155811641612,-0.00031510422192741224,-0.0005772213892013766,7.890671263068198e-05
CS2_37,927,0.4333811206498268,0.4314263459623192,0.0007441174906562964,0.002359814811038009,-0.0013748707221029747,0.0024557221478090007,6.353351972982926e-05,-0.0022935423936651677
CS2_37,928,0.4325240974456328,0.43012560590949767,0.0004703553071996256,0.0015861305001874208,0.0004916909689048423,-0.001792995634326869,0.0019953703395588535,-0.0003520597790747564
CS2_37,929,0.42981183290572034,0.42886054627972475,-0.0007950417832727586,0.0010070661066929358,0.0016697383925728519,-0.0016808701658907331,-0.00046857029867488395,0.0012189645420104642
CS2_37,930,0.4297787591810156,0.42576912026725183,0.0022590349345106664,0.0005152675022836995,-0.0005305715015292333,3.636784682046703e-05,-0.0002870202344745596,0.002016560533608962
CS2_37,931,0.42151520094884987,0.4240710019605121,-0.0005072595285319704,-0.0020404253410189646,-0.0005961465286707501,0.002316258597808688,-8.112498397333004e-05,-0.0016471030563818473
CS2_37,932,0.4187435517227378,0.41809279211059697,-0.0005585643697373021,0.001396391409038793,0.0001977520304729439,-0.0012157927789899186,-0.0004282213569039959,0.0012591948503074789
CS2_37,933,0.4158687177105449,0.4154115149876544,-0.0006979238427302145,0.0017443242072598061,-0.0008654634720281983,0.00044919194521459923,0.0004527079606233504,-0.0006256339022054221
CS2_37,934,0.412367682990439,0.4122191750782089,0.0009860366232243116,0.0010512734161154918,-0.0012358751571664042,-0.0005723549325233861,8.397320955253543e-07,-8.141159481553664e-05
CS2_37,935,0.410948249335668,0.41153400577025323,0.0020825747201646903,0.001277735360482571,0.001025886729940786,-0.0027790602248627637,0.0002925239164002926,-0.0024854167614203914
CS2_37,936,0.40871695626182003,0.40962370612054627,0.003656985258082883,-0.0020563256008406658,0.0002918884881697107,0.001897643418801188,-0.0026199313326059513,-0.002077009914114628
CS2_37,937,0.40661133131784766,0.40908522559816024,0.0031872596626142777,-0.0009383780310527707,-0.004416785687847421,-0.0003234361970238422,-0.0012075090790233947,0.0012249552291153077
CS2_37,938,0.40441431219035806,0.41222125432378454,-0.0007464049424646634,-0.0056100114225909195,0.002525936814208288,-0.0031785086486495794,-0.00016602083495495615,-0.0006319329209658112
CS2_37,939,0.40297356979552035,0.4145009999009413,-0.007204622586749951,-0.0017588500958774216,-0.0032667874250991934,0.000852050572754861,-0.0003610444551037016,0.0002118240632627001
CS2_37,940,0.4008696607245916,0.41884997646653804,-0.018826662098027493,-0.001281647601285645,0.0008041871717327343,0.0019439389240439894,-0.0008820657364928176,0.0002619337775662954
CS2_37,941,0.446670646457231,0.42026743849188786,0.020180026678564104,0.002499596385597639,0.0006843928940750554,0.0009461791796238555,0.002694100885730931,-0.0006010878978200567
CS2_37,942,0.433256309400857,0.4197940054290464,0.0025611629532890264,0.004963315875565966,0.0028869227102690117,0.0006735438683746893,0.0007663262581533198,0.0016110324721679652
CS2_37,943,0.424704165956161,0.4193781522861428,-0.002106139793994665,0.0032130673508874077,0.0014911353434447503,0.002509422153858947,0.0005949452239513717,-0.0003764164385621846
CS2_37,944,0.41314704853262607,0.41455359617924376,-0.0049509288452821935,-0.000851423197968019,0.0016790016854415887,-0.0003359134208928361,0.0007643352051606972,0.0022883811012987198
CS2_37,945,0.4057767056485788,0.41055002064297597,-0.006010109335620118,-0.0005959221217670014,0.0004330083126742976,-0.0009897540714929177,0.000709823336751912,0.0016796390624987112
CS2_37,946,0.3994624527899133,0.4068714691567497,-0.0017756819160438346,-0.003205241240103233,-0.0009499643272011067,0.0005509933764963373,8.279206099532694e-05,-0.0021119141409108415
CS2_37,947,0.39440336691684585,0.4037761522173772,0.0007763650657913134,-0.002042142943650798,-0.0016275842851332697,-0.0031241909581088754,-0.0005884826271634572,-0.002766749370092527
CS2_37,948,0.3906187491744779,0.394559624274065,0.0002571295776177908,-0.0002714435474034142,-0.002438529144645467,-0.0010263292274004087,-0.0006176275857010645,0.00015592501169390803
CS2_37,949,0.38826448090196486,0.3897231160967255,0.0020206686078134187,-0.0024166689231795036,0.0008522658703993732,6.0024980104186686e-05,-0.002723615709245191,0.0007486901640749451
CS2_37,950,0.38472397113749857,0.38857710176766996,-0.0017437056116927823,0.001212491316514389,-0.0010178713752861956,4.6096782618194585e-06,-0.0012609868989931392,-0.0010476675527746522
CS2_37,951,0.38233620295075443,0.38693829828598597,-0.0023596396814094113,0.0009871954909431353,0.0006899077784181561,-0.0018792281146494268,-0.00037511718513058903,-0.0016652134362091526
CS2_37,952,0.381097421734526,0.3853145967292169,-0.002457403627422483,0.001032283908373991,-0.0010328674659913798,-0.0027272625190139298,0.00028747336455285264,0.0006806015325196821
CS2_37,953,0.3862177572617975,0.38402150183555445,0.004212661619000075,-0.0024373264749285454,-0.0002432195518256904,0.001723800809539982,-0.0013661029204652588,0.00030644213050184927
CS2_37,954,0.3862787624762545,0.38507642870416786,0.0016563848279299734,0.0002045255052717165,0.0012043110015108665,-0.0014127126864715497,-0.0002703260839296954,-0.00017984860667066333
CS2_37,955,0.3797370364823278,0.382254553179911,-0.002789194946490813,-0.0018911686633650557,0.002920081620529789,0.000810174471953897,-0.00102372487124455,-0.0005436841206908301
CS2_37,956,0.37645801185914873,0.38166186735129537,-0.005624858064673831,0.0004283499997231244,0.0004415858278381343,-0.0009651609670820239,0.001903955240233654,-0.0013877273385458331
CS2_37,957,0.3831280645068169,0.37760680036390926,0.003754099549696578,0.0010303046862074176,-0.0013920375579008,0.0012971628700077118,0.0004554247688283245,0.00037631001293322186
CS2_37,958,0.38204086756137734,0.3735657427140852,0.005923579989569111,0.0007721270289103057,-0.000319074737977265,0.001605780359682204,0.0008976091786259577,-0.0004048967842010609
CS2_37,959,0.36712500445181995,0.3703685736478452,-0.0009048574417990354,-0.0021369984872296856,0.0015080089525229942,0.0006004542466078568,-0.001821982345740234,-0.0004881939268643659
CS2_37,960,0.3621625243611293,0.3662487709307249,-0.002561908372750849,-0.0008495697988513205,-0.000451359562264831,-0.0008153484772487268,-9.830750884579207e-05,0.0006902473459533083
CS2_37,961,0.35920633231243126,0.36560176150441226,-0.001054111044227756,-0.0011936348702783213,-0.0006553584132140076,-0.0026571662691607526,0.0002646937079865912,-0.0010998521062694719
CS2_37,962,0.35540166365366765,0.3628035743971513,-0.00456505733240107,-2.0490685037923067e-05,-0.0012029452162367266,0.0008481166250967723,-0.0015498843178671474,-0.000911649618637399
CS2_37,963,0.3626631747985112,0.36119809316917006,0.002051623620430759,-0.00012911686444516768,0.0006620376633940713,0.0008757191746422009,-0.0028929109585758496,0.000897729189274161
CS2_37,964,0.3635687538023351,0.36192875332223295,0.0019705581638825628,0.0012761082830869935,-0.0004380339413327194,-0.000388993241168349,0.001197111319389792,-0.001976749908753788
CS2_37,965,0.36565616644861265,0.3624264666239635,0.002143664898559976,0.001100858845364654,0.000653928300470109,-0.0018586439346652435,0.0006722556511635359,0.0005176362578899871
CS2_37,966,0.3638394834843375,0.3629189527730238,-0.0015073019349598393,0.00031110455885960294,0.0007822973533308008,2.13073394027928e-05,-0.00018986783400177552,0.0015029914235718158
CS2_37,967,0.3646171727762706,0.36412568495208814,-0.0008233391763123808,-0.002571034088336797,0.001481102139538712,0.0009949751565819238,0.0011285465358813343,0.00028123745139570417
CS2_37,968,0.3676219208073146,0.36447554516298886,-0.0014388595412502202,0.0007239569348754082,-0.0003581839936905246,0.0018672199902025348,0.0004298577272802357,0.0019223847202242562
CS2_37,969,0.37123752627800677,0.3643820183967204,0.0028817365399266613,-0.0009948835945168878,0.0023005884835765895,-0.0004818230554697259,0.0027624512102459443,0.0003874384893355376
CS2_37,970,0.37081138462112584,0.3639966736900051,0.003931352915365251,-0.00028866431122114716,0.0008628756337676673,-0.0003497896969240155,0.0006083473194119223,0.0020505892627101442
CS2_37,971,0.3669422900135437,0.36360828681303264,0.001236186802781284,0.0019688763088475873,-0.0003520049769948058,0.0008536609202982979,0.0012976045748420253,-0.001670320235664587
CS2_37,972,0.35900238177720745,0.36124860703358863,-0.0034053652474919805,0.002037299813743404,-0.00026962813545555986,-8.759631613334757e-05,7.227881774958066e-05,-0.0005932139918911254
CS2_37,973,0.35605771100436456,0.3583991002765815,-0.0019156124304828945,-8.324051960812635e-05,0.0006464160100869117,0.0012805420648151317,-0.0024753523340311136,0.00020585813513034377
CS2_37,974,0.353361019749574,0.3545940492427856,0.0016963047996005041,-0.0006208434462697752,-0.0028284290084675356,0.0004658171570772896,-0.0006811585123368423,0.0007352797164339237
CS2_37,975,0.3501620089126085,0.3538934385179587,0.0029569601447229517,-0.0028086577483316974,-0.000713509330621806,-0.0008248904638452731,-8.839973866750075e-05,-0.0022529322680266525
CS2_37,976,0.3473820388404185,0.34859280222921185,0.0030551504718620667,-0.002169685199320371,-0.0020029743665698633,-0.0017934915405728841,0.0008589873171655468,0.0008412501303789113
CS2_37,977,0.33649155658943997,0.34335905742746436,-0.0073334856029050296,-0.000418462570554153,0.00014625857255161668,0.0005583260975995684,-0.0008411598173351906,0.0010210226888864129
CS2_37,978,0.33096593916897454,0.33884603042972217,-0.013126564488050116,0.0022840380510445683,0.0019599653805361782,-0.0003421975570708079,-4.654575351257963e-06,0.0013493221367104275
CS2_37,979,0.3277438805552091,0.3327189199970871,-0.013262314302833722,0.004206877726423876,0.0017646783659980363,0.0018375546030375595,0.0028166909997547293,-0.00233852662435161
CS2_37,980,0.3295952107808642,0.3230702474652809,-0.0064854866416836155,0.00549814279552011,0.0030356893484110845,0.0023486826719196076,0.0013180679858383589,0.0008098673647145657
CS2_37,981,0.32949167739335117,0.3157334457148775,0.0029016555720612694,0.005478725454581964,0.004842926083816695,-0.0001765265416679662,0.0006299681335013576,8.148318536015796e-05
CS2_37,982,0.3290379636241969,0.30605721601647595,0.016533421309307492,0.005205693601663688,-8.48574129035917e-05,0.0015887631241249703,-0.00019352803208592473,-6.874477301710083e-05
CS2_37,983,0.32438663409995705,0.29795961797808224,0.030317527139205654,-0.00018540704710685624,-0.0014622045486549831,-0.00010565867596880439,-0.0019981753618967435,-0.00013906517239988043
CS2_37,984,0.32148185439116617,0.28987440509027784,0.04447569522364314,-0.007243413290903789,-0.002334754416629364,-0.0019242353987790613,-0.0008956331498538524,-0.00047020945407655855
CS2_37,985,0.21587865539519058,0.28414443281906165,-0.05134879150901071,-0.011958993322108081,-0.002748942767447753,-0.0009058836674357535,0.0011995067266604978,-0.002502672628081601
CS2_37,986,0.3175823216949496,0.2798701367194045,0.04708922234039888,-0.005122206302064603,-0.0016756015598021442,-0.0030075372674259688,0.00028720702197656883,0.00014110095659690218
CS2_37,987,0.3169527982689253,0.27619676933371196,0.039377009142555076,0.002967672376795963,-0.002084148106320057,0.00026306664227851353,-0.0002188807922011741,0.0004513098865016029
CS2_37,988,0.31338340985545443,0.2736598050057978,0.029905290727865852,0.006236120872563802,0.0035204516481547876,0.00021628380284744402,0.00021271970330705964,-0.00036726168920068835
CS2_37,989,0.274834502548655,0.2687825715053602,-0.011140727474790257,0.012912797348547684,0.0011300466858614898,0.0006961163031301415,0.00111626726518576,0.0013374311472793804
CS2_37,990,0.245086888816962,0.26409976679446545,-0.031683385409336656,0.00709020199499653,0.0030487911228001784,0.0008685111497356271,0.0022929283604450216,-0.0006299249518481612
CS2_37,991,0.24155945830014902,0.25731890853342776,-0.022283564011728055,0.0019363383392341478,0.0018420473237604695,0.0012747769333203791,0.0005135586040589321,0.0009573928238389061
CS2_37,992,0.23572736624550095,0.24772528824100493,-0.01303531504494964,-0.001468961367093908,0.0008584846831566893,-0.0012874573748499337,0.0019557361309944766,0.00097959122542819
CS2_37,993,0.23368200936653594,0.24201023708312985,-0.0028865746511838007,-0.004165257638738889,0.0018214102785605144,-0.0007769356655895795,-0.002339926576905546,1.905678630437489e-05
CS2_37,994,0.2292920470945421,0.23307964039481477,0.005578090053002864,-0.004478880784992906,-0.003000277522262731,0.00037603690480144476,-0.0018641621969636266,-0.00039839950299065853
CS2_37,995,0.22314631761085502,0.22563555646962685,0.005810649955696186,-0.004317704952051498,-0.0013161055825752395,-0.0016604825925985807,0.001011758697673673,-0.0020173541314922926
CS2_37,996,0.21728317665045993,0.21878777767045499,0.002376963527347487,-0.0011814410578300562,-0.001608577194089327,0.00023107547589298715,-0.0010537390187901488,-0.0002688824966626408
CS2_37,997,0.2145268446610571,0.21214824909313112,0.001621193268498341,9.043517628231285e-06,0.0013407880231022327,-0.0008346427507396749,-9.855459530827757e-05,0.00034076836175527507
CS2_37,998,0.2112287523108738,0.20996777727216842,-0.0003924487849034434,0.0027602164404574503,0.001233275186567394,-0.00018324209093368202,-0.000951679404483495,-0.0012051460496164822
CS2_37,999,0.20966752571569813,0.20725844447965214,0.0007565616792173433,0.001299024959252641,-0.0004279818391917941,0.00021806460109852967,0.00016094532722851453,0.000402466767472595
CS2_37,1000,0.20721929192549204,0.20539355350158617,0.00017305126760581784,0.00012888103228452625,-0.0005883066774083446,0.0025284270999414832,-0.0010998860297717129,0.0006835719913044472
CS2_37,1001,0.20549029889401282,0.20368734695648938,0.000587660445042292,-0.00112378615746225,0.0022751079469528392,-0.0002553673803987052,0.000780939941802725,-0.0004616025976437324
CS2_37,1002,0.2037213654514991,0.20096363995282507,-0.0006057353798022456,0.0013447621052870692,-0.0008676579252886256,-0.0005617500912149712,0.002439249164384975,0.0010088578868134397
CS2_37,1003,0.2020781132488323,0.2022253876616701,0.0011706610143591754,-0.0013583046526621772,0.0015162387214326342,0.002339744549896337,-0.0033048290109259004,-0.0005107847727485958
CS2_37,1004,0.20105411131310857,0.20086647607347796,0.0024057244566987744,0.0008628391717218983,-0.0016553896434139419,-4.575034301419151e-05,-0.0008524951377406205,-0.0005272930020058448
CS2_37,1005,0.19582018333114437,0.19820462937620031,-0.002212480536398113,0.0002555243979948987,-0.0008070295441872255,0.0007510863196872526,-0.0006018686509037677,0.00023032223354378626
CS2_37,1006,0.19671078223622063,0.1976880858564305,0.00041309746772113756,-0.0009842836822874968,0.0012908129998344896,-0.0027534547767858533,-0.0006964273230776875,0.0017529519588079
CS2_37,1007,0.19711160772883307,0.20088660358461874,1.4226448180388952e-06,-0.0004015867181445049,-0.0005735288602794463,-0.0018953324279059355,0.00033541330097029015,-0.0012413835309885298
CS2_37,1008,0.1961973935478234,0.2036103255735141,-0.00194462926153705,-0.0009783592857771166,-0.001516064956382413,0.0009478028204072771,-0.0014736462722154194,-0.0024480348055498664
CS2_37,1009,0.20119160128450897,0.20229531032783765,-0.0019595680778798394,0.0008461310074094901,0.0008684486240098712,-0.0011260037213169862,-0.0008959405003328919,0.0011632238873398194
CS2_37,1010,0.2066956287457602,0.20357142823782604,0.0035500617512203114,-0.000275667124820357,-0.0006204440486342638,0.0007700728408105613,0.0006442616749629899,-0.0009440843253366993
CS2_37,1011,0.20748826467634984,0.20182257904889211,0.0017507356315496997,0.0006732640877543385,0.0012691424775582898,0.000744382858550248,-0.0008905792419101285,0.0021187400738936096
CS2_37,1012,0.205184708651462,0.2044326166700492,0.0006324708813990552,0.00048299234445096836,0.00036684517971017456,4.419271376415396e-05,-0.0008390414764392446,6.463259942463341e-05
CS2_37,1013,0.20441982241625212,0.20253833116234188,-0.0008779425183521365,0.0020111046148246193,0.0008462606785611732,-3.8275141949622347e-05,-7.799975304937219e-05,1.8343635090646594e-05
CS2_37,1014,0.2025670106917703,0.20103474075704764,-0.0010719033008952355,0.002206204956921974,0.0005768973821072132,-0.0005608662365015999,0.0006851122621485317,-0.00030317486707220285
CS2_37,1015,0.2008002748059674,0.20098264352589168,0.000747158279660626,-0.0007829856120998036,0.0006676524644017511,0.0003998487082086385,-0.0018392222043620752,0.0006251799069874941
CS2_37,1016,0.1985661503570748,0.19817640020773009,0.002334141143123879,-0.0013799038357560952,-0.0015200672203848162,0.0022928434038606994,-1.2874346884032909e-05,-0.0013243887309644295
CS2_37,1017,0.19431012173814732,0.19505201891070567,-0.0002066004867840495,-0.0007554929600639429,-0.00014233847998455177,-0.0010975942230364098,0.0013164361343533534,0.00014369310837840504
CS2_37,1018,0.1922134898947805,0.19313587230998108,-0.0012650322967960057,0.000533164136922899,0.00044236998670752294,-0.0001723272648035387,2.0282486663058847e-05,-0.00048083919760123284
CS2_37,1019,0.19027639131024543,0.19121105544294825,4.27218250071639e-05,-0.0002508444205822709,-0.0015377664279656554,0.00074440894995373,-0.0009240768896318786,0.0009908930976154549
CS2_37,1020,0.18974242439999056,0.18776953460854473,-0.00025038911321758164,0.0009553460359781631,-0.0011318079494341043,-0.0010097662372596293,0.0025597122297160205,0.0008497950929844382
CS2_37,1021,0.18840437142075217,0.18608012187537115,0.0002855740083266075,-0.001883791251591214,0.0005923182718076118,-8.824231372896551e-05,0.0021674482317024855,0.00125094286674274
CS2_37,1022,0.18722887285069234,0.18594857611034954,-0.00025562822534597537,-0.0010356240528588527,0.0005174751974132206,0.0007673862532304058,0.002346265081840994,-0.0010595772455698326
CS2_37,1023,0.1877655840211112,0.183248276662471,-8.787105536584103e-05,-0.0005563996003489227,0.0003266434830209795,0.0002357511617176765,0.005024218113936509,-0.0004250344761762132
CS2_37,1024,0.18704925183362775,0.1810880897595335,-0.0009067970862262584,0.000603349565141758,0.00013806333879640842,-0.000983512926986021,0.0056276210568819195,0.0014824383949285397
CS2_37,1025,0.1884263795984671,0.1831286932326861,0.0004969749720512123,0.003115516574685794,-0.002511698282347253,-0.0008324251835236828,0.006680931859944366,-0.001651613307160467
CS2_37,1026,0.18694031460818916,0.17974756803239544,0.0022945606853160294,-0.0019353530978144895,0.000978193484772986,-0.0032897234392305994,0.010894583788034184,-0.001749514576797083
CS2_37,1027,0.18444114470198958,0.17655160818281868,-0.0011099052086472468,0.00022753688884035854,-0.00033641361626293026,-0.004167853879724026,0.010585537281170206,0.0026906353233215417
CS2_37,1028,0.18502161995308875,0.1772806524696603,4.34722049136634e-05,-0.0012779372767314035,0.002892161820446167,-0.00911197003002575,0.01558413195823274,-0.0003888909241214011
CS2_37,1029,0.18426800640146013,0.17617231524788646,-0.0005151338844751523,0.0022291768767209803,-0.003551081736981338,-0.009924400574805363,0.017356150791128216,0.0025009799515853114
CS2_37,1030,0.18206529822431783,0.17477324933664684,-0.00028775804535258713,-0.0008845873502004829,-0.00011616591291896233,-0.01653154952497524,0.02234955028944837,0.0027625597021855492
CS2_37,1031,0.1819914914972518,0.17325756894488276,-0.002777955007349844,-0.0009759302412167127,-0.0008403568768791181,-0.018892865953941698,0.03063725026052874,0.001583780641773896
CS2_37,1032,0.1863428252064523,0.1738429763729551,0.001791074677306656,-0.002254042360788513,-0.0022384236367307417,-0.023482649027669614,0.03840998196452246,0.0002739074855929475
CS2_37,1033,0.1877302679118671,0.1699533597743107,0.002716867770100861,-0.003205394072529363,-0.0014734004363310199,-0.03256857374712854,0.053635857253718375,-0.0013284483621153111
CS2_37,1034,0.18381657763422865,0.1679817424836738,-0.004307001236354912,-0.0021053832526649937,-0.003630110437295595,-0.04098770720881184,0.07120422253867811,-0.004339184983208865
CS2_37,1035,0.18877439574559318,0.16687658875991318,0.0024449335179530856,-0.0076524145322327064,-0.007394979566749885,-0.04814325804474652,0.09215240973190099,-0.009508883852720619
CS2_37,1036,0.1894261059464899,0.1678522232350932,0.002357092750429336,-0.013450213310676765,-0.004746607656381055,-0.05782196327878109,0.11728274480271668,-0.022047170328457134
CS2_37,1037,0.19308360055102192,0.16847064869688078,0.005295115189422476,-0.015561194449268406,-0.009576001118012932,-0.06555634287977342,0.14873675930818428,-0.038725383930479584
CS2_37,1038,0.1912113878718671,0.1716317032409327,0.007709969232039657,-0.02546077344970502,-0.008490860264156509,-0.07898591913075856,0.18498046063475473,-0.06017319212452955
CS2_38,1,1.139523791577926,1.0887786371556245,0.016420914949897867,0.004827878427577774,-0.013164861854860627,-0.0029539748795911853,0.0008743691194446805,0.044740828528199425
CS2_38,2,1.138201215011273,1.0959320768980723,0.015691365189276968,0.0034688749536807735,-0.011497194652019201,-0.0008243833872540059,0.001246917428246264,0.034183558450221016
CS2_38,3,1.137782647927788,1.1047369171233714,0.009854617705445769,0.005710047902440854,-0.00543126122756159,0.0011593815753894222,-0.0008918766839488823,0.022644821401786842
CS2_38,4,1.13657769522771,1.108742114494854,0.013462611769256942,0.002062087264982667,-0.0004287449546344325,-0.003073446671906249,-0.0009825115280284364,0.016795584722853748
CS2_38,5,1.1349006888698079,1.111708005108378,0.011732596442095374,0.0013693613117559667,0.0016933275625919694,0.0014851796295509865,-0.00336619767869497,0.010278416364539661
CS2_38,6,1.133634758366525,1.1110627102749953,0.013383456057221438,0.0010228173599679483,0.0012721815013409363,8.767314647333201e-05,1.318815394466635e-06,0.006804601082100218
CS2_38,7,1.1255019906180386,1.110486368855761,0.008381021118697728,0.0030478135489536537,0.00047762127831746533,-0.002058418972196202,0.0009556045700677645,0.004211980092999161
CS2_38,8,1.1141365979715472,1.1099316419238792,0.0017820828299371743,0.0019064366259284485,-0.002395329187719099,0.0002226382340798297,-0.0014099901442345315,0.0040991175692595885
CS2_38,9,1.1097239512348844,1.1108393611585055,0.002782065075743388,-0.0041813887770928435,0.0011593103884521754,8.08261710857526e-05,-0.0011372821069135705,0.0001810592066369355
CS2_38,10,1.1066326715507433,1.1091985359362113,-0.00030727499632786956,-0.0017369531004079036,0.0014269121746602754,-0.0013763848019971204,-0.0012050309561549965,0.0006328671776583925
CS2_38,11,1.1022135577531742,1.1097802573900393,-0.004494899670097089,-0.00020548531793844696,-0.003083623647960093,0.0008827676073558703,0.0023049574191018663,-0.002970416142475996
CS2_38,12,1.1098872977308343,1.1095337669071057,0.00023206126313602278,-0.0004203996843828645,0.0034445998042016705,-0.0006872419305053864,0.00044001447404927083,-0.002655503221309168
CS2_38,13,1.1120765053508848,1.1077787007289988,0.002578548159820199,0.0023296212537061178,-0.0017121369568942444,-0.0014893448330239626,0.00027647326757564134,0.0023146436111956734
CS2_38,14,1.1124094344838404,1.1098518705773839,0.0016128408727245848,-0.000611558601420432,0.0023839880506767376,-0.0005560211531035324,-0.0015896709218883906,0.0013179855398139585
CS2_38,15,1.1120854324926022,1.1104755420267571,1.0331491138205748e-05,0.0015679523965574946,-0.0016606731151326082,0.0025927464886152706,0.0015044343044077907,-0.0024049012192515293
CS2_38,16,1.1115539095880873,1.1107669324137346,0.0008980839516999602,-0.00020237707161306303,0.0016238750224222005,-0.0013402380776652229,-0.0006600296838383887,0.00046766291407175024
CS2_38,17,1.111246707740296,1.1109172214670984,-0.00017372873347151023,0.0005650709911077731,-0.0007712707828020146,-0.00036929637069083623,0.0012145473865329266,-0.00013583633661845286
CS2_38,18,1.1105883832797652,1.111191990698798,0.0012659135608207328,-0.0010063168658917185,0.00015387204999836457,0.0013009441167652843,-0.0014569913971556306,-0.0008610290024188782
CS2_38,19,1.1100267597993785,1.1085796456782602,0.0007459447383492428,0.00012813550510338558,0.00015214154738059818,-0.000768625671101335,-0.0008731123316019836,0.0020626302143875374
CS2_38,20,1.1092168708588837,1.1102441991283436,-0.001669524335034592,0.00192449459061318,0.0020403442414368153,-0.0040842403670889,0.001588952065335635,-0.0008273545829651537
CS2_38,21,1.1084759466264487,1.1069260510199563,0.0007648909919568329,-0.0010831114893158245,0.0004931591437718148,0.0019336127742714516,-0.0014628691006652998,0.0009042131685577014
CS2_38,22,1.1078006336251498,1.10677263542525,0.0001896570036605491,0.001482564200520047,-0.0022287345104545658,0.0015325419684182261,-0.0009891306191208691,0.0010411000392590998
CS2_38,23,1.1072185520719309,1.1062866842035373,-0.0012492274473998733,0.0018921639158625007,-0.0014102536897976107,0.001968498175392574,-0.0021957860061161865,0.0019264728030920746
CS2_38,24,1.106670160151026,1.1055844963861436,-9.237416004154262e-05,0.001413653445431517,-0.00025321981403879644,-0.0002474680227950751,0.0018915867791685686,-0.0016265145799602165
CS2_38,25,1.1060458154512425,1.1033600939914463,0.00222249887984915,0.0007200141972001353,0.0004238526463990202,-0.0016518052020074577,0.0027904978897240734,-0.0018193370682107336
CS2_38,26,1.1052863669303576,1.0992551928292653,0.001644117478061583,0.00116704518596021,0.0006865009711654769,0.001820463299813592,-0.001856991706277587,0.0025700387558626747
CS2_38,27,1.1045634187461566,1.0980408321187975,0.007196283198099625,-0.0003794286159841243,0.0008022802688911595,-0.0011911700070347108,0.000599875961097314,-0.0005052542938973637
CS2_38,28,1.0901271617547152,1.094603111146523,-0.0036110044309233475,0.000563597518871627,0.0010063759692621938,-2.892087850236738e-05,-0.0023989632149508206,-7.034465373980482e-06
CS2_38,29,1.0846098893088545,1.0915439893310896,-0.003574732912778512,-0.0010898392102903884,-0.0017558010364192814,-0.0003571385130024814,0.0006265810384320357,-0.0007831694955475495
CS2_38,30,1.0814778489151706,1.0870276671064354,-0.003485835066927546,-0.001231197751433935,-0.0006944355022114391,-0.0014514946187867996,0.002155540263969523,-0.0008423956218617396
CS2_38,31,1.078956013588197,1.0840630630228234,-0.00490394213985035,-0.0004399646728720116,0.0003333680927171829,-0.00010455113445856255,-0.001908110342888106,0.0019161506578524333
CS2_38,32,1.076516534352045,1.082628663507781,-0.005130517422900406,-0.0019803761030493068,0.0018929054063579066,0.0007825786919402643,0.00019731994821289777,-0.0018740397800926152
CS2_38,33,1.0888757561706939,1.0799273297515337,0.006596983574246398,0.0022636287255323254,0.001261244915349599,-0.001260174198789068,-0.0005710026014674914,0.0006577458950326907
CS2_38,34,1.090979969267572,1.0780114440163506,0.01084345306167189,0.0018656242318027378,-0.0006039551052827132,-0.001527689882106372,0.0029097077801818597,-0.0005186149452316221
CS2_38,35,1.0770842481560479,1.0769612041042869,-0.002071606109560022,0.0005766775605382178,0.0013943253248552636,-0.0001204101619749007,-0.0012238838171130457,0.001567941150969447
CS2_38,36,1.0710422629291259,1.0751685691752275,-0.0039628461048109315,0.0005066458654230268,-0.0017977358572794453,0.0004486447785294877,-7.948273659247843e-05,0.0007584677072519665
CS2_38,37,1.0709958605835723,1.076042193577248,-0.004015354840263311,0.0013290777312359617,-0.002767269093232848,0.001543095433773721,-0.001399194000286076,0.00026331167374087766
CS2_38,38,1.0692804449333124,1.0770861115430808,-0.0032799771227045717,-0.0022451988720046437,0.0005997202375517741,-0.0017229805834733617,0.0011028115234272323,-0.002260041893162953
CS2_38,39,1.0687207962078276,1.0748596333048155,-0.00578679160526722,-0.0001794711753348934,0.0002693670835084076,-0.0002315904848836297,-0.0008503079860793887,0.0006399569707179222
CS2_38,40,1.080376856552455,1.0738031737757179,0.005706497609370221,0.0026450998689674667,-0.00038876317925157976,-0.0005491316296823296,-0.0025138442992368973,0.0016738243010694716
CS2_38,41,1.0823385600487327,1.072700602498489,0.010556304312667781,-0.0015028467093454916,0.0004890239769342353,0.0013984224059301828,-0.001238376119500358,-6.457042281028941e-05
CS2_38,42,1.0685290046762432,1.070878098310248,-0.004006065911292776,0.0032671664216873757,-0.0006006781380891702,-0.0010142544886456966,0.0010830710744642747,-0.0010783326923948506
CS2_38,43,1.0652275806343496,1.0705414416375063,-0.003034237799315896,0.0001255999218204409,-0.001995385007726289,0.0009378035054649024,1.173542937168319e-05,-0.0013593771515791283
CS2_38,44,1.0649681856980067,1.0695906728034617,-0.0033179120776931107,-0.0023307726571789754,0.0022233710643514964,-1.2386074382238885e-05,-0.00013295279305204315,-0.0010518346661929335
CS2_38,45,1.0649829231798904,1.0670621585397235,0.0002601286158256436,-0.002217181348863918,0.00130307651907943,-0.00233644930910828,-0.002517058725599309,0.0034282487901337606
CS2_38,46,1.0614914253676915,1.0658378140444864,-0.004499885046067818,-0.001735224273030214,0.0008364601968825818,-0.0005101085780998151,0.0012456708849826034,0.00031669804138090984
CS2_38,47,1.0731266663201424,1.065607532895211,0.0057484974740688,0.0014094433606590187,-0.0012905604323870331,0.003140316446323818,-0.0004199681335892303,-0.0010685953924414134
CS2_38,48,1.0755370950308532,1.064138119060393,0.006603586167773757,0.005935729255643608,-0.0007333623153928972,-0.0017938862223246708,0.0013392246521831347,4.768432921473538e-05
CS2_38,49,1.0646519371651095,1.0647452847913055,0.002590056420683361,-0.0012352331986416826,-5.6591240968170665e-06,-0.0003283557205528756,-0.0006988800898860126,-0.00041527601225504443
CS2_38,50,1.06102307259372,1.065923503249413,-0.0009914333255318416,-0.002284696504342772,-0.0015590385424746754,0.0004353610162703051,-0.0015310102901641004,0.001030386893600341
CS2_38,51,1.0595876473228714,1.067875886632705,-0.002490428928310021,-0.0010548795542028098,-0.003568874607977025,-0.0001269322713029788,-0.00045253236143972565,-0.0005945916829167723
CS2_38,52,1.0592787629779323,1.0702310279250877,-0.006658340624675557,-0.0035584958385699514,0.00013433993363898787,-0.0005013061775885471,-0.001926279658008316,0.0015578173218687642
CS2_38,53,1.0563564140346458,1.078981981520116,-0.016552480367582532,-0.0013247997302396643,-0.0025541861048570093,-0.0008469769615368524,-0.00034903939245171814,-0.0009980850236906258
CS2_38,54,1.103042117131989,1.0796880230411958,0.018164901108023906,0.0011271332972425374,-0.000789570212233892,0.0031164066720756065,0.0016324683155527712,0.00010275479461736048
CS2_38,55,1.10123183536115,1.0851189016076033,0.007983189940051528,0.0019701617657511632,0.002628060858367754,0.002387360864585006,0.002065057907264086,-0.000920897697187834
CS2_38,56,1.104258534284754,1.0904838394145004,0.0059818330137933395,0.0027266400885125547,0.003319612624028454,-0.0012371395061211723,-0.0006795214320660511,0.003663269966054126
CS2_38,57,1.1033394929749063,1.0986810255470418,0.0033590393038956026,0.0016106558208677053,0.0013136655997966385,-0.0003825124408797229,0.001126193246214543,-0.0023685742176765595
CS2_38,58,1.0914332314850226,1.096533830395456,-0.008849658291323538,0.00047470218167264966,0.0005458705668898652,0.0005486878179975789,-0.0002180212612324448,0.0023978199651767678
CS2_38,59,1.0879623007073302,1.0995800196658105,-0.005167083375305635,-0.003547720725556733,-0.001305233312668832,-0.0027530373653644065,0.002595508601825125,-0.001440152890262122
CS2_38,60,1.0854165618033997,1.098665233767487,-0.0065331103232931,-0.004687478560573469,-0.0023341278940984594,0.002106814959818301,-0.0007900701971711763,-0.001010700056496852
CS2_38,61,1.0813346681240787,1.093596084777106,-0.008985208553011447,-0.0040397317839480215,-0.00019496698241571283,0.0024916097222351893,-0.0020781801400214035,0.00054506097821003
CS2_38,62,1.0799085963672717,1.0900088125430365,-0.01331229338700485,0.0022136647822199144,-9.634864448014908e-05,0.0006994182259558017,0.0019014171943034543,-0.0015060744520529136
CS2_38,63,1.0789391344883974,1.080419579837359,-0.015188466639454832,0.009548061619775759,0.002494893590583358,-5.561664469190028e-05,0.00040479472761415836,0.0013158878923462476
CS2_38,64,1.0735980602344384,1.0725488793248732,-0.01398265846012627,0.012440501539054504,0.0031316164543402462,-0.00044570046387318584,0.002440018839233034,-0.0025345971015690587
CS2_38,65,1.0679735899537306,1.0568358794712838,-0.006466176165180042,0.013744140648931074,-0.0006371325452133422,0.0022023222623111472,0.0010016655835842232,0.0012928905979930061
CS2_38,66,1.066344883617985,1.048744975960813,0.01789918725643579,0.0008276247937499731,-0.0011062811463595278,-0.0008193689885605713,0.0019003624363421665,-0.0011016167937369843
CS2_38,67,1.062953981690855,1.0369222567949405,0.04729093865352242,-0.017645330810126474,-0.002729770784064062,0.00018968326139772075,-0.0020739957614364615,0.0010002002388183242
CS2_38,68,1.0603676502546673,1.0266224373605102,0.07271154394479942,-0.035999779202210105,-0.0005784477414672432,-0.0020771402613064187,-0.0012737859405280627,0.0009628219982090992
CS2_38,69,0.8972451240640211,1.0217754220557305,-0.0815330414527868,-0.03976817522925283,0.0008336631354887062,0.0005268728929588158,-0.0022390067174636705,-0.002350610645242617
CS2_38,70,1.0623643976855277,1.0182955573787287,0.05859517943617692,-0.008292108814675292,-0.0019902566920601316,-0.001586282850094993,-0.0008310425334431564,-0.0018266483366468143
CS2_38,71,1.0593688385617845,1.0201853523090567,0.017226503896742126,0.027909085503253817,0.0004192424618684938,-0.0011163613438361386,-0.0029716893392521537,-0.002283295022267353
CS2_38,72,1.052461221029784,1.021915922766123,-0.03060959581645941,0.06488795666228793,-0.0015518852539467456,-0.0023647733835617402,-0.0011478007565264637,0.0013313967187002014
CS2_38,73,1.0524471191603695,1.0297584674354963,-0.05633170337888218,0.0812384755720035,-0.0015078805565016654,0.00107651397534139,-0.0015193523352254837,-0.000267401645023097
CS2_38,74,1.051938891846401,1.043277883417106,-0.06145053368899409,0.07088565093097426,0.00255035051750569,-0.0018743992461518289,0.0001153500102223124,-0.0015654101871976375
CS2_38,75,1.048338662640706,1.0546476344943199,-0.05210110115231931,0.04602432804811938,-0.001809073326780438,0.0012309683493025763,0.00014291036649353373,0.00020299577022494934
CS2_38,76,1.0546400937989624,1.0695447030930405,-0.021912510076634056,0.00607449580684844,0.0013645165551682032,0.0003512539871043506,-0.0005978260725858083,-0.00018453958810911883
CS2_38,77,1.0545684743441832,1.0860338435254988,0.0082964516685825,-0.038216479768085676,-0.0011814455093787654,-0.0022610722534696075,0.0030906277672664464,-0.0011934511803285304
CS2_38,78,1.0536291021635087,1.0984153899315574,0.03754459707681242,-0.08185572668125193,-0.0012003461591667884,0.00044072391834879665,-0.0008494884921285902,0.0011339524756543821
CS2_38,79,1.0525421351108868,1.1098817228142828,0.06292284949231372,-0.12126492894329902,0.0009255231989700688,-0.00023533809182024856,-0.0010659444660759331,0.0013782510133126084
CS2_38,80,1.0515942318457476,1.1187299161985635,0.084643130884326,-0.15438796259747428,0.001004028988199814,0.00022966793697946488,0.0013365557102036894,3.8894632165455655e-05
CS2_38,81,1.0519377300887918,1.1219589722952485,0.09877946395720277,-0.17253602753918354,0.001280917491789974,0.002710365708570836,-0.0016741401763749738,0.001418178258602334
CS2_38,82,1.0507601896369145,1.1214756433249424,0.09764574150529352,-0.16980643402900292,-0.0005592141231388153,0.00042886522823219406,0.0010647232518719064,0.0005108643863006082
CS2_38,83,1.0495616991201508,1.1107995007042724,0.08509329706586327,-0.1519925460563977,0.000803434023606583,0.0004452356163131968,0.0017971489960860044,0.002615628678521121
CS2_38,84,1.0484136382241616,1.1007599104119292,0.06498228826106806,-0.12184765119960805,0.0009274351977386259,0.002297493184376174,0.00029962051387857956,0.0009945417634001454
CS2_38,85,1.0475262851117222,1.0815259095204004,0.03326840491251297,-0.0723799660735769,0.003132002370400263,0.000584534929532612,0.0006161763310184414,0.0007792230304476487
CS2_38,86,1.0465112120368403,1.0575662575960645,-0.005158971009990932,-0.010838435970984982,0.0013415449067395826,0.00016452758099659828,0.001265910298186555,0.0021703785452908465
CS2_38,87,1.045668835439585,1.032407418517802,-0.05230944207119923,0.060336175090401484,0.0009178151778854898,0.0036238681217652144,-0.0004364107385315991,0.0011294112512956528
CS2_38,88,0.8893844725559248,1.0040122236209144,-0.2610846239465478,0.14520848062111053,-0.0003289265125626809,5.441096835913118e-05,0.0021534972339380012,-0.0006305894504026144
CS2_38,89,1.0452782651290633,0.9719001113067024,-0.14778651227177678,0.21818583176232695,-0.0004262103276976263,0.0027659162610782955,-0.0010483949406195198,0.0016875232490561043
CS2_38,90,1.0436846010364746,0.9402258890304367,-0.16534362165002336,0.2652474211766347,0.0010152865019968282,0.0019519014191783364,0.002279634133846781,-0.0016919096648846295
CS2_38,91,1.042650116039745,0.9081799872349671,-0.1351614291597034,0.26437403606039434,0.0026469379567706968,0.0014175770977713944,0.0009664329023226476,0.00022657385838993692
CS2_38,92,1.0420584845324825,0.8813239397656986,-0.04251455116848627,0.20419600567074778,-0.001960178262396112,0.002152960981067627,-0.0009754900830587952,-0.00016420245966113902
CS2_38,93,1.028802495061747,0.8601417796404924,0.09900387476790067,0.07265366345773483,0.003560699032859213,-0.001212530272153009,-0.0015947438328238232,-0.003750247814977505
CS2_38,94,1.0274932444327831,0.8442457734696261,0.27252120045989836,-0.08218646098923864,0.0011017350769304927,-0.0045762103865193485,-0.00041145346776991156,-0.0032013398122796547
CS2_38,95,1.0262562618918594,0.8378006515062957,0.42171050877009086,-0.22166038642889963,-0.004913275960957791,-0.0011494915107559858,-0.0029482659031754214,-0.002583478662327446
CS2_38,96,0.06417423587696902,0.8408747563042891,-0.47410944051978554,-0.2894885688393656,-0.004737020850824791,-0.0032716919872181308,-0.0022988400035338272,-0.0027949578831109835
CS2_38,97,1.041462487241435,0.8584386424392321,0.4387048362992664,-0.24197443884695602,-0.0038159957658326555,-0.0011724715775244664,-0.0032351608699439666,-0.005482924525113844
CS2_38,98,1.0434352172439951,0.8785029748093123,0.2894209264149527,-0.1154583795483738,-0.005511132103625508,-0.001455519787252599,-0.0013610789146200788,-0.0007025737155771089
CS2_38,99,1.0406802594005589,0.9116403942214059,0.10554367208946265,0.029711824226193,-0.0011284056231580248,-0.0025737722743769077,7.377209024044531e-05,-0.0025872254171701017
CS2_38,100,1.047993131855351,0.9475100818597212,-0.05065888874852906,0.14928274280504217,0.0021439877343170884,0.0017013515080133107,-0.001194662107133175,-0.0007914812872734754
CS2_38,101,1.0487057528076722,0.9829135038184806,-0.16812353911656172,0.2283271492968749,0.0024032793631883534,0.00012010924347793658,0.00033945050832452937,0.002725799602379758
CS2_38,102,1.0410146592768097,1.0214948931137808,-0.24414313753665115,0.25624246684553786,0.0020096946954839914,0.0039045420897836297,0.0005804758120977209,0.0009257241686671105
CS2_38,103,1.0379292651260403,1.0570310434832275,-0.26643519106056557,0.23967972992066344,0.0017950179389025068,0.0013798725903397223,0.003016478303978704,0.0014623138627474581
CS2_38,104,1.036910222248257,1.0878385208911474,-0.24784111414706123,0.1891220053911898,0.0014651372153177532,0.00095411248183101,0.003317560260150797,0.0020540000693850535
CS2_38,105,1.0363491892634134,1.1153577218765633,-0.20400269081968522,0.11805551425648937,0.002115714726368892,0.0015460819342693957,0.0013408098738971422,0.0019360373294620723
CS2_38,106,1.0334997721200843,1.1380026215597883,-0.1489044766218791,0.041720412510224666,0.00020582876382110136,-0.0006026486320377353,0.0032891046980348853,-0.00021107024265725637
CS2_38,107,1.0430106903659109,1.1488722035172416,-0.0737206729873851,-0.03580117227730901,0.002219608089086609,0.0003742681311877082,-0.0006886157750440429,0.0017550715791415652
CS2_38,108,1.0441604320340225,1.1539484528165633,-0.016995006080334493,-0.09681067996630342,0.00014024934690503435,0.0014180764233494589,-0.0014339800312840418,0.003893319435627022
CS2_38,109,1.034515207854902,1.1514240649783218,0.013894397590922751,-0.1362252246584827,0.001316770298985594,-0.0005529188743135754,0.0012553574026282494,0.003402761031601729
CS2_38,110,1.0308935269099884,1.1453181783633697,0.03655068939888328,-0.1557313524543086,0.0031378292171792325,-0.0001075916965420329,0.0012213064061510608,0.0005044675916177551
CS2_38,111,1.0276337852395212,1.131450724091015,0.03818386839262965,-0.14403334203176377,0.00039171501141908426,-0.00023072062714183506,0.0011647390736832023,0.0007068012474821138
CS2_38,112,1.0278726291306217,1.1146622294389656,0.027472052474416368,-0.1146457299851031,-0.0007252604259668307,0.0011510930692155634,0.0003493136957763422,-0.0003910692189854065
CS2_38,113,1.0239182578209558,1.0950638107973267,0.003961999137648215,-0.07611704643318352,0.0016673301529466563,0.0010389131708833674,-0.0009397985921288927,-0.0007569504930928451
CS2_38,114,1.0368234562508434,1.072114298318697,-0.00535922621502659,-0.02902057137291879,0.002194982984893661,-0.001463927278918396,-0.0007241233519822656,-0.0009179769201593746
CS2_38,115,1.0380939873002504,1.0498012343765852,-0.031254453515863645,0.0231098687810293,-0.0028825621606188966,-0.0004265451892811308,-0.0022265313525313855,0.0019729762741116184
CS2_38,116,1.0286570201219014,1.0327769286266024,-0.05272139805648029,0.054929154280485316,-0.0009806585962649985,-0.001361494759515289,-0.0024631171783864913,-0.0015223942771891677
CS2_38,117,1.0242783825383732,1.0178453273075443,-0.059255058802476966,0.07422436771683878,-0.003320218212406462,-0.001114575774359441,-0.0017781994942208642,-0.0023232602832612592
CS2_38,118,1.0237205612694247,1.0039515380388306,-0.03467983632231725,0.05942868487147965,-0.00031954667543605196,-0.00023751439308631814,-0.002947829083760546,-0.0014749352467542587
CS2_38,119,1.0248138999417904,0.9970235366785037,0.004601994476426337,0.029923817795129485,-0.0010662307859147177,-0.00252452420417896,-0.0009311061721993599,-0.002213587926927915
CS2_38,120,1.021555645342712,0.9954349710298744,0.04223980803995849,-0.007917381211810454,-0.0014866937664172121,-0.002212176141780494,-0.0024740197598324275,-0.002028862926792675
CS2_38,121,0.8826996093916755,0.9937249117530891,-0.0741361271084906,-0.03547690886265995,0.002696907322279465,-0.001255606089836567,-0.003505773048187435,0.000652205407319006
CS2_38,122,1.0324373963549824,1.0006582458026145,0.06452514540431821,-0.02840055411036134,-0.0020001915197610767,0.0010324469672807872,-0.002403932688418012,-0.0009737635850107489
CS2_38,123,1.032674094065122,1.008174669883773,0.041835571385760044,-0.015242441862157927,-0.0023574787815033448,-0.0014637858700056812,0.0027235925547423497,-0.0009960333299111385
CS2_38,124,1.0356770226610266,1.0173230876598978,0.018203576723464718,-0.0014908413725866962,-0.0009288024948406454,0.0005842253913742644,0.004407073877538116,-0.0024212972095722647
CS2_38,125,1.0367788690456265,1.024284388871133,-0.0029367376406885504,0.00887705365924842,0.0007460718884031787,0.0011391630892093828,0.0029715427659775385,0.001697386326105354
CS2_38,126,1.0373579859153885,1.0350729719760503,-0.015146100621057455,0.010628586931109013,0.00310345198206384,0.0026374264062111403,0.002307512889384767,-0.0012458637348672287
CS2_38,127,1.0380948328065713,1.0411480741169818,-0.016897805540016995,0.008841413858971341,0.0024938298023598486,0.002608983993925487,-0.00045319397524232576,0.0003535304627724596
CS2_38,128,1.0393143594074843,1.04302144870209,-0.011440366217334392,0.00211044333023682,0.003185655006004293,-0.0013975384198159349,0.001092920282784528,0.002741796636160661
CS2_38,129,1.0391230331804948,1.0483402795590442,-0.007044943025199817,-0.001569955277726249,-0.0018999480796200962,0.004950594381352137,-0.0019206369491151128,-0.0017323575155142323
CS2_38,130,1.039276411387803,1.047882249350933,-0.002617927701956015,-0.005245493078961945,0.0027565744730416214,-0.0025944394715752914,-0.0008925428010469519,-1.2009469973037009e-05
CS2_38,131,1.0393237605107686,1.0454801731875196,-0.00024205161186534815,-0.0023192504320440387,-0.0015279964885081883,-0.001158303792713333,-0.000896140399163652,-1.267003981912133e-05
CS2_38,132,1.0396648764552268,1.0432276782033645,0.00021727497720792666,-0.0005542025237418277,-0.0019788553457508015,-0.00034823154212960017,-0.0005284475501614749,-0.0003703398510752807
CS2_38,133,1.0397003814089416,1.0406162172595814,0.0025944511277782383,-0.0022963439930382694,-0.0007353275021953504,-0.0007348983474452685,-0.001168883615360019,0.0014251663920919401
CS2_38,134,1.0399316959633254,1.0379103649630979,0.0016443534820371904,0.0009094629768894835,-0.002310159767791628,0.0004548693750937113,-0.00018795871722914378,0.0015107635635966676
CS2_38,135,1.040032047018471,1.035792980585977,0.0028125623276192024,0.00048479931998319354,0.00034895058618622776,-2.8147550390283354e-05,0.0016151865372217569,-0.000994284875801656
CS2_38,136,1.0400669795613169,1.0335293098131,0.0015522248174852453,0.004371611998534733,0.0012809234421086344,0.000875712490133547,8.972952484608986e-05,-0.0016325326125824335
CS2_38,137,1.040013738816043,1.0295160178824274,0.008530051957396275,-0.0015596108595397607,0.003204376288120159,-0.0010412817840908105,-0.0008789249571653484,0.0022431102012276764
CS2_38,138,1.0221579459033308,1.027629807816978,-0.005534084907854357,2.81685937917716e-05,-0.0005881639378178563,-5.920497729954217e-05,0.0016991842935563186,-0.0010177610578019432
CS2_38,139,1.0217168658273579,1.0269341536690062,-0.003409976925558107,-0.000851886056066816,0.0011509522083448423,-0.0018617998194354844,0.0011820571491916506,-0.0014266344777078379
CS2_38,140,1.019734661805991,1.027186200504465,-0.0028063151462703784,-0.0019881717394224212,8.663058397767748e-05,-0.000261802104715909,-0.0009821639312032491,-0.0014997164395474589
CS2_38,141,1.0189094658688589,1.023227203459653,-0.004542972869022624,0.000649587744004438,-0.0010363241702275065,0.0009890469563386191,-0.00035751313493979177,-1.9562195290353557e-05
CS2_38,142,1.025685917045223,1.0225631184193844,0.00037374669418950384,0.0022241194662875096,-0.0011181209702393069,-0.00016184633672354146,0.0001241960566626373,0.0016807036343248348
CS2_38,143,1.0313985491023843,1.0225765076625593,0.0069322401004918936,0.0010177619585455835,0.000175488592531876,0.0013592639667979207,-0.0015034312641466327,0.0008407180017432813
CS2_38,144,1.0323435234202023,1.0249784532929052,0.007876150736160154,0.0004232034727591221,0.0015383435658264707,-0.0007633094618238211,-3.7506007795851383e-05,-0.001671812262107452
CS2_38,145,1.015438489054496,1.0238591273912885,-0.006971983664454182,-2.3230334693037038e-05,-0.0016600001767617032,0.0009334729359230352,-0.0001016510803936733,-0.0005972460932224215
CS2_38,146,1.0191297197209295,1.0229819880076096,-0.004012797846585123,-0.0015683182262513369,-0.00035364638826633715,-0.0006357745159048883,0.0028193611607749795,-0.00010109254888793352
CS2_38,147,1.021517898028991,1.0243487900413704,-0.0029488352958142025,4.28540617812308e-05,0.00015570784656477593,0.002967499781287555,-0.0028611375770711484,-0.0001869809086232519
CS2_38,148,1.0247282042930381,1.0239958936356064,-0.000708406332323999,0.001973330958616634,0.0003475742558386489,-0.0014144096609294368,-0.0013742376157175882,0.0019084589710334442
CS2_38,149,1.0311855859469148,1.0212272452493028,0.0057549311422046496,0.0026253801750975754,-0.0009179672557146962,0.0004107267323844843,0.00063955892278666,0.00144571089708626
CS2_38,150,1.0319128516397544,1.0214083200203665,0.009717943516688124,-0.0014180526999526136,0.0010091920780801672,-0.0009240012799137583,0.00212806882705962,-8.61890666202087e-06
CS2_38,151,1.0169789653104937,1.019047192457411,-0.0037237094171939777,0.00023265008854770028,-0.0012969735403403166,0.0017429385475069491,-0.0011281649145415047,0.00210503201161377
CS2_38,152,1.0155387986461637,1.0204565405813428,-0.004326727243202527,0.0007281358854978188,0.0019671853729279916,-0.0012354614164537593,-0.0017855892664446745,-0.000265285344357932
CS2_38,153,1.017786412930195,1.0213336930656955,0.001372218898577081,-0.002769845819389516,0.0007411811058621345,-0.0005983033127363567,-0.00017202374275975216,-0.0021205073429010845
CS2_38,154,1.0136199389764586,1.0186273700043644,-0.002910265157653543,-0.0007575847759489144,-0.00258986163209944,0.0023576927514369714,-0.0001664934124027126,-0.0009409188772442189
CS2_38,155,1.0119593751833165,1.0189212683085485,-0.006765524322594085,0.000444273362710842,-0.0006832869615503377,-0.002474570606778286,0.0015393344952590886,0.00097788083244828
CS2_38,156,1.0250587435917549,1.0190674685991123,0.005598657616326956,0.0004327337918759858,-0.0004256307033368229,0.0012010078148143861,0.0017663580950454199,-0.002581851703143415
CS2_38,157,1.0265451281842388,1.0168257723532341,0.0074738240301046996,6.661863818534176e-05,-0.00015434595097243466,0.0008572770138207904,-0.00036714076978670466,0.0018431227879363312
CS2_38,158,1.0143698322180406,1.01546362807386,-0.00432442172954594,-0.0003100072642580991,0.0005743428399427942,0.0012136542813770607,-0.001804460880016752,0.0035570968203441676
CS2_38,159,1.0113056595720504,1.0168907823449367,-0.0051734702428835495,0.0014332682883978608,-0.0006906618212850925,-0.0010226005926320294,0.0015418656726340725,-0.001673524152101064
CS2_38,160,1.013751365094718,1.0150799985250538,0.0015946786331479832,-0.0029881327673395783,0.0018834005247782687,-0.0021890055061061617,0.0018342432447941896,-0.0014638176356744908
CS2_38,161,1.012232831007445,1.012168944087832,0.0026840106291222804,-0.002780939722408841,0.0007802204388154192,0.0008245738534923076,-0.0013323857450536914,-0.00011159260974763168
CS2_38,162,1.0055367054844258,1.0119388784370287,-0.005908692233848108,0.0003803039457236006,-0.000926323202086725,-0.00032658327826592145,-0.0002633543264188101,0.0006424760698584549
CS2_38,163,1.0182877408925144,1.0082623555547972,0.007240813627385173,0.0005228358334807802,-0.0005768536119619362,0.0014543979460663508,-0.002714558123440875,0.004098749588119282
CS2_38,164,1.022015943010775,1.013483116859354,0.009396894386548602,0.002278416361623189,-0.00016353727950402404,0.0005597091720517934,0.00038583259589392217,-0.003924489164908251
CS2_38,165,1.0190452666167822,1.0117127600433864,0.007165054135822099,0.0001325655241406231,-0.0003336331522727485,-0.0006785082791786278,0.001745530870360507,-0.0006985026038792453
CS2_38,166,1.0047770823722857,1.0157830846427522,-0.006550774681264787,-0.0019067726997279114,-0.0014961959533958391,-0.0007136695229859175,-0.00041375055075968867,7.516106556850037e-05
CS2_38,167,1.0053461037627436,1.0179585662335606,-0.007263017280483817,-0.0029680629178397686,3.524528180944693e-05,-0.0008204704166201595,-0.0012019965279029942,-0.0003941606821303199
CS2_38,168,1.0058675096071568,1.0190304347550139,-0.009528576706201846,-0.004464754017243137,0.0002769632513309715,0.0022556121869498845,-0.0003037639124473221,-0.0013984060228265695
CS2_38,169,1.005320310302782,1.0165330611872525,-0.014057836173178712,-0.0022862980701947168,0.0011007252882467662,-0.0013314341262703245,0.0023269723836777186,0.0030351197409095127
CS2_38,170,1.0095242316523247,1.0148048367778246,-0.014784331456906177,0.00341929173901885,0.002154961527175861,0.0009724172085159459,0.0024473287302056684,0.0005097270522934767
CS2_38,171,1.017734619204262,1.012213392694087,-0.005854777957043994,0.004217092624329996,0.0047651140292705955,0.0006881119005080768,0.000871348361284075,0.0008343374740021747
CS2_38,172,1.0191918082477223,1.0060086717318586,-5.3600770223542276e-05,0.0104493335500472,-2.0823801216780087e-05,0.003203373828239556,0.00061495021907763,-0.0010100965885282453
CS2_38,173,1.020180579345105,0.9988375274133079,0.0112677114277729,0.00934523580071066,0.0002154229206760697,0.0002113351444301385,-0.0014319546555375481,0.0017353012148402477
CS2_38,174,1.0206694858320908,0.9948691806488992,0.031217504325882835,-0.0006879537137019912,0.0007753311455822229,-0.003596422996462097,-0.0011363323340185393,-0.0007718213232115101
CS2_38,175,1.021104314494405,0.9916806407407375,0.050860767391732196,-0.010860235271413594,-0.004932492242173319,-0.0017325987640750104,-0.0019816533855980473,-0.001930114054117611
CS2_38,176,0.9090590705848101,0.9897338912871942,-0.055330423119649336,-0.014516786266742125,-0.004494470326892874,-0.0029991392229595524,-0.0031395441537219416,-0.00019445764222702713
CS2_38,177,1.0220187635376234,0.9929605817612405,0.048228051166636525,-0.012042136695068489,-0.004016921403754148,0.0014320324792697061,-0.0025991990411809098,-0.0019436448092365576
CS2_38,178,1.0224036188748364,0.9973597376912329,0.026085904367336286,0.0012024364539760096,-0.0003624422512383827,-0.0017399978006035195,0.0009643266914115309,-0.0011063463571653167
CS2_38,179,1.0224587759678059,1.0035076300360295,0.005602467603073965,0.008824432910019461,0.0025841378790391,0.002641849402689306,-0.0025775907723971222,0.00187584882944046
CS2_38,180,1.022533943988961,1.0137686575833482,-0.007389274489497365,0.009635345635953767,0.004457730602421927,-0.0007898048996968046,0.0026217875802804075,0.00022950189620623155
CS2_38,181,1.0225233114574337,1.0216630334820893,-0.01338289279061562,0.007901176580428153,0.004141069347997962,0.0009124844072556955,0.0015553149117071901,-0.00026687456136890005
CS2_38,182,1.0227267887387939,1.027574863716711,-0.011551929585317224,0.002706812184767327,-3.9658070413349446e-05,0.004307292393084428,-0.0006857701320826681,0.0004151781520146802
CS2_38,183,1.0230265891048802,1.0284558151979664,-0.008164943547818299,-0.0031053698459427436,0.004481951432196646,-0.0004765510106936415,0.0008637880995161632,0.0009718986994935818
CS2_38,184,1.0237266489639154,1.0270444108738657,-0.00441285979522772,-0.0006113425112757678,-0.002302263014506449,0.0006092355057817555,-0.00015988348415842376,0.0035593513089648065
CS2_38,185,1.0242014484481459,1.0281108694287984,0.00020647197346966418,-0.002404456876382979,0.0002933601216562171,-0.0011130483168658057,0.0026161355138323438,-0.0035078834770431518
CS2_38,186,1.0257083873815276,1.021347568427211,0.004743141984561061,0.0009383306636660562,-0.004354920538593675,0.00023651344555449433,0.0010036432468108099,0.001794110070970752
CS2_38,187,1.0260540648077239,1.0194346649173094,0.01055888730552681,-0.0011832219592918813,-0.0038016758444320334,0.002557844350711402,-0.0015242741407423433,1.1840097142847448e-05
CS2_38,188,1.010539817289434,1.016203670197738,-0.0022323732403667328,0.00011024231694196217,0.0007505851537283292,-0.002809522806406523,-0.0015673148595357653,8.453045268955638e-05
CS2_38,189,1.0087572748248164,1.0125735653119945,-0.002993279059386569,0.00011544487492704397,-0.0013193789556632256,-0.0006869096653726242,0.0010395118559540315,2.832038850551188e-05
CS2_38,190,1.0082514758297947,1.0102287234301306,-0.0002420742939566232,-0.0008586898141719508,-0.0001707846351717665,0.0008534596923099507,0.0005347353931997859,-0.0020938940161795857
CS2_38,191,1.008051865400418,1.007642078467482,-0.0012677698192693628,-0.000575226646162837,0.0011994351171877317,-0.0002115275141677164,-0.0015829920787803608,0.0028478678005825187
CS2_38,192,1.0041984255078304,1.008734499234639,-0.004948692349388406,-0.00011525454576431982,0.0018441135966818908,-0.0019442141197607923,0.001908232340204168,-0.0012802587206245664
CS2_38,193,1.0167220243065458,1.0089801499115159,0.004127965807706033,0.0033703027346924123,-0.0008920265006614579,0.001026795018534955,-4.690239201653423e-05,0.00015573964939783835
CS2_38,194,1.018464459504706,1.0082357079435187,0.006205878243537646,-0.0008179357717922251,0.0030842730105304812,0.0007398699144200449,-0.0006880301426911092,0.0017046962290359763
CS2_38,195,1.0087398494778839,1.0093836643160292,-0.002463772023026942,0.00020677119494053186,0.00044095027420010046,0.0007325214212058828,0.00015034798942759292,0.0002893662312575177
CS2_38,196,1.003704975018728,1.01344558907968,-0.008976911099215425,0.0004493271645462846,0.0010900084471516234,-0.0004993652346072758,-0.0009381577478322995,-0.0008655156626204156
CS2_38,197,1.009789241645305,1.0129488769388253,-0.0012900803627003533,-0.0007030181988455535,-0.0004683442914905521,-0.0012404555621861365,0.0013554549906744382,-0.0008131919432857122
CS2_38,198,1.02102748940183,1.0155686251103309,0.009131792097300974,-0.00279693149278842,0.0010359229982461284,0.0010120925281433886,-0.004092593738588102,0.001168581819906366
CS2_38,199,1.0229044141852128,1.0198066945574087,0.00927999798788712,-2.4250876632170527e-05,-0.0019403586830485974,-0.0014802387611329978,0.0007139608488956499,-0.003451390968273085
CS2_38,200,1.0137499802196692,1.0185371343517962,-0.0016596756728276187,-0.0010319122733452872,-0.001355968487924118,0.00022977802900112353,-0.001195224124469385,0.00022584832137476532
CS2_38,201,1.0083843543020166,1.0197615144746854,-0.009142141902155778,-0.0024284812151015803,-0.00138885317806183,0.0022814910673539857,-6.718131747630401e-05,-0.0006319937009201713
CS2_38,202,1.0101760177120962,1.0169656858785776,-0.009595214855365753,-0.001085985911361338,0.001436828352776666,-0.000604409379367388,0.0018799794025912422,0.0011791341497607662
CS2_38,203,1.0110300201673486,1.017186839903913,-0.010705230793291057,0.0015288072869633449,0.0009069029913259598,-0.00017066539197771571,0.0024732697782682694,-0.0001899036827151252
CS2_38,204,1.0088890028711637,1.0117149958700589,-0.015268073550530788,0.007335091294941894,0.002999004603182676,-0.0005733143237891077,0.003085391914353732,-0.0004040930109694124
CS2_38,205,1.0156350456710133,1.005698564768272,-0.008396827034928975,0.013181232044072165,-0.0002743859961503961,0.0038953417109666615,-0.0007976451817805106,0.0023287652836661136
CS2_38,206,1.0201747110459802,0.9991000871695153,0.007912166008159756,0.00998501714647319,0.0018255213422890724,-0.0007494729681912172,0.000975689497027716,0.0011257027718043562
CS2_38,207,1.022037103723008,0.9942019453115574,0.025375892350023622,0.0044749349336562745,0.0008323123233469793,-0.0010539455539020173,-0.0002800704388408258,-0.0015139652825582755
CS2_38,208,1.0081257488258437,0.9881603411787361,0.032358884307807215,-0.0065432430875797054,-0.002235889083400584,-0.00021763731789062264,-0.0017472595315319594,-0.0016494477138752827
CS2_38,209,1.008573697612924,0.984451673367982,0.05261909599093107,-0.02186782707275514,-0.0023932273249209265,-0.002359050819401673,-0.0013925436100693574,-0.00048442299261846613
CS2_38,210,0.8895168799280047,0.9840606128715281,-0.05856744858914898,-0.026911197771657864,-0.004060256535185749,-0.0026040926707379276,-0.0012288699158365178,-0.001171867482130852
CS2_38,211,1.0077501251248489,0.9845967152211541,0.04766169147208429,-0.021576042450555055,-4.122604473848555e-05,-0.0015807969540643644,-0.0025195523929552113,0.0012093362005109116
CS2_38,212,1.006951046511137,0.9919422069652594,0.02309567264789877,-0.004034645478264656,0.00020707283535855618,-4.129179354734969e-05,-0.0017081822619482996,-0.002509786476678879
CS2_38,213,1.0187411780852536,0.9989724838824569,0.008264009426035869,0.010955671483589597,0.0011559435886922423,-0.0004924546333454242,0.0037082053410960407,-0.003822681081540386
CS2_38,214,1.0216622799376758,1.0012371316425854,-0.01377371272032792,0.02799999313194394,0.001841477308641831,0.0011746401611694034,0.0020989420805318424,0.0010838082535719175
CS2_38,215,1.0134958438901904,1.0083224808501892,-0.03782998954390228,0.03798619167345434,0.0016673299661510376,0.0016541332304645577,2.9374725329874762e-05,0.0016663229125525065
CS2_38,216,1.007529930848854,1.014675575893898,-0.04084623920377727,0.031014113699278593,-0.0013149477802444512,0.0027643002541903948,0.0008315226931991376,0.00040560521899419476
CS2_38,217,1.0116450903747278,1.0158061977199437,-0.02360135817446836,0.016156087270081877,0.00048444428297961245,0.0003550969593606034,0.0035868277162771026,-0.0011422054745802337
CS2_38,218,1.0188244745716801,1.0159083490385306,0.011264458393569305,-0.010380070684667824,-0.00020693782146198174,-0.0002803245203332435,0.0007688435160965193,0.0017501565716411811
CS2_38,219,1.0223365243104574,1.019101693755493,0.03928717169073607,-0.033906745425389996,-0.0009048445715333908,-0.0008585361955382569,0.00029541864858446807,-0.0006776336717517721
CS2_38,220,0.9117536037559013,1.0193198561806356,-0.0601351252779057,-0.04358934597575722,0.0002883044796425084,-0.0005135001399486912,-0.002149883186324789,-0.0014667023554395078
CS2_38,221,1.0226987798749576,1.0171465478166293,0.041838427557555645,-0.031147609657601404,-0.0017468868059281099,-0.0027144027659296074,0.0007772621617633149,-0.0014545585115486757
CS2_38,222,1.0231361220773039,1.0136799805520649,0.018950960684097577,-0.010727965230953453,0.0018911279119500312,-0.0013281686761689362,-0.0008109796614602865,0.0014811664175635284
CS2_38,223,1.0237249032800477,1.0104095566841869,-0.002919986540050148,0.013118251891248935,0.0013916457554168365,0.0010340508413144726,-0.0006207336911314241,0.0013121182585915333
CS2_38,224,1.024152627898566,1.008046919981408,-0.02184740286550383,0.03547490855551749,-0.000825475872921699,0.0014444862466849301,9.27059246688876e-05,0.0017664858480524973
CS2_38,225,1.0246012864380525,1.0069097065727817,-0.018697759984054384,0.03384379856065074,0.00013066879796586248,0.0028615011334218753,-6.439961039786443e-05,-0.00038222911317332075
CS2_38,226,1.0258811745412615,1.0050230981979225,-0.0049154223955761335,0.025665317766977544,6.175949749414118e-05,0.001199485143506122,0.0021027215489723837,-0.0032557852994584435
CS2_38,227,1.0255856215560435,1.0024226620650138,0.018428777991202943,0.004555976524010785,0.000929528098962675,0.00010994419665457655,-0.0019880896615170614,0.001126822260422869
CS2_38,228,1.0256295361285055,1.0012109336129975,0.04011830838709471,-0.014124652229316324,0.0006625208667354172,-0.002690342970519482,0.0005525218076226782,-9.975342742126511e-05
CS2_38,229,0.9172739346548084,1.004874205415152,-0.055554541887140596,-0.026800430593944293,-0.0022303752204673286,-0.0008134825923744448,-0.0002455728142938625,-0.001955867685561306
CS2_38,230,1.0257085996318835,1.0060187037521504,0.04853400028160979,-0.02366778913237387,-0.0025134807182405705,-0.0011859329280010592,-0.001316324650125429,-0.00016057705448288795
CS2_38,231,1.0259623548342063,1.008203118743776,0.028829936473097284,-0.009191496556232198,-0.0009808011173009512,-0.0010289874525467554,-0.0011351321848149846,0.001265716846768637
CS2_38,232,1.0261698887101218,1.0124179137059475,0.011243789730162615,0.003113729108108107,-0.0015481796582061513,0.001304608040382325,0.00032184178560866234,-0.0006838140834322301
CS2_38,233,1.0264056247278006,1.01790101729793,-0.004432016950244325,0.011125970594017652,0.0006139773619689097,-0.000523119630360805,0.0019793462391963445,-0.00025955026636213785
CS2_38,234,1.0264376268724007,1.0198334627381982,-0.008462915613990037,0.009350839404742727,0.002682301847901838,-0.0006237710539516726,0.002335806190652976,0.001321903277177398
CS2_38,235,1.026372174196787,1.023288275996612,-0.009946780722953963,0.010412582633055606,-0.000727590902010743,0.002655111989871721,0.0012427325093040751,-0.0005521573887319352
CS2_38,236,1.0264381882190818,1.0223576497383733,-0.0032891670099452993,0.0016514324118851024,0.0037976183294814946,0.0005553235442573112,0.0011425075715646128,0.00022282355179595908
CS2_38,237,1.02641055066794,1.0216665721055918,0.0034827448785079308,-0.0005748439215552203,0.0012642873366904208,-0.0013710081681609877,0.0019418031479835286,9.952072253202454e-07
CS2_38,238,1.0127450686072805,1.0204252483109468,-0.0053797463936742455,-0.003251339070819382,-0.00015279140207348965,-8.163892206518486e-05,-1.1432004105376426e-05,0.0011967680134519344
CS2_38,239,1.013629909467383,1.019485882613066,-0.0003560874295574157,-0.00080850427069222,-0.002671041429069135,-0.0016579675290925397,0.00036490868751527604,-0.0007272812507973657
CS2_38,240,1.012223542065783,1.0157942608937087,0.0003371064794542874,-0.0004284479619081052,-0.0013068294190853272,-0.0015220172828458527,-0.0006367700623257064,-1.3760656604133581e-05
CS2_38,241,1.0082280755050377,1.0142029584070245,-0.0022190280970758214,-0.0014689575288071885,-0.003248168361332792,0.0006348043987814631,-0.00014896021107451823,0.0004754268238981346
CS2_38,242,1.0055242699800004,1.013845001204388,-0.0048865394853872665,-0.00041465647114779933,0.00010803500401408527,-0.0004991020203117102,-0.0010817788141118544,-0.0015466895098721714
CS2_38,243,1.0174915745634152,1.012084057654908,0.005272304308165087,-2.252458847011131e-05,0.0003305461016386562,0.0008638397785635805,0.00045678354263243334,-0.0014934323117391094
CS2_38,244,1.0196132992856093,1.0112938871139652,0.006279791609276314,0.0004976234164538837,0.0018418309972513184,-0.0005536333129639938,-0.0013297114361710926,0.0015835108191436693
CS2_38,245,1.0122447266902341,1.0106689487709604,0.00012886139958829482,0.0017715830239033068,-0.00010206763129659166,-0.0007933530858446173,-0.0005083947603562028,0.0010791488978812071
CS2_38,246,1.005584450269133,1.0086632785083027,-0.005562385422437874,-0.00021701270041620625,-0.000442766496622849,-2.7206699494151732e-05,0.0003201566339153403,0.002850386373430155
CS2_38,247,1.010010477358328,1.0118934026838662,-0.0006428883466243348,-0.0006286424966200427,-0.001061275253729474,0.000527818055205106,0.003095094844817994,-0.003173032202998765
CS2_38,248,1.009900866858336,1.0083454053193437,-0.0009246199875197116,-0.0011740116401818739,0.0025795103568095746,-3.115277090216527e-05,-0.0020836978261424706,0.0031894333325660816
CS2_38,249,1.0035962798702998,1.009984470130198,-0.006614927283128795,9.346315002171292e-05,0.0003380985641054725,-0.0005103163541607267,0.0015334091050905356,-0.0012279175134040476
CS2_38,250,1.0156539594978495,1.0105750158185747,0.005091176662249005,0.000823665554041936,-0.0007900620751414406,0.0015642022851485749,-0.0005019628327722312,-0.0011080759911556272
CS2_38,251,1.0173924483477226,1.0106662095477166,0.0072671322142676366,0.00142365973563182,-0.0007412516706338945,0.0012643270236488968,0.00024607092270478577,-0.002733699503286008
CS2_38,252,1.0099630587795945,1.008252192875394,-0.0007973964574333275,0.0028875973543661523,0.0007899969709247053,-0.001154829624705019,-0.0015651089812975683,0.0015506065679551677
CS2_38,253,1.0029798473279818,1.0071776030442883,-0.001790754028019232,-0.0038376030697638303,-0.001258152219075333,0.001400990635649613,0.0015087996712917352,-0.00022103677769439443
CS2_38,254,1.004999925211381,1.0067973511414308,0.0009461664553829934,-0.0010600566769290137,-0.002201745901117693,0.0009399266286269105,-0.0006604962017739624,0.0002387796935633406
CS2_38,255,1.0017108886060502,1.006011209075282,-0.0040192843480282665,-0.0020336963705787463,0.0022577721264613678,-0.0010483781443639596,-0.000985323014390381,0.0015285892109237803
CS2_38,256,1.0028284673997838,1.0062321990286367,-0.0028896256890749584,-0.0004175169573266168,-0.0001249089912770098,-0.0013491292028744379,0.001693347002413405,-0.00031589786195132617
CS2_38,257,1.007027547269475,1.0033542980122396,-0.0010004581960463476,0.0035513310859994016,-0.0013890951030499086,-0.00038717762243660166,-0.0005010127646497837,0.0033996617843251743
CS2_38,258,1.011516698653173,1.0039133792410606,0.005375603376416407,-0.0004023779007096471,0.0014041101628868044,0.0008698803856858769,0.00011614994426360603,0.000239953368492394
CS2_38,259,1.013149996928771,1.0041567670404434,0.006455403912020911,0.001322446987609438,0.00039459371063664967,0.00010932663924566098,0.0015584098225325616,-0.0008469512595160964
CS2_38,260,1.0004845943801506,1.0036926558477768,-0.004240717893316319,0.0005109325958329597,-0.0010649968782005784,0.0029668919850934596,-0.0015198833840546144,0.00013971203681629421
CS2_38,261,1.0000334297757796,1.0053381783888349,-0.0022060546663279137,-0.002185845461546191,0.0034893277432424563,-0.0008272345194292044,-0.0015160475865598942,-0.0020588941924377544
CS2_38,262,1.002228144889619,1.0041804217020358,0.0022622993915123062,-0.0014654679192487947,-0.0016389208191925657,8.081845153807739e-05,-0.0013660481603895037,0.00017504217239092403
CS2_38,263,0.9994275350636421,1.0031239475103844,0.0004437603330374924,-0.002569814705602142,-0.002192476330912057,0.0008119945340685132,-0.0007764633627754645,0.0005865870157058993
CS2_38,264,0.9996632606315998,1.004343550722936,-0.001537517112251449,-0.0035916935564059877,-0.0007388734888970416,0.0003806905348426333,6.739760247842759e-05,0.0007397058590577101
CS2_38,265,1.0103278461655734,1.0059502536297062,0.005279912552222752,-0.0016279501304732643,-0.0004416551998101468,0.0009297247210285146,0.0003709280763728054,-0.00013336755802502326
CS2_38,266,1.0124643694297397,1.0057717017944434,0.003098727882213055,0.00022943028940361704,0.0021937235379392377,0.0006627989866696657,8.659127516022085e-05,0.00042139558841493914
CS2_38,267,1.00166178426635,1.00518466458128,-0.015213328662985881,0.009074837717131908,0.0011968710891963141,0.0007915569021398362,0.0008811910983014179,-0.00025400852943649254
CS2_38,268,0.9984279040223498,1.002089042119011,-0.019468630938316023,0.014193300788287686,-0.0005804609551069045,0.0024206149288236688,-8.74575379809119e-05,-0.000138504451662613
CS2_38,269,0.9978550160430792,1.000906906937952,-0.011117668180398856,0.01084903751829436,-0.0010139359241127881,-0.0022413083442370065,0.001534623367519871,-0.0010626394009790527
CS2_38,270,0.9985901423605661,0.9952731517571186,0.007160208407657297,-0.0033183093220893515,-0.0009413501193343337,-5.8720488028565666e-05,0.0008044342005184344,-0.00032927214464157826
CS2_38,271,1.006976451875464,0.9936326148026018,0.035389869250839215,-0.018730217385621143,0.00038616523596184,-0.00043825905946830065,-0.0016709312983285022,-0.0015927897435916484
CS2_38,272,1.0010009474823032,0.9866038335408556,0.04191244613532947,-0.026079683759911727,-0.0002049755193025036,-0.00031735720664668494,-0.002781693192180234,0.0018683774137285513
CS2_38,273,0.886974134516886,0.9817672549387582,-0.07223717223645731,-0.02123482452643217,-0.00012547953794297108,0.00044652791208126517,-0.0019519527177428604,0.00030978066457093106
CS2_38,274,1.0115551587306117,0.9750262482888422,0.03446982807892566,7.723336158855932e-05,-0.001261819163194461,0.000551501989927632,0.0006941081653902751,0.0019980579340380658
CS2_38,275,1.0120119795166858,0.9705343943123433,0.011181218133412255,0.02481463719001746,0.0036898702865014814,0.0008616548913233983,0.0016419451605629944,-0.0007117405327708117
CS2_38,276,0.9988722355410937,0.9650120518171832,-0.00871363941848763,0.03587081575179925,0.004029583004115954,0.0008641340317300848,0.001412453032181293,0.0003968372530813877
CS2_38,277,0.9988487269628026,0.9619291200797189,0.017781416151595612,0.018077012671145067,0.001713045729813506,-0.0007373855234789807,0.00024160234464206114,-0.00015608456011336193
CS2_38,278,0.9958806626714587,0.9606873992003679,0.05142052333174935,-0.011139820865103872,-0.0006736252956693963,-0.0014983132352426266,-0.0009383984296190927,-0.0019771021031920327
CS2_38,279,0.8341369709665729,0.960319677030031,-0.08699625555323454,-0.03158214334514531,-0.003250415769598466,-0.0013876980506756299,-0.0009350132190344456,-0.002031180122476006
CS2_38,280,0.9980221595707,0.9653849676606563,0.07168390667814925,-0.028150070931061286,-0.00286415915469679,-0.002009645735138416,-0.0034383603646544274,-0.002584478651669316
CS2_38,281,0.996957905156179,0.9688884561496364,0.04584239964223489,-0.010485506337433932,-0.0007933963644697769,-0.003232284056399958,-0.002517128154764688,-0.000744635791268318
CS2_38,282,0.9966017512836141,0.9758538176675153,0.016255189597048525,0.007673591047610574,-0.0012520403614089222,-0.001698302728580963,-0.0006880218409908986,0.00045751783393335884
CS2_38,283,1.0069508401717142,0.9834574724273927,0.003875586425751532,0.016176003668571044,0.001064213690330924,-0.00021735361450639086,0.0012174088379069401,0.0013775086632079685
CS2_38,284,1.0094181834929215,0.9953527379786291,-0.0073181662931068574,0.01938176661758482,0.0003605162588681704,0.003092986571941044,9.827702449771196e-05,-0.0015499347396421813
CS2_38,285,1.0037922837988695,0.9991341088024657,-0.0124623741198948,0.008902325142122358,0.004294893807021711,0.0004932571561981635,0.0010642807681902583,0.002365792171102198
CS2_38,286,0.9943849192718162,1.0050200428893048,-0.019029885536056425,0.0013441992169879078,0.001683999956657946,0.003541838517996895,0.0013316591675462221,0.000493064991871219
CS2_38,287,0.9970706629202724,1.0074669963743754,-0.013480021113885805,0.00043127824359685975,-0.00036508556055458134,-0.0007772558986845272,0.0022468256115580677,0.001547925195172543
CS2_38,288,0.9940513417862018,1.007370244550246,-0.012144766301910923,-0.003983381990557869,0.00044340940581093577,0.0003335947122803867,0.0020865246811989087,-5.4283338225886475e-05
CS2_38,289,0.9942103703197986,1.0061317176648406,-0.008295635107221016,-0.002452823978441488,-0.0008167898180682348,0.0013198905014558024,-0.0021292162051288785,0.00045322719493132813
CS2_38,290,0.9973186554105311,1.0039121082729514,-0.0022864110257035924,-0.0021263149062647484,0.0008563484619890862,-0.0005260784664067421,-0.002433734924617949,-7.726207022008844e-05
CS2_38,291,1.0019934048582666,0.9971155173945327,0.0051498942443934485,0.0007515252378454184,-0.002972348550095495,0.0006478566531922323,0.0004734473964201716,0.0008275124111089346
CS2_38,292,1.0032301527955632,0.9970816550060766,0.00928273554844377,-0.0008947606230366819,-0.0006413401131464945,-0.00015773721777453874,0.0022120819233705825,-0.0036524817997856613
CS2_38,293,0.9913461709451727,0.992912518393105,-0.002831007483542015,0.0006182187024713687,-0.0011083954529485835,0.001335550782599576,0.0013482392023438739,-0.0009289532650215226
CS2_38,294,0.9899233458540824,0.991543873719892,-0.0008451522601107516,-0.001549489277043867,0.001517780666667564,0.000816175728605254,-0.0015515206168743904,-8.322172589844879e-06
CS2_38,295,0.9898769741028826,0.9898590830740577,0.0007831740373931585,-0.0004527659930917219,-0.0008741355884507452,-1.8496918963359863e-05,-0.0022788220762093997,0.0028589375026310364
CS2_38,296,0.988507361087338,0.9900184785744226,-0.0004312903364823767,-7.699536002112655e-05,0.0003428799495980791,-0.002670186958592951,0.0006709926941648688,0.0006534824593381725
CS2_38,297,0.9864477949648673,0.9921223531081818,-0.004516763984046776,-0.0008754974551967938,0.0007879082376114459,-0.0009598258297394781,0.001853082892361396,-0.0019634620683050084
CS2_38,298,0.9964065693156137,0.9937403854031184,0.0027581805521155055,-0.0004357045916662663,-0.00023069927450150915,0.0012518151682053603,-0.0005920788116290461,-8.532919842962672e-05
CS2_38,299,0.9982749710595265,0.9956755518147222,0.002672815289320233,0.0005590498405017318,-0.0013389724224018807,-0.000652097289185717,-1.6829057374786817e-05,0.0013754528147182474
CS2_38,300,0.9989746948600065,0.9992371296317055,0.0017880363026587188,-0.0007768453399624251,0.0023040951828498355,-0.00046741587782250175,-0.002254750610674503,-0.0008555544982836627
CS2_38,301,0.9994617212172479,0.9987925917252907,-0.0011326859665206001,0.002413469111993186,-0.0008541404329358742,-0.0009301745574059408,0.0006838273668751311,0.0004888339002005633
CS2_38,302,1.0002167791928294,1.0002364380731759,-0.001163786719760555,0.0008385294667740662,-0.0009648300130328994,0.0005185178659946034,-0.0002178692263943546,0.0009697796759883205
CS2_38,303,1.001189714176956,1.0025697547930474,0.0004363536533307671,-0.0010998620410740303,-0.0015169357209151707,0.0004030603695385315,-0.0002750596269536431,0.0006724026794678892
CS2_38,304,1.0021840920216185,1.0034418817604587,-0.001541367960065915,0.0007810771231902227,-0.0013548692024435726,-4.35358693399623e-05,0.0020731193412127026,-0.0011722132423470028
CS2_38,305,1.0021212564345277,1.0033744017382573,-0.0005763055556516282,-0.003605099420871091,0.0026822074506188485,-0.00038376782415434907,0.0002941136064914776,0.0003357063689114208
CS2_38,306,1.0025207388029038,1.0030191743533736,-0.00047173583711225444,0.0006856268913358047,-0.0018798282237114437,0.0002734420584609939,-0.0005205089684843754,0.001414568457939278
CS2_38,307,1.0023505810750208,1.0034468453347685,-0.0008666315706567803,0.0004890040767458375,0.0009597268746134049,-0.002073251997672378,-0.0016688618806892097,0.002063750166884393
CS2_38,308,1.0018693996236188,1.0048513559410808,-0.0009390592274286443,-0.001516224387255142,0.001207884202306393,-0.0009929189663317284,0.0001909140416536608,-0.000932552051220977
CS2_38,309,1.0026206746166721,1.006912225658858,-0.00017587316092051764,0.0016725230596745752,-0.0025666547029784747,0.0010150925000611778,-0.001091523067605524,-0.0031451157415634456
CS2_38,310,1.0026474930169762,1.0029049996184525,-0.0007340429383027334,-0.0012095581774245144,8.654768520003551e-05,-0.0014278165835800466,0.0017389555226387477,0.0012884078188340972
CS2_38,311,1.0028094534868721,1.0038481958316976,-0.0006500879786984017,0.0007490386420925823,-0.0007598584950248582,-8.112175615639067e-05,0.00028740637329680317,-0.0005841192015649131
CS2_38,312,1.0035051937668271,1.0008661767069844,0.0007638664185189534,-0.0015508983654140102,0.001818317092040578,0.0012462760480069074,-0.0020793542255174817,0.002440810020670645
CS2_38,313,1.0038944852810943,0.9990290229813926,0.00031422310006262873,0.005460547348750519,-3.339268976636331e-05,-0.0021192144384892895,0.0003362414839843542,0.0009070574234505669
CS2_38,314,1.0040234491492726,0.9993894454910448,0.0035149272009948845,0.001569135394627267,0.000990277533810832,-0.0008588760807414181,0.002647864689105042,-0.0032293251513350447
CS2_38,315,0.99121855947417,0.9947173148447146,-0.000938142379207421,-0.003190236546596776,0.0005001759499657285,0.0005204381471862358,0.00040158264803461614,-0.0007925732560355743
CS2_38,316,0.9842600013705862,0.9928896039535586,-0.0046384688186537045,-0.0021571635869623205,-0.0030927732440180567,0.002050758501620128,-0.001977097209646452,0.0011851417116538674
CS2_38,317,0.9884278687539236,0.9953378011206,0.0025107749188235592,-0.005820388346214858,0.0016273001459875887,-0.0019491246468617098,-0.0021128452777506948,-0.001165649225535951
CS2_38,318,0.984744016753595,0.99480529532464,-0.002320836322820345,-0.003565869830514504,-0.0008512847441426474,-0.0038795166848308122,0.0024999783904590483,-0.0019437494424438396
CS2_38,319,0.9818937298596353,0.9926575597649514,-0.004975001388827352,-0.004676148256113576,-0.0024858298295004264,0.003134294417372972,-0.0012872670340651146,-0.0004738778761713259
CS2_38,320,0.9914973365504665,0.9901061797422489,0.003355766427215821,-0.00511892123209036,0.002451021054298504,-0.0010178927171994,0.0007592587216167535,0.0009619244881444743
CS2_38,321,0.9954483769059692,0.9883464191261027,0.0014929818997915793,0.003693722850187511,-0.00018923373572680537,0.0015707020618447507,-0.00031526662084579364,0.0008490512566378509
CS2_38,322,0.9963337481636003,0.9822778943616386,-0.0008415206004281303,0.006450384764908459,0.00333980871796476,0.00402774167760267,-0.00011478444324747691,0.00119422361679276
CS2_38,323,0.9804890602743086,0.9771066048927832,-0.017766329023613553,0.013967258737000138,0.00522996032895255,0.002421474236414827,-0.00032997854911057117,-0.00013993040948602758
CS2_38,324,0.981497236631867,0.9696433707221611,-0.008692927858024849,0.01667101564473662,0.002860201888278284,-0.0017832905669217288,0.0021088134031991427,0.000690053336624961
CS2_38,325,0.9803151318649412,0.9626558813911285,0.007626714583431079,0.008931137956745036,0.0009620643206855972,0.0006663362287874801,-0.0023191299435351095,0.0017921272664074446
CS2_38,326,0.9801542495836486,0.9575944019836053,0.031986256296509176,-0.0033465221281749574,-0.0029303786457123867,-0.0004133628136529065,-0.0017721696216280902,-0.0009639755485177164
CS2_38,327,0.9759834948096682,0.9546185750207871,0.04720403385423239,-0.01498828617640265,-0.004936935906652633,-0.0026230543683578456,-0.0016400065607868686,-0.0016508311125287074
CS2_38,328,0.8652097473397262,0.9538081825929332,-0.055073260479396195,-0.021574569381534316,-0.007258517371179164,-0.0027688862842546683,0.00018991496352352863,-0.002113116710801159
CS2_38,329,0.9889069304543767,0.9561933124606276,0.05143000790433405,-0.014046631759854395,-0.003637824627270133,-0.00034520498273244446,-0.003572384160423351,0.002885655554608191
CS2_38,330,0.9925802201285,0.9659061487918562,0.026162842016029274,0.0030310974550148443,-0.0013559133079650758,-0.0010288840421714654,0.0015120538638546406,-0.0016471247148287021
CS2_38,331,0.9902516208578459,0.9755717980051615,-8.985269538378148e-06,0.012894001399816633,0.0021272976650797385,0.00013599568503357425,0.0009917819882099164,-0.001460268681598489
CS2_38,332,0.9968424261474489,0.9815051012468728,-0.010503557607738183,0.017067462827425953,0.0016022727617640373,0.004927431079367444,0.0007635826115285034,0.0014801331596348626
CS2_38,333,0.9999130941045684,0.9882542879293913,-0.011666835815742663,0.009817377376370824,0.006034318804384584,0.0036504620396437637,0.0038103044943770628,1.3179206193476915e-05
CS2_38,334,1.0005822071857722,0.9933522862142984,-0.006082560811822763,0.003908079866422685,0.004350580385630224,0.00034954172016110396,0.0015617572945833531,0.0031425224462534778
CS2_38,335,0.9867671738119954,0.9991545943005953,-0.01469875050485164,0.00489529322440017,-0.002988751140837227,0.0011594129157240962,0.001115849360769102,-0.0018704744079463059
CS2_38,336,0.9864948810744041,0.9964046242766409,-0.005505199854930171,-0.005835749515710797,0.0003768054885100492,0.0008140854674088377,-0.002843971381133465,0.0030842865295970857
CS2_38,337,0.985323408733227,0.9966674905708509,-0.0014041772573107727,-0.004262366377040677,-0.0012764036653905584,-0.003452929438843015,0.00014040785620030027,-0.0010886130187432335
CS2_38,338,0.9840346388243013,0.9931087723927187,0.0007210789756455225,-0.005551301191617646,-0.0021771808191306087,-0.0015895418571605163,0.0010309016728733825,-0.001508090411962021
CS2_38,339,0.980363707226628,0.9916867773519491,-0.002220791376185293,-0.005625264269324173,-0.0004617893024714186,-0.0005125436100183881,-0.0003097506375495342,-0.0021929309910850045
CS2_38,340,0.9913593702781096,0.9900808630397772,0.004946887266460788,-0.0012949391902824965,-0.0012987910457021826,-0.00026629105986129023,0.00019054068739213134,-0.0009988994858453884
CS2_38,341,0.992420613343711,0.9896859487766498,0.0026611330792405755,0.0003961847903543959,-0.000186831894144271,-0.0003499970852657521,-0.001370607595657788,0.0015847832058942556
CS2_38,342,0.9929597368840408,0.9896597171034247,0.0006599648026460311,0.0018987899120726762,0.0007619682672251111,-0.000938159699851446,0.0008015250580542093,0.0001159313735915646
CS2_38,343,0.9931481522663308,0.988701705353463,-0.0014489733684905715,0.0028403461686988814,0.0001647075553943538,0.002175004655783353,0.0009452491669053193,-0.000229887332384675
CS2_38,344,0.9941562452910802,0.9922796760197944,-0.000869074828301824,0.0008385902970589322,0.000256818220379609,0.0006477697980735503,0.001325692709083215,-0.0003232269924142304
CS2_38,345,0.9950768356384927,0.9929976538345596,-0.0019949185334972117,0.0010194953014703344,0.0009152946548383279,0.0019102979422780807,-8.042291268547832e-05,0.000309435283715688
CS2_38,346,0.9954371949082343,0.9933417639791751,-0.0015375715454748408,0.0010046321631853546,0.0014831285498261284,0.0009371234324849848,-0.001104741379125773,0.001312859640190896
CS2_38,347,0.9945202859667148,0.9961516519986731,0.00015026372846964627,-8.613767452658889e-05,-0.002525800063795915,0.002415581192184373,-0.0007391425749314857,-0.0008461307069256119
CS2_38,348,0.994293358103036,0.9946930129696262,-0.0008564466444896813,-0.0011611274592831203,0.0030374931055789133,-0.002681569394460327,0.0006669238670901049,0.0005950715915067737
CS2_38,349,0.9939867829367728,0.9970197726990737,0.00010293132011713384,-0.0010786925169047367,0.0016733473376576106,-0.0009306925622408945,-0.0018706263744316359,-0.0009292570338301423
CS2_38,350,0.9935977975561414,0.9956581810003808,-0.0010927409334554128,0.0018810830284980713,-0.0032608177719471434,0.0037939318059017884,-0.003012091015488081,-0.0003697486249084472
CS2_38,351,0.9934219369971018,0.9951995633747112,-0.0012987888273494055,9.455562469941246e-05,-0.000952093055970505,0.0002468179638455985,-0.0016814090789295843,0.0018132909290129488
CS2_38,352,0.9933774207679456,0.9946170457826145,-0.0010827836426958808,-0.0027813311935770625,0.0030165163379501174,-0.0001989148619057625,-0.000250187412812711,5.707569130994643e-05
CS2_38,353,0.993522663204736,0.9928367897711251,0.0014808636857736126,-0.0017341548466175514,0.0009144537454611276,-0.0006277668925121511,0.001233719926164618,-0.0005812422517853122
CS2_38,354,0.9935256089196969,0.9900391025157637,0.00026936264621938653,0.00010518717425083331,-0.00010888077894349779,0.0019526107591270783,0.0005133890638412225,0.0007548374723102425
CS2_38,355,0.993458082120334,0.9882870565536709,0.0011826670267785892,0.0026162279088698063,0.0003122065479134223,0.0009051201716595821,0.00014034035510982336,1.446348923385713e-05
CS2_38,356,0.9931732697113915,0.9848960859548891,0.004042400864098552,0.0035765742585042656,0.0005400909065150396,-0.0006010927719933787,0.0013601047364507903,-0.0006408943040451115
CS2_38,357,0.9810053346969454,0.9837074283295602,-0.002970645258671441,-0.0004943758768593895,0.0013221388810332208,0.00017623460806296702,-3.3989860689368025e-05,-0.0007014561870869727
CS2_38,358,0.9749240049680488,0.9804625633840169,-0.003313071054766943,-0.002828572097289705,0.0009906632702909271,0.00044629214770855246,0.0002853435280313192,-0.0011192142688515973
CS2_38,359,0.9749707519836335,0.9793834559842768,-0.0013756446204188572,-0.0019857439593433048,-0.0004267406920895376,-0.0004464767629424918,-6.35500191355974e-05,-0.00011454800564347434
CS2_38,360,0.9725170249048816,0.9780495379671851,-0.003670985837495185,0.0008279713751960424,-0.001003300719569272,-0.0018499678305847404,-0.000763093022309732,0.0009268629146134882
CS2_38,361,0.9696453032377903,0.978156867078529,-0.006851451866266291,0.0016545463453768367,-0.0012859671675257971,-0.002990810800533702,0.0016722022255938477,-0.0007100826339605923
CS2_38,362,0.9800476455501155,0.9764686386754321,0.003758208078132589,-0.001775324103506195,-0.00020855927090409831,0.001418399252977893,-0.0018387300045731557,0.0022250128613833463
CS2_38,363,0.9834037168657872,0.9765343605060727,0.0036721948215342887,0.002056286934470905,0.0008235085968029944,-0.0004895785476344605,0.0030083313873709703,-0.002201386895486014
CS2_38,364,0.9846410692231231,0.974222371584522,0.006192294535409628,0.002062459067436924,3.2334777642589895e-05,0.0015927835655702347,0.0006700737712316371,-0.00013124814189234037
CS2_38,365,0.9699155820840133,0.9741759764937671,-0.006048755390915561,0.0007482050558595186,0.0013508526876350906,0.001867776106198498,-0.002449142889839011,0.00027066996461115855
CS2_38,366,0.9686636774726267,0.9708898784117838,-0.004415629164883569,0.0009992331232916607,-0.001261609353974524,0.0013995394165889144,0.0003177109881231754,0.0007345539955539291
CS2_38,367,0.9672441202192559,0.9712562620768428,-0.000316244601258676,-0.0012809709854290524,0.0010914797658363885,-0.003578602774408632,0.0015801019923636136,-0.0015079053102067365
CS2_38,368,0.9679076903470474,0.9712870442246269,0.0009044764102136191,-0.002385131840388899,0.001114999934198694,-0.0012538454035260136,0.00016697495959361615,-0.001926827993479791
CS2_38,369,0.9666945187772384,0.9729299206131766,0.0005630141203103331,-0.0022634057509416656,-0.0020292190517900944,-0.0011760221761518326,-0.0011492100649536398,-0.00018055896768464987
CS2_38,370,0.9773107552951004,0.971177521417076,0.009854470846618271,0.0005142752268852152,-0.0031898359336903904,2.239341115434699e-05,-0.0014586870448994088,0.0003906173119924683
CS2_38,371,0.9793500780778004,0.9732464114494361,0.008048066130717506,-0.00102666443871814,0.002721893676806629,-0.0018505045107254378,-8.915115291060454e-05,-0.001699973137670609
CS2_38,372,0.9696645364215826,0.9740406744766488,-0.0028426852175344962,-0.0012963295353245758,-0.0016478183546857796,0.002553993699499191,-0.003048401289207305,0.0019051025856012442
CS2_38,373,0.9644746379856102,0.9734375981108698,-0.011256096460855852,-1.5064256812575693e-05,-0.0009777171503911766,-0.0006713611952472226,0.0025005945820130624,0.001456684301741559
CS2_38,374,0.9662831589398735,0.9735179062770841,-0.010943619078633069,-0.0018900802135028035,0.004014750810162637,-0.0006891027444034289,0.0025432158523222073,-0.00026991201824778265
CS2_38,375,0.9615962942557985,0.9705712998633325,-0.022567755600182402,0.007758794628759478,0.004483447698984128,-0.0014998099125766316,0.0010137527803970093,0.001836564744063611
CS2_38,376,0.9631093296612221,0.964746352567024,-0.018565904960792034,0.008148878563434941,0.004799294898429007,0.0014445003565157542,0.0005583456912905643,0.0019778624916305474
CS2_38,377,0.9696450043484433,0.962234382805601,-0.009443163470622587,0.01509717491290331,0.000512880851027333,0.0007718981947056257,0.0025994770996580815,-0.0021276461014064904
CS2_38,378,0.9738581283536689,0.9552523706727359,0.006392729118976089,0.012961224637980351,-0.0005669702625240941,0.0008222023263001781,-0.001733938125497777,0.0007305099272598044
CS2_38,379,0.9753648210452752,0.9503459071624624,0.027963787265726264,0.00026516522774772453,-0.00032856887352346,-0.0008701677490301216,-0.0005337675506742686,-0.0014775344965373433
CS2_38,380,0.969452681602282,0.9452535885613865,0.042986087040930425,-0.011461511148713919,-0.004483349350198949,0.0002226477016869262,-0.0030255084330827746,-3.927282621812212e-05
CS2_38,381,0.96857087639073,0.9462311975726041,0.061270765851182164,-0.030387345808528348,-0.0019812101298063256,-0.006548707577978057,0.0007067019431357775,-0.0007205255159815704
CS2_38,382,0.828829612822271,0.947478923963116,-0.07286004232310588,-0.03728322066097415,-0.0039363370374853835,-0.0024258670222800636,0.00017196487690477924,-0.0023158089682657084
CS2_38,383,0.9745500896096959,0.9509654124189445,0.05379948699508107,-0.024470423312773184,-0.004633417385898081,0.0020491636487350857,-0.0032230741545520485,6.294134141449464e-05
CS2_38,384,0.9774566154093347,0.9535939962851412,0.023966219510162045,-0.0026591426544307663,-7.145590854881505e-05,0.0020322664211574817,3.086398100145126e-05,0.0005638677148238231
CS2_38,385,0.9728444330049202,0.9576622969391358,-0.013345887612376865,0.02350904138503283,0.0030622429908929915,-0.0011841614671048398,0.0031024581015815277,3.844260976822093e-05
CS2_38,386,0.9617534913600432,0.9596598172576069,-0.046446373522727825,0.0413460379232981,0.004853537074348073,-0.0002023019575949374,0.0019956285767166837,0.0005471459553059705
CS2_38,387,0.962657656149446,0.9591237910296118,-0.04395810401625174,0.037773530827155254,0.004323042196452721,0.0029639324613047876,0.0005507632598511766,0.0018807003378322681
CS2_38,388,0.9620442238545053,0.9578256078146858,-0.0249196625297748,0.02306293189424405,0.0026347930972514455,0.0012826029143737185,0.0010421545150697707,0.001115796095436522
CS2_38,389,0.9606754612744801,0.9568213607722816,0.009080174642641837,-0.00563355435161961,0.0001963910478480428,0.0014844502553352198,0.00040663859143516307,-0.001679999736056076
CS2_38,390,0.962538297074456,0.9507340562417976,0.040301001665598774,-0.02778346402499883,0.001517666572341162,-0.0016641354131362016,-0.0005226056816506927,-4.422233893282851e-05
CS2_38,391,0.8397141679772737,0.9502886492722264,-0.06560020233084154,-0.03594115254882444,-0.0028326170483612555,-0.004250672211956718,-0.0008603019632632858,-0.0010895351908758687
CS2_38,392,0.9706283635258881,0.9478353258352993,0.057171208218164064,-0.025772041976639026,-0.00399558713692717,-0.0021608670770442364,-0.0019479790340642092,-0.000501695359911973
CS2_38,393,0.9712261002176934,0.9510439797872614,0.03794077532140514,-0.010962196416543595,-0.003877823864159501,-0.0008658705135941558,0.0006095471396121427,-0.0026623112935634753
CS2_38,394,0.9718776259311923,0.9537426881463884,0.015107728648396742,0.00612784453309604,-0.0014983192930406383,-0.0004929099390583529,0.00037582246818641205,-0.0014852286903396321
CS2_38,395,0.9724355895038759,0.9573413514411743,-0.00232725369430822,0.013857134499281908,0.0019644780923757134,0.0007417574544919908,-0.0011859257142935269,0.0020440473673438717
CS2_38,396,0.9745429913469845,0.9641026945456312,-0.009825496925014937,0.014808358152131294,0.0032549785149282658,0.0005892320262972338,0.0010656106438540513,0.0005476143304163325
CS2_38,397,0.9753704000469661,0.9696561105749489,-0.01126331131657892,0.011932919574447786,0.0023856809643447363,0.0007758382128441705,0.0019373513463654675,-5.4189368512574425e-05
CS2_38,398,0.9756462484016062,0.9744188391322536,-0.00592186774138803,0.0022273277921738338,0.0017802814180958506,0.0029151029266735414,-0.0007338654027427018,0.0009604302173117132
CS2_38,399,0.975934846394555,0.9786174366381362,-0.0063256519213189645,-7.32198381769079e-05,0.0009082008484539084,0.002460438517600884,-0.00047420651136633363,0.0008218486018702809
CS2_38,400,0.9761833801580195,0.9787821982542128,-0.002330432406923778,-0.0024800967991293423,0.0023195907864190183,-0.0008529983232272212,0.0009083023407584475,-0.00016318375355606318
CS2_38,401,0.9763182923709799,0.981469081831678,0.000507722584104046,-0.0029682344709993508,-0.00042530112190378557,-0.0012648926468641244,0.0009483223280743366,-0.0019484061926345478
CS2_38,402,0.9764962712295109,0.9787856928655165,0.0013872269839316108,-0.0032795681185237495,-0.00022405523572138785,0.0008224822862500971,-0.002880708886862253,0.0018852012753160033
CS2_38,403,0.97668727736486,0.9766290444704457,0.0004201489560069546,-0.0007116338949869433,-0.0016782498407113277,-4.32677139605336e-05,0.0015576089120399258,0.0005136264163378261
CS2_38,404,0.977044384060143,0.9742259794240973,-0.0003510273231705194,0.0006088787206799044,0.002026155160680244,-0.001329058429011031,-3.989293940852851e-05,0.0019033493864295179
CS2_38,405,0.9775897707531485,0.9764382144707204,0.0028555603160784096,0.0009652617086688243,-0.001079491866360929,0.0009678811222862398,-0.0004850582229313493,-0.002072596835400242
CS2_38,406,0.977435029044436,0.9728030299746113,0.002125863761285771,0.00022198043115005726,0.0035099014605671428,-0.0008319257282543892,-0.00020251341246440096,-0.00019130750247821536
CS2_38,407,0.9774946353259253,0.9731467454439614,0.005742576643000072,0.0016198306960070504,-0.0012054278267627056,0.0033228190853395395,-0.00293055091633562,-0.0022013578593295395
CS2_38,408,0.9701832193617932,0.9672315722095938,0.0003240030572021994,0.0022796717661372323,0.0012636307547907464,-0.0023586275223157985,-0.0007294947069759718,0.0021724637465462627
CS2_38,409,0.9596287232044212,0.9656047604346671,-0.005775939595259417,0.0005013946808629246,-0.001104561121697665,-0.0003990830797221114,0.0010717400895537607,-0.00026958825613500337
CS2_38,410,0.9573605623040038,0.9660566650991581,-0.0009822954102424364,-0.003030106823184222,-0.0017094745697392951,-0.0012946530925049729,-0.0006949905968559215,-0.000984582353776785
CS2_38,411,0.9565763797524944,0.9600011374171791,-0.0018209591509011584,-0.0013251298478195613,-0.0025254196640990823,0.0021947285290030835,-0.0017008992438358988,0.0017529216621651202
CS2_38,412,0.9559778239040853,0.9626557292096155,-0.0032167198490153756,-0.0010357275658613178,0.0004331201236063266,-0.0032058133726344407,0.0019180512856499105,-0.0015708159778138016
CS2_38,413,0.9581898976429954,0.9615343990479276,-0.004079014489680413,0.002230911371791412,-0.0007105172072576645,-0.0005003068300259589,-0.00043572410410462387,0.00015014980282931093
CS2_38,414,0.965925772378192,0.9598169473514828,0.003955174477503171,0.0020852693213170652,-0.001100960665432093,-6.687786280369046e-05,0.00028961369786771536,0.0009466060033233266
CS2_38,415,0.9679901643886595,0.9608847985691492,0.005589550029465425,-0.00031070116088402727,0.0010336866686997568,0.0006642169780691774,-0.0006712404033670219,0.0007998536516812087
CS2_38,416,0.9569134619274777,0.9608049747974677,-0.002279210566041721,-0.001740031347261219,0.00029749511630922066,0.0006284995313951918,-5.426852986360915e-05,-0.000743997125479706
CS2_38,417,0.9536735857483976,0.960403863669361,-0.003340814574225768,-0.002077906936418359,0.00013690527787938456,-0.0016826783429017844,0.001884784910966957,-0.0016505683057843263
CS2_38,418,0.9565573339723983,0.9572835048205485,-0.0003378439675279892,-0.0005220480576087656,-0.0016602978606454332,0.0009412888873504817,-0.0016810824729558255,0.0025338125724429163
CS2_38,419,0.9550455049653479,0.9597320336208572,-0.0031754627925891826,-0.0014685578280796046,0.0017983321978718163,-0.001795553889767568,0.0017998568976442982,-0.0018451432907155704
CS2_38,420,0.9528233587299084,0.9582185221777569,-0.005698409606315658,0.003157936126218645,-0.0018829976369044616,-0.002589285156592211,0.0009327835030209467,0.000684809273579496
CS2_38,421,0.961079293854489,0.9591736403779006,0.00197978364532021,-0.0002445107021457359,-0.0008262100098927928,0.0012982781259576822,0.0017463397340869767,-0.0020480273695303824
CS2_38,422,0.9644282143577243,0.9565959318686159,0.00382079352416817,0.00021698780821031554,0.0015512468682503141,0.0029874634203025715,-0.003022807014887119,0.0022785978287921285
CS2_38,423,0.9659848611252073,0.9580094117181803,0.005173417126856933,0.0005905007362706094,0.00024633882168049326,0.0009305654237334082,0.0020759984151620552,-0.001041371171636252
CS2_38,424,0.9541584779773729,0.9592396323975517,-0.0037997064950175915,-0.0005404612830862582,0.0013792432517857423,0.0004227407254953865,0.00011678342644429002,-0.0026597540955350476
CS2_38,425,0.9542921856030802,0.9578050369366927,-0.00241005737367102,0.0014368055008044096,-0.0036264510496854556,0.0015970847195165348,-0.0006141451252682176,0.00010391194489748492
CS2_38,426,0.9539336307064588,0.9569181133640763,-0.00045195273049228416,-0.0003653001263414507,-0.0017685820539295562,-0.0017459933509672912,0.0012879554920537913,5.939006242400718e-05
CS2_38,427,0.953824144516588,0.9558086269282299,-0.0012249941838987648,-0.0010609962809972776,-0.0008256825289837834,-0.0007854772629438768,1.7620000960774175e-06,0.0019109057954988429
CS2_38,428,0.9524841105157975,0.9574938006021445,-0.0007787358984099711,-0.005232373416196175,0.002720666721155698,-0.0012547208124439404,-0.0009562365342806043,0.0004917098048331517
CS2_38,429,0.9628309861603483,0.9585062161171894,0.002578197347117059,0.003267844459134379,-0.0013752506316458985,0.0003633154502239889,0.0012244343801734016,-0.00173377101541036
CS2_38,430,0.959779196805883,0.9569497655538233,6.759886657766915e-05,0.0036187634799369536,-0.003126940039088246,0.0012927444610439153,0.001522166364635379,-0.0005449019332639235
CS2_38,431,0.9600471079306699,0.9570946389801328,0.0017904005909881197,-0.0010406779912547944,0.0019313856566268153,0.00035708400955791763,-0.001942702056375036,0.0018569786886577099
CS2_38,432,0.9581154543358359,0.9529552948868005,0.0007533883439384048,0.0005457791685593889,-0.0003019326360964159,0.0010202547117116503,0.0010698309911142164,0.002072838818325291
CS2_38,433,0.95455665459908,0.9557462576829641,-0.001392311913891428,-0.0005063117150052355,0.002582418926790155,-0.0006144739116080339,0.0005885271977037904,-0.001847451717783857
CS2_38,434,0.9529327423257721,0.9550752844006853,-0.000185825321258421,0.00015210133415627028,0.0008056459082159711,-0.002168300739525432,-0.0025667611830549266,0.001820597877360277
CS2_38,435,0.9529918447043313,0.9559835060523003,-0.0013144357162704716,0.001530411001425252,-0.0021500184513203674,-0.00031943097235064097,0.0008422822979675419,-0.001580469556639463
CS2_38,436,0.9529337562613387,0.9561424942022788,0.0024067548673096495,-0.003276060590532409,-0.0013700856811733827,-0.00031599187158872627,-0.0005360859989588281,-0.0001172687151898865
CS2_38,437,0.9519232688433563,0.9603986311628683,-0.00027776435057453507,-0.004202537798386001,-0.0026630374444779857,-0.00011423283837072014,-0.00043483982999725334,-0.00078295010645247
CS2_38,438,0.9500272731716928,0.9610970743543038,-0.006288609013564833,-0.0028632266087550598,0.0008405444412167773,-0.0024597989100797126,0.0010040809070287332,-0.0013027920463662805
CS2_38,439,0.9581317597099925,0.960945863067183,-0.004077753372984277,-0.00012621926477961125,0.00013459125057098303,-0.0007715953085546244,0.0007269917185446631,0.0012998815685223248
CS2_38,440,0.9611521455897893,0.959910805999474,-0.006145674019827495,0.0022500740858544858,0.0022058730247283913,0.0012533599455279746,0.0010175778316317032,0.0006601286695757317
CS2_38,441,0.9624647906257504,0.9559565909420735,-0.007078104957827118,0.006283569751557029,0.0018785551382023825,0.00039787304375961326,0.00030054906905758083,0.004725757585522829
CS2_38,442,0.9633229268785684,0.9539887442164044,-0.00857161002625735,0.014782458065547214,-0.0013054176282092703,0.0020408899664493456,0.0010771024475929806,0.0013107597832572755
CS2_38,443,0.9637150334909599,0.9504201551925762,-0.002100746763419843,0.012845732595633699,0.00062022579790736,0.002649092021598821,4.3376216242285274e-05,-0.0007628016235354942
CS2_38,444,0.9641437381921811,0.9434100636381872,0.017121956963014526,0.000911347279445995,0.0050956722473636034,-0.00021143334128088514,-0.002324437413458202,0.00014056876476244888
CS2_38,445,0.96451242452261,0.9413091856341418,0.03899975758593614,-0.010481411919079059,-0.0012289988833404692,-0.001917560406047413,-0.0013930160030318406,-0.0007755315402783717
CS2_38,446,0.957372093596055,0.9362559954246799,0.05017957217829498,-0.02320255113770069,-0.0017663025999706276,-0.0027060897330631194,-0.0002614184277942533,-0.0011271121595456193
CS2_38,447,0.8384474823031081,0.9394720345215531,-0.05886473123160062,-0.030589230670798696,-0.0024094866759335576,-0.0046167902117324865,-0.0017920037038924434,-0.002752309723098036
CS2_38,448,0.9616037100052439,0.9390335320004495,0.0520372737129591,-0.022168744027425556,-0.004129599046087547,0.0003928117820915847,-0.0020408902497367765,-0.0015206742200304668
CS2_38,449,0.9637247495604941,0.9414860440992715,0.029594145649975173,-0.004281465335530125,-0.0017519747408937204,-0.00011004711109754383,-0.0014278458097328843,0.00021589275454054953
CS2_38,450,0.9646729575159321,0.9498344677529429,0.0023345871898654293,0.012697225693190633,0.001068294394163492,-0.0022849080235105763,0.002119524595946646,-0.001096234141046598
CS2_38,451,0.9578640668839764,0.9546345412927153,-0.027406907032554582,0.027839026476131443,0.00011937996358301513,0.0030472299044120173,4.885002597505125e-07,-0.00036969227194239387
CS2_38,452,0.9593723145590296,0.9591398926649968,-0.043431319914861016,0.03934268534470471,0.002407437847774441,0.0003005355798658471,-0.0012614997281833265,0.0028745827126939044
CS2_38,453,0.9594964281902536,0.9619502058424865,-0.04746679660129509,0.037730562698389675,0.002881098971788793,0.0025410738887364287,0.0006284942762958453,0.0012317890617583858
CS2_38,454,0.9620630182526453,0.9617778497193765,-0.03962406952559535,0.0352529801847164,-0.0024525537776237593,0.002039163253633132,0.0037225022028612668,0.0013471461420500373
CS2_38,455,0.9609508020642643,0.9606931009800723,-0.02665745218744952,0.02331592133574032,-7.125608469811318e-05,0.001876401053614957,0.0012948565666359413,0.000499230347612751
CS2_38,456,0.9667054153680237,0.9591720350309971,0.002274687650573108,0.0048458789387679215,0.0016171141329327802,0.000793901186802372,-0.0023848196772178628,0.0003866180498900808
CS2_38,457,0.9678691488465816,0.9577572321126416,0.031818297685081535,-0.01806836927810423,-0.00133225503251146,-0.00015352480330463648,0.000137246226229329,-0.0022894781192428783
CS2_38,458,0.9635775957943356,0.9544712725101195,0.0546198279321726,-0.042491430109932636,0.001373308397091999,-0.0010609049076127407,-0.0028236683508181004,-0.0005108097305812864
CS2_38,459,0.8322797964910027,0.9539077533029378,-0.0652207626153696,-0.051257766240133,-0.002115011792177067,-0.00170492073386256,-0.0016639571833998103,0.0003344617571211864
CS2_38,460,0.9584619742301506,0.9539774861843671,0.04826368532105296,-0.040319578964983435,-0.0017562551725403802,0.00020384225330174203,7.909133478028266e-05,-0.00198629677746373
CS2_38,461,0.9594184273566402,0.9548389990731886,0.025732536571480332,-0.01740972282456445,-0.0013606100956337968,-0.0014903193900443871,-0.0003997971369095366,-0.0004926588929351926
CS2_38,462,0.9599703752855699,0.9540196006521169,-0.003386123194172197,0.00864087464268828,0.0018060752580203072,8.719816768187944e-05,-0.0011304937536361426,-6.675653943150062e-05
CS2_38,463,0.958695500623957,0.9539838643022106,-0.02772118825058941,0.029020975324351297,0.0008825474825065718,2.8128105018350877e-05,0.0014432543637985852,0.001057919244921859
CS2_38,464,0.9646918936025521,0.9522768393807102,-0.033700346424729556,0.03988256939642508,0.0008101785402905469,0.0022218272060240862,0.003027715347343005,0.000173110102100222
CS2_38,465,0.9658579990090033,0.9490647453332753,-0.03020306466922088,0.041614121201469054,0.0005082074621762771,0.00240298512149539,0.0009941975209925163,0.0014768069839118303
CS2_38,466,0.9590175596554715,0.9463010031246986,-0.026463272278895764,0.035308742354962286,0.0018578003389520292,0.0019311690270818877,-0.0004501982092550311,0.0005323152460460876
CS2_38,467,0.9552694185124118,0.9415711426161749,-0.004079678940605191,0.019819643519739267,-0.0005798690765518343,-0.0021895387002271523,0.001266728014447993,-0.0005390089707917208
CS2_38,468,0.9562779450737935,0.9353931918238771,0.02405092990273655,-0.0026853148810981903,0.0008204112631845121,0.001320244197455676,-0.0016465225743098654,-0.000974994708723438
CS2_38,469,0.9557237011212187,0.9319476059538621,0.05254702033138988,-0.02334971644707651,-0.001489416134389957,-0.003914212120907502,0.0007048936228744384,-0.000722474134959889
CS2_38,470,0.8278097346155704,0.9283428360176982,-0.06281673951552826,-0.03329379703138962,-0.0016946423095138144,-0.0016636690085463626,-0.0004503076807188848,-0.0006139458503415655
CS2_38,471,0.9529287743342323,0.9304092162756349,0.0539254692643279,-0.02555917522150596,-0.0030773884341865976,4.4296152139196116e-05,-0.001654428089643498,-0.0011592156617249794
CS2_38,472,0.9615913893482251,0.9331861554476689,0.04181092672541933,-0.009227391540859635,-0.0024483932398094953,0.0006550137033557549,-0.0012782399899690239,-0.001106681810599401
CS2_38,473,0.9623119257159232,0.9389262318494858,0.017749000818449556,0.008118513634139504,-0.0002346833022376383,-0.0008680674820388567,0.0007304701397236006,-0.0021095399949358196
CS2_38,474,0.9544973229139906,0.941428653158393,-0.006845847935963405,0.017473238854909715,0.0012664630152724704,-0.0010751358674829818,0.000935358934790176,0.0013145927041872717
CS2_38,475,0.952501174638499,0.9510607161327734,-0.015333456515531273,0.013539246223368577,0.0012814795110435533,0.0011079137667043416,-0.0002562936469314087,0.001101569118069476
CS2_38,476,0.9540691417528357,0.9537259112438433,-0.010942545324599671,0.005271149040061024,0.0011444969270802054,0.0013175975877792764,0.00016709704877197304,0.003385435180204536
CS2_38,477,0.9537576027741324,0.9602209444075136,-0.01317107148568416,0.004816815906941063,0.0018257161063686945,-0.0008035663977724475,0.0025481257499232047,-0.0016793615627150593
CS2_38,478,0.9552140006165004,0.9597456274430924,-0.006678472457913079,-0.00152050231334868,0.002516377613159459,-0.0015917457942816505,0.0009584815885126917,0.001784234487078346
CS2_38,479,0.9588151412885715,0.9616467408269305,-0.0007985312301145352,-0.003103505931258126,-0.0008029777312062559,0.003058939232076072,-0.0005726187874061787,-0.0006129051422419878
CS2_38,480,0.9612108896954794,0.9608288422334305,0.002900409002583444,-0.002343011137801326,-0.0005524628137475502,0.0015339676168588552,-0.0001378499425880948,-0.001019005316106933
CS2_38,481,0.9619530986134706,0.9619355053896472,0.003943298996196633,-6.976184374562058e-05,-0.0009666862501462453,0.0011729074988811523,-0.0023353368041811916,-0.0017268284263598438
CS2_38,482,0.9624227196202355,0.9632302856105717,0.003805919765319361,0.0006229937747466655,0.0008900462095024794,-0.0022316825251867756,-0.0007179601997677973,-0.003176883068336016
CS2_38,483,0.9627421697740246,0.9663736145611103,0.0038290279781760628,-0.0014725403090660996,-0.0007389264667428798,-0.0025530042190078524,-0.0010795062378005644,-0.001616495586171462
CS2_38,484,0.9631283434569653,0.9652534748607875,0.005340603026261147,-0.005010731345582712,-0.000651318778810093,-0.0005024541200673959,-0.0015855487354806668,0.0002843184961598702
CS2_38,485,0.9643212374827357,0.9688896515891623,0.002197812896305394,-0.00446780075804844,-0.002263787970822865,0.0012523257117944629,-0.003491202093224767,0.0022042380533448787
CS2_38,486,0.9648451180118158,0.9721019805023763,-0.004751007588646416,-0.0024879549740488864,0.0016142122957384238,-0.0026761155776335896,0.002499461046987841,-0.0014554577474141233
CS2_38,487,0.9649908753214191,0.9711141028157373,-0.011042518536474878,-0.0012945237624173709,0.0017152792590554937,0.0011065209194107701,0.0024833641558360525,0.0009086504157511167
CS2_38,488,0.9651554954579282,0.9686751694558976,-0.013921578054069024,0.0046444126235678064,0.00015665997224181586,0.0018894666585608073,0.0016960402013795179,0.002015324545756354
CS2_38,489,0.9651227497088612,0.962024476604166,-0.019290239959679115,0.014204478575998306,0.0023906865071207923,0.001524685729191017,0.0027858100675028094,0.0014828521299824957
CS2_38,490,0.9650936433687818,0.955604406049696,-0.012564912825162504,0.013221122771505748,0.0035710152052885963,0.003907990510560304,0.000668719608724171,0.0006853019936034851
CS2_38,491,0.9648678692330677,0.9485485086714808,0.003087821323600642,0.010196183236197223,0.0017281159551948756,0.0004024338650178301,-0.0005699323662458283,0.0014747384933559086
CS2_38,492,0.9647797504210232,0.9419817945324023,0.02715146628573723,-0.001313460113515311,-0.0010666968446252474,-0.0011238094882626813,0.0009629452456168257,-0.0018124892507572546
CS2_38,493,0.9648556032260558,0.9367522387481393,0.051733998836738807,-0.012975569195254938,-0.006272921191100344,-0.0012111958950992553,-0.0025862910512971142,-0.0005846570805315495
CS2_38,494,0.8480123060624507,0.9355627485297384,-0.054865040469072444,-0.021438118174286702,-0.003536619164627265,-0.0028784929996146656,-0.0016729683290725747,-0.003159203333450773
CS2_38,495,0.9648698716903041,0.9362987959966351,0.05042115860041509,-0.013222470078196788,-0.0029769546379692607,-0.001901969115704649,-0.003409334649513712,-0.0003393544798288644
CS2_38,496,0.963159561856613,0.9412161549616725,0.025853437694299496,0.000416692563726448,-3.848593734254129e-05,0.0008933233220810225,-0.0035238262947348744,-0.0016577345068005721
CS2_38,497,0.96113231397002,0.9479274354306219,-0.00010289631969673227,0.01362749304452902,0.0020363963269112604,-0.0021206261472399056,0.0027954569274467613,-0.0030309453453681453
CS2_38,498,0.9655498585900733,0.9517184107479345,-0.007368041150850641,0.0146799173015101,0.0004402342103378361,0.003348551572447302,0.0014383323685187909,0.0012924534854077353
CS2_38,499,0.9672665629927608,0.9592978420552831,-0.007151661668070962,0.0070389126948178895,0.004206336589871006,0.0014975523527105705,0.00022077482364851676,0.0021568060889746625
CS2_38,500,0.9675796600105908,0.9636330253392038,-0.006239139236118539,0.0024284505530955797,0.0027643878903889736,0.0013520055184599602,0.0009496402327449125,0.0026912896571517383
CS2_38,501,0.9575721828786605,0.9662448730800295,-0.009778758023115237,-0.0037135410019668545,0.00074247236893906,0.0010116853062751333,0.00305073076652026,1.4720330735804139e-05
CS2_38,502,0.9579419215683558,0.9680807874985353,-0.005204865909517282,-0.0030308003973004895,-0.0004034408807089037,-0.0012456777720220432,-0.0023473295156432403,0.002093248493606183
CS2_38,503,0.9584400804087965,0.9663580241787467,0.0002774347694453881,-0.0066547752198458385,-0.0015129615759243537,4.01456468586296e-05,0.0009109867827173349,-0.0009787742248277278
CS2_38,504,0.9577760829050419,0.962637835567851,6.406325205595845e-05,-0.0005250734549196206,-0.003297596473369701,-0.00101220074846,-0.002060322079700678,0.0019693767902519486
CS2_38,505,0.9547019938372507,0.9606914144517864,-0.002635755629021564,-0.0034125545023085124,0.0015286759664787444,-0.0018522917172422877,0.0013039419668307078,-0.0009214367492475157
CS2_38,506,0.9615636758663015,0.9593998923425429,0.0018362407589105813,0.0014670202036832726,0.00025987445244759767,0.0005443180186169499,-0.0009282868083355484,-0.001015383154570597
CS2_38,507,0.9624583481724169,0.9554931937413125,0.0029381969835021162,0.003486907618695709,2.3217315668844232e-05,0.00032142334431607407,0.0012889632307667002,-0.0010935541152466883
CS2_38,508,0.9593570161205118,0.9531101449980794,0.003264003354351277,-0.0007484760168157455,-0.0009867507493959821,0.0019018118127294749,0.0018128886228794732,0.001003394046652407
CS2_38,509,0.9524553428649902,0.9551037995675448,-0.003327645617810047,-0.0011314640929219822,0.00405292776945707,-0.0007668049125329989,-0.00018357580764027874,-0.0012918940900884677
CS2_38,510,0.9542398402239485,0.9543021839420309,-2.876642408562807e-05,-0.00019264216947257164,0.0005340655096680143,-0.002901703693530148,0.0038695801099465584,-0.001342877100379213
CS2_38,511,0.9539684937654709,0.9545511419621047,2.082933633062796e-05,0.0003312627302601599,-0.001882956985424107,0.0008668318092029555,0.0012407869494623334,-0.0011594020861165051
CS2_38,512,0.9543133553282424,0.9534692060577975,0.000999279586809294,-0.0011842515619552541,-0.0007842923401129911,0.0017596787344900532,-0.0015663931072167757,0.0016201279086275222
CS2_38,513,0.9522232958866219,0.9536319524968296,-0.004790208580076013,0.0032818254784542727,-0.00025424034524796805,-0.00028513767528371586,-0.001744807755238705,0.002383912218304792
CS2_38,514,0.9586210214001483,0.9536626637246568,0.003236393714772676,0.001609320228420947,0.0003947030810437228,-0.0009206824347907427,0.0008280037301787737,-0.0001893806958402268
CS2_38,515,0.9597474844337555,0.9537436680170152,0.00370473810399476,-0.00069383232931266,0.0019937252861677766,-0.00042556932654712196,0.0021203113865387504,-0.0006955567563051259
CS2_38,516,0.9531440434744596,0.9527931279058834,-0.0010029434489788097,-0.0005095078501522747,0.0001886459647815695,0.0019383551412615594,-0.0013204623048712588,0.0010568280172489942
CS2_38,517,0.94948601989989,0.9530885231714483,-0.004616543634376693,0.001349182092035421,0.00046227890817377955,-0.0016354014499655877,-0.0004383671424414897,0.0012763479073460004
CS2_38,518,0.9507462082623448,0.9526313591555899,-0.001272870021400967,-0.0013939170630515203,0.0018333292811112567,-4.82538513360232e-05,-0.00040379179973212067,-0.0005996474870627683
CS2_38,519,0.9497819172840529,0.9517479321665352,-0.0004689586464499117,-0.00024276175254135156,-0.00236374491623199,0.0005453089964780944,0.0008791422076894911,-0.0003150008192275292
CS2_38,520,0.9492915233907127,0.9530516359592908,-0.0022184061160035527,-0.0006311333998784748,0.0002286027524984654,8.551717957839755e-05,0.0006140480065530385,-0.0018387410389102722
CS2_38,521,0.9523126282362995,0.9523290765281468,-0.000664088007383261,0.0009180387475665379,0.0012290917197119286,-0.00019722822134229516,-0.0024300560781410053,0.0011277934988216326
CS2_38,522,0.955928163773951,0.95300504893798,0.001414826116617122,0.000700841212244948,0.001415483229834875,0.0007054812531919907,-0.0009118347877345049,-0.00040168223869998
CS2_38,523,0.95673991391633,0.9502025989396796,0.004491647523387231,0.0008050993360327975,0.000710840754785408,-0.0009005913828252131,0.0019174928877112043,-0.0004871741933163084
CS2_38,524,0.9476602425241012,0.9470736548526242,-0.002592434652705555,0.0006744798430503927,-0.000351546476724243,-0.00042448634972900955,-0.001512558020038704,0.0047931332807606515
CS2_38,525,0.945904325588419,0.9503516970106716,-0.002408129153153202,0.0007950290362864095,-0.0010064562728150735,-0.0021856584945030297,0.00321014649539513,-0.002852303079550553
CS2_38,526,0.9463737061189086,0.9474578692447286,0.0001093941546074763,-0.003376785127861549,-0.0009190780609996676,0.0026265376989476437,-0.0008459775124042125,0.0013217456755951918
CS2_38,527,0.946805947596495,0.9491039145531421,0.0006536043096684377,-0.002190710924675301,0.0010797910793786058,-0.0004349309519991696,-0.0008936399295559748,-0.0005120805859499391
CS2_38,528,0.9448424813498875,0.948672471968126,-0.004603816476106561,0.001879555685378423,0.0011570616924817412,-0.0014649058517427365,-0.0003644290599542417,-0.000433456653913675
CS2_38,529,0.950948898782574,0.9503811686201947,0.0023359144361870363,0.001356900147751209,-0.0024245577078820016,0.002362958106853595,-0.0021396058603079895,-0.0009238790085391179
CS2_38,530,0.9527132973142258,0.9494203303713479,0.003495994567525783,-0.001102479078972891,-0.0026406645208570624,0.002096846036185415,0.0008316403520883842,0.0006116295378122427
CS2_38,531,0.9534013049541343,0.9522578164673117,0.0001478861181270036,-0.0008239333337260482,0.002983092880578902,-0.0012263869898981187,-0.0005525293979403433,0.0006153591602811369
CS2_38,532,0.9537790694427528,0.9527368962326956,0.0018832072017805645,0.001339005870749276,-0.0007841956755278968,-0.0016207407155692415,0.001393206615056489,-0.0011683101359990116
CS2_38,533,0.9540458564555934,0.9519428892481671,-0.0025467607574114325,0.00046374067879067555,0.0007135662154786627,0.001608022967303446,0.0006253746530479751,0.0012390234005321414
CS2_38,534,0.9543928017312666,0.9527669656183876,-0.0006570023775062727,-0.0015343600496086239,0.0005347959895254542,0.0016495407216331563,-0.0005158160144010638,0.002148677793398223
CS2_38,535,0.9550704985561893,0.9540924551747111,0.0018709992154070758,-0.0016777357439644246,8.189289332229115e-05,-4.979544330028442e-05,-0.0006508768275160423,0.0014035592373920192
CS2_38,536,0.955121547892233,0.9561700944941884,-0.001028586605838433,0.000886045923669232,-0.0011000808897101465,-0.0006142241815927148,0.0010246263136131,-0.00021632721225654114
CS2_38,537,0.9548822063922628,0.9566677737115507,3.903694089381357e-05,0.0003704129561041445,-0.0005580769443508672,-0.001200754443421429,0.0006636387795598534,-0.0010998246581276788
CS2_38,538,0.9547834473518861,0.9558693709338295,0.0001913546282284659,0.0006474915887352615,-0.000808002607948433,-0.0005263663324004214,-0.00020613010292213615,-0.0003842708056468348
CS2_38,539,0.9545670464768747,0.9542158196445274,0.0019390813052008887,-0.003460269477042561,0.0008567714473440263,-0.00102345065461911,-0.00027101925014743456,0.0023101134116963323
CS2_38,540,0.9541966149703711,0.9551563410374142,-0.0009460148651043755,0.0012235050423062422,-0.0017704261571825355,0.0024203884814415575,-0.0026741330021688575,0.0007869543839133721
CS2_38,541,0.9540042688888377,0.955270969649862,-0.0023124932669057892,0.0015475905578006795,0.0006226314568677643,-0.00166295845417501,0.0014836445970886198,-0.0009451157013670218
CS2_38,542,0.9540302861056773,0.9545964216788357,0.0013197390918555508,-0.0028264743895761394,-0.00014793582298295823,-0.0003416053967236267,-0.0004344601132054548,0.0018646010077961914
CS2_38,543,0.9539925131138105,0.9564944914097766,-0.0009096365939438491,0.0018123932230525706,-0.0006754513222337985,-0.0016168499948381286,0.0009057663718037055,-0.002018200029467958
CS2_38,544,0.9538308088707268,0.9564824065584399,-8.948409751539279e-05,-0.0008947903320836323,1.9071001683881978e-05,0.0010649676942662844,-0.00024064497556259128,-0.0025107170280914467
CS2_38,545,0.9538002232343032,0.9539729124121143,0.0008816034949796169,-0.00035441137675982007,1.813611237203898e-05,-0.0012945984015331636,0.0011131155271596493,-0.0005365345836057493
CS2_38,546,0.952871877039424,0.9527308736086852,-2.754439249680454e-05,-0.001285185233075367,0.0010238924230756305,0.0005632923821967208,-0.0002333261441661679,9.98743460385616e-05
CS2_38,547,0.950403631944696,0.9510204126497913,-0.0033251190880340914,0.0013585636152965905,-0.0012122577140215053,0.0009799356882569444,-0.0002532338486775213,0.0018353305940086437
CS2_38,548,0.9546993270420772,0.953545725959974,0.00021775707405431691,0.0008225610065101688,0.001746067829005129,-0.0010959943890905836,0.0015675787617517476,-0.0021043692501012154
CS2_38,549,0.9560034490713778,0.9507434848802321,0.0035150306769775545,0.0002246274752222342,0.001194737502677876,-0.0007453094864103294,0.0006383836190374064,0.0004324943530911844
CS2_38,550,0.9561044917438895,0.9506170426332111,0.00465846509372427,9.417939662419442e-05,0.000881506637741287,0.0009418660648119544,0.001838998194045194,-0.002927566326862984
CS2_38,551,0.946547137080656,0.9496795512028985,-0.0003895611942442208,-0.0004541219941628388,0.0009842327349279844,-0.002936673454730724,-0.00034475860651583763,8.468346111385716e-06
CS2_38,552,0.9445572921256522,0.9496347840685392,-0.0021339656930187893,0.0007223769164506455,-0.001894109211751251,0.0017705350084509677,-0.0004747687854626633,-0.0030675602230484404
CS2_38,553,0.9423566166139938,0.9460450154944327,-0.0029910980420011593,-0.001315221945177878,0.0004941576012453784,-0.0013544098681799695,-0.00019334936120872989,0.0016715226903633146
CS2_38,554,0.9421348714185616,0.945829404345718,-0.00030104260303567934,-0.004300831676471989,-0.0009583316323811167,-0.00040384966330724573,0.0012987792724015116,0.0009707433312156544
CS2_38,555,0.9403695290216803,0.9467926257534132,-0.0022030950559109473,-0.0018666608734834785,-0.00026302019441952197,0.0007947883442474979,-0.0006456649524673814,-0.002239444043341381
CS2_38,556,0.9484478792772872,0.9426771287496005,0.002589058809344435,0.0018684200100499936,-0.0019524775652790948,0.002251163286568072,-0.0002441368963190725,0.001258722836110844
CS2_38,557,0.9500306225423927,0.9433631315641579,0.00328421637460723,-0.0007430070727317441,0.002779498021394239,0.000524754403466646,0.0005041484358890057,0.0003178807676985692
CS2_38,558,0.9475948409931636,0.9433621524705637,0.00205468899811215,0.0015988658863904997,0.0005949824482655714,-0.0008096692474566612,-4.4033178289860526e-05,0.0008378535687436193
CS2_38,559,0.9398416324166163,0.9450023024821206,-0.0035631450378711114,0.0006110969680228716,0.00018090469873464075,0.0003205960355851383,-0.0023674920576554946,-0.0003426307157294159
CS2_38,560,0.9402783056011685,0.9423133161051855,-0.0007157537460982425,-0.0004885410356417912,-0.0008616450983780264,-0.0006860461043447567,0.0032553467241173005,-0.002538371287273484
CS2_38,561,0.9391549794733294,0.942100542192776,0.0008437020228737292,-0.00267315521533712,-0.0002131052682816451,-0.000496731893910172,-0.0015157910542359424,0.0011095186463388543
CS2_38,562,0.9378339775447433,0.9388233941524189,-0.002887219459529743,0.0011726417837969955,0.0013982057616170592,-0.004157603225898068,0.001744499760398543,0.0017400587294175956
CS2_38,563,0.9354498595702836,0.9398038251017312,-0.0041568001531217995,1.6914956841150588e-05,-0.002228559105328677,0.002806886841680264,-0.00013978607942479005,-0.0006526220335624516
CS2_38,564,0.9449582508366028,0.9408102819853233,0.004373867707849044,-0.00041904967371368424,0.002777052733485195,-0.0017846526122645972,0.000911708757038663,-0.0017109581067848794
CS2_38,565,0.9461914381691514,0.9374622686663332,0.00656546059097584,-3.759937461631832e-05,0.0009039774591011908,0.0012032523942297393,-0.0013344196922758875,0.0014284980791890599
CS2_38,566,0.9390520409564012,0.9352624786014905,-0.0010692391537132152,0.002552128609551337,0.0005332809888272641,1.3527787039901588e-05,0.0008455933458461384,0.0009142707342989758
CS2_38,567,0.9321556529766823,0.9344651555424046,-0.006413510762478842,0.0013297488834471821,0.001134276733524238,0.0010426785341026788,0.0030290183306293816,-0.002431714324960197
CS2_38,568,0.9343830061704175,0.9317012082073339,0.003578558278378299,-0.002379482105331505,-0.0005684665583150038,0.0002669565881612301,0.0011695406165228,0.0006146911026704432
CS2_38,569,0.9335782146750731,0.9298896768039249,0.004465621490233674,-0.0010449623562172362,-0.00012212048880609126,0.0005832226525384417,-0.0013191459632141058,0.0011259224959717644
CS2_38,570,0.9231509889085174,0.928852785911387,-0.0060541679267833,-0.0002603743829105706,0.0016296451782458982,-0.0002808396601431499,0.00036943419015742407,-0.0011054944374706739
CS2_38,571,0.9233347456410534,0.9276551177989676,-0.004756587795465077,-0.0006385848264088895,0.0008039782629021252,0.0019555609582657453,-0.004138343520328817,0.0024536047270048303
CS2_38,572,0.9353959652028756,0.9291394319921787,0.0062511475493360205,0.002146256616349067,-0.0011003580564284167,-0.0008666749403810255,0.0017993327838700726,-0.001973170783493745
CS2_38,573,0.9372276861003357,0.927322751724133,0.009640153591166697,-0.0003500917471618158,-0.001520464596837199,0.0032179460412289033,-0.00017394438518944567,-0.0009086645692586394
CS2_38,574,0.9223908521191753,0.9256672866113649,-0.004554626521303778,0.0016723501534125819,-0.002070729826195416,-0.002338344715982688,0.0020853090208059213,0.0019296073613748463
CS2_38,575,0.9151937748545365,0.9252827513241022,-0.007700174800815648,-0.0052218266894694014,0.0031557590498811705,-0.002327460040252381,0.0024741119306310043,-0.0004693859520596417
CS2_38,576,0.9169926987412644,0.9243382121041012,-0.0050478955159853345,-0.003084119756646483,-0.00010069890863884918,0.0015307078299926782,-0.001009907876280655,0.0003664008314080024
CS2_38,577,0.9128669223452164,0.9199753064677827,-0.009882069456970748,-0.0016570734035216107,-0.0002635909118691004,0.0037999641138327083,-0.0017920744615792007,0.0026864599660505646
CS2_38,578,0.9100127046568325,0.9177713983340217,-0.017839384657452616,0.006135144559369049,0.0026857684497197834,0.00035262247806971275,0.0016920580519381352,-0.0007849025890631513
CS2_38,579,0.9187581878660644,0.9145494476040061,-0.010389557182241972,0.013087816071161423,0.0029038780973131366,0.0005221691604219747,-0.0009273161260569121,-0.000988249792633349
CS2_38,580,0.9270076455004848,0.9091168514010315,0.005951660479587616,0.013537027522118546,-0.0017269627210615714,-0.0007960134148918215,0.0030824604843693987,-0.0021573782884077106
CS2_38,581,0.9296580435403712,0.9034200004914658,0.02185593670089982,0.005773607504761735,-0.001782964789842952,7.327938105806635e-05,-0.00042197178027956317,0.0007401559933985853
CS2_38,582,0.9311117115029575,0.9013071252800282,0.03895342875445459,-0.00777388496047107,0.0018772409118641012,-0.00033227550126733654,-0.003220754929232789,0.00030083190802977035
CS2_38,583,0.9319559002737847,0.8997852397971668,0.055420349335750296,-0.020140412452915195,-0.0006226265238537167,-0.0018369039648858988,-0.00031655718074797385,-0.0003331887766546345
CS2_38,584,0.8086229249445509,0.9013181271338141,-0.062077828640932,-0.02911375204667284,-0.0012979430743929954,-0.0027590969921196693,0.001833443753196736,0.0007199748262240032
CS2_38,585,0.9343546528176816,0.9088064921079869,0.04988034899342032,-0.02139774359490486,-0.0005702215833935009,-0.0006888865384238914,-0.00024034872752096568,-0.0014349878804672531
CS2_38,586,0.934629224716204,0.9153388668379823,0.023236145697094392,-0.0002467409341213337,-0.0019566474527797297,0.0004694861809916936,0.0015285228499583373,-0.003740408504027764
CS2_38,587,0.9350531271586604,0.9209854164798472,-0.006651081752713771,0.02020001832547693,5.992791027240119e-05,0.0017482239275747108,-0.00084035686379362,-0.0004490209092969619
CS2_38,588,0.9338003113068609,0.9261380032621559,-0.033273644023932424,0.03682454007257476,0.0022613075381000894,-0.0012940614056345685,0.0006077505754876583,0.002536415247369584
CS2_38,589,0.9333054412387511,0.9327787837593803,-0.04098385612899128,0.038197540077369974,0.001367436139790251,0.0031485268333102537,-0.0005748367360877319,-0.000628152746541863
CS2_38,590,0.9329675862921576,0.9357220764682124,-0.030662414731403756,0.025243828415035596,-0.00026792490403809347,-0.0005391654720157458,0.0012335543631125366,0.002237632112882689
CS2_38,591,0.9326706713750568,0.9374315040821355,-0.01032917896096883,0.005105171109431436,0.00022132719530445027,-0.0030454392762780877,0.002200725945010182,0.0010865612401812993
CS2_38,592,0.9321588100284686,0.9373876039981468,0.01872626307945333,-0.02316614915914206,0.0001264492322768948,0.0004072319147471751,-0.002266844124572796,0.0009442550475446405
CS2_38,593,0.9325037615276415,0.9324992620793642,0.04407420311796011,-0.04503002169165245,0.0008647778490497578,0.0009230887418354017,-0.0002552615707653227,-0.0005722870383172865
CS2_38,594,0.8114600908062641,0.9294575252094156,-0.07141884640057394,-0.04358856477194587,-0.00021072795862263108,-0.001424602055905441,0.0009932637228601121,-0.0023479569256508195
CS2_38,595,0.9322878994386343,0.9202278737888792,0.03889859585777925,-0.027567527434650612,-0.002440825151867258,0.0024539939139309663,0.00010084280350850162,0.0006149456209826673
CS2_38,596,0.919819353231195,0.9120257693629432,-0.0011436246926153895,0.006041474304278463,0.0026420418785210627,-0.0006696815220790049,0.00030686638820310864,0.0006165074773807703
CS2_38,597,0.9153076825935399,0.9053763406545752,-0.025589252956556452,0.03629086614154917,0.0010100778416839583,0.0007515989384167424,-0.001210104994932398,-0.0013218430637657735
CS2_38,598,0.9256535718226291,0.894698699974335,-0.013998912894379816,0.044236743783911854,0.0013511738080421844,-0.0012568580011617897,4.634388796353254e-05,0.0005763812267775725
CS2_38,599,0.929289736273283,0.8869329910512104,0.011265923602872091,0.02941804980810063,-0.00014879555821037415,0.0015186667568142184,0.001149459571709483,-0.0008465589979604198
CS2_38,600,0.9309485184523494,0.8838067861429341,0.04561151614057914,0.00631550723983653,-0.0017548817247735355,-0.0012026361413090378,0.0009273368515329218,-0.0027551100959305923
CS2_38,601,0.9113403770744934,0.8767616079391959,0.057040933652247626,-0.019618933604059717,-0.0017918704800455297,-0.001498455006814634,-0.000942021007694118,0.0013891155508473213
CS2_38,602,0.7700003787524832,0.8760786520103763,-0.06837862837065584,-0.03399034931696954,-0.002224598139338204,-0.0009370306768436152,-0.00021272994297965634,-0.0003349367794754613
CS2_38,603,0.907289625035653,0.8782962702220465,0.05643128482063943,-0.024681956807589986,-0.002558893699631366,-0.0004614066038917741,-0.00028656780678540747,0.000550894881838763
CS2_38,604,0.9053974672865746,0.8845716128081111,0.028108725457863994,-0.004734324627157753,-0.0006714164532620221,-0.0002991235464981228,-8.925875350480815e-05,-0.001488747627168698
CS2_38,605,0.9016600639317787,0.8910533146781053,-0.0033833031509761633,0.014923157630527902,-0.0002991971487172164,-0.0008185357909787612,0.0019924221696091494,-0.001807794482331194
CS2_38,606,0.9116507807314651,0.8932463006462167,-0.006789986583396327,0.019132140189687168,0.003532884552239635,0.00033204406860136307,-0.0008324146785992405,0.003029812505762075
CS2_38,607,0.9179934724761925,0.8998580693856996,-0.0011635064889585413,0.01253548931196242,0.0028296609800956395,0.001717495695198155,-0.0003995306765801686,0.002615794235019354
CS2_38,608,0.919790584226277,0.9017783777583266,0.006151077696274562,0.006375531545825952,-0.00041524049259748124,0.0029600198402012063,0.0016692019796362616,0.001271615864059872
CS2_38,609,0.9022884895247785,0.905439073958312,-0.006012767285201603,8.210666819808681e-06,0.00233790166992657,-0.0001104999107889813,0.0020183100906099004,-0.0013917396917164507
CS2_38,610,0.8974682524009996,0.9034875342191979,-0.006005420961127829,-0.00198058372288673,0.001029261978464888,-0.0009932617421842729,0.0008594434900910647,0.0010712791147570253
CS2_38,611,0.8965528676304402,0.90665284676221,-0.003864556498074867,-0.004601315929578744,0.0023875154367204118,0.0002883089160788334,-3.3825112888522466e-05,-0.0042761059683101045
CS2_38,612,0.902216051675092,0.9024169886681369,0.005067498327085325,-0.002773230312674563,-0.0009597481396797565,-0.0022943074010507284,-0.0003173937964902625,0.001076244302979902
CS2_38,613,0.898427415447579,0.9036776220899694,0.0025637078060051703,-0.0017486593948743568,-0.0037815452459942903,-0.0003273416721450886,-0.0007739487968949435,-0.0011824193635981953
CS2_38,614,0.897221581713773,0.9027784146795819,-0.002906353699655789,-0.0013634314846986482,-0.0003742982882306434,0.000595826902589896,-0.0013348696998465375,-0.0001737067205456895
CS2_38,615,0.8959023671152551,0.901393850671695,-0.006624483626536133,4.812251026377815e-05,0.0025899523502771445,0.000615425949018699,-0.0015223918443676766,-0.0005981089190914076
CS2_38,616,0.9098883666070132,0.9018356372759562,0.005600591573285763,-8.409065072921474e-05,0.00244549374061927,-0.000865610972882816,0.0008265615255881143,0.00012978408500085572
CS2_38,617,0.9129793992103119,0.9000786699600974,0.0064749307207153835,0.002606238742064251,0.0006088645947261629,0.0014821643591012006,0.0019386972084455905,-0.00021016640637882455
CS2_38,618,0.9037473855511982,0.9008058134458589,0.0002643726696627825,0.003467822812549427,-0.0012705353973778218,-0.00026847836397731026,4.013464645075617e-05,0.000708255710569701
CS2_38,619,0.896074229092755,0.9004595903055397,-0.0038715078692968152,-0.002069295858284189,0.0011491506070540026,0.002942508764325279,-0.0029266067500417457,0.0003903898693871315
CS2_38,620,0.8963339674119286,0.899066381464271,0.0004737136558506078,-0.0006339069381306485,-0.0026021111081833614,-0.0008469267165257852,0.000978363637990857,-0.0001015466075304324
CS2_38,621,0.8931803464616372,0.9006009576921343,-0.0018400523315939118,-0.002671688059869124,0.0007095898673898181,-0.0017066933598174007,-0.0010366982743600602,-0.0008750690950394024
CS2_38,622,0.8922522777198569,0.8983228756992399,-0.002411514485844257,-0.001525600604806628,-0.0011022292582385253,0.0004880586734470211,-0.0005912281893058775,-0.0009280841370177072
CS2_38,623,0.8905971126081393,0.8967093971415029,-0.00604766503022007,0.0014152182675452789,-0.001369936717013522,0.0007194517888075923,-2.2662941113788504e-05,-0.0008066899230207717
CS2_38,624,0.90329438395894,0.8960157493177672,0.00689818311221422,-0.001161303463383854,0.0016225589939992562,0.0029036646291480503,-0.0014810030625103082,-0.0015034655955561563
CS2_38,625,0.9061053078511119,0.8946839376187141,0.007113611604707443,0.002573703763573349,0.001944764338685362,-0.000592896314858454,0.002032846709117763,-0.0016506598973313076
CS2_38,626,0.8962084801527812,0.8929005473665401,-0.0015670655815299673,0.00507688477131453,-0.0007604152737320718,-0.0011008979967500857,0.0009252109238664845,0.0007342159189412989
CS2_38,627,0.8889510296473357,0.8895609003219842,-0.003057763474201551,0.0010557959269216098,-0.0012687753258496626,0.0007647045172560466,0.0013576078311544743,0.0005385598291461824
CS2_38,628,0.8886189415235002,0.8903411158206285,-0.00036036393108223783,-0.0017184472570711284,0.001582326836392549,-0.0007252668036724593,-0.001419434402389435,0.000919011239916676
CS2_38,629,0.8850216800502722,0.8879177407050151,-0.0015768015096385042,-0.0028063321189557245,0.00062680036318792,-0.0007865417980241106,0.00134779387319831,0.0002990205163008809
CS2_38,630,0.883973761796689,0.8879128972754396,-0.0013038233697201976,-0.0005652476118105714,-0.0019024706220028386,-0.0001948813918807306,0.00071128116045085,-0.0006839936625125346
CS2_38,631,0.8848356451353752,0.8854965797076395,-0.004454947085028136,0.0017271493029197167,0.0011505571596518768,0.0011682876137296097,-0.001457564240369817,0.0012055826577262326
CS2_38,632,0.8961472604894425,0.8861906342122199,0.005182748305331375,0.003297177433002992,-0.0005036928930608514,0.0017322176282127638,0.00121226744505655,-0.0009640916654241026
CS2_38,633,0.8987425419170272,0.8862347318749324,0.010055925737946982,0.00042371447624280783,0.0016907340736569156,0.0012474085518896611,-0.0014776047009597787,0.0005676318780676897
CS2_38,634,0.8850526729356645,0.8862108365113627,-0.0048685063954656506,0.0029027981362416385,0.0014724563381515615,-0.0012393217159868272,0.00016760018130409582,0.00040680986085494614
CS2_38,635,0.8814008750597928,0.8876946795708273,-0.003137179306886133,-0.0016462334343585825,-0.0007457206922672185,6.745161291328434e-05,-0.000582004605473755,-0.0002501181025506822
CS2_38,636,0.8844839292855831,0.8862504140465746,0.0013408559653941773,-0.002024340750349865,-0.0003483258239584267,-0.003974776785185251,-0.00017694370175189817,0.0034170463159090407
CS2_38,637,0.8828007488853409,0.8884468045528456,-0.003150013841800851,0.0005192953538756391,-0.0023124058905495083,0.0008775540871020792,3.795644821471798e-05,-0.0016184418425539448
CS2_38,638,0.8827352105873842,0.8862878417894838,-0.003111536143933933,-0.001233786611256888,-0.00034196926175001025,-0.0012197784890898228,0.0013051969989489934,0.0010492422868039128
CS2_38,639,0.8837015089002698,0.8861064385491376,-0.0036033656244534714,-0.002653221785415187,0.0007698302795554731,0.002558385235513144,-4.573623968955373e-05,0.0005691784670167264
CS2_38,640,0.8938327481719028,0.886619675226078,0.00401063439311529,0.002752172230597497,-0.0004288674905223385,-0.0012505878835788868,0.002414911506334137,-0.0002851898332021097
CS2_38,641,0.895594776821035,0.8844197648197597,0.006700643485263314,0.0029043597193368974,0.0007942249759900019,-0.0013192032336620735,-1.7758030309369847e-05,0.0021127450607967527
CS2_38,642,0.8853983767921925,0.8830625136494319,-0.0036344312241505085,0.003163062274895006,6.25134554168895e-05,0.002075626854224697,9.141698554286161e-05,0.0005776747774767908
CS2_38,643,0.8804091269881162,0.8836243792284917,-0.003960474821727099,-0.0014272177035542979,0.0004283530337027981,0.001352613896982565,0.0015413733917504066,-0.0011499000546802399
CS2_38,644,0.8813612441370466,0.8829363549714574,-0.002636410722047461,0.001570717249484849,-0.0008190815972618618,0.001398654371353719,-0.0015163627334998085,0.00042737257998874445
CS2_38,645,0.8806630937625215,0.8826398274258347,0.00172548819768403,-0.003784969012665331,0.0016622165410570108,-0.0001513456398178914,6.179031513243958e-05,-0.001489914081966128
CS2_38,646,0.8797815435110437,0.8841294864433797,-0.0009271278933640426,-5.806826817506445e-05,-0.0012595257538021247,-0.002760917250229963,0.0005713537257038111,8.63424906581495e-05
CS2_38,647,0.8817087667637082,0.8841935238613137,0.002585426288265847,-0.0038331846031434136,-0.0015794700822161537,-0.001088205359061867,0.0007299853662845,0.0007006912745409847
CS2_38,648,0.8903440139459491,0.8898315037531733,0.008713695648119893,-0.004340806973617528,-0.0011327221719516594,-0.0006128742596356734,-0.0020469886961601057,-6.779337551910757e-05
CS2_38,649,0.8917236352933813,0.8937420263504704,0.004161155760322164,-0.0027652810854539066,-0.000709334855586584,-0.001141936397483412,-0.0001232875759894229,-0.0014397069250474276
CS2_38,650,0.8925162884451225,0.8948797500807695,-0.001646670739398568,-0.0031483460396089418,-0.0005639273016970927,0.0025107541973270315,0.0021947725312738745,-0.001710044306042855
CS2_38,651,0.8927187214947807,0.8931598171395972,-0.005715608016122274,-0.002745879385655552,0.002175696972528929,0.0005692583012854756,0.0018264505241538636,0.003448985936403983
CS2_38,652,0.8927710698129729,0.8925425940003952,-0.013878229535725338,0.0067267017585596126,0.0026673516696061766,0.002797231242596103,9.415121465355653e-05,0.0018212694402754738
CS2_38,653,0.8929442631572826,0.887230730620312,-0.01773635087365575,0.01642905047307106,0.0007451638197104943,0.001576252806943188,0.0032799667566237086,0.001419449531589191
CS2_38,654,0.8929174742149897,0.8820827169985235,-0.013896002278898754,0.018477100647187165,0.00535420105917053,-0.0008684153533713378,0.0005871465559216381,0.0011807265637801033
CS2_38,655,0.8950188877538139,0.8769441867009923,0.006059543314872158,0.012384375270427116,0.0017005279130482723,-0.00026754518759427833,-0.0008942183482503595,-0.0009079819332866556
CS2_38,656,0.8948792561824988,0.8690847909823729,0.03007074779438351,-0.0015287299595094419,0.0004093654167661885,-0.0016802533880352951,-0.0021392819327912334,0.0006626172457684375
CS2_38,657,0.8950301582896714,0.8652335697292799,0.05332402361315302,-0.013573471831189229,-0.004000938523425011,-0.0027280547011074023,-0.0001400301482879012,-0.0030849398723623183
CS2_38,658,0.7662765887709782,0.8643622842841966,-0.060581980202349506,-0.02543706784757039,-0.0040630587738911044,-0.0012621579707005855,-0.004570624923079375,-0.0021708057623514567
CS2_38,659,0.8943912948889192,0.8649976842731479,0.055574420028509146,-0.015504327858451622,-0.006199200537319496,-0.0006342099678313638,-0.0002978456315142534,-0.0035452254409492133
CS2_38,660,0.8945503472428129,0.867212414652979,0.034752815993107505,-0.002327068093850547,-0.0022156175539457643,-0.0026021702238506485,-0.002022229682069098,0.0017522021270440326
CS2_38,661,0.8944814900052833,0.8734225003916513,0.009801460402703707,0.008369188713671455,0.0017553205958115742,0.0011904038516953768,0.0006946016991388502,-0.0007519856727568159
CS2_38,662,0.888011898696129,0.8786344579126011,-0.014644404370299926,0.018265168884005752,0.002613566344682589,0.0003840176129000696,0.0004816160827744251,0.0022774762089554294
CS2_38,663,0.883747415688394,0.885712623793748,-0.026615391815407702,0.014006328470413708,0.005893656009010189,0.0030701050131222785,0.002736123476786041,-0.0010560292779039238
CS2_38,664,0.8874360208836343,0.8884219488962063,-0.019257677928977875,0.012162078187076092,9.545996709320339e-05,0.0029648164121022576,0.00019415143865194036,0.0028552438912272963
CS2_38,665,0.8936908516119746,0.8897890886673223,-0.003980007055475947,0.0038583682730156375,0.0017197864478425472,-7.348937150582561e-05,0.0031628877398238472,-0.0007857831120665357
CS2_38,666,0.8939206169205764,0.8872889403937477,0.008400941091235148,-0.005250079233090254,0.001950953179980443,-0.0007544825384641694,0.0002937038470800092,0.0019906401569674344
CS2_38,667,0.8805768717495726,0.8860389651738396,0.004109780846959295,-0.006006737120289212,-0.00301187727701433,-0.0007731512177477269,0.0005613151461395329,-0.0003414238195391792
CS2_38,668,0.8751971850186475,0.8832122406209538,0.0008247326712382924,-0.00439362007045622,-0.001385558359178373,-0.0005934614781946267,-0.0035139776567440118,0.0010468292761809058
CS2_38,669,0.8749965741415826,0.8810116776060035,0.0037859425633592343,-0.0032393426120270337,-0.00237852076811364,-0.0026010556948695366,0.0007775250117253114,-0.0023596519792542727
CS2_38,670,0.8744280537590043,0.8779666406152433,0.0032233731616760613,-0.001971506156107757,-0.0014348713271594164,-0.002395759416270966,-0.00016028703500491664,-0.000799536097879773
CS2_38,671,0.8719567862590551,0.8757814170939796,-0.000753033548334285,-0.001304840124051325,-0.0028282871478073363,0.0011691541098931733,-3.608699190429644e-05,-7.153714613637034e-05
CS2_38,672,0.8770095986200293,0.8744892786177312,0.0035555671953484288,-0.004483415209383072,0.0025886984571441515,-0.0028154885708402914,0.0017537132436390775,0.0019212448707413947
CS2_38,673,0.8834335139303438,0.8754340191475608,0.004409416689471067,0.002417240402237879,-0.0007096060717416959,0.002542783874412664,-0.0003579580534713931,-0.00030238207661226625
CS2_38,674,0.8841757613925125,0.8726870162305771,0.0022200084888965854,0.00498063635979259,0.001286294094550369,0.0026776872465564612,-0.0011460701861510957,0.0014701891394758868
CS2_38,675,0.8715611185508756,0.8710479832563137,-0.012549072184959969,0.0078043039682864825,0.0023688331050076925,0.0012915037539421397,0.0004914844674750332,0.0011060821715693542
CS2_38,676,0.865712319605608,0.8665363982689469,-0.015558491935971709,0.008352316823689018,0.0029148429641860716,-0.0011921486656153633,0.0028158343596790657,0.0018435677800369933
CS2_38,677,0.8698291463561798,0.8630200349109517,-0.010147895193763449,0.016801968987502563,-0.0016913513636449319,0.0011071746963251302,0.0011097814147986303,-0.00037056710846574494
CS2_38,678,0.8661509515873362,0.8585629182500972,-0.002470741600480236,0.012487592989096432,-0.00232253129092275,0.00037659371269484757,-0.0010655203888319867,0.0005826399048318529
CS2_38,679,0.8668018883535229,0.8568213663141573,0.011094295808115771,0.004509195210915977,-0.0006779321968560272,-0.0019836120460485157,0.001290888464382585,-0.00425231321228264
CS2_38,680,0.8665614067106198,0.8525641043007881,0.03155396446342221,-0.011691453607713155,-0.0019259393977465033,-0.0019547112610326495,-0.0010210895911052676,-0.0009634682070252037
CS2_38,681,0.8760316835141033,0.8510629385833868,0.059075574132960676,-0.026477405309054403,-0.003240404162971623,-0.0028139841776679522,-0.0022115984869500458,0.000636562919183551
CS2_38,682,0.7425093926509128,0.8560120309358132,-0.06591793787115162,-0.038305560783721174,-0.0033546030978540225,-0.0018300544379204733,-0.001300010641571904,-0.0027944714089044036
CS2_38,683,0.87254306659311,0.8595466073969458,0.04626590533384674,-0.02906746702509596,-0.0017316496646348212,4.487519943349613e-05,0.00035633504916079327,-0.002871539710221023
CS2_38,684,0.8615546292871272,0.8624751425830628,0.007062986731351506,-0.008840299147421241,-0.00010395517483754547,0.000554498279509175,-0.0007262382193059616,0.001132494225948482
CS2_38,685,0.8609899062784052,0.8651578043704585,-0.02780534351118448,0.01762656440653212,0.0033626737889520387,-0.000549919137106461,0.001174304214981329,0.0020238221372015654
CS2_38,686,0.861860684561691,0.86805096679864,-0.05008550839079863,0.03512154837419378,0.004291848535167752,0.0011044793537021977,0.00381563131392355,-0.00043828143209303274
CS2_38,687,0.8568698270305326,0.8655933374930436,-0.0632803227102847,0.044051199411184586,0.002780703171616421,0.0027236760329397156,0.0010893785095291192,0.003911855115753661
CS2_38,688,0.8549536749097122,0.8624286714007284,-0.057472557540180755,0.04017535452617788,0.005296875887953016,0.0024587117767181097,-0.0006356381704323927,0.0027022570228443276
CS2_38,689,0.86666163212643,0.8570622633984593,-0.016134486863942133,0.019187080941967655,0.003427850410792914,0.002883483080251591,0.0007577656229106475,-0.0005223244750863455
CS2_38,690,0.8689760127250352,0.8518630463337581,0.027135180064292004,-0.008416759822158823,0.0006708668367482863,-0.0016560609279540177,-0.00016886076791365994,-0.0004513990038356285
CS2_38,691,0.8702720213718678,0.8437111213382301,0.06323760579607535,-0.03070119903688439,-0.002033914296701881,0.0003264036779246864,-0.0012973629286934856,-0.0029706331907542734
CS2_38,692,0.7150197990488785,0.8346640745080037,-0.07244627824623194,-0.037999326923900234,-0.00547779070196548,-0.000911786391747358,-0.00295705597626468,0.00014796283690691884
CS2_38,693,0.8522794324611738,0.8309332937154745,0.0641556382160005,-0.03556592251229948,-0.0015014685057604974,-0.0033687309288898235,-0.0035001958932523577,0.0011268183651788422
CS2_38,694,0.8543830455852941,0.8312313598884798,0.04748329277106693,-0.016143712182801122,-0.0019292999759580002,-0.0032070177092145854,0.0005037964024545924,-0.0035553736143850868
CS2_38,695,0.854652895125561,0.8317253105036363,0.02287680588864395,0.0024052459540491416,-0.0027670399742117176,-3.3826731644497236e-05,-0.0010709333451119985,0.0015173328244290976
CS2_38,696,0.8523531549412375,0.8374733065648916,-0.0037898245663787046,0.017926999562360848,0.0015192496288849908,-0.0007502364606214097,-0.0010705203819770046,0.0010441805893226083
CS2_38,697,0.8584033709831367,0.843839910063693,-0.012257201522969528,0.022349879174613906,0.001025500715376207,0.0010178133690181134,0.0023985038402126744,2.8965335764619312e-05
CS2_38,698,0.8633504243853984,0.8524176733802994,-0.01472504542998417,0.0206060476718473,1.4235963472916148e-05,0.002702803074910095,0.0017000157160378788,0.0006346939992015209
CS2_38,699,0.8645991488737828,0.8621013297025136,-0.013186112959081949,0.012868388300394756,0.0008184747747929762,0.0001100045511047173,0.0003093350309067824,0.0015777294629866724
CS2_38,700,0.8654698408143631,0.8686051172392486,-0.0066667782958781075,-8.41685367516026e-06,0.0019540696512006486,0.0005119735369335983,-0.00047380311965372043,0.0015476786456373104
CS2_38,701,0.865711151024108,0.8736402633234313,-0.0039660422385435,-0.004206089532686398,-3.105314168790088e-05,-0.002108059719426309,0.0023959498554872176,-1.3817533122833326e-05
CS2_38,702,0.8659206097004244,0.8779468608896293,-0.0022023834603545523,-0.008273624138159028,7.845611169341798e-05,-0.00280440316161263,-0.0004492643881259017,0.0016249678366047572
CS2_38,703,0.866170372605751,0.8851794107252787,-0.0034777705328285545,-0.007139250400483159,-0.003981693153970357,-0.0011446540933918112,0.0002054281273436974,-0.0034710980770569
CS2_38,704,0.8660874042875619,0.8850883841040903,-0.002909712650411378,-0.010225760895187544,-0.003961348968635258,0.0006017397560863005,0.0005444112804273289,-0.0030503083496306095
CS2_38,705,0.8663703926622404,0.8824324959387736,-0.007058476384594497,-0.00964564039280421,0.0005618960417823507,-0.001758912488790129,0.002836057470247136,-0.0009970275333217027
CS2_38,706,0.866482792536857,0.8786929417146648,-0.01186162713029143,-0.007109908914191833,0.0011476619676010352,0.0023291994054506202,-0.0003349548131564905,0.0036194802957828457
CS2_38,707,0.866515292390794,0.8744868294543221,-0.02038182520073425,0.00308381934002063,0.005661159812244115,0.002993298066011944,-0.0007648312461843798,0.0014368421541019621
CS2_38,708,0.8668772588692306,0.863770262840814,-0.01671335685165941,0.010475973927823831,0.0005850450442912822,0.004157478607805721,0.00038584928008378024,0.00421600600889965
CS2_38,709,0.8672224621491722,0.8544928393113914,-0.01485039891332867,0.017618936178153206,0.0047195496654544745,0.0006978882486195313,0.0046955739244879035,-0.00015192627692994616
CS2_38,710,0.8670045563864903,0.8407188170371422,0.0017062524457163069,0.01770561287495628,0.0033577687674438035,-5.195017645285518e-05,0.001879328295292032,0.0016887271311645468
CS2_38,711,0.8671204195522364,0.8341429183205364,0.027368539350481377,0.010758381635547166,-0.003172229263549958,0.0007489893397424651,-0.00039330785425478927,-0.0023328719875454888
CS2_38,712,0.85504524346603,0.820611612225938,0.045792850411292677,-0.002725374579597676,-0.005536441216887676,-0.001518267397600683,-0.0021539111429102887,0.0005747751598514429
CS2_38,713,0.849043687323291,0.8145508397071616,0.06672488762234531,-0.018425180548331286,-0.0032750573397314978,-0.00535613371063156,-0.004736962741782777,-0.0004387056690311266
CS2_38,714,0.697438741705984,0.8115573767650375,-0.0752354137040582,-0.025126824381028513,-0.0048069986459661,-0.0050880233420084455,-0.003502570534230154,-0.0003588043880718821
CS2_38,715,0.857632540116323,0.8140064211156134,0.07068953945798756,-0.015660893502375428,-0.003644600613498135,-0.00439906521957473,-0.001025169704459648,-0.002333691424457199
CS2_38,716,0.8599752283172992,0.8201382457623667,0.044782232334619254,0.0009073384383876872,-0.004157181170968538,0.00048680563992001095,0.0008027920999600382,-0.002985004795108184
CS2_38,717,0.8538943355819439,0.8257672521721822,0.010195956595087593,0.012070033086610624,0.0024659083343809432,0.0005724369502529558,0.0002508422759062724,0.0025719061620877886
CS2_38,718,0.8425763933052037,0.8371383974674894,-0.021590478687925352,0.018955896414950324,0.0033990670828259167,0.0019450285891008236,0.0038847177041885905,-0.0011562352658610108
CS2_38,719,0.8438288492176502,0.8436750949018138,-0.02799437368462063,0.01657259236958133,0.0074233666319648535,0.0002554570271731688,0.0022594142767003032,0.0016372976940490244
CS2_38,720,0.8428528947308642,0.8501619550203379,-0.02719319594555686,0.007353976291908295,0.004332024080851353,0.003461429072657398,0.0007546750579525311,0.003982031152156389
CS2_38,721,0.842554389219722,0.8553492635611164,-0.023703259260201656,0.0018972176541214205,0.004125728113694691,0.003941792664536889,0.00027267914442018806,0.000670967341608844
CS2_38,722,0.8420772693455092,0.8598620659150499,-0.01606047585568397,-0.0025516970620109926,0.002474963150374118,0.0004994315599510476,0.001646766375802259,-0.003793784738187631
CS2_38,723,0.852239111477946,0.8547121824094489,0.001376761005425223,-0.003178653700085791,-0.0007958415234193052,-0.00019648720188022154,-0.0007782782708878617,0.0010994287546407138
CS2_38,724,0.8539056894077941,0.85226562243132,0.007484646686309062,-0.0033475581564916877,-0.0008837291917651339,-0.0013668338704163935,-0.00027430532344123123,2.7846826838929627e-05
CS2_38,725,0.854331443547423,0.8488404276203095,0.012239250009889114,-0.0017586645011816967,-0.0021389376799045485,-0.00044568919096735226,-0.000632506277275601,-0.0017724364390751595
CS2_38,726,0.83859601675878,0.8467568413077099,-0.002539151476096281,0.0007323236188760109,-0.004503827440369452,0.002517915336846678,-0.003806738397674028,-0.0005613461891891883
CS2_38,727,0.8384339246333052,0.842179601468174,0.0002255639119762757,-0.0019383666785925658,-0.0003971900480200246,-0.0008950559022371332,-0.0005631222349021971,-0.0001775058816979664
CS2_38,728,0.8389201712533918,0.8419390029063263,-0.001627386592862732,-0.001178130057465965,0.002718556471246391,-0.0007299103039588179,-0.0002617171950062906,-0.0019402439737066877
CS2_38,729,0.8401169733008871,0.8415678764962866,-0.0011900290318328174,0.0005045737101713872,-9.053313461309667e-05,-3.7688762682084645e-05,0.0009933666443927758,-0.0016305926201840956
CS2_38,730,0.835983788072916,0.8383694975854918,-0.00579137036479338,-0.00013635841850505954,-0.001812644277677139,0.002341154095876039,0.0002692471898365037,0.002744262265164925
CS2_38,731,0.8450925651421262,0.8397195621495381,0.0004807387547928939,0.0026111438358060656,0.0002996919711262229,-0.0004992282259673411,0.00018468795406251126,0.002295968701220885
CS2_38,732,0.8469169151665987,0.8400674398939341,0.005247902277868218,0.00015094128567611525,0.00028791839143267606,0.0009082937443770836,-0.00017369106707467507,0.0004281106380324369
CS2_38,733,0.8470809194902209,0.8397528329257543,0.00501914475097921,0.0010104576104233312,0.0027819708718844743,-0.0019798196099569247,-0.00038643287854942806,0.000882765817260641
CS2_38,734,0.8308728313303071,0.8374528130323096,-0.007009500481854994,0.0016649961473769036,-0.0009270707177047489,-0.00041024159688208504,-0.000645127530519998,0.0007469624823183181
CS2_38,735,0.8307520526329668,0.8365299067795222,-0.00021805976850763735,-0.003737713878113004,-0.0013750625077910983,-0.00012451802972317512,0.00014264197663991176,-0.00046514193427120995
CS2_38,736,0.8299515843132497,0.8347632565726459,-0.0007782817234104477,-0.0012673233863413264,-0.0025070326533534913,-0.0003017747083320038,0.001441997658195919,-0.0013992574410120486
CS2_38,737,0.8301120692486954,0.8351249429339468,0.0014160515805654052,-0.004129030847882448,-0.0017210317555074255,-0.0003188703156313459,0.0007876994115773199,-0.0010476917533008515
CS2_38,738,0.8289168328348389,0.8337288001117102,-0.0044402234766744405,-0.0004238937229303966,0.0008046631874840029,-3.4951895745455326e-05,-0.0008038997782723156,8.633841486724377e-05
CS2_38,739,0.8344624287695801,0.8332931789890178,-0.0018343094942809932,0.004107885325743268,0.0007032469570479745,-0.0007224764716417801,-0.0015333626358700048,0.00044826610271373477
CS2_38,740,0.8413788099932553,0.8336042976257424,0.004887212321477913,0.001192094120402055,0.0028901362545401444,-0.0007796859354389099,0.0009927454430936015,-0.0014079898364677832
CS2_38,741,0.8434451988648419,0.831231372139042,0.006573437806176343,0.0006183078598758309,0.0009445248633013727,0.0027942125014247463,0.00045266028458825115,0.0008306834096144959
CS2_38,742,0.8356093414134271,0.8316492836525387,-0.0014446018764147487,0.0027538381318098866,0.00220700261404815,-0.0017328804946485888,0.0013630859775265647,0.0008136134112104336
CS2_38,743,0.8326694790886009,0.8313009182092317,-0.0026930622901942783,0.0018179238505470468,-0.001609766722355495,0.0030976094989410524,-0.00038465080391808005,0.0011405073502910358
CS2_38,744,0.8321940886061157,0.8309832743026749,-0.0010271702395387022,0.0009466891351870434,0.003308971274785839,-0.003554131301000837,0.0003206665216147546,0.001215788916544769
CS2_38,745,0.8330865402139871,0.8356558040460714,0.0023205550865812935,-0.0018913686557637675,0.0005329307729791042,-0.0007897628417084772,-0.002650632235295201,-9.098595511946084e-05
CS2_38,746,0.8318035366951193,0.8371830893233967,0.0003446188534101556,-0.001475264078822584,-0.002911458094924846,0.0010213573849953109,-0.000991816310850801,-0.0013669903777599787
CS2_38,747,0.8315550214508036,0.8413150572446146,-0.0009808473291449287,-0.0024357428292433917,-0.0026963740890160954,-0.001525663424348565,-0.0006740301900729381,-0.0014473779275506566
CS2_38,748,0.8422396592270971,0.8416580988251361,0.005191395070414779,-0.004009798954164825,-0.0005184983287384793,-0.0015541347689355237,0.0008708223813257643,0.0006017750017730175
CS2_38,749,0.8433988851146097,0.8484004726635742,0.0009121517956404863,-0.003696162575161457,4.785259616393041e-05,-0.00016095804043376511,0.0010312558650819837,-0.003135727191054097
CS2_38,750,0.8441132073569335,0.8489712019995932,-0.0056647996223476845,-0.00039884034432572627,-0.0015848582803162264,0.0022780142702435325,-0.002321557949863173,0.002834047282835512
CS2_38,751,0.8442562401578826,0.8487401023577215,-0.011963211435333415,0.002731131937683372,0.0012626663863359528,0.0013296275396981897,0.0027045553745462542,-0.0005486320039464651
CS2_38,752,0.8441760087403765,0.8448234311969779,-0.017198890664042617,0.007792638747113416,0.005477604850762111,0.0012447998752381667,0.00042323807534227527,0.0016131866578434064
CS2_38,753,0.8441039341310201,0.838596105282519,-0.01234357654566489,0.010492638486484808,0.0037245545589599557,0.0014827049831831474,-9.390155667140473e-05,0.0022454089210995464
CS2_38,754,0.8443498393607811,0.8291853463079036,0.0021003375205706134,0.006463606643149139,0.0020173639816549347,0.002444086762807417,-0.00022966356957897485,0.00236876171305578
CS2_38,755,0.8443602574754792,0.8243248755599368,0.025007256136169984,-0.0012039520241491624,-0.0017960360103322047,0.0006187478546887477,-0.0009022842448644203,-0.001688349797193801
CS2_38,756,0.8443110081299494,0.8126034797416619,0.046294548121921957,-0.011622349072886716,-0.00015514185574806103,-0.0016434048080128708,-0.0013444010714676778,0.00017827707327937968
CS2_38,757,0.7172453876878038,0.805410533403778,-0.06475889328887766,-0.019602411696600385,-5.761723553388685e-05,-0.0031306647596567295,-0.001257304092813901,0.0006417454124474483
CS2_38,758,0.8434643256831933,0.8033533103726518,0.06643520434083708,-0.016273750647192158,-0.0024756013983127908,-0.001470097376484498,-0.0034877042542255502,-0.0026170353549079396
CS2_38,759,0.7164555899391019,0.8003531039811991,-0.0677898024187231,-0.011877451316408988,-0.00192739705646265,-0.0018936468387071444,-0.0009665502003643585,0.0005573338438570497
CS2_38,760,0.8425989770142834,0.8025800650723559,0.04127990363103472,0.0016784232119388617,-0.00026036089767867164,-0.0019184920260173052,0.0037875911491204992,-0.004548153126915561
CS2_38,761,0.8427290048070333,0.8083875651114906,0.01679169839183083,0.017423767453395377,0.000710938245063536,0.0016855571960384533,-0.0005959671381732368,-0.0016745544531146786
CS2_38,762,0.851141182917053,0.8114950821334855,-0.0017786245295802461,0.03621831429918189,6.632730781688918e-05,0.0015064893811849156,0.0010330338917682173,0.0026005604289766285
CS2_38,763,0.845797731811119,0.8219542585359304,-0.02674558127356511,0.04635952686388834,0.00038938253759479596,0.0008626841692703605,0.0009662413448871608,0.002011219631254736
CS2_38,764,0.8418006847559381,0.8337379573415765,-0.03952720025125571,0.04465651452086173,0.002000218516958051,-0.0003376431464785353,0.0023744690585065526,-0.0011036312843228527
CS2_38,765,0.8506671196343678,0.8416148452086304,-0.024441600719022304,0.032342058209347394,-0.0002159515835457219,0.001651843812524958,-0.0007495481415166355,0.00046547284394001404
CS2_38,766,0.8510311322306015,0.8527152989124647,-0.009534799747557367,0.009576511499931259,0.0007836429101194824,-0.0003982050131026018,-0.0014717295236764607,-0.0006395868117480688
CS2_38,767,0.8454625652138992,0.8601460663117301,-0.00042667476540082203,-0.014605948723813633,0.001855229362258741,-0.00012134733331027825,0.0001068180722047601,-0.00149157771147992
CS2_38,768,0.8367009796096685,0.8676071090258164,0.00932835979206057,-0.037320614144683295,-0.0018706484780797589,-0.0009123251722370565,0.0003998649328740298,-0.0005307663439215547
CS2_38,769,0.8342670584142153,0.8727034351819912,0.0238871393297301,-0.06125260688832982,-0.0006080430073957755,-0.0036526649989423433,0.0008062148511351898,0.0023835839492629234
CS2_38,770,0.8347513025397868,0.8823542659510019,0.037944833107354976,-0.08127957109502464,-0.0021242188144411623,0.001744856068981893,-0.0015488283124797722,-0.002340034362584078
CS2_38,771,0.8320283717893844,0.8865723683450265,0.04927457216085755,-0.10307798327036165,-0.0003826120418852607,-0.000703435693532091,0.0005949139953169932,-0.00024945170181236314
CS2_38,772,0.8291186079835349,0.8930461600260373,0.05625028544632789,-0.1184383186269999,-0.0011956785170303317,-0.00043772954011996864,-0.0011615765987031802,0.001055465799533908
CS2_38,773,0.840329971556006,0.8988792667114777,0.07177256958528752,-0.12995917048219227,0.0006988634170227051,-0.00020174477460462603,0.0012966379487927547,-0.0021564508492202612
CS2_38,774,0.8419734107552355,0.9011386900421396,0.06558670522385762,-0.12605270901232338,0.000532658390475757,0.002476021084388305,-0.0015465786622085715,-0.0001613763112624813
CS2_38,775,0.8421426651887618,0.8999225848732266,0.04560847489461358,-0.1057067383928781,0.0017579928280127563,-0.00046624526345178513,-0.0008139755031676679,0.0018405717521629483
CS2_38,776,0.8301181825345889,0.8934438380396948,-0.0012467721060998407,-0.06634914107864402,-0.0005515243884622122,0.002168411715937313,-0.0001890705507753326,0.0028424409080074625
CS2_38,777,0.8238238475704431,0.8868471425184878,-0.046421418237340216,-0.02091936353332001,0.003199344564542247,-0.0011445744836397138,0.0013444433877907137,0.0009182733617725589
CS2_38,778,0.819623074472446,0.8727914554677576,-0.10078753779030232,0.045185755501307774,-0.0028427546654140093,0.001884210159093988,0.003414751435924687,-2.280562621551328e-05
CS2_38,779,0.821271958701967,0.8556195539163086,-0.1541827890962713,0.11928839358933876,-0.001863665912114308,0.001224718671521941,0.0005373690346921686,0.0006483785074689173
CS2_38,780,0.8205041686723398,0.830043679906658,-0.19762076141425813,0.18181614648890915,0.0020821428916519935,0.0015081544423519847,-0.0008760127629214367,0.0035508191292651994
CS2_38,781,0.8238453894118418,0.8041576543549188,-0.20595322497356175,0.21984366435216834,0.002547282326352785,0.0006455112865167912,0.000313036922139874,0.0022914651511476633
CS2_38,782,0.7075134441585327,0.774577664097647,-0.28263404387020935,0.20866020213851943,0.0026515844146445746,0.00039412693692103827,0.002030539969470356,0.0018333705307785851
CS2_38,783,0.8303215201509424,0.7479592634769978,-0.057247464293869975,0.1363588666857392,0.0022428471327517164,9.148946123957386e-05,0.0011438455630589657,-0.000227327869995463
CS2_38,784,0.8310543174559228,0.7227883817142099,0.0878289575546763,0.023431083093499127,-0.0011387480979492331,-0.00042957162586775124,-0.0005562965487679604,-0.000869488629221877
CS2_38,785,0.8202950652062135,0.7008754187655698,0.22860325399717313,-0.10449874883371837,-0.002341240540903113,0.0010892577421422495,-0.002481312289143978,-0.0009515636254968331
CS2_38,786,0.8160207808281861,0.6902677848882783,0.3386379480933661,-0.2028033503026038,-0.0009005522323536846,-0.006105629360904892,0.0011437681221444838,-0.004219188368442542
CS2_38,787,0.06416786246701989,0.6850222966633475,-0.36718374645993446,-0.2418046660404768,-0.00399300944831869,-0.0037016070120791753,-0.0011134464118839785,-0.0030579584801503534
CS2_38,788,0.844963143724722,0.6936229668206062,0.3653748522607113,-0.2005261090765687,-0.004860630626698554,-5.266530635002161e-06,-0.0037992130044211966,-0.004843456119761622
CS2_38,789,0.832599212286379,0.7063049489141114,0.2420163436888658,-0.10496297912151162,-0.00410538741492541,-0.001475667474521022,-0.00170569336156428,-0.003472352940102718
CS2_38,790,0.8024743244006118,0.7255513231183683,0.07623108292589323,0.004049006580077264,0.0013081397297890725,-0.0006857731463396017,-0.00254683488146802,-0.0014326199084254956
CS2_38,791,0.7862309783854822,0.7484867813684778,-0.06331641492702379,0.10006829278246995,-0.0005533203577420012,0.0005161145468606512,0.0018057001124604064,-0.0007761751155611754
CS2_38,792,0.8031682530473048,0.7731634042887933,-0.1429317736797174,0.16673034237222747,0.0020355500565502143,0.0007673899705787442,0.0022041721716243444,0.001199167884224564
CS2_38,793,0.8058842969842939,0.7963321824008691,-0.19750543751320013,0.19676047139602168,0.004985634829699753,0.0007098292280830664,0.0012817083356698898,0.0033199083229269537
CS2_38,794,0.8052768440229263,0.8177702362134198,-0.2196213623983789,0.19812701927006945,0.0025914630283517337,0.001746774145946837,0.0036178294129011954,0.0010448843666609198
CS2_38,795,0.775718338359396,0.8307118722743426,-0.23975111090533022,0.17270809296765863,0.0025598035832173887,0.0024362004678761613,0.001808538748039495,0.005244941252696284
CS2_38,796,0.7624276471800204,0.841465652543274,-0.22671093437124937,0.14064078499754454,-0.00031321879688408203,0.002841767630323252,0.000651375773522494,0.003852219438466108
CS2_38,797,0.7564732728930039,0.8463929660858892,-0.18801059434560152,0.09647404359545522,-0.002401988089468137,-0.00041134968532459735,0.0021584439016529887,0.00227175146800811
CS2_38,798,0.7476507325571164,0.8429092319128936,-0.14264749029105062,0.046602121139956376,-0.004642848532736675,0.0017566802062279725,0.0021355942260374463,0.0015374439372937213
CS2_38,799,0.7458949268710029,0.8357766410649251,-0.09113905365096976,-0.0006001671770840995,0.0011706718394327176,-9.618841999879165e-05,-0.0014550353938039887,0.0022380586507827977
CS2_38,800,0.7377055061720288,0.8234327930693696,-0.04663931361768335,-0.03919246227526225,9.850212681546195e-05,0.000556162510135108,-0.0015216712637523635,0.0009714956683059956
CS2_38,801,0.7608937871580057,0.8073338762605355,0.02026162881577229,-0.06966945959028853,0.0008236548552689807,-0.0007497648911764151,0.0013114163740923436,0.001582435369455767
CS2_38,802,0.6321559019590861,0.7928125331573852,-0.07432458663638551,-0.08735197060014455,0.0024455265712647473,-0.001635507142754451,0.0013662522448106079,-0.0011563455425563178
CS2_38,803,0.7686644852300919,0.7754411772417947,0.07932253888176452,-0.08558591744822602,-0.0008930766900231853,0.0007970360707663486,-0.0007670112575732706,0.0003497384638097572
CS2_38,804,0.7404352719558069,0.7605237238690764,0.049722570167870156,-0.06557180693790472,-0.0021125002972045524,-0.0017924217518021487,4.6361587775400826e-05,-0.00038065463731032313
CS2_38,805,0.7325084970061173,0.7486870554603173,0.03218479124854591,-0.04278845254779231,-0.0012928142659397238,-0.0032202981522443603,-0.0005516832610922998,-0.0005101014274816443
CS2_38,806,0.7316045633892774,0.7367456321345394,0.01930271325282523,-0.017969909953834115,-0.005724567671503563,0.0015795494008420182,-0.001968243098581241,-0.00036061062641538834
CS2_38,807,0.7258944645077108,0.7310254488908712,0.0059352493654693085,-0.005605317935190178,0.00066326035740432,-0.0018023953161875159,-0.002658092029724655,-0.0016636887738139062
CS2_38,808,0.723813387246695,0.7243225347660117,-0.005300097539183512,0.006013485129205012,-0.00027758269469703065,-0.0009690282528288443,-0.0006908854667605701,0.0007149613569854609
CS2_38,809,0.7150398626201486,0.7240414478240013,-0.019577274502493656,0.010328454822544252,0.0010420264857797536,0.0007150713679868871,-6.409628756866179e-05,-0.0014457670341876342
CS2_38,810,0.7340276500681284,0.7246542519194347,-0.0027496858616184007,0.011165206503289702,0.0035533957796429214,-0.0014169628937576208,0.0005461452564342256,-0.0017247005877726728
CS2_38,811,0.7407010340121083,0.7214479915099856,0.004698313340674257,0.012267133272981925,-0.0009676595222034731,0.0009967944734148352,-0.00019819178996270236,0.002456652771793795
CS2_38,812,0.7447915390639679,0.7200580750173954,0.011727279321899748,0.009609559752162244,-0.0007996155340455168,0.0025895332656606777,0.00011698827503462292,0.0014897190086293833
CS2_38,813,0.7186308144219176,0.7189574795519567,-0.005379626265603275,0.002097899316197394,0.0026370119223607168,0.0003088591563776486,-0.0022674154930337705,0.002276606287989197
CS2_38,814,0.7130539757851793,0.7114248928264546,-0.0046933067987133086,0.0031661022121803246,3.494771183084482e-05,-0.002195582847213588,0.0020474254390705107,0.0032694972983609294
CS2_38,815,0.7120948592843028,0.7117787726240015,0.0018925517137731896,-0.0012080724589567278,-3.7136917288282093e-05,0.0003404995152170464,-0.00040093247703791834,-0.00027082265819125095
CS2_38,816,0.708581020732705,0.7050674216735974,0.0013392093340649173,0.0012111264271582373,-0.0019610887316571066,0.00059873824467677,0.0030664241447258514,-0.0007408103010937819
CS2_38,817,0.7069958715848941,0.7020811673000883,0.0024788119171398927,0.0007263940402618051,0.0014805434663210323,0.0010140828261640704,-0.00010645033740448411,-0.000678677568208907
CS2_38,818,0.7013977270553298,0.6980775986992781,0.0004362437696201397,0.0031697367726192956,0.001080827404707065,-0.0020685902985548405,0.0007684502034457843,-6.653943384471536e-05
CS2_38,819,0.6983105343734657,0.699576936102196,0.002030655021920328,0.0012251942442502279,-0.0024682553459979286,0.0023491433934198207,-0.000847312399461008,-0.0035558265795567322
CS2_38,820,0.6954417388097447,0.6989958299259988,0.001401472432077255,-0.0006467102026935858,-0.00014302479844266672,-0.0010710797298536332,-0.0010425954303498373,-0.002052153322419241
CS2_38,821,0.6928270289260574,0.699002244446055,0.0009487041111147054,-0.0021797822686387687,-0.003404469238877923,-0.00033802461373164344,-0.005073582574853862,0.0038719391307176394
CS2_38,822,0.6912212243428613,0.7001318521598865,-0.0009602771967052178,-0.004569231044822459,-0.0008611668261537911,-0.0030271939259670674,-0.0005976438122603045,0.0011048850553208008
CS2_38,823,0.689647200498964,0.705035175968403,-0.0033018983723204663,-0.010309675331986092,0.0014212338229017156,-0.002408646550439868,0.0018718756750087811,-0.0026608646454704624
CS2_38,824,0.6937322680911642,0.7041217778842065,-0.006975756927534389,-0.0039606259627457206,-0.0025014777568807354,-0.0003455182977737222,0.0014977585450045613,0.001896110672215497
CS2_38,825,0.7026442175988308,0.7079437297268073,-0.006960843971344735,-0.0019160033371477458,0.0010396788540875986,0.0016604166112114186,0.003209643428509956,-0.0023324036519027183
CS2_38,826,0.7086045196857285,0.7010345402756037,-0.011439839842634116,0.007715948159669765,0.002515417853101252,0.0024898922132434694,0.002265732947502252,0.004022828137999041
CS2_38,827,0.7053926931606931,0.6988230826433894,-0.020730814029628942,0.016756867727913953,0.0042435870193029855,0.003953039040716151,0.0013144182669998566,0.0010325125521755425
CS2_38,828,0.7047041687681279,0.6941570237531262,-0.015519234690940551,0.020074897306980803,0.004189008401838335,0.0007741914841708753,0.002558440275222438,-0.0015301577017899767
CS2_38,829,0.7042274346101642,0.6837581885250061,0.004106875853936539,0.013521191224567495,0.0021747926073944564,-0.0006222894952520335,-0.0022594920552910665,0.0035481680104934975
CS2_38,830,0.7047981591616299,0.6768957505544415,0.031600152204358155,0.004107009183436579,-0.0032810963305560997,-0.002557541526684732,-0.0006091372663664602,-0.0013569775965603745
CS2_38,831,0.7052112724786497,0.6746629316401316,0.05734986585074293,-0.012976090398816238,-0.005396906270816546,-0.0036489687941149707,-0.0024321823969656103,-0.0023473770912553105
CS2_38,832,0.5676005940869899,0.6720422339283375,-0.06326576870462486,-0.027514081974367246,-0.0035144271008036147,-0.006400221660447062,-0.0015072023771821757,-0.002239937902866875
CS2_38,833,0.7038818612419036,0.6754271679358419,0.059917238496612846,-0.01973160613239374,-0.005010176565697909,-0.0018015513460518276,-0.002518386208189115,-0.002400824877375161
CS2_38,834,0.7045824720476332,0.6805721753567089,0.03404974732272008,-0.005301025813923384,-0.002168660241307777,-0.0017190158738257717,0.0009720359676007273,-0.0018227846098056908
CS2_38,835,0.7028866695244176,0.6906066638668515,0.00395369387428348,0.007257354138684463,0.0017173268512854767,0.0011316156822938884,-0.0025016241736574274,0.0007216393459593491
CS2_38,836,0.703208557649269,0.6980350897054899,-0.01859793655194234,0.01842099583612812,0.0015298787609858955,0.0018164137733345067,-0.000984689002543607,0.002988805188957569
CS2_38,837,0.7022217765018084,0.7075008195897299,-0.03127439356131733,0.018386631106974277,0.003142274974847578,0.0036797956412413482,-0.0017228700126496834,0.0025095188245592617
CS2_38,838,0.737089876835464,0.7148918753734246,0.006459889664705816,0.0072469564782156985,0.004806093632779531,0.0016697752437297042,0.002180319657828813,-0.00016503316904876002
CS2_38,839,0.728763644598528,0.7158529700069624,0.004420471672428955,0.0018569528802688045,0.0006505936980686167,3.289670833516985e-05,0.005000688570635187,0.0009490711116790245
CS2_38,840,0.720691626844379,0.7181962923254411,0.005419084104268589,-0.007452067690980794,0.0023732118798007167,0.0010209024912542163,-0.0008703153902358364,0.0020045191782475133
CS2_38,841,0.7135800950974458,0.7166507066203482,0.002470051337667764,-0.0028002931130688786,-0.002017356176936238,0.00019508764315022593,-0.0013329072009421507,0.00041480604378545333
CS2_38,842,0.709104372412309,0.7138752496727774,0.0001468479571854277,7.803619685278843e-05,-0.001851254303270723,-0.0017640841718490142,-0.0005787615115049745,-0.0008016613693459402
CS2_38,843,0.7056223600267635,0.7113509994509213,0.0007388303831521338,-0.002117649745605284,0.00022002753545576477,-0.004511861009770136,0.0007686752463834407,-0.0008266617736992175
CS2_38,844,0.7028577609471425,0.7079400594821985,-0.00019793196874973322,-1.2255581206915422e-05,-0.0015517199490585123,-0.0006886617135060374,-0.0024680477998678747,-0.00016368146137105344
CS2_38,845,0.7009703621157515,0.704222710746665,-0.0018096293666051658,0.001258058485569872,-0.0004457147814816808,-0.001678655444088581,-0.0004186735439945867,-0.00015773391818359105
CS2_38,846,0.7080496750767606,0.7027918617346838,0.002682115119138933,0.0018476140693170586,-0.0012642595464225628,0.0015163248278910943,0.0009884685897970033,-0.0005124496586426077
CS2_38,847,0.7041596476282317,0.7014278715576201,-0.0017995440687598647,0.001572309257886234,0.0020857971151207297,0.0026172697725467494,-0.002314594896115704,0.0005705389506541147
CS2_38,848,0.7058863383944782,0.6982327042896336,0.002835314043300867,0.0012342626230852582,3.607981238516786e-05,0.0011680828247505137,0.0010360149427860869,0.0013438799184945379
CS2_38,849,0.6997661465018723,0.7002816825847931,0.0010151416644863115,0.0015676148841663685,-0.0007933775631166664,-0.001859529291284018,0.0016267706921462045,-0.002072156406657107
CS2_38,850,0.6948161425762702,0.6989592001485497,-0.003765326137867375,0.0011377988532476466,-0.000345285120920721,0.001566939094202644,-0.0031489159596738907,0.000411731763581115
CS2_38,851,0.6929488177949832,0.6961455130873888,0.001328499228682522,-0.003867496758127035,-0.0015186391589721334,2.3899823976893344e-05,0.0027013618861277916,-0.0018643202484196974
CS2_38,852,0.691990307731329,0.695316488107037,-0.0002077817759259641,-0.001056241978875243,-0.00026471859483187467,0.00020268129774961188,-0.00027979879835128205,-0.0017203204593758113
CS2_38,853,0.6908035239426074,0.6917768194761387,0.0005390218443441531,-0.0010653208874964954,0.0008412178835250577,-0.0030808433955668655,-0.0005428534795539336,0.0023354825678385386
CS2_38,854,0.6885335085792157,0.6929038401592231,-0.004428100033616349,0.0017095237562638973,-0.0032492056454820903,0.0013841687410323083,0.00017932341556660105,3.39582538529252e-05
CS2_38,855,0.6892256615998082,0.691859200803744,-0.003185800539993587,0.0014397580708576333,0.00031259983859261873,0.0007022502613737931,-0.0005524580705259136,-0.001349888696921394
CS2_38,856,0.6983709814144898,0.6879517104306205,0.0065972135427859995,0.0036349100770087348,-0.0019163329751909184,-0.00019953454962470807,0.0005789122126779422,0.0017241027394905373
CS2_38,857,0.6947981399267018,0.6877884670715304,0.004104585049049941,0.0008651712388717361,0.0021517939879439492,0.0008428459424501867,-9.783029816555852e-05,-0.0008568930001220524
CS2_38,858,0.685912328237297,0.6849774111516644,0.0002030511730733692,0.0020875247343799556,-0.0007467543587541917,0.0004340952942429974,0.0005664599570709086,-0.0016094596455976894
CS2_38,859,0.6798842012326176,0.6799475619870025,-0.0027369163063800236,0.00012613727722468653,-0.00032575490108532906,0.0019131079559840908,0.00022296583014569764,0.0007370994611722473
CS2_38,860,0.6771653134000797,0.6811860427345614,-0.0005498601914628138,-0.00011393903193073894,0.002368117471000211,-0.001986408076560076,-0.0010552035326363966,-0.0026834359002444914
CS2_38,861,0.6751025661895511,0.6771962847958153,0.0011141093835131432,-0.001264276397658784,-0.0018701420254246123,0.001819452772072959,-0.0010785859132924002,-0.0008142763519156525
CS2_38,862,0.6718946544212514,0.6758920356330604,-0.0002488453671754428,-0.0012133136937810137,-0.0005625737281687168,-0.0008006903153046447,-0.0006583623536652382,-0.0005135956787378714
CS2_38,863,0.668529930922368,0.6742285091544646,-0.0034908712468553105,-0.0002728868978019671,0.0009320928543091322,-0.0017050156263284228,0.0003669081720025261,-0.0015288054109597665
CS2_38,864,0.667648428837154,0.6719052631882187,-0.005498774231960246,0.0026260833130628855,-0.0011108558345191617,-0.0004396991868869852,-0.0011934153097521724,0.001359826975843239
CS2_38,865,0.6706802349047472,0.6743181269660469,0.002174173158725649,-0.0013287256722365112,-0.003564086309872226,0.003186362804797583,-0.0016277045695671506,-0.0024779113976343414
CS2_38,866,0.669943978905625,0.6675254763291533,0.0001130984952867366,-0.0014371490356073133,0.0004934361874678008,-0.0009626063005173305,0.0019915823839870964,0.0022201409216926933
CS2_38,867,0.6718509748082262,0.6680598308550272,0.0047611645614280065,-0.002567021396461239,0.0022889348888468267,-0.0021507173591028546,0.0015580371573154315,-9.925382383173375e-05
CS2_38,868,0.6700017073304565,0.6662809176170992,-0.0008999578731369489,0.002696747778303828,0.0024745758093245415,-7.768308257759035e-05,0.0001590286384745054,-0.0006319214812185517
CS2_38,869,0.6637600504111383,0.6644097064297613,-0.0013192724745187063,0.0011951873500692623,0.002224130013713317,-0.0015712733270889536,0.0007067320326403342,-0.0018851595348680266
CS2_38,870,0.6610192456662922,0.6597671194103413,0.0007814941644830647,0.0022885416133179106,-0.003078304082999842,0.0027676415619581948,-0.0007579077634665074,-0.0007493391575607174
CS2_38,871,0.6540312895367357,0.6565173534349573,-2.7719767305286366e-05,-0.0017901284211477013,-0.000539419042093601,-0.000960488620248284,0.0005221570782829149,0.00030953495715901647
CS2_38,872,0.6494725578537128,0.6536303253171616,-0.0004504818930112957,-0.0030581219369736155,4.288233780832244e-06,0.0009966598060727405,0.00011094985956116542,-0.001761061447995837
CS2_38,873,0.6452263708942922,0.6496232170268508,-0.0025618154492413688,-0.000398992399639087,-0.0008564983183575742,-0.0016498915706733622,-0.0010921161091569593,0.0021624678012686126
CS2_38,874,0.6429095494031998,0.6460147756785172,-0.0016351163586100078,-0.0005089270984222684,-0.0019721640743883707,0.0014052237429738328,-0.002248645647244205,0.001854403248156042
CS2_38,875,0.6481281561096672,0.6463137392199081,0.0028710539731407764,4.4003471279954086e-05,0.0030933868626929085,-0.0027690023188680283,0.0005476161450713635,-0.0019726411580810684
CS2_38,876,0.6447006363242131,0.6419640984777562,0.0006496241657545468,0.0011422813965848283,-0.0004181438849556001,0.0027911956764284755,-0.00042867510719176534,-0.0009997443131723458
CS2_38,877,0.6435601351840887,0.6392461125249107,0.0014861153702851314,0.0019192151057049725,0.0024101477795908173,-0.0016501837343764344,-0.00017600967434281046,0.00032473789981137197
CS2_38,878,0.6402213403628849,0.6365529891672806,0.0028680877227907826,-0.0005763540207124773,-0.00031930879926235647,-0.00015014509938267325,0.000572497828728074,0.0012735736524131234
CS2_38,879,0.6357161811928194,0.6363985646046466,4.9535603877624364e-05,0.00047784028064801215,-0.0011458398632395346,0.00048813317242425497,-0.0007395754196390742,0.00018752290506213832
CS2_38,880,0.6291332575978359,0.6344861473453262,0.0024163677087455132,-0.005544400880757145,-0.0019896906901216947,0.0004424905688568904,-9.18925224067744e-05,-0.0005857638379378473
CS2_38,881,0.6241386601417211,0.6313179262256555,-0.0006134653751321024,-0.003946573002219344,-0.0029492932434194825,0.0014587495561103874,-0.0026055270810026172,0.001476843157804646
CS2_38,882,0.6216040200034065,0.6285112012917606,-0.0022084425495321716,-0.006246621516690926,0.0016257354969965263,-0.0014720124079883822,0.0014943548354643648,-0.00010019504940775993
CS2_38,883,0.6192550624321882,0.6234275283149054,-0.00832846562894035,-0.0007082830323458898,0.003957365628974574,-0.0003368513976576107,0.0012192009527302447,2.4567692755343847e-05
CS2_38,884,0.6167873295496094,0.6204825689580937,-0.015061464332926959,0.007994789181976042,-0.0006714845692762981,0.0023539602427822587,0.0013531392056518124,0.00033582096263265997
CS2_38,885,0.6155681588710955,0.6157951540512974,-0.020628117630558156,0.016311474987364627,0.0008361228340175106,0.0004117026654769074,0.0015917125095137568,0.0012501095538459779
CS2_38,886,0.6159634399112264,0.6109880968135629,-0.020109336367580142,0.020893006629312347,0.0031797754549531677,0.0009825775703219113,0.0007247904716600516,-0.0006954705613160693
CS2_38,887,0.6152224994997155,0.6052195452917796,-0.011747585246767693,0.020882713987669693,-0.001907748350429382,0.0022417937662457116,0.0002795219831967989,0.00025425816803615925
CS2_38,888,0.643075995971463,0.600093925993284,0.0376265853343296,0.0036143876887375576,0.0020655166052564117,0.0019129445495028909,0.00027989668224289203,-0.0025172607941814367
CS2_38,889,0.6301955963893299,0.5989962874801645,0.05117565179999446,-0.014381606836982428,-0.0014531019778564402,-0.0012698962088429624,-0.00167839291617437,-0.001193344857573144
CS2_38,890,0.6164331583657361,0.5961038009829135,0.061168024550693624,-0.0321981595970494,-0.003632047390005644,-0.0027547023117851645,-0.003513612132019542,0.0012598543624690649
CS2_38,891,0.47511804909085287,0.5957624189884494,-0.07243916483840836,-0.04340847792557979,-0.0006399142528662065,-0.004830070621866785,0.0014555907883486527,-0.000782332885307358
CS2_38,892,0.6070521845966503,0.5985547509860712,0.044737213891166056,-0.02891318058245456,-0.0027013381004108872,-0.001140026514222634,-0.0017767878801333355,-0.001708447099740452
CS2_38,893,0.602545615827788,0.5985396205081347,0.005622251399953053,-0.0016367241411904987,0.0007405124804516033,-0.0019362607479348672,0.0007878178859093849,0.0004283985480807284
CS2_38,894,0.5989214791820454,0.5985584014369889,-0.03195215212004828,0.026148384122193315,-2.3971769975177812e-05,0.00445741439797125,0.00018746743079677474,0.001545935791335948
CS2_38,895,0.5963075612867401,0.5984618948966426,-0.05475114198247851,0.04444877128673281,0.003324223606729452,0.0019713682179503707,0.0036771633161108036,-0.000824717946575057
CS2_38,896,0.5948196455196859,0.5941999546823538,-0.05304983404327228,0.044253177785395566,0.0036618147852329665,0.003897672958503873,-0.00020480085536903997,0.0020616603158707092
CS2_38,897,0.5998419825860744,0.5889751340314107,-0.020062424365057254,0.023925404605213883,0.0029152633041447805,0.0010886775739733954,0.0013670923655649972,0.0016328351776345783
CS2_38,898,0.6043186200833963,0.5823562048742896,0.02118320168554847,0.000467623959645006,-0.002079739177870628,0.0004838178108789615,0.0016713823690810419,0.0002361286666566032
CS2_38,899,0.5976821965161827,0.5763314731998058,0.0504628802949181,-0.025386293796497948,-0.0008970152253811259,-0.002384066268275608,0.00196804643554053,-0.0024128280161620367
CS2_38,900,0.4560019139892759,0.5696100701363391,-0.06900402297296937,-0.03755557973176689,-0.001561150414478166,-2.755934281471493e-05,-0.0022589559658956994,-0.0032008875487758246
CS2_38,901,0.5861125762914812,0.5632286612832647,0.06008984674296584,-0.03134599127681988,-0.001886691776927352,-0.0029920987943154592,-0.00033913120439053954,-0.0006420185694193316
CS2_38,902,0.579055058526885,0.5623895061327189,0.03821127815731963,-0.012777507430739748,-0.002943824397355476,0.0005887901467938363,-0.006283044552335485,-0.0001301394135217793
CS2_38,903,0.5742848832425498,0.5610268045550411,0.015121915468981648,0.0036415628472771886,-0.0020535197706670265,-0.0017826564824661231,7.590322159022338e-05,-0.0017451264791047685
CS2_38,904,0.5697905567649038,0.5626775545482686,-0.0020631620639158126,0.012728740284839548,-0.00042985357844835346,-0.0008494500892670816,0.00022775551928580165,-0.002501027735770854
CS2_38,905,0.5657376060070387,0.5640569157309437,-0.014540533812773723,0.015575446772043682,0.0002505868166866056,0.0001843145904320056,0.0012771313498865585,-0.001066255318301336
CS2_38,906,0.5639378854327681,0.5648732570997483,-0.01675926914549826,0.010035467571910279,0.0035874946574484747,0.002566462337446963,-0.0014829053766957855,0.0011173784110821634
CS2_38,907,0.5617431012556242,0.5642873826354703,-0.014972268652294993,0.0053593016035998215,0.0017271982467801012,0.0014197983840087683,0.0034852331340089505,0.0004364560276949348
CS2_38,908,0.5655888839277079,0.565439174970503,-0.004537189157088095,0.00013226366843381994,0.0005078894208581204,0.0007704834705526709,0.0010738997627816821,0.0022023619136112603
CS2_38,909,0.5652296247897013,0.5640435360437426,0.00125229164818478,-0.0011903853155288385,-0.0011158594246994426,-1.975594625470952e-05,0.0018453042709699725,0.0004144936353902658
CS2_38,910,0.5631278587814279,0.561539776930311,0.0016609016802461478,-0.0024213013883911216,-0.00030616799858584914,0.0009474867897254632,0.0027084690544222304,-0.0010013061632681327
CS2_38,911,0.5631560036209695,0.5586980447361878,0.005291481758461841,-0.00015333082815229606,3.152440008944534e-05,-0.0015304587785339966,-0.0017746300911767325,0.0025933725471129084
CS2_38,912,0.5538390453411601,0.5556279006345659,0.00037020800836275706,4.721639633467988e-05,-0.0010742056248361663,-0.00040107711781041063,-0.0005270203656192716,-0.00020397646270150634
CS2_38,913,0.5509846075755007,0.5533264906000841,-0.0002259207254090496,0.002683888531696723,-0.0024179951157571157,-0.00043517328303557487,0.0021972344778604398,-0.004143916781541764
CS2_38,914,0.5467417121326417,0.5487698609450193,0.000518300009833547,-0.00029130389810274774,-0.0002935310974428722,0.00015602149808540121,-0.0004465212613916772,-0.0016711139330876266
CS2_38,915,0.5450543647748116,0.5455240025839118,0.0022921986413231695,-0.001438261525909551,0.0021936928626498323,-0.0038411626898862783,0.0003164835263719218,7.411507367863671e-06
CS2_38,916,0.5422496133438663,0.5445713115323607,-0.0009226689102985002,0.00031145395905633,-0.000951905248451331,0.00035616143944089835,-0.0011289586426672315,1.4219346681914945e-05
CS2_38,917,0.5397886665083078,0.543821905827349,-0.0019070302186795628,0.0012562228555531873,-0.003045701572492042,0.0009028938956530688,-0.0014891677879120206,0.0002495436421799125
CS2_38,918,0.5421094137247309,0.5424695468195792,0.0013451100021292914,-0.0028110214511065084,0.0007914889010903958,0.00031326844896446154,-0.0002812343165309734,0.00028225545292331666
CS2_38,919,0.543723362321245,0.5407667674332157,0.0016852964029566138,0.0008233710775652353,0.0017783171546086488,-0.001888369094107717,-4.4131790219257625e-05,0.0006021112688310511
CS2_38,920,0.5415752433141456,0.5397964424892218,0.000562758259628197,-0.0002818304571407735,0.0006810604137104071,0.00241745969104823,-0.0009532375115771217,-0.0006474094381907239
CS2_38,921,0.5405511632674731,0.5383514626547143,0.0034830879969009135,0.0019462325050956042,-0.002942210459069676,-0.001631287070258246,0.0029750585359295443,-0.0016311807628325993
CS2_38,922,0.536293478683163,0.5363186190708168,0.0001736947545830532,-0.0003556918468563512,0.0021136590474998135,-0.0017743107449060753,1.6707881739109045e-05,-0.00019919934482536808
CS2_38,923,0.5307882095277172,0.5324866971005278,-0.002509577390618906,-0.0008363580117773897,-9.660225889902881e-05,0.0014283357239042367,-0.0014591743988440135,0.0017748889007448395
CS2_38,924,0.5280242844098737,0.5295338699644931,-0.000572412058089763,-0.0014580379625445312,-7.961593004498104e-05,-0.0009068055760833625,0.0009697772189198005,0.0005375088917650032
CS2_38,925,0.5261676966409752,0.5246970117656145,0.0009934701879101516,-0.0013878938776735591,-0.0020650841852557513,0.0030542918721716814,-0.0009997675163371743,0.0018756685339072008
CS2_38,926,0.5237380018193996,0.5210483852548682,-0.0003744226593286681,-0.0007640898358427862,0.0035281611966726965,-0.00040801585525013424,-0.0006728869622509234,0.00138087082096639
CS2_38,927,0.5211627572416617,0.5189503534006499,0.0004129832073671247,0.0014650926109456375,-0.0002970321685488546,0.00010115637872532262,0.0007479742466645873,-0.0002177702925689956
CS2_38,928,0.5194019736010098,0.5189932389779324,0.0010773178809560184,0.0010920725264835461,-0.0005249353104884027,0.0006937689851436733,-0.0014866395687406179,-0.0004428497479257246
CS2_38,929,0.5173520907401894,0.5182243532713477,-0.00037543061323398643,0.002214689280101162,-0.0015371515176826217,0.0010070563471160532,-0.0016640433387443538,-0.0005173825454579011
CS2_38,930,0.5153684309670261,0.517711205477267,0.0010492775929522935,-0.000942871849533226,-1.4824999036867888e-05,-0.0030616495052889947,0.0006582866022235456,-3.0992207424452564e-05
CS2_38,931,0.5131853338366419,0.5227669994020742,-0.003970685379652132,-0.00086401623231719,-0.001818352190044728,-0.0022360176635801677,-0.0006943320828339138,1.7381280934879313e-06
CS2_38,932,0.5113006543320573,0.5275080531643468,-0.010109258167929801,-0.0015937728072672244,0.0004225306046418508,-0.0013459800333353894,-0.0022771240162063563,-0.00130379426626231
CS2_38,933,0.5355141964166457,0.5298277370752092,0.00769218858912581,-0.0013676179456116493,0.0004421981648643643,0.00042374139491843193,-0.002262209334520169,0.0007581586078918496
CS2_38,934,0.5401775108525335,0.5329524224416394,0.0037921606295421694,0.002208793773648123,-0.0006280733995479916,0.0016453262743208194,-0.0008439671854459139,0.0010508484515487568
CS2_38,935,0.54244558047289,0.5364980016353513,0.0021420081497062708,-0.0007442972022239276,0.00459194649479474,-0.001855232216832312,0.001349053062684724,0.00046410068157910067
CS2_38,936,0.5432790708927051,0.5397936396617482,5.9783619319244875e-05,0.0015674945637518247,-0.0006041472037126046,0.0023767095264342402,0.00029962937700171895,-0.0002140385200360594
CS2_38,937,0.5436657406142444,0.5365842505042875,0.0014486722878489142,0.0022040337503573936,0.001514466212429777,-0.0005785958606392582,0.0011839435891468882,0.0013089702624439394
CS2_38,938,0.540273398417111,0.53613043009615,0.0036540006311431726,0.0012530135342283342,0.0002488098150479551,-0.0006483467794539116,0.0016745498095175116,-0.00203905855639269
CS2_38,939,0.5277327337661321,0.5301232144728121,-0.002459544569611915,0.00020095768071395415,-0.0013093393297166193,0.003085408617121308,-0.002709888034161867,0.0008019250676454161
CS2_38,940,0.519123711861448,0.5225312149019807,-0.0024461636375268515,0.0004263934722235523,0.00020168021965713014,-0.0018921585436314074,0.0010199561370528834,-0.0007172105458341697
CS2_38,941,0.509767914112611,0.5131833972360756,-0.0034158125240885137,-0.0005730324416420015,1.5921328689648943e-05,-0.0024622315034799297,0.0006564591873434826,0.0023632129763202555
CS2_38,942,0.503247756647804,0.5076980576116568,-0.00018110939295316067,-0.002556471767960563,0.001389578918075676,-0.0028194407819481927,0.002675331804024021,-0.002958189593602362
CS2_38,943,0.4980765105558369,0.5021322587254962,0.0010937426808413106,-0.0003556742759846759,-0.0024657899865385244,0.001962577039127434,-0.0044916994752174965,0.0002010959998858678
CS2_38,944,0.4936811166335371,0.49514478499700876,0.0014045838189920632,0.0004241378034183995,-0.0018176836438165884,-0.0010077577160699776,0.0012988917722859753,-0.001765840244566454
CS2_38,945,0.4902896293858361,0.4914223932217295,0.0008580725383293941,0.001652868439503821,-0.0012263183314677798,0.0004166215553579416,-0.0027988453309635846,-3.5162551439727526e-05
CS2_38,946,0.48709445269199847,0.4865097376269517,-0.0006582344744619646,-0.0011442518901799057,0.0016730503705580239,0.0002691392832897286,-0.0012031539248725783,0.001648165857338644
CS2_38,947,0.4847827786792944,0.4866176972161635,-0.001363821567417483,-0.0006945988734018917,0.000929771701493069,-0.0004413913719405427,0.0010436300434419278,-0.0013085083113975934
CS2_38,948,0.48717600731120925,0.48515880931951433,0.0010784475895983575,-0.00047515106455076414,-0.000664855873977146,0.0006143441352624468,0.002765628101255344,-0.0013012147393041658
CS2_38,949,0.4871480160283994,0.48511350934765507,0.0010432189002959097,-0.001458000421062158,0.00093566324010525,0.0024837692015189307,-0.001026385102456176,5.6241018944150535e-05
CS2_38,950,0.4843805920162936,0.48186790596267803,-0.003019042455638075,0.0009539677778530926,0.003631288092541082,-0.00101671792596686,8.197721742584476e-05,0.001881213505224695
CS2_38,951,0.4837650956278541,0.4786817843888102,-0.00322042120500782,0.003728472067245749,-0.0006614402660618156,0.004095687744687279,-0.0008512506824600365,0.0019922637387367313
CS2_38,952,0.48747268898064533,0.4781432344580991,0.0054842893590018,0.0025101437115924697,-0.0002527816724405408,-0.00031779516924880665,0.0008214858233130292,0.00108411262678641
CS2_38,953,0.47790661138710977,0.4769355754323562,0.001013399778994392,-0.000779960482967666,0.0019029515417028245,-0.0020461526916617585,0.0010481660665814223,-0.00016736809721110287
CS2_38,954,0.46924405349091813,0.47088892011752936,-0.0009874563748373199,-0.0004776005631416358,-0.0012143810376187706,0.00023054779136410256,0.0008770958665312898,-7.307214439689557e-05
CS2_38,955,0.463296582892756,0.466630465892379,-0.004110730269981919,0.0012284672761631384,-0.0011932206010220846,-0.0014843288918042668,0.0007047434157503277,0.0015211862384114376
CS2_38,956,0.46060622068324975,0.4640808672707584,4.168835215985605e-05,-0.0028242163988942462,0.0009445983790315305,-0.0013061828079327742,-0.0016163197534926471,0.0012857858099478924
CS2_38,957,0.46407585234352844,0.4663464514595032,0.0041174056900343614,-0.003019808604542708,0.0007706957872595264,-0.0014688527246820636,-6.632732459299059e-05,-0.002603711772655503
CS2_38,958,0.464983577318252,0.4672273575710395,0.004735721557700838,-0.0004289475539442476,-0.0018067783449227748,-0.0012273420490303568,-0.004119520885060215,0.0006030871888636072
CS2_38,959,0.46439290098371977,0.46625036237410844,0.0018083817947292836,-0.00126359252467517,-0.0013503450535506567,-0.0005714840377496473,-0.002919094362250733,0.0024386729597635215
CS2_38,960,0.46426716611359353,0.47120970757060143,-0.0009614586465729448,-0.0001658668224850854,-0.0024111577418363945,-0.00295129323708964,0.003774157611056505,-0.0042269224533695035
CS2_38,961,0.4675701187239696,0.47136541104957014,0.0012264812360579694,-0.004853719644488986,-0.0015782680971762966,-0.0007962418079705527,0.0024769690647730236,-0.00027051291154419336
CS2_38,962,0.46835108874966025,0.47104607990640557,-0.004956501023580272,-0.0033614876550828792,0.001029761451818073,-0.0007527729846616645,0.0026203079481343606,0.0027257012715334915
CS2_38,963,0.46717010629488875,0.4698734246842988,-0.011098795461646532,0.0019689928485143605,0.0015073420262841726,0.002909711562387949,0.0008559044677182181,0.0011535263327599923
CS2_38,964,0.45980064631412,0.46249243426216363,-0.022149585204393966,0.007402902297018832,0.005083508331616579,0.003535549822501423,-5.8115477635386756e-05,0.003493952451533155
CS2_38,965,0.4573402719874391,0.45301846824190933,-0.018482269928127886,0.011097837483536998,0.004105733551387383,0.0035433914929860555,0.0036498185765966255,0.0004072927389218855
CS2_38,966,0.45419724454779953,0.4419800974716111,-0.011780805914518981,0.01663759405384464,0.0023789299838618944,0.0014161685212337348,0.003473814723095085,9.144587983199921e-05
CS2_38,967,0.45160431861876127,0.4285239543073457,0.010683507826132192,0.010199427408581093,0.0008106812603405631,0.0014864977827629912,-0.0007600663177094873,0.0006603165236137752
CS2_38,968,0.4491991167255218,0.41573634858769826,0.039204423925672464,-0.0001332201487359365,-0.0027834092460854664,-0.0005499852896087189,-0.00195029323136071,-0.0003247476986897551
CS2_38,969,0.4388891751352517,0.40555865098797406,0.05798777352268397,-0.015122221807224613,-0.004548255535694893,-0.002067338197659999,-0.002565328523250656,-0.0003541051336527441
CS2_38,970,0.2970801015563094,0.4002159271350128,-0.066867788927492,-0.022339552163868955,-0.006391319864666184,-0.0006936386415689347,-0.005015107271908643,-0.001828418468620747
CS2_38,971,0.43268028894788735,0.3975728562785905,0.0610584011073257,-0.014935481232374617,-0.00385393320159739,-0.00361457413746862,-0.0012023482211708696,-0.0023446314647507026
CS2_38,972,0.43278086318101927,0.3996629663168584,0.03931420329136218,-9.021420027440592e-05,-0.002030289890387763,-0.003323336499448529,-0.00048619449026940663,-0.0002662711661989062
CS2_38,973,0.4292621757522781,0.4037291757169701,0.011376992600590316,0.010552350436552883,0.0015900720824139007,0.0013255254886168182,-0.001721316340315802,0.0024093759496267206
CS2_38,974,0.4244118823585694,0.4124668362588013,-0.009031624636302025,0.014104474453490225,0.0035145839120686354,0.003332576966424547,0.00021399958141076343,-0.00018896399300414275
CS2_38,975,0.4206964737752479,0.4206233596077414,-0.020877351329449855,0.012291745295798455,0.0020291667062954737,0.0036519514507162903,0.005235658044469099,-0.002258055814361524
CS2_38,976,0.4180891830017295,0.42490358378591797,-0.023413482497435297,0.00821900115400523,0.0016641159139113534,0.0037817879600278385,-0.0003993988390287563,0.003333575711444492
CS2_38,977,0.41446058539942143,0.429722751785652,-0.02306417238667441,0.0018787199214629492,0.0033131384428584944,-8.393335831468668e-05,0.0001446722178434841,0.002549408965310199
CS2_38,978,0.4124881129129605,0.43023481982309586,-0.017470348677853905,-0.00222382655518352,0.002044494449264225,-0.0013076919009727727,0.0020046387068155284,-0.0007939727426169442
CS2_38,979,0.439515244424798,0.426784166584453,0.015347810660188387,-0.00033535833080883287,-0.001263985737827967,0.00034526943216437004,-0.0007976796706185851,-0.0005649783351055644
CS2_38,980,0.42310711289867603,0.41929957490828906,0.006727171046101241,-0.0016321397813645134,-0.0012850387543811384,-0.0012869805073758643,0.0015570867810794742,-0.00027256060877589166
CS2_38,981,0.41293615848324394,0.41165406627702433,0.0030165271851206963,-0.00012863147591427658,-0.00013861901741576806,-0.0019739368386785393,-0.0013582735269104251,0.001865026069408008
CS2_38,982,0.406358055229467,0.4050007215202012,0.004561384162420484,-0.002306865484855318,-0.0006545498050531144,0.0016712989241955193,-0.0036688596125505914,0.0017549257174052433
CS2_38,983,0.39317486021911097,0.3957041186663454,-1.3515827650853373e-05,-0.0008912695372138798,-0.0007279029034008998,-0.001613857809583539,0.0013542061603252242,-0.0006369183315894801
CS2_38,984,0.3852114991649431,0.38995731931866123,-0.003622532406652782,0.0002129282380363006,8.712321494299544e-05,-0.00018185952495052788,0.00125977977234295,-0.00250125924579743
CS2_38,985,0.38016270031853505,0.38202367552871086,-0.004098574355453899,0.0007008705536365397,-0.000743391759245912,0.004055240457223804,-0.0033074507119178506,0.001532330809451735
CS2_38,986,0.37758853616378785,0.3766926707446207,0.0015994182923759507,0.0006079273438652055,-1.213132122308441e-05,-0.002502467505639771,0.0015493872110089804,-0.00034626839621253457
CS2_38,987,0.37351533598043707,0.3734652838600919,0.0008939467115939071,0.0004915116823296721,-0.001122348051109554,0.0011642671575161272,-0.0026322660934377127,0.0012549409202599895
CS2_38,988,0.36910179077829586,0.3699227520595488,0.0014833703481530421,-0.00026258548241374146,-0.0003666461407997202,-0.000486317111800046,-0.00014808084958084326,-0.0010407018360545895
CS2_38,989,0.3643694337661545,0.3682761702689225,-0.0022837041895000646,0.0008662773472686582,-0.0006639844428806646,-0.002655412806427564,0.00160722464287279,-0.0007771368432531681
CS2_38,990,0.3613978581784636,0.36604466766531096,-0.0022820019051896924,-0.0026839897314122037,-0.0016096143273255572,0.00206809032678716,0.0013711568355179548,-0.0015104504730641428
CS2_38,991,0.3612688458762774,0.3669997688095665,-0.004726667214065095,-0.0013086216027050088,0.0013250069794056981,0.0007952694380245313,-0.0026828844242225806,0.0008669741024912665
CS2_38,992,0.3719649369063802,0.365299327357685,0.005513198595123513,0.0008162653546692662,-0.0002638016097479784,-0.00048451365134069606,-9.832096056826623e-05,0.0011827820280515859
CS2_38,993,0.3713550285433884,0.36343262976292334,0.0042589059959356555,0.002091478336535811,0.0002960387258285392,0.001103522515136522,-0.0002197385059802239,0.0003921919207704626
CS2_38,994,0.36379869488904326,0.361865748824706,-0.0007710741822297045,-0.0006836678841278405,0.002081922956893448,0.00029626820663140364,0.0015234765671349956,-0.0005139793888648826
CS2_38,995,0.3629952848625688,0.3601580141734594,6.382787704451961e-05,0.0014429234776084678,-0.00024112407402921083,0.00010430489837379317,0.004012587020862195,-0.00254524829929513
CS2_38,996,0.357834825535404,0.3561433389697597,-0.0002624139920619037,0.001509934554004955,0.0003068526817249916,-0.0005870369097517687,-0.0005957330688006103,0.0013198835142637542
CS2_38,997,0.3514801338948885,0.35234647538337666,-0.002018077226372943,0.002003058394643673,-0.0023366883493985283,0.0021242715312772427,-0.002085925962175834,0.0014470203400811228
CS2_38,998,0.34671228222430805,0.34819513114379064,0.00012158331006024791,-0.0025549333441064553,0.0009522636580695754,0.001932187752617742,-0.0029022200675452416,0.0009682699900709233
CS2_38,999,0.3432266875000183,0.343632748058742,0.0011762104371763596,-0.0018538534368648552,0.0018955624754920595,-0.00022087753927424981,-9.394251403031532e-05,-0.0013091597610334592
CS2_38,1000,0.3407019013619168,0.34021200703185883,-0.001605504161923909,0.00239545901505625,0.0016883735183692934,-0.0024398079873700204,0.0014537006198809838,-0.0010023264526496484
CS2_38,1001,0.33833806118390086,0.3358960683147849,-0.00033200354158610646,0.0026825843904452243,2.740539860221121e-05,-0.0009780187207778129,0.0009502977715961619,9.172779318549448e-05
CS2_38,1002,0.33468080095651764,0.3337929436520797,0.0009598793420519926,-0.0005451140753748345,0.0005715582421293873,0.0017354604402260677,-0.0020700627626178657,0.00023613634198831637
CS2_38,1003,0.3325522957291831,0.3314340481195196,0.0016053850193173567,-0.001879319990767296,1.2952784465219472e-05,0.00023804779346618592,-7.797841904553765e-05,0.0012191606471330103
CS2_38,1004,0.32824380198997893,0.3303476929039091,-0.0027411270315433937,0.0011866591158942188,-0.0015434310427510072,-0.00018450185886985718,-0.00014411033302428767,0.0013226204631732778
CS2_38,1005,0.3257705104446149,0.33118733823784674,-0.0023521368541636733,-0.0023438783819689237,-0.00012164619338641012,-0.0005423247177155604,0.0009037546209104729,-0.0009605960390057864
CS2_38,1006,0.327153245548093,0.3317145833442475,-0.002711616924754877,-0.0007665029347164865,0.00034061365233676547,-0.0034123838792711487,0.004310722532508343,-0.0023221700149660645
CS2_38,1007,0.3344453756211845,0.330926686579341,0.003848384334699726,-0.001084916368681466,0.0005510270982847221,0.001302369981896007,-0.0025519998808683324,0.0014538241005820564
CS2_38,1008,0.3304866474532968,0.33058791660661324,-0.003020754001943028,0.002588658333238697,-0.00076553239535044,-0.0009438589686208454,0.0008670728719296088,0.001173145233247832
CS2_38,1009,0.33603913368052574,0.33160394681834415,0.002471171474866346,0.0005067613202972325,0.000586866809851273,8.043423617327375e-05,0.0019720167887349598,-0.0011820635443765496
CS2_38,1010,0.3363368871250394,0.32955799244668105,0.0030372598357412805,0.0019238160525516398,0.0008737520928086318,0.0010945213079809498,0.001304441257579746,-0.0014548956450705162
CS2_38,1011,0.3298016662465244,0.3253282546723737,0.0006792360648815232,0.0010910504077633332,0.0008382325051867444,-0.0001547377204127376,-0.0024479604423023583,0.004467590985155001
CS2_38,1012,0.3295665973891708,0.3236519568002304,0.005309011125817243,0.0007674607379866697,0.0004358606068211957,-0.0011192831846443677,0.0013628049192462043,-0.000841213390061824
CS2_38,1013,0.30973674003630336,0.3220983105667582,-0.008080152751985358,-0.001853655402462448,-0.0005526322816092615,-0.0014326170250328393,-0.0010690341607992775,0.0006265213264203364
CS2_38,1014,0.31022682686610814,0.3177888526885415,-5.68924463534601e-05,-0.0068034537593167155,-0.0003201879705991326,0.0005286356144292248,-0.0016881440982487736,0.0007780170724248757
CS2_38,1015,0.30654950952779636,0.31465365608453055,-0.004426963366093993,-0.0023697111611507967,-0.0016317048046276543,-0.00040711641519217124,0.0012114427146852115,-0.0004800932879606429
CS2_38,1016,0.305320366720224,0.3112735540521312,-0.003540786325567658,0.0003156282485873149,-0.00023159405861319135,-0.0030009207971521106,0.0014653629599707015,-0.0009608771221949821
CS2_38,1017,0.3030429727852617,0.30198034650187744,-0.007664602105847324,0.0037213354387825646,0.0008810244940640139,0.000793723513526891,0.0005024962900975234,0.002828648890704151
CS2_38,1018,0.3005968013305331,0.29506283569484837,-0.008670716326985744,0.007870367104453999,-0.0006973548565784593,0.0014714002138351257,0.003194937899645956,0.002365331840338035
CS2_38,1019,0.297975246967944,0.28890194388800994,-0.00607836552493025,0.008469658556678765,0.004455752245648949,0.0008782025196447686,0.0011515641496737331,0.000196491373400507
CS2_38,1020,0.2941493999854323,0.28085925950084145,0.0018832558956698284,0.006818781478664613,0.0014283687185929646,0.002107144513280371,0.002945692560489456,-0.0018931024402336846
CS2_38,1021,0.29350054667339265,0.27404554779898327,0.015047119435381315,0.0019261945371943266,0.00024177358963359613,0.0021811391569561958,0.0002022808149721934,-0.00014350841756867818
CS2_38,1022,0.29741604353909956,0.26979909416807235,0.033350114171938276,-0.0017735163141156596,-0.0009483557831484499,-0.0010253501009239094,-0.003020761972674145,0.0010348196103806355
CS2_38,1023,0.2057923637135204,0.2720820827528777,-0.0496627443106459,-0.0053487756316450245,-0.0048988406543608535,-0.0022746510953100506,-0.003662758322204086,-0.0004419487442804231
CS2_38,1024,0.30022995618695525,0.2792530026220955,0.04421505989320206,-0.009233132225898392,-0.005639946269615967,-0.0030384522441045604,-0.0022310126929930094,-0.003095562656544004
CS2_38,1025,0.2990449719274988,0.2896417811533353,0.0345810337352416,-0.011317785164378018,-0.0042652942897019154,-0.005998459917263082,-0.0026384314796007286,-0.0009578718704245951
CS2_38,1026,0.29122153443369214,0.30555009310039594,0.007061366554036457,-0.01230316236393226,-0.004539423817836883,-0.001715421324857666,-0.0024775302780598507,-0.0003543871928871567
CS2_38,1027,0.29522416810379326,0.3261908812184463,-0.01893684985642664,-0.005750143021102442,-0.002581986238038349,-0.0006994874135854642,-0.001590191764048473,-0.0014080545800534753
CS2_38,1028,0.28975251348270703,0.34502241537631334,-0.05777682955633846,-0.0015748043520331264,0.0015404862430708547,0.0008409348240001273,-0.0012218264161196657,0.0029221376076295257
CS2_38,1029,0.439515244424798,0.36932152898455123,0.05621366216651205,0.008744226247814558,0.0028048095312996316,-1.7582541030652955e-05,0.00482037880004261,-0.0023717785867446426
CS2_38,1030,0.42310711289867603,0.3845862706623368,0.013068508917691847,0.01296217034591033,0.0062323428529182925,0.003307630815400898,0.0028152027970153796,0.00013498669229876405
CS2_38,1031,0.41293615848324394,0.39641078269599883,-0.007990066279908887,0.012656814439716169,0.005742916173030858,0.002276493834911217,0.0026227634670104283,0.0012164543418754325
CS2_38,1032,0.406358055229467,0.4020456379801704,-0.013594375298936878,0.0053945170624039515,0.005382362749156231,-3.925320693928836e-05,0.0034725371008426653,0.00369662903506635
CS2_38,1033,0.39317486021911097,0.40543186287307437,-0.020828150782475775,0.003471650661297808,-0.001770203293594323,0.001523469357706414,0.002141236770049932,0.003204994831173639
CS2_38,1034,0.3852114991649431,0.40400858705620973,-0.017931905414224826,-0.0029489773867962853,0.0014933271602294812,0.00016674423104693059,-0.0009836537252854772,0.0014073774454030482
CS2_38,1035,0.38016270031853505,0.39783249705522306,-0.010213059349916143,-0.004092499817800625,-0.0019285097540156274,0.0009623113862774322,-0.0012974222130557266,-0.001100616784307158
CS2_38,1036,0.37758853616378785,0.391715433473269,-0.003601469015157123,-0.0037655837112772505,-0.0009697113495708458,-0.0013933905152547935,-0.001629482944687926,-0.002767259568525816
CS2_38,1037,0.37351533598043707,0.3836424363853932,-0.0002245583028006839,-0.0027776405109063078,-0.0020403268245168175,3.695280138050926e-05,-0.0030895360336365757,-0.0020319913276692406
CS2_38,1038,0.36910179077829586,0.3754146922550008,0.0008854919460317709,-8.829551086850731e-05,-0.004388391280723992,-0.0001011677031894807,-0.0023346158154679037,-0.0002859229037295717
CS2_38,1039,0.3643694337661545,0.37217059749000525,-0.00121674575356219,0.0008989082443812287,-0.0018552514589672072,-0.0026852496251341712,-0.0006113762130303555,-0.002331448706690286
CS2_38,1040,0.3613978581784636,0.3675925144576602,-0.003210492727369936,-0.0019633922314341383,5.0355916344496574e-05,-0.00010705078776674963,-9.306070055476718e-05,-0.0008710155362547027
CS2_38,1041,0.3612688458762774,0.36467878469330894,-0.0035600199148919038,-0.0027647213894755117,0.0010581602445860333,0.001822474961610229,0.00037612823366286216,-0.00034196074030532397
CS2_38,1042,0.3719649369063802,0.3646386938422219,0.0033646438877270512,0.0018776913663191427,0.0022213082274664298,-0.0004642554081007512,-0.000530086594253905,0.0008569417924923238
CS2_38,1043,0.3713550285433884,0.36182539550272036,0.0025359985469031922,0.004050945567965582,-0.0005050139472108508,-0.0008074692139011069,0.0041956647335334414,5.9507561139260564e-05
CS2_38,1044,0.36379869488904326,0.35974442447967225,0.0006069270390061009,-0.0004831720556668389,-0.0008082335490204631,0.0026023664111251366,-8.704172544426292e-05,0.0022234245004713053
CS2_38,1045,0.3629952848625688,0.3592688065097508,0.0019197586562704552,-0.0005877047705679707,0.0011205043931909013,0.0009209487434143022,0.0010141157033334552,-0.0006611441613680694
CS2_38,1046,0.357834825535404,0.357269854355246,0.0013766124920739078,-0.0014060808599000228,0.002481694543401173,-0.0017137814425934943,0.0001628713998487252,-0.00033634473893721993
CS2_38,1047,0.3514801338948885,0.35374811481647334,-0.00039253609833146425,-0.0015405464936859568,0.001111651378199286,-0.0007159646964113998,-0.001728372877511497,0.0009977880826989886
CS2_38,1048,0.34671228222430805,0.35008134708920224,-0.002466776814859783,0.002403543184095295,-0.003383911608072943,0.0014120724572185273,0.00026687026907159237,-0.0016008621336976083
CS2_38,1049,0.3432266875000183,0.34552006822097314,-0.0011151478541019555,0.0006729267518118544,-0.0013853044754215931,0.00037189613995950474,-0.00042661348967729535,-0.00041113757333593743
CS2_38,1050,0.3407019013619168,0.34236571253084447,0.0004727407243220681,-0.0012965700476221557,0.0034549418447673537,-0.0023971961892811874,-0.0004918817249211795,-0.0014058455548875875
CS2_38,1051,0.33833806118390086,0.33939823115534784,0.0019112780181458342,-0.00016786178992695086,0.0005943323989804237,0.0001258518545664514,-0.002284792731542448,-0.0012389774993210587
CS2_38,1052,0.33468080095651764,0.33459130298104023,0.00016982006663227443,0.0012479291133105923,0.0004576991741614833,-0.001544481610776622,0.0009891538408442545,-0.001230622384729452
CS2_38,1053,0.3325522957291831,0.3329535956769314,0.0032479891599777617,-0.0014237436923223053,-0.002093676951652492,-0.001094898753052817,-0.0003656793054102204,0.0013287098196173264
CS2_38,1054,0.32824380198997893,0.3326316543734589,-8.745915931078546e-05,-0.000540805411849867,-0.0018784714441058192,-0.0009931042911512703,-0.002324513214738164,0.0014365013644852514
CS2_38,1055,0.3257705104446149,0.3311034184870719,-0.004612202489964555,0.0007805149038786917,0.0007568239410988309,-0.0034933164022920076,0.002843656116063048,-0.001608383883339187
CS2_38,1056,0.327153245548093,0.3313902119568214,-0.0015831352063190897,-0.002293104024459852,-0.002341660294676608,0.0012558808658723818,0.002128117754233932,-0.0014030652760882731
CS2_38,1057,0.3344453756211845,0.3306609159234245,0.0021816743668865153,-0.0007011494506577826,0.00011329464939570253,0.003032658719899574,-0.0025093542823451708,0.0016673359186503592
CS2_38,1058,0.3304866474532968,0.32912739332967655,-0.0034749137346442075,0.0012009368537785363,-2.530672758082646e-05,8.836729087605072e-05,0.0010543803061479457,0.0025157903608610172
CS2_38,1059,0.33603913368052574,0.3299816086241272,0.0022834099083754306,0.000568465904816267,0.0014647252396810014,0.0008275489972694053,0.0007394894832881974,0.00017388574633319317
CS2_38,1060,0.3363368871250394,0.3280455229862298,0.0035157572858459454,0.0006181186386464622,0.0007831551931628514,0.0020616222936318523,0.0017096484008728024,-0.0003969374501169872
CS2_38,1061,0.3298016662465244,0.32759261023583586,0.0005345736039256148,0.0006092222856739102,0.002187916528657546,-0.0017448337020577456,0.00022811161498569518,0.00039406590562440297
CS2_38,1062,0.3295665973891708,0.32612046140504813,0.002974116973733059,0.001820865179341022,0.0005957643999965021,-0.000570504828493751,0.00012865258806443625,-0.0015027581022938829
CS2_38,1063,0.30973674003630336,0.32082062286215307,-0.006664829940474711,-0.001899501251557361,-0.002470446813571688,0.001063933707997715,-0.0016031603672192862,0.0004901220739616386
CS2_38,1064,0.31022682686610814,0.31633037665260033,-0.0017170181489403438,-0.0030519406487795097,0.0010166942522054888,-0.001285832353071015,0.0003757740718938721,-0.001441226725031154
CS2_38,1065,0.30654950952779636,0.31134195343816984,-0.0008767519136916919,-0.004266231169545579,0.0007926733701968912,-0.0006548259808215406,-4.223060602242331e-05,0.0002549226259050163
CS2_38,1066,0.305320366720224,0.30685983827537366,-0.0029488022366000602,0.001740004344884431,0.0004840862157777927,-0.0016656165311593665,-0.0004667411232888737,0.0013175980121736897
CS2_38,1067,0.3030429727852617,0.3037288903343991,-0.0052110644392789045,0.0048118476101791,0.0006295862875793769,0.0007084682230036959,-0.0011106696148963406,-0.0005140853777808223
CS2_38,1068,0.3005968013305331,0.29798197352373024,-0.005514508416963953,0.006672796169313327,0.0009686616190102569,0.0002813850616479478,-0.00035852730802278,0.000565020920842159
CS2_38,1069,0.297975246967944,0.29528291627364633,-0.0006104426054587169,0.006448061814341087,-0.0014953539919707753,-0.0025766742726760685,0.0012131733022369667,-0.0002864333119922802
CS2_38,1070,0.2941493999854323,0.29159969253610885,0.0031401198371761806,0.01069136286620575,-0.006961972156785003,-0.003466315940176964,0.00034753660516155874,-0.0012010235203854306
CS2_38,1071,0.29350054667339265,0.28609517824083797,0.015696089433257062,0.008705895222419933,-0.016961037375367187,-0.00010995887039749017,-0.0028544195316496084,0.002928799796451513
CS2_38,1072,0.29741604353909956,0.2856178491895913,0.03316483137569362,0.009781044926858162,-0.02716493859636775,-0.002827211099502506,-5.2118879314393906e-05,-0.0011034131374294675
CS2_38,1073,0.2057923637135204,0.2822467477388536,-0.04927857122017256,0.01557369718541261,-0.04227326902257223,-0.0004011098886317224,0.0018379116245527134,-0.0019130424230110396
CS2_38,1074,0.30022995618695525,0.2743704074674216,0.049210581103473566,0.02563194217584925,-0.052800202984671064,-0.005142280696294177,0.0038199024393199875,0.005139606921042463
CS2_38,1075,0.2990449719274988,0.2715112356993479,0.04268035110553953,0.047958354418648194,-0.07231154076627139,-0.006679650442710156,0.009272988520868622,0.006613233631786053
CS2_38,1076,0.29122153443369214,0.2597345074985502,0.019029617625515367,0.08193333947572785,-0.09790077673358273,-0.00245085407662983,0.016795658955104587,0.014080041932173147
CS2_38,1077,0.29522416810379326,0.24916326429404512,9.690555700031182e-05,0.1239980815611449,-0.1257216793376063,0.0009797745782830535,0.027837643785530802,0.018870177906793354
CS2_38,1078,0.28975251348270703,0.23555367399160654,-0.04128183823836539,0.17729058100366554,-0.15303673633262005,0.0030311103679361863,0.04522575649341923,0.022969966440880438
