battery,cycle_num,Capacity,Residual,IMF1,IMF2,IMF3,IMF4,IMF5,IMF6
B0005,1,1.8564874208181568,1.8464209294499336,0.005963738698087503,0.0011988217784892707,0.0009140412902881231,0.0016764802679322308,-0.0001483962108097123,0.0004618053946478331
B0005,2,1.846327249719927,1.844986667185526,0.0009136843658490246,0.0006238815938710673,-0.0003121648502504931,0.0005247930789338968,0.00023100326813557638,-0.0006406150663741323
B0005,3,1.835349194223408,1.8415336614138875,-0.005658073801614058,-0.0005907129041499957,-5.288238924938977e-05,-1.5809939707828143e-05,-0.0001130347057050244,0.00024604641149336676
B0005,4,1.8352625275821128,1.8391541683555088,-0.0024689830620867282,-0.000881407679004203,-0.0008110165565233019,-3.702706045474841e-05,-0.00015803376636359847,0.0004648272126287418
B0005,5,1.8346455082120416,1.8356970308370189,-0.0008591888738040981,-0.00036917150065209254,-0.00015606975285310998,-0.0007256765597975805,0.0007064815370806741,0.00035210238696631546
B0005,6,1.8356616600675493,1.8330552232070998,0.0022764332318104454,0.0006847881486879443,-0.0005770484539639184,4.6654909261435016e-05,-0.0001489831046470027,0.0003245919906826747
B0005,7,1.8351461429226603,1.8302440804669347,0.002921154667920525,0.0022983828208011153,-0.00013649667524113696,0.0001311949077911713,-6.999944561130964e-05,-0.00024217395828115794
B0005,8,1.8257567905665533,1.8264500069773908,-0.004077408847604385,0.0023613139045390715,0.0005640847711976932,2.4869300412806615e-05,0.0003688432414666661,6.508108574989756e-05
B0005,9,1.8247738529891333,1.8234640866358418,-0.0026557007449573653,0.0030400994960541614,0.00028647537216579824,0.0004826379834702755,-0.00012908294377654155,0.00028533705745221566
B0005,10,1.824613268496936,1.8199182351197942,0.000589215482438167,0.0026358177546406355,0.0006261029194872337,0.0004779913514377392,0.00033058791522011326,3.5317821119602685e-05
B0005,11,1.8246195526864504,1.8176130223767317,0.003485494782503774,0.0033516540283146786,-7.286094913885338e-06,0.00023267201168699296,0.00028433557964017893,-0.00034034013031458775
B0005,12,1.814201935767392,1.8153547551963827,-0.002421004088333747,0.0020873984297444114,-0.00013130665579754618,-0.00039802830188049925,-0.00011810790101920087,-0.00017177103901835382
B0005,13,1.8137521577549047,1.812598922744375,0.002062356932359997,-0.000669676534104363,0.00019813559591370456,-0.0004405638998997162,-0.0002683786593266264,0.00027136144850958485
B0005,14,1.8134404914735824,1.8125578095506774,0.005995241851537403,-0.0033174781250148284,-0.00015377658303159623,-0.00030930479261274843,-0.00039856833513700714,-0.0009334322197491788
B0005,15,1.8025980036306504,1.8121727834966892,-0.0010976261018419526,-0.006232433338057673,-0.000506057394799474,-0.0008297235841057024,-8.231982691187466e-05,-0.000826619741524042
B0005,16,1.80210690024615,1.8125382932385679,0.0015462111682612765,-0.01068403677571142,-0.00010573735250383552,-0.00025173322779009427,-0.0010349024368397775,9.880551122286917e-05
B0005,17,1.802579500826209,1.8142738568481647,0.0013650425689429053,-0.011660145342218733,-8.297848599330372e-05,-0.0011356008997642063,-0.00023191182266111,5.123783854680788e-05
B0005,18,1.8030683142834096,1.816717497537404,-0.004040908436624601,-0.009059006611373894,0.00024112063959146098,-0.00041184532578022944,-0.0001652042574836523,-0.00021333938377325536
B0005,19,1.802777624719604,1.8192388974381382,-0.015618722042124538,-0.0009470578935203308,0.0003352345384007135,-0.00020807138592777045,0.00011831937205913978,-0.00014097542871787814
B0005,20,1.8470259949329195,1.8214116667286326,0.01632410777998194,0.008409058203269724,-0.00010571387101136717,0.0005393562103747307,-8.820226135199442e-05,0.0005357219984199069
B0005,21,1.847417311283644,1.823541777577606,0.006917928513586566,0.015230461923705859,0.0006288849687209059,0.0005392549367473963,0.0007401945520673008,-0.00018119133360013364
B0005,22,1.8361774213478947,1.8247189747563086,-0.007495612647713942,0.01738036327917837,0.0005594300164190761,7.574902414351832e-05,0.0002867482197098746,0.0006517685609595725
B0005,23,1.825780747577624,1.8259618689033574,-0.014154156623723565,0.01318088053738926,0.00018793140560318926,0.0009700763900982261,-0.000339070729099255,-2.6782439414593655e-05
B0005,24,1.8251136435078368,1.8253038320869104,-0.00570778887023161,0.004914132874767623,-0.0001822411351918624,0.0003164764007965471,0.0003462638832091208,0.00012296813451468817
B0005,25,1.825581504220376,1.8252127430829015,0.006291892070298994,-0.0062894998383297256,0.0005146838111840815,-5.759100279381142e-05,0.00017476458973108582,-0.0002654886259244407
B0005,26,1.814031127508391,1.8247267260431388,0.003981509056159413,-0.013858291828701894,-0.0006353124746103688,0.000480815873426454,-0.0004829327126977108,-0.00018138657554794843
B0005,27,1.8147691941158937,1.823550691468521,0.011050482124090719,-0.01908758391536435,-0.00032123196770235694,-0.00036655983273306813,-0.00040905590269510954,0.00035245201416394926
B0005,28,1.813969388710352,1.8233398131364131,0.011229839140831229,-0.019166983567072696,-0.00032440686772352624,-0.0005163907079478976,-0.00043911233844492955,-0.00015337021289500564
B0005,29,1.802765665167823,1.8224941337959624,-0.0076832430641851504,-0.010462780317593635,-0.0008227776273272655,0.00016729943842826912,-0.0005256146030542128,-0.0004013525756975216
B0005,30,1.804077040117352,1.8214980456506304,-0.017894550291202037,0.0011484965740080368,-0.0005812072277578852,3.7009657235918715e-05,-7.858513727231393e-05,-5.216923027112097e-05
B0005,31,1.8518025516704488,1.8200190791743471,0.018119878280110028,0.013338602367853673,0.0004593270117679139,-0.000393678707373078,0.0005009310032220001,-0.00024158760659889557
B0005,32,1.8307038456739428,1.8174984456548906,-0.006443683257346747,0.018524431066559245,0.0006278496349597904,0.00016769684815541025,-0.00023503060131796117,0.0005641361920360153
B0005,33,1.8199041089501269,1.814628818685698,-0.01407346882780009,0.017833820221641403,0.0004375412738080634,0.000770366354809237,-0.00033293119721782395,0.0006399623088702945
B0005,34,1.809307963702852,1.8106437632899914,-0.01575693961969071,0.012770158181480792,0.0011210959730371276,-0.0004062734342697695,0.0009085484335447515,2.7610754022085026e-05
B0005,35,1.80460990458052,1.8060727247034722,-0.00856377441172039,0.006096930594243158,0.0005450986236602215,0.0001323062097071701,0.0006900324649674135,-0.00036341372607136653
B0005,36,1.7993770651972192,1.7993400735840062,-0.0018901016637146667,0.0008024449313256484,0.00019010782226762336,0.0002749374495710555,-0.00021088554970091612,0.0008704885039589513
B0005,37,1.7884432335370462,1.7929832446768599,-0.0027217943491146448,-0.0027478295861604663,0.0005480046816223073,0.00013820478217096472,-8.689916635812924e-05,0.00033030238428028206
B0005,38,1.7829230484252725,1.786086708465508,0.00016901456666422115,-0.0034135417972729347,-0.00041002123690881293,0.00019289704809498417,0.00023908467855515806,5.890658979360866e-05
B0005,39,1.7730337158018288,1.7789171915256656,-0.002731614885807756,-0.003301907786489005,-0.00010043442933806528,-0.0003339883071576791,0.00011969813184755531,0.00046477144747917475
B0005,40,1.773037755078937,1.7735937352488174,0.003488443748343421,-0.0028095977094652015,-0.000321980856994112,-0.00037076794937603393,-0.00022452920367512142,-0.0003175483043445921
B0005,41,1.7678721106662054,1.7682844846851444,0.004748637969701194,-0.0035650422507700883,0.00012649360472856874,-0.0003747720636114683,-0.00040690844284372896,-0.0009407829390537689
B0005,42,1.762315070409309,1.7641943022155642,0.005778611203007177,-0.006151700473186621,-0.0002449050600510916,-0.0001055909492999416,-0.0007247792475382697,-0.00043086737916952974
B0005,43,1.7676172924938447,1.7615959645456964,0.01798113921197719,-0.008526960291694183,-0.0020726294029966724,-0.00046682251229802083,-0.0004330984262235546,-0.0004603007333923901
B0005,44,1.762668359743147,1.7610763495226438,0.016815508070376028,-0.011936794321489348,-0.0012935857824253939,-0.0009242697494464721,-0.0002707866518975147,-0.0007980614447831887
B0005,45,1.7517304870664143,1.7612829315881813,0.005334831008766247,-0.012294472928706203,-0.0008712249057756767,-0.0005941601432585944,-0.0007049240843240295,-0.00042249356287625285
B0005,46,1.7418496047960008,1.7621736061383455,-0.00990285573624978,-0.009701341496269045,-0.00026169375157639207,-0.0005752985957952891,-0.00010098382453214657,0.00021817197287499448
B0005,47,1.7360913511847138,1.7635828966672706,-0.02377776893756813,-0.004326992698518293,4.780065067838157e-05,0.0003496563923889972,0.000312689929524148,-9.693090523171001e-05
B0005,48,1.7936240148573608,1.764866933554809,0.023608735784510688,0.0033570003472401877,0.0007074209802044051,0.0005292421400806033,0.0008078848385954361,-0.00025320290455433373
B0005,49,1.7831890223273277,1.7644348883316414,0.006849140678754274,0.008502607051631575,0.001200265515799517,0.0008929502475580868,0.00018842762181193052,0.001120742769152668
B0005,50,1.7673642076278957,1.763863999242031,-0.009194819505226782,0.008808351839736528,0.0021745938167171183,0.0008296271418773366,0.0008989339333797672,-1.647894326209496e-05
B0005,51,1.7570177850353066,1.7601365520415457,-0.014551505578345591,0.008025814504568705,0.0009307351967966107,0.0010996691566169377,0.0005466303558715668,0.0008298892610598765
B0005,52,1.7468706179837907,1.755395572969287,-0.015254380325165748,0.004300413327238535,0.000972067621145992,0.0003595831692529755,0.0008811945540281436,0.00021616657615606646
B0005,53,1.7417172507457144,1.7486930263265181,-0.008358194945525158,0.0002397965940059925,0.0003384885197155154,-0.00012553780099218523,0.00041002894255069857,0.0005196430203080442
B0005,54,1.7364225056478186,1.7411038800380236,-0.0013491506693267886,-0.0028623355676723533,-0.00041598610271908185,0.00011537453762557733,-0.0004730724190433596,0.00030379574458686253
B0005,55,1.7263217239235826,1.7332353608635098,-0.00024282086928803328,-0.004672968698342057,-0.0009314913252947032,-0.00018865734751554093,-0.00015057083084908305,-0.0007271279496614261
B0005,56,1.7158065389330133,1.723619694960512,-0.002091362270996974,-0.00421712625951611,-0.0007498096667309631,-0.0005000118078626957,-0.000442179121912567,0.00018733302403564576
B0005,57,1.710533351135192,1.7147598770506547,-0.0009642252651577009,-0.0019849922068179682,-0.0005254286272328391,0.00020091614953787792,-0.0008496228665922973,-0.00010317317190727515
B0005,58,1.706014499648521,1.7064238431033327,0.0007200712259858998,0.00029040063819169395,-0.0006762537268019643,-0.0007773038483878928,7.880627946203526e-05,-4.50640935885545e-05
B0005,59,1.7003110272642588,1.6986261419242226,0.0020102279706692367,0.0008368988456583122,-0.0009094979010923536,-0.00034886599489900646,0.0007476169062208098,-0.0006514945538434971
B0005,60,1.6945798601797897,1.6910708721986902,0.002893545953191916,0.00042333939689856323,0.00014140917593897164,0.0003772417223708902,-6.417064270226961e-05,-0.0002623776889025815
B0005,61,1.6849029086609286,1.6836581933686063,8.246616154429111e-05,-0.000331999155088367,0.0006609933327571263,0.00046483541596171806,-5.265659554777317e-05,0.0004210760734886822
B0005,62,1.6744741591159715,1.677476762379644,-0.0033661693511945617,-0.0003133158270965178,0.00021118553435135629,0.00029223071028507835,0.00020766880083864154,-3.420318456971827e-05
B0005,63,1.6745692479879102,1.6706644003795674,0.003288400394299016,0.0003017862766320072,-0.0002450446212158805,-0.00020597842032537745,0.0005869301024024089,0.00017875382278722185
B0005,64,1.663716375981405,1.6643345640294624,-0.0016139231980526417,0.0007380643337925749,-0.00014441319490369673,-0.00012818750350783364,0.0003290791886911833,0.00020119227787634207
B0005,65,1.659013868748246,1.6583530143391971,0.000637281163219649,7.6251748498734e-05,4.5882306456960556e-05,-0.00023808709401124332,0.0005577419602879997,-0.00041821572097287796
B0005,66,1.6538540573335014,1.651488259736911,0.002685856189427526,-0.000847031180183767,0.000616295573564646,0.00015013955738867797,-0.000613688991772417,0.0003742264053141636
B0005,67,1.642653782130131,1.6456198629813574,-0.0027278387705221506,-0.0001971165012028724,0.0002584230742442306,0.00018401661278772321,-0.00018055333436780546,-0.00030301196911749383
B0005,68,1.6378578430223698,1.6388308220236492,-0.0005787863494589972,-0.0003293798496571803,-0.00037744348571111254,0.00021168520485679305,-1.746248507947489e-05,0.00011840792934486554
B0005,69,1.6327350407099108,1.632051708190688,-9.96993080768728e-06,0.0007144610842897951,-0.00026731685184311994,-0.00012811828832364744,0.00035336539895450215,2.091107522560267e-05
B0005,70,1.6277528915533617,1.6258722506273036,0.0015078296111967321,-1.0668420970019449e-05,0.00019547679641582184,0.00016042930061463466,4.6894255732464754e-05,-1.9320646034569283e-05
B0005,71,1.622125485521159,1.619718944732585,0.002301884763261906,0.000264413473971019,0.0002680623750923499,-0.00033836412005412193,-1.5216784493952697e-05,-7.423894534201356e-05
B0005,72,1.6113256603765849,1.614022904274652,-0.0016451219847964042,-0.0003417660094327949,-0.0005518628575704447,0.0004027355985959624,-0.00046601455672842795,-9.521410858505342e-05
B0005,73,1.6065631397488385,1.608011098255532,0.00032228125157617927,-0.0011035440414784619,-3.7943578974517007e-06,-0.00036686276942577757,-0.0002245822270722963,-7.1456380337164e-05
B0005,74,1.6015142233917594,1.602313883960966,0.0015085114441822905,-0.0014979553561528462,8.299541721995673e-06,-0.0004960386951665641,0.0001024187959092834,-0.00042489631498287677
B0005,75,1.590369231400328,1.5959821257631548,-0.004558741383423085,-0.0009493662008632315,-0.0003285758480018285,-0.00017772593959299794,-6.641786114089663e-05,0.0004679328607837654
B0005,76,1.5857889968242211,1.5901597780782373,-0.005310505655411228,0.00028936933746286217,0.0005012424001859066,-6.219914402077802e-06,0.0003203692825981475,-0.0001650367114485257
B0005,77,1.5849430707374117,1.5830216958697736,-0.0033248284660160436,0.003818025601218306,0.00024339010483338013,0.0004451864588868309,0.0003502246645009558,0.0003893764976614874
B0005,78,1.5955263892495937,1.5768454604913982,0.01082068626678926,0.0061784028445663036,0.0008831972785453395,0.00028042872516529884,0.00011531709401946662,0.0004028965369819855
B0005,79,1.5747301747801037,1.569857033923467,-0.004213533135418184,0.007392475743122189,0.0011499713827817664,-0.00029711010000024035,0.000672344185499918,0.00016899277947762865
B0005,80,1.5649019950937946,1.563738074365803,-0.005677936443398483,0.006200321167945355,-4.171844340135548e-05,0.0006129309858796074,-0.00033314043133419156,0.00040346389630407025
B0005,81,1.5597659473370362,1.558450530755374,0.00018203844116449297,0.001193340095734656,0.0002959448806332822,0.00016562329318639356,1.3703630752525357e-05,-0.0005352337531003264
B0005,82,1.5594815668184234,1.5535178006769301,0.011714789229965668,-0.0047603007767973255,-0.0003873048644686926,1.15293512352147e-05,-0.0006439088790274167,2.8962087444233083e-05
B0005,83,1.55468935359061,1.5498792140396687,0.016498757765077643,-0.009404550458725831,-0.0009074618964294773,-0.0009165392788208176,0.0004680667294039901,-0.0009281333001815528
B0005,84,1.5488741079890418,1.547644383340852,0.017196914200050182,-0.01311974541843075,-0.0010900872755170868,-0.0004104052735075582,-0.0009137060170103026,-0.00043324555494867606
B0005,85,1.538236598942558,1.5469557486453678,0.009755536192606705,-0.015743266086710474,-0.0011884747207938583,0.0001153359500758929,-0.0004710776535306794,-0.0011872033664082383
B0005,86,1.527914258251028,1.546723371918336,-0.0022452728401890715,-0.01489385232438837,-0.0009822263719487044,-0.0007984480586218751,0.00010130054600137669,9.385405325022334e-06
B0005,87,1.5285252629756445,1.5482863024714197,-0.007089856339146037,-0.011299734473904494,-0.0009577330822366517,-8.910049694105157e-05,-0.0002859181177604387,-3.8696962621993256e-05
B0005,88,1.522647325284378,1.5501083136340932,-0.021566053241420274,-0.006425321407325796,0.0004285812633139477,0.00045994334892262884,-0.0003854116477277019,2.7273360782602623e-05
B0005,89,1.5174859938489869,1.5511126070061667,-0.03797935934068349,0.002641355374570726,9.35930702207581e-05,0.0004998719414888125,9.623183095680714e-05,0.0010216939952459297
B0005,90,1.605818899130659,1.5521488989183747,0.038040938640981896,0.012739687486755788,0.00123652670472801,0.0006909870700528158,0.0005068611181263904,0.0004549991740898471
B0005,91,1.5638491446744425,1.551817420491538,-0.009894543370914806,0.018711590281949776,0.0013217813746795705,0.001403612069590957,0.000506350902851843,-1.7067070695028486e-05
B0005,92,1.5480915247767786,1.5487396236529138,-0.024556776544730576,0.020160115134397697,0.001242855060924653,0.0008165397012636557,0.0007021207351006334,0.0009870470497668868
B0005,93,1.5323755631868592,1.544650582891973,-0.03232508281959807,0.016786438178546366,0.001631469471172423,0.0006070832010125154,0.00027552140260373153,0.0007495508822857103
B0005,94,1.5269528268489705,1.538916730552755,-0.02443458719208975,0.010485232194711105,0.0009537416760074612,2.708085354194188e-05,0.000908736208559003,9.589257947868434e-05
B0005,95,1.5169573017136326,1.5316090856487603,-0.016985836101971793,0.0021152629197766924,-0.00029310719945831165,-0.0003625970844420756,0.0007374710962677449,0.0001370224639579637
B0005,96,1.511897596014269,1.5239250191229077,-0.004029692603074377,-0.006774251821203514,-0.0006160199497768359,-3.0483410496111067e-05,-0.00045971541877533404,-0.00011725987338924279
B0005,97,1.5065638960681105,1.5157383074659299,0.007109604263788837,-0.014028439338941186,-0.0005496703183455628,-0.0007395274255497442,-0.00035587411032219236,-0.0006105044337169765
B0005,98,1.5015453526671363,1.5074571438697433,0.013978359345925104,-0.017379056017741444,-0.0009733590467135324,-0.0007420327872482977,-0.0009219317149915503,0.00012622905553883715
B0005,99,1.4908444050400238,1.5000019422602926,0.008566149741805038,-0.015553331633721629,-0.000741204726442187,-0.00026366080675966513,-0.0006773449487898502,-0.0004881448033478403
B0005,100,1.485868384561201,1.493933791044771,0.004126419610673634,-0.009664181108494303,-0.0009404824071320471,-0.0006047128454455221,-0.0006121535802219479,-0.00037029610731592936
B0005,101,1.480413677976106,1.488598982908851,-0.0037750070206345352,-0.0027476630511043217,0.00029250653851159235,-0.0008816987916269946,-0.00012440649777702896,-0.0009490360616067386
B0005,102,1.4752095869031632,1.4831985286845661,-0.011640962220939676,0.0045469003882186625,-0.00015892156342559976,6.84262879326973e-05,-0.0007646706326975935,-3.971398924313785e-05
B0005,103,1.4859035988304024,1.478904772592581,-0.0029040926604241664,0.009891081387060928,-4.983336512411658e-05,0.0004136830881142172,8.628191958486582e-05,-0.0004382940857750915
B0005,104,1.4960918298136696,1.4746050547812157,0.009640764807103797,0.010478948201943374,0.00044499572875377624,0.0004979511603656677,0.000559340969584292,-0.00013522579504835446
B0005,105,1.4808005946928984,1.4706983066321762,0.0014713044632140146,0.007155681365509303,0.0005321692687507292,1.6088875519338942e-05,0.00041141044004687147,0.0005156336959852443
B0005,106,1.4697543268466824,1.466568380816674,-0.001079352722454165,0.0033279024430961737,0.00022973175455116667,0.0003310137265263553,0.00022835129795567978,0.00014829958445507032
B0005,107,1.4539012274845928,1.4617152729854297,-0.007877745222787997,-0.0007474048689290561,-0.0002690123971728679,0.0005670649523673934,4.2956764192345045e-05,0.00047009533396575763
B0005,108,1.454146206723569,1.4561700077116444,-0.0006439505032818877,-0.0028994520288357513,0.0002422206779046983,0.0008506541595717778,-0.00031625949169923064,0.0007429862606085526
B0005,109,1.455023751906683,1.4508155164597554,0.00610721899571407,-0.0028256170014720394,0.00021683429783228022,-6.66551158371644e-05,0.000298155894428079,0.0004782984381436805
B0005,110,1.449042163761236,1.4456664649328175,0.003734158142889905,-7.510139852130314e-05,0.0001439157523203285,-0.0005766470024845493,0.0005238346438235871,-0.00037446124457752737
B0005,111,1.4386709371480566,1.4393563256645805,-0.002508263225414539,0.001743553835896795,2.5027030937247242e-06,-0.0004632572794198328,0.0002727209838499972,0.0002673545359648497
B0005,112,1.433445432156979,1.434335400944276,-0.002762651334447123,0.0026123362591346593,-0.0003667546374472752,0.00020050463224158976,-0.0004326879489752762,-0.0001407156845561358
B0005,113,1.4333958900838095,1.4298700632271042,0.003781560317544314,0.001833605660412988,-0.0007358273317225035,-0.00044779503363198974,-0.0009837716612668605,7.805497864291948e-05
B0005,114,1.42806487344776,1.4263202255551115,0.004871118138934695,-0.0006713970314494304,-0.0009979330196841908,-0.00045839384700168876,-0.00011957059023690243,-0.000879175681832595
B0005,115,1.4229203181741186,1.423485142801121,0.004079746961429962,-0.0017082174043340336,-0.0004400792535556044,-0.0013664074229869044,-0.0005599699413139519,-0.0005698974874506152
B0005,116,1.417429032731308,1.422023230621543,0.0014284932297398702,-0.0029046772904284296,-0.0007136151310989908,-0.0007994940543744015,-0.0004742038573270517,-0.0011307007050621657
B0005,117,1.412409228794446,1.4207739521189953,-0.00233289352709541,-0.0037046230046841803,-0.0009677800675039319,-0.00012700304857416316,-0.001081233141891898,-0.00015119045047158532
B0005,118,1.412578792940193,1.4202509745276704,-0.0037905758526782006,-0.002797550253868706,-0.00018523766048959267,-0.00038125378952661934,-0.000536431694921849,1.8867748246311255e-05
B0005,119,1.4075983731469897,1.4201428343323301,-0.012186557445511285,-0.000549590676044206,0.00015650806630523753,-0.00016991891949636395,0.00032526728458917033,-0.0001201694083208865
B0005,120,1.4333920485221476,1.4191824299618658,0.008809734736208228,0.0031658395842705236,0.0006307377883757359,0.0009881415396723677,0.00030589757042441865,0.00030926741460606184
B0005,121,1.4382550176792908,1.4170592095818417,0.012175493786517862,0.004650915853227543,0.0011178287038732732,0.0013868457675476258,0.0010763663093178726,0.0007883577476788269
B0005,122,1.4173547174485526,1.415405291689489,-0.007423233968031031,0.005732265386883158,0.001228062869097139,0.0016248597078214473,0.0008250520545368364,-3.75802095208741e-05
B0005,123,1.406981663677643,1.4111362809729067,-0.01110420397449579,0.0037024852766595986,0.0017783642107144172,0.0002866485261557957,0.0009657460109227804,0.00021634274196670973
B0005,124,1.4012037783587623,1.405883743923511,-0.007920166419157442,0.0011188481505456929,0.0005969536519018681,0.0002332141684761812,0.0005833395703616592,0.0007078454033538329
B0005,125,1.3967008232726328,1.4006775968369831,-0.0013666884210797163,-0.002350945768164249,-0.0006858382548585259,0.0004309568313548116,-0.00013831945897004733,0.00013406159996987471
B0005,126,1.391284788852726,1.3947326509404314,0.003202603462598999,-0.004773238130550582,-0.000768708549635447,-0.000402845118084803,-0.0007721897937064576,6.651613712813495e-05
B0005,127,1.3862287677978349,1.388940285875412,0.005375891946801083,-0.005195871889114011,-0.0011707991949714636,-0.001311954241337823,-0.00011190366494881348,-0.0002968809358875763
B0005,128,1.3804366761974138,1.3842496619875977,0.005403711382869332,-0.004981633792742967,-0.0022965751392398114,-0.0005095403536874818,-0.0009121367670983703,-0.0005168110191150893
B0005,129,1.3752364150256224,1.3799838291268272,0.0032197507962315503,-0.004232967378281295,-0.0011740120277817633,-0.0013404838973774902,-0.001101026238846835,-0.00011867525124021163
B0005,130,1.3705128024895008,1.3772061573521366,0.0001735611404729515,-0.004012213704350513,-0.0013211542291864781,-0.00047163533387495967,-9.358760748513348e-05,-0.0009683250218148531
B0005,131,1.37050855662704,1.3746417872400272,-0.0007716491003287356,-0.0021688666733327587,0.00010672938279875774,-0.0008463000984986222,-0.00021346747507444282,-0.0002396765421522995
B0005,132,1.3647355108681518,1.3726381119722129,-0.008978062089512814,0.0012631414981049381,-0.0004262147399125181,0.0006101662163373688,-0.0004596454624030743,8.801358276511367e-05
B0005,133,1.375392016895762,1.3707238209605042,-0.0002632526298131926,0.0034554875793901276,0.0008481639815711107,-0.00010234484740701336,0.0009625258530839521,-0.00023238389774027726
B0005,134,1.3861115151535393,1.3687556545589088,0.00924506928958738,0.005519641930287665,0.0015967561824134357,0.0003685039406762296,-3.5382094559707984e-06,0.0006294275593020494
B0005,135,1.369850003583894,1.3665213611217057,-0.0043143177023740285,0.005176069159067353,0.0016003050310183,0.00041834408689194244,0.0004163709865074539,3.187100782320272e-05
B0005,136,1.3647827949260758,1.3630677837564462,-0.004244159083350484,0.0036174660300156616,0.0012763372160266506,-6.491089139106013e-05,0.0009625970816831286,0.00016768092606076328
B0005,137,1.3543220466259964,1.3593803637260324,-0.008352660217414144,0.0020884191422138303,-1.98101071842897e-05,0.0006759387881599755,0.0007017404089871888,-0.0001519449998732775
B0005,138,1.3546417018378962,1.3544993170847928,-0.0013945199521866937,0.0010482039879171504,-0.0001753795120727209,0.0004985744558731062,-0.0005588460399714224,0.0007243519283009819
B0005,139,1.354703921319241,1.3503980098899204,0.004601235928212088,-0.0005732975038719777,0.0005375018365542709,-0.00030147130592771446,0.0006408207082924882,-0.0005988781192147253
B0005,140,1.349314997503458,1.3450201408439233,0.004062198693240971,0.0012043965929878961,-0.0011815242845958857,0.0001820369047406252,0.00016290239625169528,-0.00013515352552793828
B0005,141,1.3441891937970554,1.340204712391805,0.003996535730227342,0.00028479763225471423,-0.000577315526929636,0.00030815462323322115,-0.0002826467385449507,0.0002549558052722534
B0005,142,1.3389913790695755,1.3365719777602256,0.0025504675495868433,0.0006521348826180411,4.021054911466603e-05,-0.0004193287779145862,4.171595166668839e-05,-0.0004457987227212184
B0005,143,1.3389145230206971,1.3321861340633405,0.007734553013693274,-0.0003376083944155127,-0.0010923696834105603,0.00023316479286469272,-9.174944554764363e-05,0.00028239879721348674
B0005,144,1.3340066759761655,1.330584554284294,0.006862117475263184,-0.0020742456641058703,-0.0005629933144286118,-0.00086724748804179,0.00023666951590487067,-0.00017217870709403338
B0005,145,1.3286444309174914,1.3290081579038677,0.004469675976942906,-0.0028016933320460257,-0.0013318161103660956,-0.000187178274581818,-0.0009306550171328282,0.00041793989925845295
B0005,146,1.323170899227622,1.3289174160869672,0.0009241352360075119,-0.004833328488704335,-0.0007923104771226431,-0.0011305049127260155,0.0006790504415779263,-0.00059355852704357
B0005,147,1.3181691588445197,1.3302692004445202,-0.004952942068397924,-0.004926013381017835,-0.0011347547457116586,-0.0007851068839167745,-0.0001957296873060541,-0.00010549469968173749
B0005,148,1.3184664436640334,1.3317064830906282,-0.008148328561837363,-0.0039081718679936156,-0.0013064090047027023,0.0006602435351267083,-0.0007957709751004369,0.00025839758172466865
B0005,149,1.318293040102702,1.3338497349905403,-0.013719433365732272,-0.002304392525262216,0.0007303846757730726,-0.00042941344512258003,0.0002763593215837728,-0.00011019941517463723
B0005,150,1.323872422244268,1.3350815960537357,-0.01500592330778737,0.0016909399013567436,0.000983746175409003,0.0002858129317058558,0.000978522855226638,-0.00014227223441422442
B0005,151,1.3601216766554785,1.3359480882159376,0.015916022267882735,0.0057906749909757416,0.0008159724798583106,0.0011629753764735274,0.0003619052750204733,0.00012603816120043646
B0005,152,1.3395306867947354,1.3349376891336555,-0.005391728519805323,0.005502362557177857,0.002547043114474618,0.0006995004583028579,0.0003879129656259681,0.0008479072080204308
B0005,153,1.3290286565120697,1.3331057378119042,-0.011471830341843191,0.004208732938143421,0.0011926340366038251,0.0007079988767615055,0.0004370425314066911,0.0008483407873416458
B0005,154,1.3236741274998955,1.3305425643952782,-0.009519802178258263,0.0005675672320525519,0.001038414251370396,6.36673345301401e-05,0.0006267927418543769,0.0003549238541370143
B0005,155,1.318633896753293,1.3269346137688263,-0.0060114538607154685,-0.0023829248148178267,8.864956990702759e-05,0.00021552918224776948,3.4527010875167763e-06,-0.0002139696595186535
B0005,156,1.3134751321324272,1.322107853412891,-0.0028785277516003975,-0.004566014571811264,-0.0005451808235369653,-0.00014630241137218632,-0.00040616584992960494,-9.052973577226739e-05
B0005,157,1.3132020634442203,1.3167834129460507,0.0034754074633648467,-0.00461604727247373,-0.0020847368626264275,-8.11768447558068e-06,-0.00032189461603399224,-2.596039300051728e-05
B0005,158,1.3077959946944353,1.312717653320311,0.0018241723592528009,-0.0032748184248749534,-0.0014356460626993727,-0.0007721479814335928,-0.0007518029330591607,-0.0005114154436289222
B0005,159,1.3030329186405918,1.3079397584397678,0.00026203781324786565,-0.002226795293636244,-0.0011984281556269196,-0.001205609359393196,-2.1866044411151023e-05,-0.0005161786174149184
B0005,160,1.3033573559038203,1.3038783453457385,0.0034114385937298384,-0.0016012120262876024,-0.0014749248053589532,1.668115888127646e-05,-0.0005663234038944596,-0.0003066488172176944
B0005,161,1.3034100438655642,1.3010490338830925,0.005388468865810887,-0.0011892567952737723,-0.0005067029965082939,-0.0006383502449381622,-8.33616597542702e-05,-0.0006097870451216858
B0005,162,1.2978870806495706,1.2990864844839736,0.0015484785883347863,-0.0008721967901745887,-0.0010275841567982135,-3.738693024847917e-05,-0.000628693858109844,-0.00018202054275463827
B0005,163,1.2980735056918902,1.2975793884895017,0.0034308931538422037,-0.0015650720122583643,-0.0005515727007951887,-0.0005985570858800721,-9.037113219950677e-05,-0.00013120287576667817
B0005,164,1.293463613844243,1.297373620319306,-0.0005830030922925419,-0.002740346518248755,-0.00018183077426098387,0.00026584341576093077,-0.00028513668796672283,-0.0003855326710727484
B0005,165,1.288003392619118,1.2972789596986407,-0.007244578086496088,-0.0014369441006786684,-0.001352623631285634,0.00040151274436142425,0.0004491029697300391,-9.203682529568772e-05
B0005,166,1.2874525221379407,1.2979729874260997,-0.011289793742319672,-0.00016931345569321662,0.0002780061429838714,0.0001823775767618437,-0.000234352108476404,0.0007126104487330413
B0005,167,1.3090153642307354,1.2986866136842927,0.005580410996204762,0.001565852559878192,0.0015169666901348568,0.0006505810109327069,0.0008438901655622929,0.00017104926252027992
B0005,168,1.3250793286429356,1.2990343771097952,0.014025038962621013,0.006165455291830721,0.003161281256543041,0.0009026088578840639,0.0003932017716059641,0.0013973655229843175
B0006,1,2.035337591005598,2.039114731687243,0.001307112113907529,-0.0005231020327265758,-0.0005439757635357448,-0.0017955142379706712,-0.002487839989421453,0.0002661790337078088
B0006,2,2.025140246031412,2.031412363262017,0.0012944084856817248,-0.003699216497881375,-0.0011857695834459898,2.0605309456168444e-05,-0.0018266252292514534,-0.0008755199055002071
B0006,3,2.013326371345464,2.0228722802518755,-0.005834962518221612,-0.0004322970305268658,-0.002608856147300003,0.0011771088709923386,-0.0006667237702736364,-0.0011801784967164638
B0006,4,2.0132846655407413,2.012912137926661,-0.0004426548525028085,-0.00040313621964213365,0.0004171810493604432,0.00040031055067367975,7.51551867582175e-05,0.00032567171381472205
B0006,5,2.000528337624771,2.0043588532185925,-0.008876246274191901,0.002890059767761498,0.0007487135035616219,-0.00036515411427956695,0.0018371796225638258,-6.506827977881194e-05
B0006,6,2.0138990759931645,1.9956440345816904,0.010623973738476919,0.005398219925563782,-0.0003820383206767073,0.0022142396130224143,0.0010941913364513227,-0.0006935450672263101
B0006,7,2.013101105626967,1.9833509309056,0.017178635061945953,0.0074802545181644605,0.00105804839305769,-0.0004887957156354461,0.0021599274410928084,0.0023621048371962406
B0006,8,1.96878982627284,1.9743910018784203,-0.01746731799555324,0.007104234697571351,0.001865224080830991,0.0001358967232041521,0.001307530226055032,0.0014532564943998609
B0006,9,1.9681661764334244,1.9639878893234297,-0.004220522735086089,0.004377692689935829,0.001560292844582389,0.0008314524567887125,0.0008331533682452062,0.0007962183178653868
B0006,10,1.9572307917560536,1.9539834573076338,-0.0012127393996610183,0.0029109961967549265,0.0007102655305681185,0.00011417716921984158,0.0005998587883497948,0.0001247759998766201
B0006,11,1.9455991514129352,1.9438589084763898,0.002777896723232378,-0.0004575812913203864,0.00024830365610080174,-0.000516189034034879,0.00041075460404241764,-0.0007229418801576463
B0006,12,1.934750504484113,1.9331434372909475,0.005940165633804495,-0.00420201972849184,0.0006042570564824091,-0.0003021757930389912,-0.0005249586480851801,9.179851812901321e-05
B0006,13,1.9232799539368028,1.9262531821633533,0.00789424163665761,-0.007325171477595898,-0.0010165505085080262,0.000164586623480484,-0.0013191150923956847,-0.0013712195579895408
B0006,14,1.911889930948487,1.9193785736895068,0.007544583519155139,-0.010171781908362765,-0.0010808273870811143,-0.0014555835597564733,-0.001760457602037542,-0.0005645759482052265
B0006,15,1.9010667141979305,1.9135727763341606,0.003824807021322589,-0.01231835004669645,-0.0015899184200243053,-0.0008173413085873481,-0.0011759545939511603,-0.00042930492925432576
B0006,16,1.8891989948061456,1.9110377697731225,-0.005456654361537368,-0.012253767417511172,-0.0022059738635654426,-0.0008015419632428263,-0.0015371183895428174,0.0004162808921846428
B0006,17,1.878278372248849,1.910339821590898,-0.019023072803141493,-0.010986496106725413,-0.0013295873049006532,-0.0009196570672613912,0.0005311149804422456,-0.00033375117235448287
B0006,18,1.8675697161520208,1.910442007303881,-0.03714392014310592,-0.005357507533324639,-0.00015583554049704708,-4.822960006684058e-05,-0.00021258140154772236,4.578293905135741e-05
B0006,19,1.8675892574453767,1.9112949787064304,-0.0492835287444288,0.004377260064206899,-0.0001570957581150718,-0.00011424890807407747,0.001682967276334642,-0.00021107531861562617
B0006,20,1.979626548250818,1.912390065503637,0.05142610953680136,0.012928952946172044,0.0010103877654793322,0.0014039859045583691,0.0004691896794865465,-2.143257540476252e-06
B0006,21,1.9575499080884025,1.9109193456052027,0.022327833651351384,0.0183467288094596,0.002995396645138184,0.0003413000699503486,0.0006432418299917953,0.0019760613138699672
B0006,22,1.9458150170787551,1.9108326692435362,0.015006636457281619,0.016244652114210396,0.0017593717109843628,0.0006026890650582781,0.0010391260787406484,0.0003298722501751707
B0006,23,1.9242461121680088,1.9091980130812458,0.004027362975073287,0.007811935854111297,0.001586868680955404,0.0004000269949400547,0.0006069701824289446,0.0006149342490688677
B0006,24,1.945981133142164,1.9066525240880337,0.0406927655214785,-0.0019110872008921175,1.618452286208494e-05,0.0007244933442421878,-0.00010740034398356145,-8.634694841154421e-05
B0006,25,1.901407930553079,1.903337933186262,0.0096756842371831,-0.008824357690382707,-0.0020090146782103446,-0.0002669435605282706,-0.00023380586700818502,-0.0002715652153332749
B0006,26,1.878674213680085,1.900482027128721,-0.0036954071218886684,-0.014908691463340997,-0.0011293495926933267,-0.000987498946478776,-0.0008441044766909576,-0.00024276197959317484
B0006,27,1.8683061328264217,1.8973280187512178,-0.008109903805691565,-0.015989899378445502,-0.002681394207782307,7.74090335940843e-05,-0.0013319985335423967,-0.000986099160852412
B0006,28,1.8560244070083,1.892838373637772,-0.01831159537497547,-0.015725673734364322,-0.00046643899894916125,-0.0015597991468478372,-0.00031198763303193796,-0.00043847186433951696
B0006,29,1.8451997961855773,1.8886178564532035,-0.033929531850809394,-0.007933491906308042,-0.0006631189222803265,-0.000636335526449198,0.0006910521543455944,-0.000946634334853309
B0006,30,1.857228890885317,1.8844782936929394,-0.030010686879081108,0.001830721561374476,0.0014632418864995176,-0.00031074262117385907,5.396560883079225e-06,-0.00022733343964006895
B0006,31,1.924776088909064,1.8772356903028697,0.03205491542735518,0.013494831764662934,0.0006235900758990276,0.0015631238451894523,-0.0009024665639794693,0.0007064039066711055
B0006,32,1.8822317526092551,1.8699220527976992,-0.005630480816618334,0.014585953950515202,0.0018126147064106133,0.001981734339557461,-0.000299267297057856,-0.00014085520471659814
B0006,33,1.855276687885587,1.8596788874689334,-0.01960366977202175,0.0111653309171179,0.0024835759832150975,0.00021770784724728498,0.00023358654491182785,0.0011012687734447122
B0006,34,1.839250891718188,1.8474808738688853,-0.01604864138328902,0.005276736296935359,0.0005108647918689346,0.0012109078493236004,0.0010265789346761793,-0.0002064287565735099
B0006,35,1.8185396073994429,1.8333947387374205,-0.013236078751562623,-0.0033357710612724753,-0.00022775394362439225,0.00022147392684435853,0.0012423539389248396,0.0004806444445935362
B0006,36,1.8134770059567056,1.8190120439866213,0.003952377305809779,-0.009930385019178563,-0.00012042758260092302,0.0009083343067989648,-0.0011366734151201905,0.0007917362682708471
B0006,37,1.7971018450305436,1.8029356422198308,0.005370759022572777,-0.011394589678968252,-0.0004021160603487676,0.00035475428627486773,-0.0003980102962920585,0.0006354054378861991
B0006,38,1.7810046294120476,1.7869535390480473,0.0017872197699269135,-0.008546684016784526,3.242434721080465e-05,1.008041553782979e-05,0.0007517491928292585,1.6300562098005734e-05
B0006,39,1.7710130422682329,1.772611910110668,-6.835918216978562e-05,-0.0006104177359264396,-0.0008461385759852331,-0.0006676083651451152,9.067235777257367e-05,0.0005029835698129816
B0006,40,1.7604712448170945,1.76062729114375,-0.004614291090650239,0.005412380786471066,-0.0003150208783333596,-0.00025285339435494636,0.0009946168132095219,-0.0013808786480082622
B0006,41,1.7502913788006589,1.7504617107339933,-0.009129052651336284,0.010175382142541899,0.0009920073694694089,-0.0012895321698089407,-0.001837798285249395,0.0009186615800893036
B0006,42,1.7394925037732578,1.7450334726990973,-0.010059502564637493,0.007865888774333744,0.0002947034111282978,-0.0016136407182491927,-0.0003893641450468817,-0.001639053760030081
B0006,43,1.7546766553637203,1.7420700985913449,0.017392821570925115,0.0009700992777743864,-0.0021377018688759552,-0.002138296115052628,-0.00025243845702504374,-0.0012279277180751794
B0006,44,1.7659390941842177,1.7436860048903555,0.03735934200832686,-0.008097952405141466,-0.0013706068112610862,-0.0027516977185156936,-0.0013528462785459263,-0.0015331495881872083
B0006,45,1.7337887419624838,1.746617923845803,0.005743322644081624,-0.012185969496516439,-0.0024356852579826894,-0.0023870638742303366,-0.0012976179006633506,-0.0002661680724004075
B0006,46,1.713325912040734,1.7521413651717344,-0.023293443418187506,-0.009810825494885466,-0.003227490031996745,-0.0012995775822542768,-0.00034873733137886874,-0.0008353793385466494
B0006,47,1.7024077813673466,1.757945060298053,-0.04999976181617993,-0.0037289675272727785,-0.0009800651724512226,-0.0007978242290373759,0.0004999600993506853,-0.0005306203470200419
B0006,48,1.82371946178183,1.7623680297715087,0.05205507093530541,0.0061613736394745735,0.0009985717357974243,0.0004831722949935113,0.0007786720783828833,0.0008745712161869674
B0006,49,1.8081284050314708,1.766015362236866,0.025961792298706998,0.008773079160302285,0.002741843724346893,0.0028621165097177156,0.0011891636164417989,0.0005850473811131315
B0006,50,1.7757610945034283,1.7655742614165049,-0.010363526992885883,0.010381603474466131,0.0038169714663618248,0.003482770113719444,0.0012644336363893086,0.0016045812977774653
B0006,51,1.7447409841836798,1.7615092310886962,-0.03489961526330531,0.00821230128966062,0.0030267176811768597,0.003737175637553955,0.001426297270697963,0.0017288764004488642
B0006,52,1.729207034132373,1.7533207425827344,-0.03626095508860107,0.003748149319916749,0.002947833714012561,0.002733039028351137,0.0014821455699823517,0.0012360789334078296
B0006,53,1.7081086552553244,1.7418170797341153,-0.03938849293699402,0.0014057168803810062,0.0010970088739712003,0.0007719874950431148,0.0017961768674138322,0.0006091782772210233
B0006,54,1.6975954237461768,1.7283420546828498,-0.027642767337205304,-0.002979159163382219,-0.0002806090373693932,0.0006442384739828301,0.0002093489518858752,-0.00069768288457405
B0006,55,1.6820634524029463,1.7101616428919961,-0.020927719207471263,-0.0038596658483638674,-0.002360404806882648,0.0004227191291991544,-0.0013896826350196002,1.6562825680155332e-05
B0006,56,1.6714768322295086,1.6920655262569317,-0.011577628579602631,-0.004311987421763347,-0.0020924653464269387,-0.0016284697079871327,-0.0010703949887976968,9.22519675593574e-05
B0006,57,1.6607591387047655,1.6747826395953167,-0.0044149309339502245,-0.004135149280069923,-0.0006743148866600293,-0.003304621949326442,0.0001850061861445675,-0.001679490072019133
B0006,58,1.651121015038069,1.6573751771994776,0.003078399356010059,-0.0031666210801016468,-0.0018410697065183892,-0.0028492845301550836,-0.0007692483734007029,-0.0007063378687374199
B0006,59,1.640134925619093,1.6429535030845606,0.006246808753316738,-0.0025705767667859873,-0.002177077192515476,-0.0007602026188019611,-0.002574566196628102,-0.0009829634811756149
B0006,60,1.629199941616544,1.6284286334261895,0.00543195860026484,-0.0015542857112918853,-0.0014153980851264326,0.0004768577469375455,-0.0008060882323517384,-0.0013617361608489976
B0006,61,1.6088496302961666,1.6161134047294483,-0.005735401249334633,-0.0008097966366858618,0.00012571196212257188,0.0004886207054535165,-0.0002406982165136001,-0.0010922110229964314
B0006,62,1.6035244898969248,1.60574440867713,-0.002733872140243048,0.0014834532995647025,0.0004694396894679409,-0.0016942605135134123,0.0004978351816800591,-0.00024251431971483448
B0006,63,1.5989712144027983,1.595706702264759,0.000549114405914464,0.0015661221140187444,0.0007253379413293119,-5.008487095125446e-05,0.0008184861778918152,-0.0003444636509053688
B0006,64,1.5876273123575604,1.5857550935869391,-0.0015072600207309144,0.0011648940859857898,0.00043247837890402293,0.001631107601862854,-0.0007633923082260019,0.0009143910165984719
B0006,65,1.5829719744686166,1.5767077020943834,0.0040030868965984946,-2.2431927426807236e-05,-0.0001617372782899998,0.0018777001527698865,-0.0004390648141444488,0.0010067193303514715
B0006,66,1.567137636713563,1.567778809625514,-0.0026513330682687635,7.816412575028772e-05,0.0015940607701190256,-0.0008195951441455601,0.0010871088894810986,7.042150703948052e-05
B0006,67,1.5613446139713882,1.5585988582075858,0.0025565085152704924,-0.0003761896516678118,9.620973629268244e-05,0.00016133943486671488,0.0003260636459029407,-1.8175922630589378e-05
B0006,68,1.551171189279042,1.5503186897929329,0.0008752615622750741,0.0009376717630930829,-0.0009912710448281218,0.0010583248519079045,0.00020472292189478245,-0.0012322105699528844
B0006,69,1.5406741606295171,1.5409644633333621,0.00022463926015382326,-0.0004097301841283552,0.0003268068206770752,0.0001699003568440185,-0.0003039417546965337,-0.0002979772002370219
B0006,70,1.5253138744624433,1.533522009610551,-0.007277770461040945,2.2261254281109545e-05,6.06747607389144e-05,-0.0005034531482087089,-0.00024222260804794985,-0.0002676249372596357
B0006,71,1.5301570318067428,1.5262622879917846,0.004811509347013956,0.0007523485842322866,-0.0007838117357934115,-7.22479428895858e-05,-0.0016692683521053373,0.0008562139211435136
B0006,72,1.524656683447409,1.5208802148443035,0.0047509731930720665,0.0008322125683816781,-0.0008377690501957027,4.9871564977887605e-05,-0.0008141108721283729,-0.00020470879216999657
B0006,73,1.5145492986655429,1.5171424404192617,-2.4803008458226926e-05,0.0003596398128303688,-0.0006207574669194461,-0.0013888468941196629,0.00035501573540600603,-0.0012733899196035064
B0006,74,1.509391504602082,1.511799186296688,0.0012090472324135643,-0.0035015213077169978,0.0002778643619945655,-0.0007631901165932717,8.703594645936141e-05,0.00028308220374387636
B0006,75,1.5039974333050703,1.5078774955723935,5.9924655232856367e-05,-0.005281158870008137,0.0005084607845527195,0.000228332193781147,-0.00013928346834930452,0.0007436624545211088
B0006,76,1.4935201918040188,1.5048649007605692,-0.009726314523141606,-0.003857869423586686,0.0016251791807709005,0.001049820852617187,-0.00041672808009737497,-1.879694188977726e-05
B0006,77,1.4876323024497422,1.5003815850845417,-0.01769266173878004,0.002100220462196924,0.0015444986252829084,-0.00043739666881854986,0.0013643810547002088,0.00037167565418513447
B0006,78,1.5302876214401704,1.495765255697715,0.021830248773253347,0.009193075346454487,0.0010219078236594985,0.0004321484704626754,0.0014843242974058833,0.000560661037810781
B0006,79,1.5040760088360112,1.490863534303891,-0.004310032910155197,0.014471222233752851,0.0014299930412867692,0.001307516976328442,-0.00033222741929141186,0.000646002627221174
B0006,80,1.4887593608730894,1.4859641222768423,-0.013881812970692624,0.01461047539766864,0.001328388459088206,-2.2034994458320826e-05,0.0008814243715305855,-0.00012120164377182484
B0006,81,1.4782779285546637,1.480288933948487,-0.0132541064159282,0.01107471573323048,-0.0006071362659316459,-0.0002619254000827619,0.00038796526002128076,0.0006494817221560475
B0006,82,1.478459982215684,1.477246071202331,0.00448270408246957,-0.0017980451279627743,-0.0001084086002644938,-0.001473385722096741,0.00015167746995428707,-4.063106153044861e-05
B0006,83,1.473214844899973,1.4745679559326392,0.013344383604503131,-0.012373816251322377,-0.0005387366103327541,-0.0012233087195195392,0.0005025107305114777,-0.0010641437572028183
B0006,84,1.4675164935067897,1.4743042047527128,0.018799881907204108,-0.020035119964543324,-0.002155987147557754,-0.0010246803273186956,-0.002138123634829678,-0.00023368204730651854
B0006,85,1.4516292657521337,1.4765340836168166,0.006078410988335745,-0.024844677938150452,-0.003347671381106395,-0.0008279344106523137,-0.0009155039268137778,-0.001047441158402143
B0006,86,1.4519237720967175,1.481256826139443,0.0021243186969755606,-0.02535222855519185,-0.0025569384341040595,-0.0019849112734732824,-0.0005559199800695504,-0.0010073744590860657
B0006,87,1.4471484694777743,1.4883586392500656,-0.012461263945555521,-0.023594550632221704,-0.00263400953028109,-0.0010839026494784763,0.00022950414901593878,-0.0016659471240938492
B0006,88,1.4468538105659885,1.4940555451360873,-0.03259741863451328,-0.013526374276609665,-0.001051967998917626,-0.0004997369254367205,-0.0010392341525726997,0.0015129974577452413
B0006,89,1.4416741930284678,1.5026234028426564,-0.06264377744540477,0.0012999806832374359,0.0007326892095198992,0.0008358537170501751,-0.0002873418693563885,-0.0008866140673798227
B0006,90,1.5935866593100128,1.5079546198241829,0.0634175754202395,0.01720227074621258,0.0024233669388044996,0.00015436833691423135,0.00179333892654807,0.0006411190985123246
B0006,91,1.5463902376915637,1.5127851983213052,-0.0002889163976939637,0.027120479001289374,0.00271027169522089,0.002395483775223038,0.0006925240163602986,0.0009751972800419789
B0006,92,1.51470559175661,1.514808577811682,-0.03621623578168128,0.029596330565630203,0.0025207970869008446,0.0019170450295345322,0.001783063142541086,0.00029601391479469467
B0006,93,1.4989786083335404,1.5131567156513315,-0.045646287598538456,0.02666234589576232,0.0024229538981246678,0.00011275329078316654,0.0011175808491118312,0.0011525463660162028
B0006,94,1.4831110745410492,1.5083625783780863,-0.04610562524745214,0.016802814062677654,0.0019626299250688453,0.0005968059717974643,0.0004136845057338574,0.0010781869705023647
B0006,95,1.4729664825468278,1.4994435134052804,-0.0356917848098418,0.00652123796854153,0.0001306224375826704,0.0006764029542132713,0.0009497627480752803,0.0009367278723789124
B0006,96,1.4627604396099307,1.4910209384964763,-0.0225542606517137,-0.006298286330245044,0.0002132788019280999,0.00208475468899531,-0.0011350556127489183,-0.0005709297492974301
B0006,97,1.4518364681062514,1.4796205492503782,-0.011800860399258777,-0.014990747371881727,7.678499381220794e-05,-0.000884418372817289,0.0002686873438054075,-0.00045352729997557423
B0006,98,1.4468670644030392,1.4692284612362152,0.0013191349431890625,-0.020045999348203898,-0.0006356071718423692,-0.0012727913832324177,-0.0006617179197710435,-0.0010644159135265899
B0006,99,1.441380399427779,1.4588554119653165,0.008643193819281306,-0.02125654535669446,-0.002131769252535363,-0.0012119102929040166,-0.0011931777079250325,-0.00032480370478790157
B0006,100,1.431210744960774,1.4492752311928672,0.0035755636160164487,-0.0178826315420664,-0.0010191974403551019,-0.0006293379715602911,-0.0010334274681637334,-0.001075455379944862
B0006,101,1.4260247179525716,1.440946655351501,-0.0014593690997937823,-0.009687782056008629,-0.0018565658563429693,-0.0005925919275276881,-0.0003832681791252641,-0.0009423602320480257
B0006,102,1.420487649966195,1.4345244340621432,-0.010680018086939,-0.0023733554688578234,0.000701845138451582,-0.0003570249093353941,-0.00031537229257389313,-0.00101285842640744
B0006,103,1.4207006230355006,1.4285723291116457,-0.014466736376695285,0.0069298878846717395,-0.0004836959918297086,0.00040396270194285606,-0.0002665408017098522,1.1416557676764226e-05
B0006,104,1.452255804330839,1.4245252524971959,0.017163543135612892,0.010656416316375112,0.0002443961521228438,-0.0003157628891392353,0.0006476313769670703,-0.0006656722206514951
B0006,105,1.431557632772571,1.4192074246176565,0.00046173132485300653,0.008841372219277645,0.0019354755657937255,0.0001312800346811208,0.00040140440077672415,0.000578944655413424
B0006,106,1.415015751158943,1.4150979573276798,-0.007263690006274989,0.0053122144073427715,0.0010114765906783345,-0.0001444735723292742,0.00034317546395062714,0.0006590910003595419
B0006,107,1.4097311506517451,1.4100250046852068,-0.004621208922013754,0.0032443305523980432,-0.0003316876002397905,0.0002793728402543011,0.00029475366055581813,0.0008405854901507005
B0006,108,1.404917318129309,1.4062117348657739,0.0003816547536986385,-0.00037926221282809434,5.2569614977797816e-05,-0.001169438526179174,0.00043160794785116125,-0.0006115482575023812
B0006,109,1.395164296571563,1.3999080363233019,-0.002950818414957548,-0.0023756907725073217,9.657720671958766e-05,0.00011022107862070593,0.0007411959534342373,-0.00036522474268465194
B0006,110,1.3945343832614077,1.392450894347471,0.0017385995326643195,-0.0009914526981722317,0.0006890482071129526,-5.1014412124544435e-05,9.571211449813752e-06,0.0006887371336208988
B0006,111,1.3893171179312644,1.3866783778853102,0.0024159777759117174,-0.0009435392199475357,0.0007169387638013263,-0.0007070037238476744,0.0012812208016245615,-0.00012485428889745254
B0006,112,1.3838379472327809,1.380865582786743,0.0007781040781227238,0.0009327632312996231,0.0006711010090383308,0.0007452897859516812,-0.0005005681758904208,0.0003456745823869266
B0006,113,1.3736814238195123,1.375776726460634,-0.00419105685977946,0.002361226259897727,-0.0009684379210508563,0.0007421456378495597,-5.723903254534058e-05,1.8059343419644167e-05
B0006,114,1.3786059891863676,1.3724005703312139,0.0062667587344366555,0.0017535228670726918,-0.00036356464238517915,-0.0007331369546709105,-0.0009979746196421572,0.00027981353729594473
B0006,115,1.3737600299108574,1.3696596250196147,0.006574171546309287,-0.0004867737032345981,-0.0005922471598383551,-0.0008643004310771494,-0.0002924050299399402,-0.0002380402620947679
B0006,116,1.3682580583942712,1.3702530938598727,0.005295224485050637,-0.003039294137144397,-0.0006885072610035831,-0.0016491169331845153,-0.0003136058831325513,-0.001599735665115972
B0006,117,1.3633024037317505,1.3698436826713867,0.0008301668630216612,-0.004167165316219187,-0.0009526513893749803,-0.0013105863068529617,-0.0009074350799270127,-3.360763724037088e-05
B0006,118,1.35809661401726,1.3731690073291392,-0.006370686265670897,-0.00392818170594271,-0.003022196286481042,0.00038341166968304985,-0.0012100485277792643,-0.0009246921205734881
B0006,119,1.353269090999531,1.374408570611183,-0.017159193016312763,-0.004157251675019801,-0.00028459424950338875,0.0008180167947442658,0.0004121636147341714,-0.0007686210032582414
B0006,120,1.3841605738237488,1.3753503322115586,0.005833728582125471,-0.00015272369120320002,0.0012139043351571913,-0.00010957897420498594,0.000858805335926038,0.001166106089132478
B0006,121,1.4051467790651473,1.3750294118729112,0.018016130039659642,0.006451321285080164,0.0019275485911573603,0.0014676732213994629,0.0007131886374107371,0.001541505473920073
B0006,122,1.378719022627353,1.3737074166670318,-0.006986259031924775,0.005624418645838265,0.002658050777201137,0.0011370260584666974,0.0012958979620626085,0.001282471615585452
B0006,123,1.3682657783199066,1.3692488530107962,-0.011553003052571132,0.004388531444498306,0.0006330354314829328,0.0029705159570188157,0.0015592247150434636,0.0010186208847060433
B0006,124,1.3573151296618016,1.3643657176682622,-0.011944667985235973,0.002440980911693754,0.001448206817417854,-0.00024088339062207912,0.0005925024413346447,0.0006532732743770851
B0006,125,1.3524934638801596,1.3572156522560457,-0.0039328787334067476,-0.0013894069779924235,-0.00016185472538121016,0.000853090735485068,-0.00013958163027269553,4.8443033026760184e-05
B0006,126,1.3474099151661236,1.3497168031320903,0.0035620265980314016,-0.0036205914278054528,-0.00038579894851633586,-0.0008014082933529888,-0.0008872611332312675,-0.00017385468172426654
B0006,127,1.3370075130842318,1.342782258614681,0.0031868603547572463,-0.004500081466990328,-0.0016246131339671276,-0.0012204712569880444,-0.0005352244513753187,-0.0010812154923779624
B0006,128,1.3312352966718526,1.3368079442599665,0.004118901117569804,-0.002345224272699619,-0.0034321891318906455,-0.0007477026584406912,-0.00224857398650845,-0.0009178585703397267
B0006,129,1.3259303781727645,1.3323125521905748,0.004750435377523091,-0.004533874614103882,-0.002850179534465435,-0.0016894843466269353,-0.0010311360476680479,-0.0010279347645534972
B0006,130,1.321578743867529,1.3291691307665565,0.0012863802174450545,-0.004922847111107209,-0.000984905624189128,-0.0012274387291812021,-0.0009229752011119594,-0.0008186003612357202
B0006,131,1.321225074066109,1.3266945433893063,-0.001376051192764406,-0.0028421884824271744,-0.0001143659270642559,-0.0003769350861689297,-0.0005620736459115748,-0.0001978548990729838
B0006,132,1.3156485301862682,1.3257848594453732,-0.0107734632969598,-0.0008739578541786152,0.0006990282001548865,0.00046028298988175844,0.00028009533729942765,7.16854567045211e-05
B0006,133,1.3209025697502388,1.3252966072419474,-0.010244446487051001,0.003163872976768901,0.0018947483858139616,0.0005073151931065953,-0.00013850754921051738,0.0004229800787798061
B0006,134,1.3474328767273906,1.323525267434101,0.014368188935488949,0.005336379087148562,0.0013715747377889569,0.0005435700221893771,0.0012348601490406261,0.0010530364409919552
B0006,135,1.3260128072353616,1.3204971370022436,-0.0028653805015317604,0.003392627588209108,0.0026042090142100686,0.0004249330487918262,0.001263407359298726,0.0006958738120228784
B0006,136,1.3101186784831065,1.3167444209418437,-0.01087462397210967,0.0011492850664727304,0.0014389628335589903,0.00019757174265360355,0.00044397837119227596,0.0010190835937027348
B0006,137,1.30521620229393,1.3112181182452116,-0.006034165763930929,-0.0004590649203215079,-0.0008002424638897215,0.001165316757512144,-0.0002818078523847321,0.00040804838789209447
B0006,138,1.3004061951355774,1.3045060625362226,-0.0010005882604759715,-0.0028637608895747194,-0.0006126402898569944,0.00010362165665158379,0.0004067472446681878,-0.00013324676398424436
B0006,139,1.300235735841116,1.2976713139183917,0.006066476699543395,-0.00185241185210359,-0.0017503017128316538,-0.00028098149550008283,0.0011809367844089376,-0.0007992964026519039
B0006,140,1.2895066722480757,1.290079506119246,0.0007039736308564659,0.0006782980281363971,-0.00017544266814214357,-0.0011252781170396572,-0.0006484019101535651,-5.982732417393832e-06
B0006,141,1.279253057384795,1.2826293246162428,-0.003345015441976066,0.0002698189633878162,0.000668996111602196,-0.00035010321744216214,-4.3308581431106196e-05,-0.0005766549590977532
B0006,142,1.2792078171714618,1.2757937643203379,0.0017890214820103167,0.0009443711689416942,0.00022837050837548012,0.0009618876353252362,-0.0007008972894896203,0.00019129945246973648
B0006,143,1.274036760902923,1.2708970093405405,0.002492116225594614,0.0008909662019149609,0.000947190616047531,-0.0012324772628749567,0.0007848498055084501,-0.0007428939152411777
B0006,144,1.2741273923001468,1.2659123452935885,0.008122856115810715,0.00065489763183842,2.8224129196923724e-05,0.0007031268306687554,-0.0016699751503041278,0.00037591755787827247
B0006,145,1.263763942644078,1.264734534815811,0.0030322150920582772,-0.0004410404723716057,-0.0013878299803776293,-0.0008281022446428737,0.00010477668127592103,-0.0014506111350201419
B0006,146,1.2581373688955233,1.2620277469855257,0.000731972861774698,-0.002278828112418885,-0.000830867174453318,-0.0011938205213343172,-0.0005237458697962491,0.00020491084111975137
B0006,147,1.253259864055301,1.262162558117629,-0.002366942977202064,-0.0031224129174935197,-0.002229148929802424,0.00012215103809714166,-0.0009730514601161162,-0.0003332886989761943
B0006,148,1.2532313315493426,1.26301621168916,-0.004352318602409706,-0.0035522282966278375,-0.0007961834009167213,-0.00039460624228958324,-0.00039700882483515034,-0.000292534655891887
B0006,149,1.2480874960313575,1.2626506732925917,-0.013921541140220468,-0.0017125449872899907,8.414222043312441e-05,0.0005730193843427398,-0.00048041772608471543,0.0008941651064782571
B0006,150,1.2534354284944844,1.2621283400955887,-0.015401019192600751,0.002669943361709498,0.0012984107453408418,0.0005188114641387669,0.0019045125840636784,0.00031642955300867094
B0006,151,1.28980487732669,1.2609765922869258,0.01849339154900191,0.00526229111403635,0.0017138907411743953,0.002452617554911675,0.0005364726565540681,0.00036962152637749714
B0006,152,1.2635402021758837,1.2570224787542303,-0.004864528391044593,0.005049287337980203,0.0025478018839703224,0.0008090832062702025,0.002625108427837036,0.00035097106938403205
B0006,153,1.2479761706842851,1.2517780011176534,-0.011547267449868847,0.002734220225553832,0.0009422129496972235,0.0024921495655082556,0.0006444233433725534,0.0009324310513063947
B0006,154,1.2321202877943334,1.2447017353535597,-0.013913369100314037,-0.001640385133460395,0.001018499525752546,0.0007729985533538725,-4.087328589795893e-05,0.0012216820065871264
B0006,155,1.2271137666213534,1.237182396394011,-0.004954169662827769,-0.0038170645951660746,-0.0009111375813454623,-0.0004946479125513268,-6.212886571909713e-05,0.00017051897219200963
B0006,156,1.2217397581377356,1.227658844951965,0.0011486027005898668,-0.004102441491514299,-0.0011487011041692251,-0.0018424133131698815,0.0010339427080318694,-0.0010080761846194203
B0006,157,1.211102678915174,1.2169907461353002,0.0013119458225026082,-0.003479162108417764,-0.0012443942347133959,-0.0014392164037894514,-0.0008353885741046705,-0.00020185158799192218
B0006,158,1.2056159765131735,1.207772471547861,0.0039025356582319624,-0.002254636051614415,-0.001336525689983259,0.00019323372116081497,-0.0022316298219480575,-0.0004294727147396812
B0006,159,1.2008936262717274,1.1985329523985402,0.00461971614601398,0.0011737626747318028,-0.0008907003999174096,-0.0014646650116154842,-0.0004032130411183686,-0.0006742263572331153
B0006,160,1.1905903985558337,1.1897963361752568,0.001291325980453442,0.0010069809862089715,0.001159816262389979,-0.0009414066204668301,-0.0016132328045520507,-0.00010942128168210298
B0006,161,1.185179251041941,1.1833066242499526,0.0029895407295915106,0.001568895495847264,-0.0004976608108924749,-0.00108490964184147,0.0002403696692485866,-0.0013436085060371545
B0006,162,1.1796706818144624,1.1770919237283946,0.003892554680646473,-0.00026002661814732126,0.0011517010308821885,-0.0009228252760038548,-0.0014696707027533776,0.0001870251175637807
B0006,163,1.1745952836753917,1.1732988426948743,0.005343594135762875,-0.001368951995828553,-0.0009893287258567432,-0.0007789612634645635,-0.0007979049019159927,-0.0001120061200398437
B0006,164,1.15381833159625,1.1699250946134745,-0.010907220914628622,-0.0031751877448750175,-0.0011954241100944503,-0.000703426705566152,-0.0003974354279283319,0.00027193204227608206
B0006,165,1.1644009557372264,1.1669875301681372,0.0007324406475486476,-0.003407536752148451,-0.0005224855664929517,-0.0002518411531715905,0.00025677026463593005,0.0006060782809140686
B0006,166,1.1587974947916069,1.1660516224166355,-0.006435030705066206,-0.0018399366046261275,-0.0001912910572109771,2.9941763336847545e-05,0.0006971255395948025,0.00048506359336945946
B0006,167,1.1749748834769171,1.1647385268220103,0.004489813640351644,0.0008632786781492183,0.0013235384754416801,0.0015313181344487707,0.0004883355079649137,0.001540072366539209
B0006,168,1.1856752327929356,1.1648236304818005,0.006776056807986504,0.005688779586811043,0.003923385879462316,0.0028042237103845643,0.001371525782422648,0.0002876306877982963
B0007,1,1.89105229539079,1.8849585757885892,0.005266458028401331,0.0008187367356447891,1.5875785340327818e-06,0.00010123628384476543,-0.0008146260905428683,0.0007203269126265362
B0007,2,1.880637027686859,1.8839465521489427,-0.0030308445010475047,-0.00029690141638952255,-0.00024563201265272085,0.0002430949115487775,-0.00016445878722347985,0.0001852171964788816
B0007,3,1.8806626717011388,1.8833563402415678,-0.001901039194464703,0.00012415612577203693,-0.00046869115068649223,-0.0004850722399105773,0.00031858079959536876,-0.00028160302795255087
B0007,4,1.8807709009833444,1.881968834302543,-0.0009375638309251033,-0.0003667441762475161,0.00014594919483035281,-0.00025908602572284346,0.0004781041198817267,-0.0002585927483003581
B0007,5,1.879450872828505,1.8809539110623403,-0.0013407468180934223,-0.00021017620182210193,0.00021951206101789115,-8.876654106939408e-05,4.431949992867699e-05,-0.0001271803802596219
B0007,6,1.8807003517117404,1.8794852865302139,0.00011487461396827884,0.0009023641737863008,0.00013064513277781972,0.00027655251431827255,0.0003434578829182075,-0.0005528292834835396
B0007,7,1.8799352523566075,1.8773489484654444,0.0007976659244336953,0.0012204284486019218,0.000152119415167151,0.00046554759193379963,2.8240374860434174e-05,-7.769801059835404e-05
B0007,8,1.88150881240388,1.8751052757710596,0.004520030758421861,0.0009896927016004953,0.000571719599518702,0.00034256327753812756,0.00017272819260276919,-0.000193198044606742
B0007,9,1.8696907870385844,1.8719136451339566,-0.004626926020932201,0.0012000156342927687,0.00013221069979495864,0.0003835616580018487,0.0003336871097687604,0.00035459268332109115
B0007,10,1.870052380139199,1.869129616263216,-0.001129532320488832,0.000936511749125938,0.0006940873462042292,-9.438357435359914e-05,9.720113983610571e-05,0.0004188793950532922
B0007,11,1.8700442394188577,1.8658827953930095,0.0024770121501481307,0.0006537253671136406,0.0008789462203677663,-0.000283498382370612,0.00036362468877197885,7.163384121646003e-05
B0007,12,1.8596518987766364,1.8632479413185883,-0.005005736027370244,0.0013106203355862799,0.0003458412234998294,-0.00024861279499053184,0.0005831028788919084,-0.0005812582916936531
B0007,13,1.8590746560862208,1.8606058248304054,-0.001464989374887003,0.0006906235144072086,-0.00012959419691999495,0.0005073705535797741,-0.000348096204408136,-0.0007864831697211776
B0007,14,1.8590084577709232,1.8586019497221753,0.0024390378489375637,-0.0013941635066510045,-0.0005517081325546485,0.00010443947292035647,6.404332167165936e-05,-0.0002551410892994914
B0007,15,1.8593622586957048,1.8575537543773692,0.006463975816084915,-0.003276617829062347,-0.00037434851484591535,-0.00016984040114656723,-0.001112699321274326,0.0002780344346358539
B0007,16,1.8587355450601035,1.8576293026702086,0.008373849174588324,-0.005467231939619234,-0.0007748719605125887,-0.0004023749648822736,-0.00016690684494731934,-0.00045622120828561936
B0007,17,1.847817291322145,1.8585588565762658,-0.0033158005601372086,-0.005290113577084576,-0.0008028530110525783,-0.0009188676633438595,-0.000298969849605832,-0.00011496071964649715
B0007,18,1.8485252916137047,1.8605399718415396,-0.005831071132897826,-0.005027401263061875,-0.00033038573882625337,-0.0002314241314106761,-0.0002049927130190721,-0.0003894053758100775
B0007,19,1.848378951850034,1.8626795224011274,-0.012079204743409785,-0.0013380438286492277,-0.00020749801448276972,9.317452235736469e-05,-0.0005011283286372216,-0.0002678702853713921
B0007,20,1.8807805437609768,1.8646149952821744,0.01234282248971746,0.002998189206232966,3.496043899389593e-05,0.0007323747393110196,-0.00020001305063839191,0.00025721450789404835
B0007,21,1.88147215974436,1.8661264681941263,0.006297325057230533,0.006507174088005574,0.0010683761587889332,-0.00019382050324965518,0.001079316065869861,0.0005873205358661469
B0007,22,1.8810954313244783,1.8676722377822812,0.003148884726827021,0.00796011263203144,0.0010602168661942408,0.000505516927500612,0.0006512653300602043,9.719691209611872e-05
B0007,23,1.8710089649779995,1.868460193590858,-0.006995233384181386,0.007801861851735213,0.00036970958670579264,0.0005682629701906312,0.00038989972654440485,0.00041427049494489155
B0007,24,1.8701995151941373,1.8685800755083433,-0.003757870228472721,0.0044076556666573005,0.0001749387044715738,0.0005458325104142388,-5.450143665498912e-05,0.00030338432868116347
B0007,25,1.8706715362800983,1.86844317870277,0.0034142622736212905,-0.0007438307967984023,-0.0004572640425563186,0.0002850196822481691,0.00011802454725642359,-0.000387854227434505
B0007,26,1.8596124644020169,1.8674892596168753,-0.0021348727753124183,-0.00438728634271741,-0.00038420572683538223,-1.8067338856756963e-05,-0.0009558201269063291,3.4569616699134364e-06
B0007,27,1.860033909718346,1.8669805913983564,0.0032476845768122094,-0.00780341979466053,5.0633151514757556e-05,-0.0011454177617538754,-0.00042673494818315093,-0.0008694270381024337
B0007,28,1.8591653109160768,1.865586438437625,0.004662064282865513,-0.009276534072180343,-6.0793957834664935e-05,-0.0008681790903682388,-0.0007928426822951808,-8.48421355565248e-05
B0007,29,1.8481398178778288,1.8637494173706632,-0.00934104635130925,-0.0055098770577576865,-0.000410147310375725,-0.0005044832236689602,-0.00016131797104128404,0.000317272294367766
B0007,30,1.849201702126164,1.862519499658417,-0.014341434719624057,0.0010147628445898924,-0.00045728284343580925,0.0002599934359407979,0.0001025394066487562,0.00010362421601508116
B0007,31,1.8834677437950849,1.861030876832492,0.01461514711915084,0.0063677774958221,0.00068561273976161,0.0007042878344572974,0.00048582603269701336,-0.0004217844082617702
B0007,32,1.8628211117905844,1.8580854837917984,-0.005378890166308593,0.007807242670111761,0.001061659138436595,0.00022399413561307091,0.0007748603395379225,0.00024676174529577525
B0007,33,1.852085039652352,1.8546537310866693,-0.01056316021543933,0.006025906096478222,0.0003774198120574065,0.0003512031377987267,0.0007690926923235342,0.0004708469130549284
B0007,34,1.8469504648208708,1.8500886356388342,-0.007517827384561726,0.0026628963445274496,0.00023757072926503984,0.0005663887787307429,0.00043644183578785183,0.0004763587520777891
B0007,35,1.836828431169018,1.8445765793762257,-0.00768683505604781,-0.0015681615649872228,5.090553719287258e-05,0.0009283307214669897,-2.1056154347951415e-05,0.000548668189613602
B0007,36,1.837161961967228,1.8392612401760882,0.0016476433394031285,-0.0035835685160684775,-0.00027772602062764304,-3.366294027290161e-05,0.00012169826170270633,2.633754689344548e-05
B0007,37,1.8316722583718847,1.8327885061748999,0.003986780518441585,-0.004772513959107282,-7.574913282899274e-05,-0.00025279055132082024,0.0005587690815102757,-0.0005607438763984693
B0007,38,1.8211470951317783,1.8259256700626032,-0.0017060870006442561,-0.0029738244995071183,0.000191127271490151,-2.3572653599570222e-05,-0.000171575507775571,-9.464265091813011e-05
B0007,39,1.816506091511515,1.8196995593340226,-0.002618663975707418,0.00018175797870145026,2.1477883435087652e-05,-0.0007083572734685143,0.0003326059930061416,-0.0004022885357119176
B0007,40,1.811381560150456,1.8137281773401936,-0.003929578981299162,0.0018519529161805965,-4.1573116865136935e-05,0.00016137970574099506,-0.00027000440700277893,-0.0001187934105363653
B0007,41,1.8116056333939583,1.8087157437933143,0.0002645522536818428,0.003317285839454159,8.533980668620978e-05,-7.89077946045701e-05,-0.000664124871701887,-3.425573705540253e-05
B0007,42,1.8060548955557405,1.8044540791022248,-0.00040352048706250316,0.0026024537214901643,-0.00016861193606258602,0.00019273152591697094,-0.00011365507035241089,-0.0005085814011385269
B0007,43,1.8132041826994056,1.8014773560060415,0.01200350620677546,0.000899381692091046,-0.00032844230702550254,-0.00021603657280501885,-0.0006053804751424577,-2.620195570939858e-05
B0007,44,1.8062641938283528,1.8003825648938756,0.009709931560490737,-0.0010815986858703388,-0.0010602018959629015,-0.00034281866675976,-0.0008646788399989258,-0.0004790046382766008
B0007,45,1.7958310249900458,1.7995168856607036,0.0017651817622594541,-0.003139113288842346,-0.0013423837952965048,-0.00038023048976344644,-0.00026563274208558067,-0.0003236822112828579
B0007,46,1.7858852600390451,1.799133020118626,-0.007635841630229399,-0.0036599725326859956,-0.0014424965701520713,-0.00022696263810475807,-7.850928695992608e-05,-0.00020397750960435642
B0007,47,1.780326860450275,1.7991661390813292,-0.01583066002607537,-0.0023351572718326398,-0.0001912225692623322,-0.00042066283415416656,-9.960057520608802e-05,3.802456078475625e-05
B0007,48,1.8150756899575573,1.7988989385106442,0.01457224932750246,0.00044616677817674864,0.00010423539128427632,0.0005222687309563972,0.0005005107914278989,3.1320321219230216e-05
B0007,49,1.815702515484584,1.7976026437327597,0.012699484487954838,0.0024378106057254944,0.0014783953942265292,0.0005888695364363762,0.00036950881998059834,0.0005258028007637559
B0007,50,1.800243217805667,1.7949367004724965,-0.0019338715531946927,0.003592760649562861,0.0014861793125997393,0.000614782053893421,0.0010498802896672257,0.0004967864835390592
B0007,51,1.7904476205609308,1.7916281677956098,-0.006822553498703588,0.0027755100297211714,0.0007909207361989503,0.0010036137707695684,0.00037284514658984596,0.0006991164897461549
B0007,52,1.780343032300132,1.7868303891439121,-0.009175079188702005,0.0015910970375838374,0.000927061863765189,-0.000298739705126701,0.0005896048596527194,-0.00012130179565506998
B0007,53,1.775328769596812,1.7800254868617267,-0.003480037691348605,-0.0012361947508574642,-0.0001695420011980335,-0.0003397912599574787,4.276853012435689e-05,0.0004860798267453564
B0007,54,1.770262973473285,1.7721610062311115,0.0019562761924467216,-0.0033218719615085114,-0.0009543006340041772,0.00022883177292771736,1.7795037722453004e-05,0.0001752367561691145
B0007,55,1.760081061854204,1.7649241284150126,-0.0009894187093314997,-0.0024711401750628914,-0.0006106527401795577,0.00014787468062582817,-0.0008741806617411492,-4.5549027194603856e-05
B0007,56,1.749647593537689,1.7575427949187026,-0.004538447904424329,-0.0012691548157541706,-0.00028512087536931277,-0.001099459765854761,0.00022976928160989228,-0.0009327873667944716
B0007,57,1.749650075059311,1.749718716471295,0.0009218700719333486,0.0006695456574342121,-0.0007435967562053626,8.292104136004225e-05,-0.00029854324156394047,-0.0007008382505174379
B0007,58,1.745028739214683,1.7420981241158773,0.0022612744669306428,0.0011518319861447,-0.00015316781092851898,0.00037733819972429197,-0.0008776097910389982,0.00017094798527840648
B0007,59,1.739645745528673,1.7354139703489047,0.003170171294379248,0.0010824354056638914,-5.5586629681378395e-05,0.000348992110981017,-0.0005905243555723729,0.00027628729465710634
B0007,60,1.7285642277717963,1.7294495605376285,-0.0013064686132451433,-0.00023911323577315968,0.00077688401126112,-0.00012302032771004318,0.0003114499732779637,-0.000305064626078032
B0007,61,1.723900324588418,1.7233829033144015,-0.0001575071480773442,0.0004604558507747662,0.00032948451801165533,-5.607314219125296e-06,0.00027614202582946205,-0.0003855467078316271
B0007,62,1.7139788776485192,1.71784014737524,-0.0036986527485697858,-0.0002888365977534085,0.0001244910969435262,-0.00028267513413570496,0.00035196923398233984,-6.756562053383977e-05
B0007,63,1.7139701997004613,1.7119448227572192,0.0027144666506172675,-0.0005676621454693843,-0.00042586199109767906,0.000643969760040826,-0.0005663315085194268,0.0002267961343300556
B0007,64,1.7036521173638766,1.7059116851785705,-0.002286713125676627,-0.00029382724806394176,0.000480660299873668,-0.00024623089387359277,-0.00021896510819229613,0.00030550822432811215
B0007,65,1.7040137474382486,1.700672912360646,0.0034586997987077865,0.0003816527963397986,-0.000507878032069317,9.816133251389722e-05,-9.42690000239376e-05,4.468144998265031e-06
B0007,66,1.6935716157343033,1.6949947694003007,-0.0011974936539045538,-0.00022665909665529958,-0.00015204250624296548,-0.00012329894183572276,0.0002881118180846753,-1.177131607228179e-05
B0007,67,1.6876577363877656,1.6893817254139003,-0.0016256168569713212,8.571840236089186e-06,0.0004675949685207765,-5.313188950533956e-05,-0.0006616871088510943,0.00014027999349270481
B0007,68,1.6830744356583152,1.6840441095627094,-0.00042621497198284524,-0.00040074591256692186,0.00020659918719930626,4.8122193749354936e-05,0.00013013081435846123,-0.0005275652392389633
B0007,69,1.6779270142025482,1.678264981745904,9.747838365962383e-06,-0.0005467087306933428,-0.0003356323521885616,0.00039179478508549677,-0.0001628447797338213,0.00030567567492882945
B0007,70,1.6732060275966172,1.673546147757957,-6.369764612646826e-05,0.0006710051190006075,-0.0003947043459369449,6.729386690554864e-05,-0.00024219560458197528,-0.0003778215685381027
B0007,71,1.6674367208253988,1.6674477490787853,-0.0006406121344562612,0.00015584547878145456,0.0003578554412337507,-0.000823521568983425,0.0003795312826038831,0.0005598732330916478
B0007,72,1.6622662630667526,1.6630443826635684,-0.00022169101611573582,0.00025992617972947897,-0.0003801916782559248,0.000139892925070849,-4.510401095804917e-05,-0.0005309520074067678
B0007,73,1.6574243065763063,1.6578885698919459,0.00029424039493284085,-0.00020914607039359512,-0.0006223576652660244,0.00016958280952959165,-8.271664362597715e-05,-1.386614891938294e-05
B0007,74,1.652538684928734,1.652765965319177,0.00043966273101850246,-0.0006783770437517223,0.0004035354847662334,-0.00036705844692929145,-0.0002847762583860186,0.0002597331377807873
B0007,75,1.6472174627573322,1.647208008461003,-3.570393928915185e-05,-0.00014302540899974035,-0.00010980792576946158,-0.0004507890025216185,0.00032615827793339337,0.0004226222932333506
B0007,76,1.6364136810898071,1.6414069095167008,-0.004610570937138786,-0.0015028944068209407,0.0003698568133461865,-8.091520034775058e-05,0.00041953294889183844,0.00041176236016602724
B0007,77,1.6362554312048496,1.6358065974752471,-0.0007495276485377687,-0.000724374631322031,0.0004165212341792206,0.0007694127320452302,0.0007191545206693814,1.764752765721482e-05
B0007,78,1.641119179218384,1.629818712503088,0.007863034123632288,0.0012317243098679976,0.001096027727466334,0.0003826115325392931,0.0005703458431387028,0.00015672318070894547
B0007,79,1.6315700789656966,1.6246281741870063,0.002263768215647804,0.0034218365809124784,0.0006840527962283706,0.0006110202852948198,4.135724816722473e-05,-8.013033955188104e-05
B0007,80,1.621213282987236,1.6195396470237453,-0.0031099119960735764,0.004402811131802057,5.690421999187288e-05,0.0007367633038201485,-0.00026531238628837626,-0.00014761829529869253
B0007,81,1.6164273214762122,1.6149843770802943,-0.0005879499352445332,0.0019553385686285223,0.00046188096363699774,7.946107644238017e-05,-0.00040952471922405464,-5.626154087650664e-05
B0007,82,1.615823510161921,1.6125323590114156,0.00658817215575501,-0.000639414058946057,-0.0007489438872461689,-0.00015657756570602266,-0.000935545136878134,-0.0008165403386520802
B0007,83,1.61672418029789,1.6106980250565515,0.013246618258702032,-0.003959504672956378,-0.0011200782097280774,-0.0009256280606635107,-0.0003604072935941372,-0.0008548447631613445
B0007,84,1.6108655863730026,1.6112686384460515,0.010154514481068489,-0.005596176173695176,-0.0019501756665140793,-0.0015510771472915783,-0.0008790173724863898,-0.000581120173219204
B0007,85,1.6006603374309376,1.613350620926135,-0.0016154152767063616,-0.005970250598007878,-0.002538481204146879,-0.0006099609692201961,-0.0015007427447379395,-0.0004554326751077576
B0007,86,1.5959174487005665,1.6170716553422906,-0.010642130037836973,-0.006201236334092444,-0.0015392824507341478,-0.0011563109968649936,-0.0007107556997036368,-0.0009044910922657394
B0007,87,1.5962179519462243,1.62068898866046,-0.01788026287646651,-0.00482783031834572,-0.0010461792418787724,-0.000298640327477464,-9.261513933539876e-05,-0.00032550878069307655
B0007,88,1.5958065114633972,1.6248722989514701,-0.02809581745595789,-0.001875184064986554,0.00024186626035888013,0.00031349355599212466,-0.0001934356586334502,0.0005432899054492499
B0007,89,1.5906507821480704,1.629375647413025,-0.04369592045787949,0.002074860394880461,0.0014240167885170643,6.943277092275995e-05,0.0006677510026406995,0.0007349942694721399
B0007,90,1.6888211161855506,1.6326274891462829,0.04472284309314324,0.007091717763609665,0.0020324745044549035,0.0007190721094949026,0.0009613593467045374,0.000666160194192135
B0007,91,1.6259938279733204,1.6337815577113324,-0.021886703876248106,0.008387663686047132,0.0022960441809658375,0.0016722775295279662,0.0005737787089634554,0.0011692100442151645
B0007,92,1.6157433862812898,1.6328509877730124,-0.029724215221667953,0.006403455779434562,0.002767717686516453,0.0011909094534874262,0.0012418402051300216,0.001012690623248002
B0007,93,1.6056626764846538,1.6303638991582352,-0.03317547628361938,0.004624453985037856,0.001600600732819276,0.0010432963986665759,0.0009517529514056321,0.000254149566261781
B0007,94,1.5949746921524348,1.62445871822309,-0.03432933272699142,0.0018439323223057703,0.0008059899559145331,0.0006234320568763957,0.0004043524625847527,0.0011675998894681795
B0007,95,1.5904102438871943,1.6185827630901533,-0.027751933858197502,-0.000543660439553303,0.00023986770411219194,-2.8224618692815807e-05,-0.0005702468696860198,0.00048167891271652815
B0007,96,1.5853517062988178,1.6108782487611284,-0.020561193163546657,-0.003083791258459705,-0.0004310504203752473,-0.0008808975538171299,-0.00032248462199867,-0.0002471254073028514
B0007,97,1.5799737147242376,1.6026417316153307,-0.015330295555259775,-0.003957405129668659,-0.0012799238914083166,-0.0009526444181171768,-0.0010836676230232783,-6.408023345420262e-05
B0007,98,1.5752185465278068,1.5943005506748582,-0.010854426121301969,-0.0046295144487116125,-0.00161643254764278,-0.0007223654529200997,-0.0007787740502604981,-0.0004804914830895816
B0007,99,1.569798484648868,1.5862701407112207,-0.008283642640804613,-0.004874094919748648,-0.0015724139874495567,-0.00039179265790477213,-0.0006698896245888674,-0.0006798221853538709
B0007,100,1.5702565375950357,1.5801210190389836,-0.003021299674781455,-0.003478998877021278,-0.0010670867731094043,-0.00045032153593917217,-0.00042006002980619423,-0.0014267145070732724
B0007,101,1.565249873909438,1.5737420608601882,-0.0054472143206095,-0.0013229932239986928,-0.0006462325288978601,-0.0005230949479141597,-0.00018534061067626106,-0.0003673112693165761
B0007,102,1.559633933561147,1.5688214575031247,-0.008471512084721458,-0.00022472447783682437,0.0003217756635206812,-0.0007818330075792418,-0.0002459593363608526,0.00021472935383677033
B0007,103,1.5649820533392105,1.5651158431660865,-0.0017465046503366765,0.0015167261476432962,0.0004454635606075136,-0.00019998471189352636,-0.00014472819241514144,-4.7619309774737465e-06
B0007,104,1.57497949984227,1.5614800855025421,0.010680472455923531,0.002282733285663289,3.904068558467459e-05,0.0003694212027443872,0.0004500261095552394,-0.0003222793564693967
B0007,105,1.5652811168780458,1.5582606233471168,0.0044171509940439104,0.002150679138403957,-0.0004232102105027972,0.0010293072730203517,-0.00012193278609476098,-3.1500828623918646e-05
B0007,106,1.559755497470126,1.5549194478239647,0.0031914433296025765,0.0007681688144896785,0.00046427270320005033,0.00024913671486962764,8.158291124204327e-05,8.144522551829684e-05
B0007,107,1.549897685670499,1.5512290471557437,-0.002469466012581248,0.0001736792742755456,0.00033052507031935936,-0.00020028272521286497,0.000601427093708866,0.00023275587314964662
B0007,108,1.543877153134502,1.5475113031026595,-0.004266759939069846,1.0786974692954492e-05,0.00023949324629683093,-0.0003765889492764866,0.0005653560714889144,0.0001935626903659944
B0007,109,1.5450187488690073,1.5437267371884047,0.0003213772352125477,0.00012040176088284283,-0.0003249845284354658,0.0005088514871685777,0.0008910150623536504,-0.0002246492746350941
B0007,110,1.5445940154102908,1.5395615864131336,0.004160714863786945,0.0002509396474000812,0.0004175746944194225,3.4109276371433e-05,-0.0002584896725438498,0.0004275802499323485
B0007,111,1.5343086721758876,1.5350790787797142,-0.0018187647541679413,0.000264242687264135,0.00047217273078582604,0.00042167986136678763,-0.0005442155637330223,0.0004344785032762019
B0007,112,1.5287603942958483,1.5314295231830557,-0.003278234974492889,0.0010173152218846118,-0.0002451252816303359,-4.093648427704041e-06,6.1016332660196136e-05,-0.00022000646512518784
B0007,113,1.5289260249179843,1.528157012698195,0.0011491070253259843,0.00034088491698393866,0.00010395676452742171,-0.0008597473315571317,5.989094352639662e-05,-2.5080027044181897e-05
B0007,114,1.529091650133123,1.5252817697451067,0.005956626925346671,-0.0008934782198611592,-0.0003248574139493097,-0.00020627540262487112,-0.0006200164009297682,-0.0001021190280953661
B0007,115,1.5239059324661248,1.5241696445225523,0.003544371379524563,-0.0008984920683662226,-0.0007809975103636255,-0.000789561727329619,-0.0004080463595057238,-0.0009309856952856543
B0007,116,1.5186675419100617,1.5231647615362465,-6.306715804510207e-05,-0.001235854218955953,-0.0014118733073956802,-0.0008255965026890887,-0.00018333888327953102,-0.0007774894774536747
B0007,117,1.5136482266426952,1.522516610021988,-0.00477172426110377,-0.0024184873634593837,-0.0002876398726625044,-0.0005468542785096829,-0.0008838449833700769,4.016746130597969e-05
B0007,118,1.5136050185229033,1.5224432994524404,-0.006202641769672683,-0.0022509869276820704,-0.00030962700537650825,-9.244709623312965e-05,-0.0005323443543677375,0.0005497663053153921
B0007,119,1.5139470614867965,1.5229488552229753,-0.009518101325518035,-0.0003079701271669953,0.0004143969417725288,0.00022474236366020468,0.00045298627860509456,-0.0002678477862243052
B0007,120,1.5339599193158786,1.522719719851331,0.007216545333496368,0.001771341365671842,0.0009465883367685739,0.0004667537477214943,0.0005077982159594621,0.00033117253376589484
B0007,121,1.5391372798653098,1.5218013739016387,0.010129477517150461,0.003713236962036647,0.001051685491790275,0.0009294432129367423,0.0008364172114804198,0.0006756456338860875
B0007,122,1.5236247972838737,1.5202833508016884,-0.003333012512783766,0.0039045442888174355,0.0008340366870565913,0.0009381626071311675,0.0002804607597251725,0.0007172547275151615
B0007,123,1.5135813035589147,1.5167394301433113,-0.008233253411845274,0.0019862747954369504,0.0008406205800346445,0.0015014616659389183,0.0003123185648891965,0.0004344513026842938
B0007,124,1.5077850749847914,1.5128995052248009,-0.006822354002307384,0.00012036296907660023,0.000669864733159331,0.00011189852326110177,0.0009463859593942702,-0.00014058833744612064
B0007,125,1.5031960676037333,1.5080063818712048,-0.004407450714708725,-0.0009862658924660913,0.0010552390348436836,-0.00045593381669464664,0.00024569416911460044,-0.0002615969595534132
B0007,126,1.497822059699588,1.5027008977123542,-0.0016367751168107432,-0.001858867202311256,-0.0007967592171411657,0.00011654065229396863,-0.0007277678042007072,2.47907667594658e-05
B0007,127,1.492848534633516,1.497932070831697,0.0002852246398487831,-0.002463692279077411,-0.000697263634058418,-0.0011334363902781607,-0.0003225606910650431,-0.0007518077490953957
B0007,128,1.492414389867026,1.493788356783605,0.005523742705869572,-0.002855965001609385,-0.001922429868732215,-0.0006442187836914224,-0.000635440279059158,-0.0008396555946307019
B0007,129,1.487482776538081,1.4903504929315778,0.004089281659089216,-0.0029781297880337792,-0.001497289286101534,-0.0010430423081974887,-0.0007928921457719786,-0.000645644426682326
B0007,130,1.482535148640411,1.4874153230363525,0.0008726010363718158,-0.003141511204303601,-0.0006651238666360765,-0.001089543843305728,-0.0007757810466540796,-8.081537053151745e-05
B0007,131,1.4827874322228984,1.4857198522940216,0.00034335676769899054,-0.0021245428502482877,-0.0009266906605772398,0.00018564210518281696,-0.0001273514310525833,-0.0002828339014019761
B0007,132,1.476971179775059,1.4840910136404337,-0.008094723134502551,-0.00024015842293102196,0.0005684950869370665,-0.0001611543917276653,2.504934022454633e-05,0.0007826577609743764
B0007,133,1.4819015554137276,1.4838508238403094,-0.005694995802228961,0.002334515719277047,0.0008856259904948694,0.00040181747051277653,-2.7296861079472012e-05,0.0001510651577188442
B0007,134,1.4981366198874824,1.4823419434929108,0.009017895257752956,0.00442104286648174,0.001211896329320284,0.0002250507461485095,0.0005804660001250186,0.0003383252859028121
B0007,135,1.4820775214392872,1.480257791019314,-0.0047129710202153015,0.003378834111826112,0.0012783677485556362,0.0007422465990784492,0.0005037863814606789,0.0006294667004350565
B0007,136,1.4771155312812152,1.4776821634411512,-0.004838372518654494,0.0020490718036769613,0.0010475771094981155,5.657635328637124e-05,0.0001660849728665619,0.0009524302236499135
B0007,137,1.4720772783056488,1.4737733597793081,-0.004358808790451135,0.0006668305965572673,-0.00026205837711113796,0.000808305930941086,0.000426966730306037,0.0010226825434976059
B0007,138,1.472248013656454,1.4708042790487221,0.0018314231268261746,-0.0007062956115485673,0.0005042748572204231,-0.00010784413138134231,0.00011054029107345142,-0.0001883638171655073
B0007,139,1.4670106672274663,1.4659355621140502,0.002386391296251234,-0.000876412841986757,-0.0002909959396729268,-0.00027997774213398994,0.0001811632221155873,-4.50627706005381e-05
B0007,140,1.461767249533538,1.4605577847901345,0.0018285680069876024,-0.0005786393491101736,-0.0005296059786904313,0.000761745594467647,-0.0006837098077156941,0.0004111063912885889
B0007,141,1.4566952670489708,1.4559602756270769,0.0004983351202700821,2.1513803129141383e-05,0.00035594396552665765,-0.0005417155926009483,0.0004757183405257258,-7.480409797205909e-05
B0007,142,1.451354972758956,1.4521900234074494,-0.0003059389911892616,0.0002198845782316395,-0.0003111542573181819,-6.034254720443182e-06,0.00018374682429207645,-0.0006155544274765346
B0007,143,1.451615926257375,1.4482297168392244,0.004290210586005567,-0.00024193362209871415,-0.00047876043692087036,4.716340806128389e-05,-0.0005115928218940744,0.0002811224251474713
B0007,144,1.4468161332173683,1.446470364282484,0.0030027073576799745,-0.001010323532664401,-0.00014077037884321946,-0.000846367659586101,-0.00027310012771477324,-0.00038637660084602654
B0007,145,1.4467570607768785,1.4453056879202457,0.005087350381086531,-0.0010926842305382185,-0.001074849329628698,-0.00011986343812033476,-0.0009863864394464331,-0.00036219396354218703
B0007,146,1.4413797481446793,1.4447601745352943,0.0016458613060450033,-0.0024722349812993888,-0.001079165464479049,-0.0006398251623600826,-0.00052884952959795,-0.0003062124323945434
B0007,147,1.4362456252208178,1.4453764587348268,-0.003910784294689344,-0.0027824721386027966,-0.0013342159180166047,-0.0004319269211209517,-0.00040971417514309625,-0.00026171993670785255
B0007,148,1.4368154153924828,1.447199944304841,-0.006021952777212269,-0.002345503230002132,-0.0009437935990017713,-4.961380938711653e-05,-0.00013267766580602025,-0.000890987701575487
B0007,149,1.4362945145860049,1.4477778219181665,-0.010642351457267133,-0.0006718117233344465,-5.60124233097445e-05,-0.000698883170461434,0.0003063174652567169,0.00027943410665223236
B0007,150,1.4418575315878015,1.448875237908614,-0.009774969005341768,0.0014454311982979719,0.0004095266757546248,0.00019358557491336526,0.00030927408658657483,0.0003994452752079104
B0007,151,1.4672063484781797,1.4490152212952347,0.012373869092214138,0.002910607281615762,0.0010021637283920866,0.0008951219583875978,0.0001549539672294085,0.0008544112655406403
B0007,152,1.4518640367848883,1.448632065835439,-0.002447301709848077,0.002514204225577518,0.0016829112839860734,-5.481396003256527e-05,0.0010676691163483468,0.00046930211341335027
B0007,153,1.44713797527485,1.4471069811429031,-0.003925293833902353,0.0016085559763962412,0.0005386072961530888,0.0012465145878080204,-6.146110927325795e-05,0.0006240713377057982
B0007,154,1.441790586562399,1.4439709608153535,-0.003792374342842695,0.00015906671986892583,0.0008748587689739353,-0.0004660912450979162,0.0005157764420158506,0.0005283895304003825
B0007,155,1.431630947911111,1.440564230549368,-0.008372624835708456,-0.0004828250407083241,-0.0006093530112726457,0.0002478982613132621,0.00033185147262941106,-4.822935190640886e-05
B0007,156,1.4318084249673686,1.4363016690935386,-0.0020130446665577646,-0.0013110456034874827,-0.0009691230778540503,-5.456612596401037e-05,4.250535469179537e-05,-0.00018796987450509528
B0007,157,1.4262562585106868,1.4312027228898323,-0.0017196119729970115,-0.0019475836189849448,-0.0012144090020857158,-1.8573281082999896e-05,-0.00077099830960268,0.0007247119415612615
B0007,158,1.4260877528924911,1.4270506674630585,0.002313478250420754,-0.0013337171897476246,-0.0007803128889937209,-0.00024805490852589676,-0.0006530684991059472,-0.00026123919855657783
B0007,159,1.4212633510031694,1.4224688431844017,0.001852234181282257,-0.001137758578248977,-0.0005139494921176328,-0.0013307351586147936,-9.161432809432834e-05,1.6331333625972863e-05
B0007,160,1.4163272748795108,1.4187567865116275,0.00038812205180576136,-0.0012444775499258218,-0.0005983974448702261,-0.0001492672784136982,0.00024177315922257564,-0.0010672644277945232
B0007,161,1.4165781829175994,1.4158600326042117,0.0033833025291482607,-0.000731466662508577,-0.0005974544105230086,-0.0003394902036365892,-0.0005581452126240669,-0.00043859558448390524
B0007,162,1.4108401729425175,1.4130949741700156,0.00011505713645165555,-0.0009737467393096512,-0.0007486680832644247,-0.0003366149180510926,9.491780661622351e-05,-0.0004057462843806905
B0007,163,1.4109949628347804,1.4118443713248703,0.002604593638601821,-0.001777449624156215,-0.0006924140640105371,-0.0006026618125171146,-0.0003678111799400758,-1.366530260409443e-05
B0007,164,1.40617142903988,1.4116968392756555,-0.0018046143263711777,-0.001946516726859081,-0.0006338965516464965,-8.805545644139593e-05,-0.0008216903339187898,-0.00023063669206908872
B0007,165,1.4063358479692922,1.4112563094184651,-0.0020083294275826096,-0.0018456862466660828,-0.0009910509324728021,0.00012491975429260445,-6.56004499444682e-05,-0.00013471399843249497
B0007,166,1.4004552399066514,1.4113835133300037,-0.011193990912260648,-0.0003984251479801744,0.0005794812732724089,-0.00013689998564462303,-0.00014386429164541377,0.0003654257929378032
B0007,167,1.4217865046055154,1.4119479670231614,0.005874399626769872,0.002033026091961878,0.0007374524277897966,0.0007939918499545276,0.0002832176387071312,0.0001164500859094893
B0007,168,1.4324552720625434,1.4120869780492258,0.010601750034472147,0.004767560774880209,0.0029476324039955,0.001133453670759504,0.0006554692132213212,0.0002624280480793835
B0018,1,1.8550045207910817,1.8501638170367765,0.00427998207917979,-0.0009008712738999571,-0.0003527393555405861,0.0011727044621386532,-0.001533585515112849,0.002175213164857173
B0018,2,1.8431955317089987,1.8453450795947284,-0.0020847007714580395,-0.0005379092092014043,-0.00012835673152633705,0.0006449555865580357,0.0007247877520201729,-0.0007683246971516988
B0018,3,1.8396018424355425,1.839619676966067,-0.00025752739470467125,-0.00031182585249265373,0.0010510977615991797,-0.0004685574171343432,-0.0006208470615419679,0.0005898252510493583
B0018,4,1.8306736044962053,1.8347532329626528,-0.0035621870687205263,0.00126735186972729,-0.0011291150448983973,3.4561716452382416e-05,5.770640786078102e-05,-0.0007479465237831964
B0018,5,1.8327002069419656,1.830174050069869,0.003800020074415009,0.001014448321118768,-0.0006223316323472218,-0.0009898979115420797,-5.3009631588050726e-05,-0.0006230725261874985
B0018,6,1.8285288846046388,1.8246456869921635,0.00401450803279505,0.00033322462845193,-0.00026186605207402085,-2.617049216948312e-05,-0.0009025499118953858,0.0007260512318430305
B0018,7,1.8212011895697924,1.8215185754514533,0.0017589534824838035,-0.000986169417629547,2.186130006015082e-05,-0.0004611193386684765,0.0005379433596065055,-0.001188855438288499
B0018,8,1.815170010643328,1.8172609429383033,-0.0028054384167030162,-0.0004762264006498987,0.0009084100824909358,8.347398824056396e-05,0.0011451590087956868,-0.0009463107240158281
B0018,9,1.8042980520967649,1.8134931268499757,-0.010152066473388097,0.0006823565128352402,0.0005501410677974813,-0.0003424075402661116,-0.0006542275104020337,0.0007211290303924852
B0018,10,1.8231002302844224,1.8101559190172942,0.01082576518009739,0.000550756222221345,0.0011018536996689535,-0.0002051367747057182,0.0006256201203929839,4.545264744719881e-05
B0018,11,1.8121253520255487,1.8052388109152564,0.0026735930955168468,0.000557363339771176,0.0021669829142218445,-0.0005090954460551469,0.0017494113481421665,0.00024828569380253013
B0018,12,1.8046916382117768,1.800246145261126,-0.00019767034047228103,0.0017773668306351237,0.0015097864666379051,0.000687420013253476,0.00045017488416322594,0.0002184149363581275
B0018,13,1.790844349786295,1.7929466091310877,-0.007818813905633114,0.0020763010747681656,0.0005598574088468074,0.0009376261357743636,0.0014958429316987015,0.000646926858651434
B0018,14,1.783470722841926,1.7848202508680369,-0.005737510133530657,0.00023918200981892194,0.0011198078497751047,0.00142402509962651,-0.0004093373431441265,0.002014304345021537
B0018,15,1.7809386125310702,1.7766911156588252,9.638563606318496e-05,0.0011918277031603805,0.00114079740112249,0.00044198535184154867,0.0009188479919872036,0.00045765264338942243
B0018,16,1.771209039672698,1.7677051477775105,0.0009896250964671462,0.0005878770279238913,-6.498754534486134e-05,0.0012004093816630921,0.0004746977947639291,0.00031627000133937545
B0018,17,1.7686303996707076,1.7585748432551485,0.00863146051336659,0.0014064701949029878,0.0005912511622309132,-0.00027313653483314896,0.0004603864859437316,-0.0007608755427557625
B0018,18,1.7536304801917124,1.7495452679771881,0.002996290696602215,0.002352455491173367,-0.00027493820014428273,0.0002859920589973289,-0.0006465934200766213,-0.0006279945390101204
B0018,19,1.7462197416415093,1.7423542671673165,0.006275226720955563,0.001375684383903278,-0.0014393257920868262,-0.0003260670738622884,-0.0011241906486997588,-0.0008958532381966173
B0018,20,1.7376647337053737,1.736404901137028,0.009169282693634522,-0.002520548219083261,-0.00183073563003495,-0.0014354735060254432,-0.0010465504885406106,-0.0010761423982393302
B0018,21,1.7315166735475835,1.7318155471141683,0.010092516771449934,-0.004379814779122687,-0.00245535070041451,-0.0017798759684779651,-0.0001718945932956058,-0.0016044544093742213
B0018,22,1.7085949894470602,1.7292568927391763,-0.009361129481124476,-0.004852815132720715,-0.0031863217573030013,-0.00028104897569598955,-0.002287294123284296,-0.0006932939197822218
B0018,23,1.711469957068211,1.7267242323975205,-0.008453986783266476,-0.003235449244781744,-0.0027631702189459444,-0.0012314867707013586,0.0007667383881567714,-0.00033692079942880564
B0018,24,1.7075021373272627,1.7259284141794575,-0.018981624782319243,0.001242580256637288,-0.0012262754275628,-0.000479256785480838,0.0006032124653287512,0.0004150873241155577
B0018,25,1.7492382064360228,1.724776885711351,0.018882903980969194,0.0034472321233956246,0.0010178848925170806,-0.00011323209542281363,0.0004852982820596803,0.0007412334170173927
B0018,26,1.7327697147429957,1.7223233849000734,0.0012728129842688465,0.004051657548961986,0.0024025238642699314,0.0024715016370386385,0.0003635476847854911,-0.00011571398986512953
B0018,27,1.7222313328292376,1.7174014282895138,-0.004829837397849033,0.004109269128409297,0.0020683511783730316,0.001124422225390396,0.0010461134557118257,0.0013115858430557683
B0018,28,1.711846298984729,1.710797826669032,-0.006281406117008145,0.002618597255310897,0.001549423799739527,0.0007592796406546076,0.0013804858242507006,0.0010220918128474674
B0018,29,1.699267835126687,1.7041071385747306,-0.007613341497107857,0.0006147538487538788,0.00013266831006253845,0.0010515034665907585,0.0005362632000306045,0.000438849131876567
B0018,30,1.6940366439243106,1.6955023369557072,-0.00037312720945623486,-0.0008098764114285745,-0.0007450856365904234,-5.057880622117109e-05,0.0007808985099321505,-0.0002679235659918555
B0018,31,1.6819027078768087,1.6850775101455373,-0.0005567740741367713,-0.0019783316573303744,0.00010528242370649361,-0.0008537014795352871,0.0003662256337585986,-0.000257503195686794
B0018,32,1.6769770618433686,1.6752676013790953,0.006108019622329256,-0.002056388285736003,-0.0009018945910113843,-0.0006636843985826353,-0.0013306911245597477,0.0005540991645307592
B0018,33,1.6655229306478936,1.6670820856959585,0.0037616340214188227,-0.0007074904998340941,-0.001552213612388171,-0.0019290497773470762,-0.00011083643178717219,-0.0010211988180069053
B0018,34,1.6571924575832084,1.6580306817144752,0.004202638012879938,-0.002150660522959354,-0.0009912815048225378,-0.0010343151747553017,-0.000836819274394737,-2.7785731695492297e-05
B0018,35,1.6482241555294048,1.6504938572164827,0.0013037291818249117,-0.0025024928675238243,0.00014394573226413226,-0.0013200085278937109,0.0002848369501112114,-0.00017971221452889143
B0018,36,1.6387701497987262,1.6454225491145733,-0.005795308821847588,0.00010812274474465109,0.00023632678334017758,-0.0005076278012494471,-0.0001491149331401508,-0.0005447973402359594
B0018,37,1.6276486907262062,1.6410280364268908,-0.01590988494401874,0.0015158239959979446,0.0008520185683378132,0.00036878114977725596,-0.0007983006406470927,0.00059221612453485
B0018,38,1.62215370227252,1.6397223797969023,-0.021232294380035596,0.003645612230832619,0.0008259847279104562,0.0002515978127844022,0.00035241406581374167,-0.001411992023459774
B0018,39,1.6140066510467586,1.6377123278107235,-0.028159731440446104,0.004098424419386422,0.0005169797823559276,-0.0002990807300180687,0.00021628431343470966,-7.855314516986158e-05
B0018,40,1.6760516154424625,1.638759623081995,0.03767285970047611,0.0015992953812016784,-0.0008354704358884093,0.000135607710510603,-0.001122012678828185,-0.00015828739370752392
B0018,41,1.649300642552199,1.6400086523026418,0.012918867984415355,-0.001771339878590014,-0.0007437693792646618,-0.0007694614993544795,-0.0009785295939497571,0.0006362225569346366
B0018,42,1.63238299185809,1.6435363764778286,-0.003017697917144773,-0.004483135399046186,-0.0009675121245131153,-0.002600821822538544,-0.0002479264212459222,0.00016370901634851225
B0018,43,1.6164159719025777,1.6477753949426655,-0.021330725057818505,-0.006525726201972597,-0.0017758298995353126,-0.0004923129697154449,-0.0011118051602288636,-0.0001230237888703689
B0018,44,1.6109028378249377,1.6530660486470257,-0.032661316013578266,-0.006669877399951185,-0.0020084231502868082,-0.0001445559764655761,0.00047369031639923784,-0.0011527286326856337
B0018,45,1.5954638693695655,1.6575087199769405,-0.05776376298561224,-0.005001833245626056,0.0003835712230193107,0.00016605427745387536,-6.929446408433652e-05,0.00024041456300009004
B0018,46,1.726707440085764,1.6612636533254705,0.05891825989781304,0.003785133620655972,0.0005112350747259614,0.000684905364684731,0.0004993065442787272,0.0010449461486015778
B0018,47,1.7165673917429751,1.6656273602612417,0.037355282747680844,0.009212087906190145,0.0022840093447387354,0.0018160123508413194,9.18148046823589e-05,0.00018082422463823382
B0018,48,1.6958235570934848,1.666584614802749,0.013039694488238282,0.011403551276381431,0.002542965476949199,0.0008115120095040216,0.0013635553001510702,7.766364999424734e-05
B0018,49,1.6777783190792557,1.6667796189202422,-0.0018528260582563408,0.009220312423291513,0.0020691035531907203,0.0004146681744501419,0.00034729729246765225,0.0008001446960473228
B0018,50,1.6606586897774192,1.6658272344205625,-0.008282776023949421,0.002627129713375329,-5.3417992570819576e-05,0.0003531829433502394,0.0008322374231283931,-0.0006449007732042991
B0018,51,1.6664109274827466,1.6623876823214456,0.012028763796375672,-0.007025234666183442,-0.0008199443400376637,0.0001829324413792222,-0.0010021970192814857,0.0006589248785934021
B0018,52,1.6468336174407805,1.6587349114983463,0.0033110483685112493,-0.011754047254057562,-0.00145746108674076,-0.0014735474449320226,-0.0006411201239211348,0.00011383342580731757
B0018,53,1.6257639928779952,1.6540449075709502,-0.012544229621933299,-0.011563804484076146,-0.0012878594737486303,-0.0015224518056792763,0.00018506552653962008,-0.0015476348781690917
B0018,54,1.6121577411874597,1.6481627069411298,-0.026258558482797283,-0.0063117022880947405,-0.0020191660232927737,0.00045346394613390335,-0.000665576256423969,-0.001203426684488838
B0018,55,1.6057366823755344,1.6406343276297104,-0.035084393247801264,0.0011999183499189993,-0.0014085964491445525,0.0011446255576109269,-0.0014858486728637345,0.0007366491769715185
B0018,56,1.673645314879889,1.6335646039028493,0.03157871928252378,0.007463456251178474,0.0008545126810723298,-0.0002536944163476232,0.0009655582872279739,-0.0005278411837590618
B0018,57,1.6404348572349936,1.6248364529225,0.0037225787021724433,0.009826913156147204,3.5374980589504856e-05,0.0004968869511503267,0.0006344400961040853,0.0008822103727100108
B0018,58,1.6132653317422077,1.6149013778377788,-0.013569460539576266,0.007946701414926491,0.0020987025071559987,0.0006912653480655091,0.00042845565256479436,0.00076828948528079
B0018,59,1.5920964324686278,1.6033533750275564,-0.018543661307856476,0.0037808878359915266,0.0009643235780568159,0.0004672177644862327,0.0012389001559014363,0.0008353893921998562
B0018,60,1.5866011820698824,1.592116646536628,-0.007505834934759732,-8.517706369067186e-05,0.0007553421987801876,0.0005457231640124063,0.0001343951523900971,0.0006400869977916511
B0018,61,1.580076649033625,1.5785552259792814,0.004731310028635004,-0.004312142976352615,-0.00027307418379922144,3.451064556763049e-06,0.0011058899530173747,0.00026598915378443945
B0018,62,1.5641732953289167,1.5656912490925436,0.0025827346673078346,-0.004617619147363911,-0.00018351052205610303,-0.00011335944171354861,0.0009004221354833304,-8.66214594794188e-05
B0018,63,1.555618272193922,1.5538678252934173,0.004841996823838184,-0.0015012848104622514,-0.0007193462670338853,0.0002961176651123083,-0.000790534086687806,-0.0003765024229120726
B0018,64,1.5402045278637395,1.5423868514849333,-0.0003731782329944627,0.0010435007616571893,-0.0007990563187799833,-0.0011844351834647876,-1.9768249239212772e-05,-0.0008493863870332318
B0018,65,1.5321613015959863,1.5332313049864805,0.002399618356882206,-0.0006560158063683084,-8.714423691995172e-05,-0.0009810699922476532,-0.0014813766837574727,-0.0002640150115308932
B0018,66,1.5316232403693415,1.5252174870566675,0.010670556715854453,-0.0010504397087197264,-0.0005840232369620033,-0.001212877273987512,-0.0008965573772328243,-0.0005209057893775413
B0018,67,1.5222595950771978,1.5202694028968917,0.006711745963312987,-0.0015285881258381695,-0.000945351028939818,-0.0014794895353839516,-0.0004196100426869926,-0.00034851502718858936
B0018,68,1.5065267126851285,1.5166432051115184,-0.004043775491265989,-0.003297449820486365,-0.0019073772994953975,-0.00040378834905676285,-0.00011338674592342385,-0.0003507146869960121
B0018,69,1.5014219556532926,1.514584087944382,-0.008729519443005847,-0.002735866145780699,-0.000979319206434768,-0.00015483577171019396,-0.0006993909866937516,0.00013679929901022546
B0018,70,1.4963534117486457,1.5124411614318611,-0.01676407729231111,-0.0004995122282217255,-0.00031153222961733843,0.0002730949847223062,0.00033944368246342294,0.0008748334395083341
B0018,71,1.5334262000312422,1.5112746165045043,0.01698086642092899,0.00191689404471529,0.001785735483704847,0.001011793441264415,0.0010256251240061663,-0.000569330972149579
B0018,72,1.523845267514426,1.507784527174032,0.00803869424179832,0.003273045292391479,0.0021620679856356067,0.001032546518197825,3.571137945444341e-05,0.0015186749448581408
B0018,73,1.501192099426124,1.5037524069467298,-0.010503782129255746,0.0033220979280860026,0.0021807974628402504,0.00015258342584748062,0.0009549397754439785,0.0013330560530556861
B0018,74,1.492417671450291,1.498768235814592,-0.009916072180174675,0.0001627902425304746,0.0013332210144211436,0.0005238976535700785,0.0008588254342284532,0.0006867735134336204
B0018,75,1.483323851940123,1.4912566155177958,-0.008778295012332387,-0.0001198093465436806,0.0006671282353812439,0.00038440692033105903,6.26432452279725e-05,-0.00014883757153319775
B0018,76,1.4807376792294196,1.4813578482431393,-0.0007413222855330836,-8.896046906358957e-05,-0.001401021034061993,-0.000385546361755132,0.0014480066735969295,0.0005486745129769045
B0018,77,1.4735077809902477,1.474320942533545,0.0014872819766417768,-0.00020828199751854186,-0.0004636037484871614,-0.0007479851486669433,0.00028624162739471047,-0.001166814198095552
B0018,78,1.46801928526661,1.4641645205843519,0.0049009107698529345,0.00032479794975990477,-0.0003673092779062409,-0.0002171471572756082,-0.0012073770630715015,0.0004208895190213719
B0018,79,1.458092355711902,1.455749428921546,0.00277454272761604,0.0009105880742457837,-0.00011338569786032663,-0.00019779556297980783,-0.0009921407946998568,-3.888189140929138e-05
B0018,80,1.44786609888914,1.450143049589944,-0.0005912319931906993,0.00047333761566797016,-4.788769646078049e-05,-0.0009834935228062492,-0.00037494122208672374,-0.0007527338107435908
B0018,81,1.4527808777541982,1.44557251183612,0.010040235210301222,0.000201407389171216,-0.0012955154430881798,-0.0005682881094466083,-0.00022581414761330522,-0.0009436589132473526
B0018,82,1.4425356364492432,1.4427226186943114,0.005098370685545349,-0.002264608999953904,-0.0002559703400729316,-0.00130820381265109,-0.0010784963146059732,-0.0003780733886909545
B0018,83,1.4392712877203313,1.4412702946905662,0.0031393656033961,-0.002596055121323966,-0.0012389106852746347,-0.00025097274757513853,-0.0008740670575148033,-0.00017836688518809175
B0018,84,1.4286475681888218,1.4409859918344259,-0.01137606816119842,-0.00026783006403939313,-0.00035458588729461575,-0.00017320366091308717,-0.0005802030041942085,0.00041346721567528415
B0018,85,1.4249026750004896,1.4426337590712717,-0.019431533627757874,0.0015546236249941307,0.000834781041622822,0.0002016773112315772,-0.00011986202714271943,-0.0007707703076632612
B0018,86,1.4698115324524124,1.4430457780556847,0.021662777272262387,0.0029076238849933753,0.00160010960007982,0.0008336347851786048,0.00015914852133022163,-0.0003975396101556321
B0018,87,1.4525819651050202,1.4434701334046973,0.004172332572111022,0.003356247821037433,0.0008240588934985772,0.0012747954259828976,-0.0005796682486997375,6.406530452031401e-05
B0018,88,1.442834198908794,1.4425228718275769,-0.0014705943503913242,-0.0007688637787258741,0.0008161857271237123,0.00043590758592276275,0.0015137958011249347,-0.00021510382939187142
B0018,89,1.428376058807949,1.4411883796589822,-0.011676873427197868,-0.002647097923012567,5.57155677538729e-05,0.0006403607031384467,0.00014597967928893185,0.0006695946328116329
B0018,90,1.4154547844370715,1.43831931252237,-0.02129819557569197,-0.0017264676879308134,-0.0015326693897937985,0.0005471375647479484,0.0006529455907443698,0.0004927215048154158
B0018,91,1.454576670077708,1.4341927596278023,0.021022728903578893,-0.001512982761809596,0.0002734155492383898,-0.00023614078842045818,-0.00015681527325484725,0.00099370488740812
B0018,92,1.4283179548274056,1.4297761436155214,-0.002164229907070488,0.0003350007765917009,0.000477047606133337,-0.0003965179379677235,0.0010622620141468135,-0.0007717512560961438
B0018,93,1.4197026883204058,1.4231657816885728,-0.008886617256727623,0.0040036170658676274,0.00035017790633102,0.0005176287091138603,0.0005521307083933819,-3.041170845742955e-08
B0018,94,1.4155606630306516,1.4155334296623163,-0.005948277916621945,0.0032493030306726903,0.0006519992139280706,0.0004538154178074459,0.0010011772765752937,0.0006192164380950733
B0018,95,1.405680035419228,1.4081292000523935,-0.008425230590545328,0.004068567269572444,0.00024651722934247814,0.000910494752137827,0.00041351125118270894,0.0003369755536693893
B0018,96,1.4084461071166137,1.4004506996328367,0.0033689036782106013,0.0033068330699597636,0.0003605335528636311,0.0010629083350046757,-0.0016339733126027893,0.0015302022570732137
B0018,97,1.3968547782872414,1.3937417483642598,0.0031404700053803587,0.0006516845781963102,-0.00023162914756926533,-0.00039725562554841114,0.0010480715925574033,-0.0010983113757902464
B0018,98,1.3935670371440676,1.387402931287898,0.010121767684864755,-0.0027581689353774422,0.00018984032856961754,-0.0007791115375445695,1.4347141960115321e-05,-0.0006245687199274721
B0018,99,1.3893644292809475,1.383115069287903,0.014662734696950327,-0.004421547904597433,-0.0003067105614083061,-0.0010210819897440628,-0.0025442774582418275,-0.00011975668081510931
B0018,100,1.378565141566671,1.3803536980461153,0.011491218101715507,-0.008506668698803671,-0.0015836364912511927,-0.0018946236895825972,-0.00036627664837395225,-0.0009285689370502169
B0018,101,1.384901110085747,1.380460260399008,0.022017130594846168,-0.01180293405397902,-0.0016359206653173513,-0.002248708649113282,-0.0004872880621437077,-0.0014014293655620698
B0018,102,1.3703251814242443,1.3826249752911715,0.006559056587844687,-0.0134166343683281,-0.0029289556111979295,-0.0012851306712675162,-0.001804830855182614,0.0005767011726427279
B0018,103,1.3733464385229082,1.3882880636775132,0.0034644226809857834,-0.012963987380117933,-0.0014028728651848987,-0.0022708133098670127,-1.572937222441396e-05,-0.0017526447887162432
B0018,104,1.3679487285504814,1.3958347506550037,-0.012796464878731716,-0.011649092826652491,-0.000677038221503288,0.00021770222304151246,-0.0018268695656397662,-0.0011542587120580126
B0018,105,1.3567141087089647,1.4018198234837778,-0.0408394717568153,-0.004493783459601849,0.00012204517492233904,-0.0006558585295945105,-0.00025635884131993666,0.0010177127678558924
B0018,106,1.4604310209194575,1.4104561747353344,0.04191572194630872,0.006012536524076063,0.0009268153211150193,0.0014972086906512915,-0.00023428434681998996,-0.0001431518881671728
B0018,107,1.4500998937104097,1.4163427614726207,0.013772240609650738,0.014905418056595171,0.0022247436678124815,0.0008880306707061546,0.0009457562777256965,0.0010209430250349351
B0018,108,1.4381406901824496,1.4222105620291752,-0.010777742139855176,0.021711487632653577,0.0015188342279905242,0.0012055459845076867,0.0009724380742199148,0.0012995644512449522
B0018,109,1.4283681980964316,1.425053934614551,-0.0246253479671651,0.021857942396216457,0.0022312846518403114,0.0025325016304126253,0.001059288873054372,0.0002585939813426262
B0018,110,1.4147874517552432,1.4242104212130966,-0.03543689299159304,0.01945483167754671,0.002726347543833977,0.0018152639123709703,0.0007908499720158045,0.0012266305205946091
B0018,111,1.413889163393182,1.4205984409128511,-0.02507922610246151,0.014520162417536892,0.0012545633551768744,4.732979012532319e-05,0.0010673622498015862,0.0014805308633562423
B0018,112,1.3989331662177225,1.4159018611890652,-0.025224729761625604,0.006396903319184789,6.898573785886529e-05,0.0011149145987137522,0.0003055319412401905,0.0003696992961828661
B0018,113,1.3953322584033976,1.4087496330794325,-0.010196802506169311,-0.0028867894157923366,0.00018538112588398198,0.00021258871381356258,-0.0007238726248306395,-7.879863708891502e-06
B0018,114,1.390046129540245,1.4001665142597137,0.005335562716805162,-0.014513936065751031,-5.4443393096729145e-05,-0.0014850087308832857,0.00021230880639700118,0.000385132055717467
B0018,115,1.3860271454209647,1.3932001499658335,0.01901891307664937,-0.023088007744552743,-0.0013139639410545106,-0.0001624365173969348,-0.0007018378617277667,-0.000925671445524395
B0018,116,1.388215260193751,1.3867705421781962,0.033697412788908664,-0.0269120520142034,-0.0019079278312159396,-0.0020557404099508614,5.044992960763627e-06,-0.0013820194011005496
B0018,117,1.3761826562394497,1.3815448894842175,0.024506658775874126,-0.024929369861919796,-0.002628657643875877,-0.00019581711209034624,-0.0012440054452058091,-0.0008710418399079505
B0018,118,1.3647168898640163,1.3770722279918302,0.009346004870307697,-0.018120376106625688,-0.0011809484067212745,-0.001465283658114232,-0.00022739342847369397,-0.0007073412731136082
B0018,119,1.3589854739373584,1.375184622502114,-0.006780143734348304,-0.008142129837389978,1.5047330426944355e-07,-0.0007922380277603715,-0.00013858515146076598,-0.0003462021583128
B0018,120,1.34623087640088,1.3742384026561285,-0.0342498067779005,0.006466124846328201,0.00036076210020213493,-0.00010603550867419731,-0.0005367678122574889,5.819703410709697e-05
B0018,121,1.4268427818454643,1.3748078219650606,0.03322677125156056,0.018536040812318334,-9.181968698762862e-05,0.0006909448969537797,7.722093624237307e-05,-0.0004041982448742942
B0018,122,1.4064481483279665,1.3755779908403452,0.004428558508284591,0.024795182536013947,0.0009178124075696343,0.000208249505478457,0.0008800573097333834,-0.00035970268143147564
B0018,123,1.3934907492075153,1.3762494764789923,-0.011360082344523523,0.026006679340914225,0.0009545890350335861,0.0007041042428060664,0.0007853382512411953,0.00015064430947607217
B0018,124,1.3882493512249316,1.3752373228408028,-0.013307105824802464,0.02185691491272895,0.002141398454189492,0.00018121555240078566,0.000631956098845076,0.0015076493005886237
B0018,125,1.3701878338420928,1.3747694372432873,-0.025458038569302403,0.018948650069017674,-0.0005177009875038406,0.001156546709475091,0.0003686587254386388,0.0009202807732077957
B0018,126,1.379695166560862,1.374958992527906,-0.00782411583458209,0.012094644757667685,2.3811533548925435e-05,0.00046295776461873866,5.351482436374141e-05,-7.463889729519859e-05
B0018,127,1.3686586323935683,1.372390717824306,-0.011096762388560511,0.00869928888591418,0.0004765653075485675,-0.0016617645975022864,-0.000767015341964918,0.0006176028263458195
B0018,128,1.3627371779096438,1.3696405418669597,-0.010192821363621613,0.004539418186055168,-0.0006616537581330443,0.0005188146879159376,-0.001631889974448209,0.000524768391272068
B0018,129,1.3634051133928071,1.3658940708074554,-0.0006839258717967876,-0.00040297371074454714,-0.0009705799729687341,-0.000679538571859833,0.0012216953725888437,-0.0009736345339439913
B0018,130,1.3518646035305233,1.3629164847374704,-0.003283949036088487,-0.006351983492647978,0.0001239182155165926,3.199367778782045e-05,-0.0009504040057150161,-0.0006214564323973001
B0018,131,1.3547969729652622,1.3599832870243795,0.010887572491167709,-0.014739184533243858,0.00013600851516368462,-8.241716462620593e-05,-0.0004933085947667541,-0.000894984641309713
B0018,132,1.341051440640485,1.3564981908053877,0.010394372589255647,-0.02478528145186722,0.0005004504924414715,0.00023766744952118248,-0.0006963921492278713,-0.0010975669546152025
B0025,1,1.847011162956716,1.839156113254567,-0.013544506530679918,0.010429255896113184,0.008404791360218596,0.0011615393697492057,0.00048494000413183545,0.000919029463273186
B0025,2,1.8485654344528384,1.8376538753871268,-0.0020716571275333777,0.0037534433181329882,0.0071890378267203256,0.001131040804428292,0.0002497768813224827,0.000659917216197157
B0025,3,1.847111177186175,1.8362324824386025,0.0049184289589996304,-0.0017025400347934754,0.00603673677002302,0.0009164033255159922,0.0005316000302539584,0.00017806555777344907
B0025,4,1.8489837601535537,1.8345556291733556,0.013178404953359545,-0.00583812257216081,0.005490648312179937,0.0006913389139285242,0.0003788410365289588,0.0005270201880069048
B0025,5,1.837012071856044,1.8328718674376687,0.005830215401640853,-0.008213958314191675,0.005330295594260278,0.0006050701587050055,-0.0002415958700896535,0.0008301773543892949
B0025,6,1.817549211247137,1.8313931414249167,-0.011993694499062483,-0.007500868837533286,0.004584131265106853,0.00042271815231296274,0.0003919971393800227,0.0002517865972729088
B0025,7,1.839863822522073,1.8298209945426565,0.009326527336740397,-0.0046910561445825645,0.0038581055221573704,0.0008641475398728035,0.0004831188038228342,0.00020198481471588769
B0025,8,1.8430595619731431,1.8281854638405082,0.01003537141396658,-0.0005877107757147779,0.0043467452277026674,0.0007088460645623989,2.1490959616239836e-05,0.0003493551212121377
B0025,9,1.8401871729536057,1.8267625644643681,0.005365322307259285,0.003354721415612127,0.003565411580251114,0.0005638323023785662,0.0006901110264594466,-0.00011479025088993208
B0025,10,1.8281265632888253,1.8248496251931714,-0.006685269447110024,0.005507574422622127,0.0032855488644568604,0.0003448817880869907,0.00030257029541423756,0.0005216321191167691
B0025,11,1.8253563336445804,1.822628596833257,-0.007177640931302794,0.0061896418577840695,0.0025421631362136745,0.0003344264830527653,0.00022512357122283794,0.0006140226539419411
B0025,12,1.821418055262616,1.8208753429472482,-0.0060610991467072725,0.004429615937778957,0.0012572673902324744,0.0007113681619287254,-8.264348835383638e-05,0.00028820343807043166
B0025,13,1.830315627968932,1.8184939824797464,0.008894268322214295,0.0021049366437846558,0.0005388893215317824,0.00017538125186800947,0.0001532113847494176,-4.504149803032898e-05
B0025,14,1.8175491643824844,1.816367365417014,0.0025630862246312073,-0.0010388865174257213,0.00012273066748559751,-0.00024910876451522413,-0.0002477836201864635,3.1760970737845285e-05
B0025,15,1.810901200296979,1.8144040590117863,0.0018420238533662873,-0.0029447635722679175,-0.001512240159797112,-0.0005406858194701336,-0.00015036164094565105,-0.000196831350063748
B0025,16,1.808303260308424,1.812067333033567,0.003187923142183927,-0.004193639351408729,-0.0019265080067697405,-0.00048122514444711275,-0.00020184281504310526,-0.00014878051216060288
B0025,17,1.7928016149381063,1.8105194089291416,-0.010269907927951853,-0.003945994781867747,-0.002215091577041315,-0.0007591280873849549,-7.254428049193217e-05,-0.00045512722797908726
B0025,18,1.812563150045885,1.809030444785431,0.010308924766642327,-0.0025546713663353077,-0.002756005480567461,-0.0008358448195118916,-0.00028834945673069057,-0.00034134836500695456
B0025,19,1.807772607491239,1.8076130674410786,0.005017886146399376,-0.0004505184052259861,-0.003333574555452402,-0.0006831538555673174,-0.0001454684184608748,-0.0002456308216104018
B0025,20,1.8048055175003967,1.8059824786136771,0.0019813547553058984,0.00046482948033814853,-0.002911685620254933,-0.000328779396058115,-0.00016701535247707957,-0.0002156649266567431
B0025,21,1.800538555899242,1.8047311608808645,-0.0021964431991485555,0.001687971935577769,-0.0033968558075426836,-6.388957943547563e-05,3.884418369756963e-05,-0.0002622324417996644
B0025,22,1.7942356098033032,1.8030232358977902,-0.006595342777085034,0.001715349243649538,-0.0034169105494462784,-0.0005740934810360062,-3.568737380821784e-05,0.0001190589450061423
B0025,23,1.807409052434889,1.8013367859866967,0.007562937776279531,0.0028235522181089203,-0.004001745307432076,-9.967176676429949e-05,-3.487183107028711e-05,-0.0001779345993465847
B0025,24,1.7902504816962077,1.7993572241633913,-0.005908588840356045,0.002450707189397603,-0.005045717094893376,-0.0005472330193416777,0.00011295657772932352,-0.0001688671597458194
B0025,25,1.7961223845359495,1.7979175608437035,0.003566305795726008,0.0021709832268379577,-0.006002185168053631,-0.0007212233822553434,5.52398263410022e-05,-0.0008642965132026498
B0025,26,1.7912236690350776,1.795237003002757,0.0042571116661337975,0.00040198198962253836,-0.00644355611711681,-0.001177667304410592,-0.00045360475928114797,-0.0005975993270997093
B0025,27,1.7854822365303245,1.793348401815635,0.004521131062558801,-0.001018010124622921,-0.008525453987718251,-0.0016112332159532615,-0.00046749148631228536,-0.0007651073915046637
B0025,28,1.7677890780323615,1.791428332405667,-0.006773504994149019,-0.0032267130732120774,-0.009611225424681707,-0.0020180808608022305,-0.0009196183361783836,-0.0010901114616914992
B0026,1,1.8132504303869896,1.8035772340768437,-0.23546541033897708,0.20153085913453322,0.015949141769117266,0.013114159220415906,0.0060349206783922235,0.008509525800285564
B0026,2,1.8149760087078304,1.7987049936489186,-0.1372989571555045,0.13665996949725895,0.007001248069225682,0.005634293628763671,0.005487787910384882,-0.0012133269397402555
B0026,3,1.8135354175561995,1.7823575034965569,-0.02776888973700308,0.050310530154022266,0.0008440585777698793,0.0014287304233664836,0.002338989353501238,0.0040244952412530005
B0026,4,1.815149273310334,1.7746922754641423,0.07507737486093743,-0.03284062797374798,0.0019918557116702157,-0.002158325218490561,-0.0010429591676585771,-0.0005703204152575292
B0026,5,1.81429130140682,1.768234297480759,0.1639994534520893,-0.10752123906866883,-0.0033491602173399493,-0.00757909368869768,0.0006840820238753746,-0.00017703862286968142
B0026,6,1.3863373424430123,1.7623464677134046,-0.22118493330670544,-0.14449207052698895,-0.0046289159043641495,-0.002014267712024354,-0.0019974232755009327,-0.0016915140605794465
B0026,7,1.8165277958816064,1.760050673683124,0.1973325432116078,-0.12918350237350387,-0.005217681813689119,-0.00429051089280197,-0.00010017707501347846,-0.0020635489085691888
B0026,8,1.8085638576011065,1.7610303308586142,0.1406665744630223,-0.08292626313961081,-0.006957839942476102,0.0018165092846835662,-0.004622670351070908,-0.00044278361260950835
B0026,9,1.804936077644182,1.762971912971155,0.06679002479273688,-0.01976147606581922,-0.000185814710140924,-3.889652489234726e-06,-0.004685436184718676,-0.00018924354258669673
B0026,10,1.8049315924982108,1.768149330827269,0.006265784240141425,0.031865226684606056,-0.0004626215897062435,-0.0018676408711284628,0.0019230337966844706,-0.000941520625694995
B0026,11,1.717679232699393,1.7698581117614351,-0.12552293242043064,0.06858302536274917,0.0010145492001143546,0.001535952932676214,-0.000716940447277882,0.0029274663825328336
B0026,12,1.809804813280106,1.7760797761187124,-0.04338657631836155,0.07536319783436146,-0.000912899321794667,0.0036033024146355183,0.004055768945177417,-0.004997756434720847
B0026,13,1.806556213274488,1.776350769711653,-0.03878488026446855,0.0649997985540211,0.0015660721089073685,-0.0017913482951172836,0.0017417399399105873,0.0024740614815232545
B0026,14,1.7938155707698509,1.779977048725702,-0.022726508716249778,0.03612551495698694,-0.001389192465180711,0.005465151353734804,-0.007518003492194439,0.003881560384828796
B0026,15,1.799304949381792,1.7796753626720077,0.019358816392645736,-0.0029904963721415602,0.003906160267132166,0.0020452591344356833,0.0002973357527623401,-0.002987488494095939
B0026,16,1.7842197448470132,1.7765695407690543,0.02608444785542029,-0.017337069722393142,-0.0026571483452776917,-0.0025145412359808355,0.0007383311972927872,0.003336184318600817
B0026,17,1.6818819918515189,1.7802070700643324,-0.061961631497338646,-0.03331292358779057,0.0018442761974558023,-0.006094811770638269,0.0006666577062291187,0.0005333548561673058
B0026,18,1.8007519383961936,1.780204639420726,0.04709111116022463,-0.021168494341922358,-0.0068263080628852444,0.001816441787202136,-0.0008882801416646545,0.0005228285436686776
B0026,19,1.795972684272296,1.7809024585018498,0.027094944156144,-0.012903922288494414,0.00039178756705694057,-0.0014354888654536321,-0.004362403491992996,0.0062853086682819305
B0026,20,1.7931026940553298,1.7849664827600182,0.007873258480291809,0.002665642272090441,0.00043522249647785425,-0.002289634184029454,0.0063352554642085515,-0.006883533255064784
B0026,21,1.8010267542068712,1.7836334461050103,0.008533690766428754,0.005090463221736382,0.0005487433811631555,0.005229523874353401,-0.005953338730966885,0.003944225557960085
B0026,22,1.7824572301269948,1.7876624438825952,-0.014722193383010396,0.005639172935935234,0.007378277535711189,-0.0045577005996715126,-0.0012689187553198205,0.0023261485026487274
B0026,23,1.7959303030608789,1.784077224449462,0.0033840854059499644,0.0025526864954120865,0.0016269957489987632,0.004420013602595466,-0.0010291141549738485,0.0008984114885827665
B0026,24,1.7783142127341005,1.7842706624345637,-0.006786751199588199,1.5219786868325327e-05,-0.005513196677678804,0.002681767399569148,0.0046371402971520604,-0.0009906293097425108
B0026,25,1.771719092984802,1.7876296403853007,-0.008574448781132412,-0.0013957782423885169,0.002318081146975089,-0.004206802645027575,-0.0007381925743729697,-0.003313406299312064
B0026,26,1.7790749489536772,1.780615988123093,0.0049090330715623335,-0.002475997127216069,-0.007598745502529678,0.0010293965796269791,9.083177169968035e-05,0.0025044420335387407
B0026,27,1.7733229782464677,1.7795944271352304,0.003518809339998455,-0.0017202580367146484,-0.0032603072728361647,-0.003432648135465968,-0.003329459173671913,0.0019524143931744342
B0026,28,1.768754111010884,1.7781096009877388,0.003159745843518695,-0.0033705202072231997,-0.008411511827041097,-0.0012784427826603563,0.000933845695225017,-0.00038860668974856333
B0027,1,1.8233077742149364,1.8129897686201626,0.001949889122281077,0.0033142279602593433,0.0021722615694399995,0.0010155646134628426,0.0012691030811644928,0.0005969591029731663
B0027,2,1.814238465116796,1.8120817625734689,-0.002166126058945118,0.002108002917864745,0.0005596642925170676,0.0007408320760164255,0.00032646160725457085,0.0005878676349028217
B0027,3,1.812859679313087,1.8116675009082128,0.001113240964642492,0.00032962867083459224,-0.00030083076280125947,-9.408802720829777e-05,0.00043135269085374983,-0.00028712519429724084
B0027,4,1.814424244673997,1.8108621552511572,0.006459075731185333,-0.0018899522688597477,-0.0007702766852686557,-6.813292535084711e-06,-0.00030976648122627275,7.982234436360711e-05
B0027,5,1.812800333853042,1.8105403879624218,0.007167570883791927,-0.0027549972156817037,-0.0013561095314118543,-7.878563476275141e-05,-0.0008318493061529157,0.00011411663245516096
B0027,6,1.7946038703195293,1.8102100276816315,-0.010652227380114917,-0.002600004825556444,-0.0009028929516701253,-0.0012571412933289846,1.8232710487395368e-05,-0.00021212354089309313
B0027,7,1.816519171293833,1.8107717292088437,0.009283427246252387,-0.0014707850120585435,-0.001086899354288994,-0.00033772313168688173,-0.0001444218829912489,-0.0004961558719285153
B0027,8,1.819833556519024,1.8104329888730357,0.00971891516128505,0.0009486027807645291,-0.0011358310388914414,5.654258290179947e-05,9.365735660807276e-05,-0.0002813193144919529
B0027,9,1.816980986440728,1.8106277649074694,0.0053202812886332124,0.0007933644368933599,-0.0001335038333607876,0.0002205335771099125,-8.797554368581728e-05,0.0002405215123381059
B0027,10,1.8047602710768988,1.810520277715296,-0.0076799758066222225,0.00035250984736848856,0.0008966645455761162,2.5580165629776654e-05,0.00045090533467960443,0.0001943092759533059
B0027,11,1.802177888140868,1.8100426154074465,-0.010321817303024885,0.0005152479364746124,0.0007145211130934007,-0.00013843806421960517,0.0007614067660984783,0.0006043523063340564
B0027,12,1.810054375611175,1.8098775858796428,-0.0027868097416670983,0.0009146657705037416,0.0008523173333886243,0.0003722850060401843,0.0006881190135574019,0.00013621230896824032
B0027,13,1.8191618703574552,1.808747044626458,0.007114309932983042,0.0017024762132655275,0.0003598702832201196,0.000954696407332171,0.00034976146869270463,-6.628868701479024e-05
B0027,14,1.806344581230731,1.807239237577204,-0.00495533995991626,0.003019646993162939,0.0008178148101496203,-0.00025313834589688213,-0.0001367094903640239,0.0006130696348878503
B0027,15,1.8120006378747944,1.8058252464256668,0.0048642383571524846,0.0015229729597768238,0.00044321896655069587,-0.00025389950576365944,-0.0006496091848267704,0.00024846980015820296
B0027,16,1.809238569578753,1.804151387294997,0.008298322386179021,-0.0019960660014753987,-0.0002970420563659008,-0.0007339196944469049,-0.00020562202997772126,2.150964553123083e-05
B0027,17,1.7820717716005336,1.8024183116244696,-0.015618564050346461,-0.003666385412665434,-0.000294909705058615,-5.759699517237078e-05,-0.0004137637123269198,-0.0002953199685730328
B0027,18,1.8145504562341048,1.80151538620568,0.015836806756234053,-0.001466260101254341,-0.0002149175211970839,-0.00048791158695621144,-0.0003320824229660021,-0.00030056517161106925
B0027,19,1.809153485164282,1.799960667993349,0.008832586998866302,0.0003040299463722337,0.00028510145885566213,-7.930724531351443e-05,-0.00014750096141139297,-2.0930600774251477e-06
B0027,20,1.806555150809371,1.7992547925585862,0.004737219358170972,0.0025030737651811578,0.00011969588581902315,9.806581347979485e-05,-0.000274610480396882,0.00011691389536730497
B0027,21,1.802401655959492,1.79768244161728,0.0009141595716668852,0.0019306811236773347,0.0008233906145103959,0.0007551653038891578,0.000132060195620628,0.00016375755241826337
B0027,22,1.7964331683322998,1.7962220876257264,-0.0034077979487091648,0.00098739538766239,0.0012190757937109542,0.0003725845321893226,0.00045538242179065237,0.000584440586538482
B0027,23,1.8088036930508289,1.7951254371510903,0.01092436749855339,0.0007397058280743037,0.000617403060521453,0.0006646919659272422,0.0005455156159201656,0.00018657189985770328
B0027,24,1.7915527748749651,1.793242800797391,-0.004004126826277715,0.0008692376618268913,0.00045634643318377406,0.00021357127598527998,0.0005008625548986283,0.0002740830830294736
B0027,25,1.7853375192239571,1.7914514753916557,-0.007581366973819962,0.0010934014763780563,-0.00012529685343762962,0.0002400327764266006,-0.00020967076809667238,0.00046894432890639734
B0027,26,1.793209210325309,1.78930895441481,0.004330072195609468,0.0005556377541241038,-0.0007348229863180257,4.2573220426313934e-05,-0.0002291572365918218,-6.404694473328229e-05
B0027,27,1.7873097711102113,1.7874717110848404,0.004660933804425513,-0.001338798078886219,-0.0015209339250691829,-0.00022605611090122611,-0.0009792394673671105,-0.0007578460583189642
B0027,28,1.7700926253324452,1.7852826361813752,-0.005816392912372359,-0.003580283335748402,-0.0021808500608556203,-0.0014581172270372584,-0.0009179024953525137,-0.0012364645433615904
B0028,1,1.8046847720100736,1.7941972059988442,-0.003995097873146281,0.007570429366422705,0.0023663984680393543,0.002827376770833685,0.00035531268629814385,0.0013631464402872487
B0028,2,1.804783321452588,1.792782836199664,0.003017755151223518,0.0029223525538369056,0.002556065641830176,0.0015684417067384538,0.0006045989176690985,0.0013312711286972477
B0028,3,1.797618668222458,1.7914357141502804,0.0023318861426883312,-0.0011034217988056328,0.001458407212639891,0.0021504746693390875,0.0001873253822493565,0.0011582823426917813
B0028,4,1.7929913687761174,1.7902229129229568,0.0028030334721242055,-0.004846111184781988,0.0019510110017939468,0.0013059052207398604,0.0008884028471523988,0.0006662143951365625
B0028,5,1.7919180081592216,1.7889053383229367,0.005700115802419477,-0.007093229168981075,0.0018996672286371195,0.0012970444295165378,0.0004340372042852064,0.0007750342441390628
B0028,6,1.775026135903797,1.7873470736773267,-0.009517879732283413,-0.00719047988359747,0.001620430080773545,0.0008292715045279069,0.000733171889335274,0.0012045483458394707
B0028,7,1.7920487852223417,1.786477457611058,0.0062828768456974285,-0.004917124589057829,0.001685866746793154,0.001423142108715986,0.0004600720016900091,0.0006364944006005138
B0028,8,1.790475801581265,1.7847904194643607,0.002618351512001773,-0.0017535941813877766,0.0020448583759373863,0.0013000451946028654,0.0003760123181304006,0.0010997088077027393
B0028,9,1.7868365091987264,1.7829248257039934,-0.0031850181885765654,0.0025347980667449446,0.0012079389788889807,0.0014378237746289545,0.0009705534999345439,0.0009455872892230081
B0028,10,1.7871529619962183,1.7811498940903099,-0.004523639291312487,0.00588443884846236,0.001717736877596449,0.0011968327504404727,0.000692814545241519,0.0010348841001973314
B0028,11,1.7816340617009505,1.7789534961290034,-0.008924098462264161,0.007168252819522665,0.0017253013567698702,0.0010636401657002493,0.0006574330883640428,0.000990036552877317
B0028,12,1.7850235136604733,1.7765741266527824,-0.0019296807186805058,0.007460673932064569,0.0007357936733467005,0.00028531990074873897,0.0010249722768221137,0.0008723078774849275
B0028,13,1.7803865429693038,1.7738325207793464,-0.000686115875256601,0.004630337868354905,0.0007266300598257212,0.0003666063075657358,0.0009884950205455772,0.000528068763439187
B0028,14,1.7789060856417256,1.7708194439384548,0.006062308311424458,0.0007030577897625611,-6.340723396408615e-05,0.00015180546046141225,0.0006833541728597084,0.0005495231637639606
B0028,15,1.7738387518973049,1.7683468807828138,0.008988389621302514,-0.003673511597514864,-0.00023886297222927184,0.00025843290371382665,-0.0003517260948782811,0.0005091492374515503
B0028,16,1.769682881523146,1.7654803108031227,0.011748485598841786,-0.00693228474889388,-0.0006832852081675475,-0.0006139977371991079,0.00035099844093860127,0.00033265437616064776
B0028,17,1.7408787283206992,1.7629913469889593,-0.013002304378077686,-0.007493050330029563,-0.000979635742732224,-0.0009473783874342692,0.0002469740071184563,6.277629140860755e-05
B0028,18,1.7648189744011906,1.760922961925277,0.011729435247682897,-0.005335493907022285,-0.0016916426504151186,-0.0005276908464285442,0.00014377013718445993,-0.0004223654820095646
B0028,19,1.7617857390844025,1.7586948695035682,0.006961388311154214,-0.0019818526582605776,-0.0007316760669574987,-0.0014029451848949004,0.00046456169392024044,-0.0002186064776902052
B0028,20,1.75770610357021,1.7569442010897798,0.0005721036196995014,0.002713412405845002,-0.00072912421743556,-0.0012989230686299114,0.0002484380729100424,-0.0007440042775548566
B0028,21,1.7519375960601256,1.754937839826304,-0.006315653320969547,0.00607249225213848,-0.0013507525717057023,-0.000719992068556902,-0.00042654966364893054,-0.0002597883136266636
B0028,22,1.7521244035832175,1.7538131890616802,-0.004546650788872475,0.006234572345195422,-0.0010966728899442157,-0.000518540003299245,-0.0005439240491071021,-0.001217570013448675
B0028,23,1.759771413398964,1.7522720292705274,0.0065529982744194845,0.005677427036572232,-0.0012503019591259888,-0.0013985829321161846,-0.00036307763713308566,-0.0017190786088715885
B0028,24,1.7483011320324189,1.7499340970306512,-0.0006137801714479254,0.004554516798549574,-0.0020615764038019735,-0.0012946156181062292,-0.0007096176961259998,-0.0015078918114753376
B0028,25,1.7411482627836237,1.7481138662042515,-0.0027727673565481866,0.0025315446473290074,-0.0018331135846421103,-0.0018518705045774853,-0.0014688769232867455,-0.0015705195715758668
B0028,26,1.7363833316311177,1.746887081115012,-0.0017411171043468074,0.0002803495241490483,-0.0024626140210086025,-0.0018645999532866807,-0.002309718690234373,-0.002406049090855294
B0028,27,1.736559066269527,1.7455201694452518,0.005203883039542491,-0.002593965000202158,-0.0034492227002958964,-0.002574161474565698,-0.002334725664959823,-0.0032129112277060794
B0028,28,1.7172335652295243,1.744149877160157,-0.005847632561432158,-0.006770177866990524,-0.004013105277804719,-0.003243948899084459,-0.003662954611202474,-0.003378492481469188
B0029,1,1.697507332205763,1.7987945679644355,-0.06472967570178231,-0.02051575597756644,-0.008759730223774178,-0.003782091619579212,-0.0021561385742272818,-0.0013438436166739467
B0029,2,1.844701206961174,1.7992475059457345,0.05712083755500484,-0.006195079981862161,-0.0033506692161133435,-0.0006557558429914894,-0.0005457422658232518,-0.0009198894204336391
B0029,3,1.8254376674722927,1.800617842287412,0.019714908033760855,0.004459623170223784,0.0009743367838656651,0.0005846862596341157,-0.00040783601083075623,-0.0005058932089738819
B0029,4,1.815750429913437,1.801806163640717,-0.0007320875632307957,0.010427041764110587,0.004684024310006357,-0.0006657182108979233,-9.768646498158432e-05,0.00032869229582881826
B0029,5,1.8132993337127028,1.8007883194546257,-0.007047062814731991,0.01356574720763965,0.0038186453717353637,0.0010872836714929228,0.0007049535893642339,0.0003814470945678045
B0029,6,1.8151647619660576,1.7984666377017144,-0.00042227988596264603,0.009947384048023361,0.0039119882793244125,0.0012683900152115864,0.0013479382740590221,0.000644703392728758
B0029,7,1.8143317955190057,1.7964061461827743,0.010214447255911988,0.0024879314190994553,0.00325566130332805,0.00026881501452174876,0.0008516852170391932,0.0008471089866893154
B0029,8,1.801343601809866,1.7922019184435314,0.006493066652039342,-0.0010101041467215793,0.001869483073558794,0.0005382187338429801,-0.00043372272209005023,0.0016847416565992513
B0029,9,1.7881558802945825,1.7882978159424212,0.0007573770010290799,-0.002158202311422306,0.0017901068740994491,-0.0011217048199123935,0.0007669925808590788,-0.0001765050707465112
B0029,10,1.7760714604539518,1.783960990974514,-0.004350317166526397,-0.0012268017983836322,-0.001071581789322614,0.000519005276872084,-0.0005738898855134592,-0.0011859452368364832
B0029,11,1.7852807447597443,1.7781069305754473,0.012053366690975021,-0.0018499809981707886,-0.000832494351333209,-0.001509726450721869,-0.0005842568887155342,-0.00010309391144582327
B0029,12,1.7698116401111978,1.7735876687869163,0.002309670600073261,-0.0012308277299377679,-0.00336619762381062,0.00023004400243909607,-0.0007921767792186666,-0.0009265412145146977
B0029,13,1.7565231680521758,1.769932605114963,-0.0058396730582212205,-0.002673353733349208,-0.0022209030645375907,-0.00030108651058741056,-6.58291180569758e-05,-0.0023085916262756074
B0029,14,1.7543413277348154,1.765710020797575,-0.0036853374512312706,-0.004930386966998736,-0.0014429825587770186,-0.00038936903728937805,-0.0006206040490002595,-0.00030001304425398596
B0029,15,1.7392875506998715,1.761228743757431,-0.019446654519084918,-0.0012915568100818548,-0.0022424938201405335,0.0009453402070966563,-0.001087839250176652,0.001182011113838331
B0029,16,1.7797845109331345,1.7583309409019443,0.019342972057965167,0.00025965938447175904,0.0016542431248365915,0.00037970735484747444,0.00035757198735502564,-0.0005405839633049458
B0029,17,1.7657088508465202,1.7534983447899057,0.006061594844491366,0.001931209604988979,0.0006640462477208109,0.001095250014517472,0.0012082400416260504,0.0012501652405056056
B0029,18,1.7523941408724169,1.7497904021395245,-0.0051608968800195085,0.0040051645433858704,0.0015682761467193434,5.121252746081383e-05,0.0012163579954301458,0.0009236243582033196
B0029,19,1.7380191225603103,1.7442658725693962,-0.013175643596125917,0.0035767109230868143,0.0017071838325312908,0.0002848727155626589,0.0014022344848032883,-4.210838792798729e-05
B0029,20,1.7312214443143976,1.7371469080751059,-0.009009508997457498,-3.829206101436366e-05,0.0013749686638965693,0.0015665506579605672,-0.0007614907423549003,0.0009423087100252346
B0029,21,1.7379128985265808,1.7314100721136865,0.008695913092829166,-0.0014622356236986093,0.0002331579384748664,-0.000804121303064286,0.0002435598474829428,-0.0004034475579457618
B0029,22,1.7224270683625882,1.7247484294487598,0.0037496536462999614,-0.0035756743866713083,-0.001588473464440841,0.0010029747427656843,-0.0023349166545957095,0.00042507503613912676
B0029,23,1.7184213765608034,1.7183971648437852,0.008181482275920431,-0.003508386816666664,-0.0021752792453075044,-0.0009010318010688642,-0.00014535152605233347,-0.001427221157805069
B0029,24,1.7010220930648232,1.7103560020782305,-0.006115630426474222,-0.0017987982286600316,-0.0010382526331026488,-0.00039087546898813175,-0.0002921529485207792,0.0003018007318503494
B0029,25,1.693698739563104,1.704483264919385,-0.009962014934113294,-0.0013760412630522722,0.000729497839663843,-6.65949124337041e-05,0.00035299778726801003,-0.00046236982252279496
B0029,26,1.713072721286705,1.6986132662410762,0.011167529132834692,0.002264019044168197,0.00028041627258920134,0.0007074495027834127,-0.0007150405291583428,0.000755081642870111
B0029,27,1.6976972688567131,1.6934140022818465,-0.0005445461408575989,0.0028640112727130163,0.0016330671906508048,-0.001354733872098784,0.0020388146401972337,-0.0003533464709692904
B0029,28,1.6899314034061208,1.687148109682835,-0.001950490484365052,0.0012931887061969807,0.001037284997665974,0.0017413022663958372,8.319474483054299e-05,0.0005788135496089239
B0029,29,1.685023551367069,1.6813077554375755,3.1465599215895806e-05,0.0011628405915927258,-0.0002798647721940425,0.0008696349132691797,0.0014667248448934273,0.0004649948175235443
B0029,30,1.678389965463405,1.6755927878041224,0.0007994338649881708,8.154321486095645e-05,0.0002485697942530574,-0.00011453196392393014,0.0013738095436960371,0.00040835328070364704
B0029,31,1.6737947494868326,1.6693360032433129,0.004653768110121672,-0.0003874990976827759,-0.0005583622728699029,-0.0002319623540680332,-0.00012829286033683304,0.0011110948009163842
B0029,32,1.6687898927884717,1.664748185862325,0.007743998563928513,-0.0017134933809151143,-0.0001012837439048367,-0.0018635237326844415,0.0005233424916940352,-0.0005473331814975062
B0029,33,1.6492566306631429,1.6584577318389147,-0.006454216174131362,-0.0018270691281317578,-0.0006735789635999749,0.00043084596885454814,-0.00010503205516023529,-0.0005720507022450429
B0029,34,1.6409676757039668,1.652131454852401,-0.009389553995106135,-0.0022527033635845366,0.0011244728934009113,-2.0611847949134732e-05,-0.0006108247739051822,-1.4557926826486338e-05
B0029,35,1.6456360229757092,1.646831091748039,-0.002012372170347459,0.001574120204038729,-0.0015446605478871465,0.0003987210076471538,0.0011436956847799126,-0.0007545728234785593
B0029,36,1.654547743574037,1.6428451865674703,0.011606102550113389,0.0002292265087682012,0.0013397360766413706,-0.0003615615757471867,0.0002052847747766185,-0.0013162312149935234
B0029,37,1.6461201520877546,1.6376404611888775,0.0053656407015764615,0.0027982814928654066,0.0005344805660247278,-0.000615516402204369,0.0006805853158935668,-0.00028378064896151335
B0029,38,1.6275119188151763,1.631976458895424,-0.0063928532329440395,0.000879244392168701,0.0004635361804479905,0.0003490451690395679,-0.00018073477717149233,0.00041722234395011695
B0029,39,1.6200530533464497,1.6274524764471914,-0.0064139832842741995,-0.0007578213745714803,-0.00034949206875437835,-0.0002605155883670358,-0.001011834389220568,0.0013942237719776593
B0029,40,1.612079811711934,1.6240345534688156,-0.005705307594410258,-0.0031838549918705057,-0.0023681504654198163,3.460954845444348e-05,-0.0002641437492895101,-0.0004678943242078948
B0030,1,1.6560706096175404,1.7438243437808347,-0.05536109924042111,-0.024820109995058237,-0.004464387807355258,-0.0013660904724684816,-0.001143487680827815,-0.0005985589588902668
B0030,2,1.7815548749509116,1.743674204785897,0.04728143175940832,-0.0067343573542616355,-0.0013602032105431412,-0.0006428545398406229,-0.0003656873919537758,-0.0002976592980582794
B0030,3,1.761969227822918,1.7433068701742134,0.010665877097616336,0.0067169885568748155,0.0014260841932268746,-0.00027281595023058425,0.0003829528338038659,-0.0002567292503016849
B0030,4,1.751755031874225,1.741478993362318,-0.008287163417730498,0.014590184708663436,0.002515735082112655,4.5462002805624554e-05,0.001027547171533143,0.0003842728137820817
B0030,5,1.7381688070362076,1.7390990686759362,-0.021841845642993477,0.018505515451364037,9.801281548673293e-05,0.0018355702448878072,9.965067368256238e-05,0.00037283468968153346
B0030,6,1.750674529346134,1.7355948204853735,0.00015472989526977418,0.011958751545634508,0.0006851646834998174,0.0016700750293796257,0.00016963728882246154,0.000441350269209443
B0030,7,1.7491047649061158,1.7318121635973924,0.011402826707745341,0.004285707090636779,-0.00031545106944453504,0.0013744336832378409,0.00018071834401501384,0.0003643664061966779
B0030,8,1.7252544028765475,1.7260261967608903,-0.0018681138974173468,-0.0001836589984471328,0.0006506453844032943,-0.0005264594416743932,0.0013842529497307952,-0.0002284599876384696
B0030,9,1.7112621367644252,1.720548806342295,-0.005675434201062279,-0.002936753928736003,-0.0003306569613639979,-6.543658786944686e-05,0.0002456586629722477,-0.0005240466452575402
B0030,10,1.6990418392711273,1.7154859930120256,-0.01032549799479778,-0.004320195319784266,-0.0003293035161618813,0.00017860894419648206,-0.001666664289898974,1.889837240914906e-05
B0030,11,1.7185770039532977,1.7108503105394592,0.01622713545712484,-0.005528732145162934,-0.0007734821900904396,-0.0008253776822211687,-0.0005426400340865157,-0.0008302100873286809
B0030,12,1.70324722921867,1.7061030329494724,0.006535103575048289,-0.007170756990880779,9.368926046060144e-05,-0.0010975843858235122,-0.001631649476549842,0.00041539421681522753
B0030,13,1.689458044662304,1.7041595960814908,-0.0033198977688808653,-0.008921658713288502,3.1313520002812955e-05,-0.0010050180803129487,-0.00023488886905589668,-0.0012514015548632951
B0030,14,1.6756136292719177,1.6994409557348036,-0.016054042942128234,-0.007752651516816095,-0.0005311578371106322,0.0002965770440481489,-0.0009112505496888995,0.0011251993146053833
B0030,15,1.6718407140871654,1.697840399614282,-0.02253806574141712,-0.003643116987557723,-0.0009420739549383868,0.0015866767852249757,-0.0001231630207936846,-0.00033994262556902066
B0030,16,1.7233056681204446,1.694126193355653,0.024524778448083998,0.0024192036085495076,0.0006089094374187277,0.0013635057326302452,0.00013101308628947622,0.00013206434835785614
B0030,17,1.709207290507283,1.6902241197769414,0.008851092267883104,0.006678910467403713,0.0007123651734386425,0.0018544290539492924,0.0006100163359692046,0.0002763573516651933
B0030,18,1.684001734344571,1.6847391432669858,-0.012778488816749176,0.007946224286279027,0.002204192105369501,0.00044444135582628256,0.0006640109120968728,0.0007822111966183918
B0030,19,1.66898698813004,1.678888699401052,-0.017084500283467727,0.00439397564177344,0.0019038160221002392,-6.30038466083663e-05,0.0005826061038723455,0.0003653950781261456
B0030,20,1.6620689362837142,1.6709401508993336,-0.012278898604691864,0.002485699298910392,0.00041788178320725105,3.056333159867852e-05,3.7870742681216535e-05,0.00043566883097964664
B0030,21,1.6687049625248174,1.6648798506891618,0.00996368924457459,-0.0031868279603899487,-0.002133974698728034,0.0005621070102456639,-0.0008673787167603218,-0.0005125030560096289
B0030,22,1.652762183550463,1.657298358437082,0.006019197877165186,-0.006376432578633795,-0.0017735405181459676,-0.0016370986620008147,0.00019772018181899567,-0.0009660211730514336
B0030,23,1.648481366235244,1.650307974719297,0.008610181590296747,-0.005924194156453486,-0.0012227738717789506,-0.002097486932908153,0.00013873971393958925,-0.001331074806263507
B0030,24,1.6307406443132095,1.6434359889864298,-0.006559263677033394,-0.004174911760117254,-0.0011150798187685774,0.0001304990065619233,-0.0009497174821476331,-2.687089134747622e-05
B0030,25,1.62323023017929,1.6372547511679767,-0.014533140240550897,-0.0002512775204073546,-0.00031672175884849566,0.00040262325001672294,4.3419879457584074e-05,0.0006305754644947903
B0030,26,1.654190654039439,1.6325836373838902,0.015251152401899271,0.003786405153340272,0.0014049410237243782,0.0010225015112508536,0.0005632125631302806,-0.00042119598639884587
B0030,27,1.638514396616985,1.6262343461462174,0.003118481351283449,0.005769415438377173,0.001422188423204941,9.265832796779891e-05,0.0006226619257213427,0.001254645041662005
B0030,28,1.618847673357618,1.6229967501996647,-0.010609396554049112,0.0038010774111622535,0.002072107426556508,0.0009057246337569421,0.00042575026339296013,-0.0007443399527339433
B0030,29,1.6134212267751404,1.6183009019611028,-0.007706015461006118,0.0017264111512251962,0.0011143011039719615,0.0006379619482570403,0.0002271414597632476,-0.0008794753090233291
B0030,30,1.6066443601761986,1.6118252844262009,-0.004718894352786158,-0.000164035354454043,-0.0001851416665127273,0.0009097400177569454,-0.0005375299219043002,-0.0004850628816895851
B0030,31,1.6138387876938998,1.6053442617630087,0.012006394053354328,-0.002378913333068897,-0.0017022787580147042,0.0006339480736742535,-1.2128474446222406e-05,-5.24955521514188e-05
B0030,32,1.596329501327274,1.600740964446364,-0.00013898121581894306,-0.002760343937974343,-0.0005972341981658899,-0.0002761662068117693,-0.00037030356672594384,-0.0002684338860387675
B0030,33,1.589078586740699,1.5969930009261808,-0.003440525142135053,-0.0015828442145643647,-0.00026262004970499297,-0.0005577221275825715,-0.0007470803785372823,-0.0013236221533534634
B0030,34,1.5805481432309574,1.590677246878099,-0.00782672815092674,-0.002697741509405587,5.439343544952948e-05,0.00041232016372841715,-0.0004260106650005843,0.00035466321279398953
B0030,35,1.584613105427081,1.5871055728381778,-0.002835222810842239,0.0009437162197440485,0.00016008604389433997,0.00011423888879895368,-3.964095060114594e-05,-0.0008356446750657377
B0030,36,1.5936651221220737,1.5830978271701437,0.00785797191136748,0.002227662860255552,-0.0006286851432005994,0.0005923015716335771,-0.00016982743604468766,0.0006878712999006082
B0030,37,1.5849874126960888,1.5795459034533517,0.0023917342524647557,0.0008151530354846227,0.0022062198716941406,-7.007616429465618e-05,5.83880353633014e-05,4.009033842808467e-05
B0030,38,1.5787064969416462,1.576324182751105,-0.001342380634628708,0.0024282992065160387,9.350478725768895e-05,0.0007140588608948512,-0.001025385892417668,0.0015142179997601735
B0030,39,1.570705516096967,1.574058757478104,-0.002550035194111243,-0.0007449993051952152,-0.0006676271236734055,0.0002189164303787232,0.0008324730646113478,-0.0004419691030096237
B0030,40,1.562780404428482,1.5714423144466843,-0.002910765591530864,-0.0038956159954149435,-0.0023739199165289247,-0.0004386993207295368,0.0001675818496030173,0.0007895091197071142
B0031,1,1.6666751942525773,1.775963010296349,-0.08091195741673535,-0.01051902050303898,-0.00902501402666578,-0.004494514093331484,-0.0010945793554857767,-0.0032427304765874653
B0031,2,1.8328583629543167,1.7791789324656377,0.07000660477345273,-0.007367305737042251,-0.002857852688939031,-0.0035517269752666156,-0.0009487757569956053,-0.0016015133280191031
B0031,3,1.8139835002945133,1.782753103046203,0.03577413221903481,0.00019709706656353797,-0.0028076125580416625,0.0002472219117399014,-0.001176193815344374,-0.0010042477347186852
B0031,4,1.8044387333514835,1.7847277373567259,0.01495218698040486,0.001688868748637222,0.0010087291168028739,0.0015841658736639656,-0.0001883153127334567,0.0006653604503526615
B0031,5,1.802147684291295,1.787352883330514,0.004825744133777175,0.0036820961506233616,0.0038719890710987802,0.00033452748953920886,0.0008765736279387327,0.0012038703553222054
B0031,6,1.7715647509798835,1.7894402665488895,-0.0315000971744503,0.007381026517586278,0.0019930612226038294,0.002794101775584093,0.0008243937737033111,0.0006319982522055934
B0031,7,1.8139928165779544,1.7893878763963331,0.013361126560263384,0.0035200013414935986,0.004175009827283585,-0.0002808959276804579,0.0016058234603745706,0.0022238747607889364
B0031,8,1.8013261041198854,1.7890554514785222,0.004028682775225206,0.0035299388864190083,0.0007485693914862638,0.002672784173240207,0.00016417759986978224,0.0011264996844873906
B0031,9,1.7883722583933568,1.7864617329704482,-0.004803898550888703,0.0035970852793734366,0.0016270139145248537,-0.0008907698456583342,0.0005750510127931612,0.001806043511236204
B0031,10,1.776540165737316,1.7844583092498398,-0.01132793120434504,0.0028171454268521297,-0.000866723196942654,0.0017203582866727714,0.00048796110885054915,-0.0007489540085526473
B0031,11,1.7856209131823229,1.7797709750731923,0.0038768274299437666,0.0021363851062135833,-0.000209381913007345,0.0005226143880461339,0.0003826572139030183,-0.0008591642113142612
B0031,12,1.781363403668594,1.7736975457611992,0.00792481783028267,-0.0008373165874183767,0.001087905763686048,0.00024044515314264808,-0.0007884098301280177,3.8415492050810704e-05
B0031,13,1.768489838397124,1.769566630358083,0.002153053339526796,-0.001182069650843559,-0.0011789189818158675,0.0003067047040237226,-0.0005428619893168816,-0.0006326994393851484
B0031,14,1.766505238291406,1.7651626407905159,0.006783757634781929,-0.002575899843670791,-0.0012581167263940977,-0.0020556923519149434,0.0003164538126026836,0.00013209492309277163
B0031,15,1.751740527921767,1.7625798549725895,-0.004113861394271527,-0.003960426436996621,-0.0015544218753507143,-0.001766823639972407,-0.0003123095681152237,0.0008685158446682127
B0031,16,1.7352349314055016,1.7604900561025922,-0.019483605933328565,-0.0032090387951824993,-0.0008313244745096454,-0.00016959673032490013,-0.001108756198729128,-0.0004528025471435986
B0031,17,1.7782778274549178,1.7585092007258387,0.019920605632627725,-0.0011122885987741944,-6.233138889373459e-06,0.0017093401653353794,-0.0004108604378810874,-0.0003319369721850217
B0031,18,1.7649894859707391,1.75645188206989,0.004879724518874246,0.0008381256874819742,0.0003715903343412296,0.0009565920097711904,0.0009055359508022465,0.000586035350591652
B0031,19,1.762591283533551,1.7554936669533332,0.0017250313872868457,0.003053646366439586,0.0014115666741779922,0.0002981592325425711,0.000896367340871424,-0.0002871544646982241
B0031,20,1.744314576121582,1.7531053502694038,-0.015688560431947732,0.0031936890989413933,0.0021180673534013433,0.000644891945650548,0.000248664772420396,0.0006924731111823794
B0031,21,1.7628373753518478,1.7505745415737781,0.009566408041507527,0.0005082570188186044,0.0009189364202339118,0.0005531958268193276,0.0012320220672476874,-0.0005159856407080258
B0031,22,1.747857930947971,1.7475994833322372,0.0025819495274965795,-0.0013588666658698573,-0.0008026700061920562,-0.0010403428751806752,0.0007229135134105673,0.0001554641115775445
B0031,23,1.7441167338864991,1.7419049255408459,0.0042383665801099145,-0.001963188052924302,-0.0009339972197111166,-0.00012697899781132944,-0.0007407164711035047,0.0017383225050083433
B0031,24,1.7268422932817389,1.7387625487504634,-0.008547429203749613,-0.002435075277822645,-0.00013877492676889831,-0.00019626329412330388,-0.0003132964877629961,-0.0002894162417663488
B0031,25,1.7203093493042263,1.7334058668771855,-0.011659134851686887,-0.0011594336636290485,0.0007474345137106135,-0.0007697710339102503,-0.0017498718967624343,0.0014942594107292119
B0031,26,1.7394245516699778,1.7301332297137424,0.009792452532570807,-0.00014711532264398197,-0.0016959398243116925,0.001126305509357997,0.001688598634743916,-0.001472979565023407
B0031,27,1.7367384416372014,1.7250538910318778,0.010256538368618317,0.00023903099294033666,-0.0002918435291577314,0.0013399186762116594,-0.0008537917855779691,0.000994697896782879
B0031,28,1.716963468448543,1.7210070676597835,-0.005626495578067982,0.00016019087283781217,0.0012895896796097227,0.0006396975117420006,-0.00048702647489360463,-1.955516353983283e-05
B0031,29,1.7127773558366357,1.7161411900877128,-0.005666605595220936,0.0010617598727297151,0.0006376974355294713,-0.0007066211070959112,0.0016687862403077702,-0.000358851028992438
B0031,30,1.7061083466554066,1.712572016777071,-0.007972696282772307,0.001982469986078319,2.8046091108312655e-05,-0.0007300195062498885,-0.00021382649810060823,0.00044235617159195444
B0031,31,1.713732696207521,1.7079531162311743,0.005424623737889219,0.0005529379789636894,-0.0006506938286258819,0.0010457270327037399,-2.7903568878917867e-05,-0.000565111309516852
B0031,32,1.7093475797926974,1.703023416193658,0.007196560356050361,-0.0007169800372943698,-0.0016884239762504478,0.0003712871935031834,0.0008928024460030749,0.00026891769306915423
B0031,33,1.690100045411559,1.699198734054651,-0.008315169824382943,-0.0015606131632337858,0.0011755047342921743,-0.0005941978782925904,-0.0005317265635430331,0.0007275141713591454
B0031,34,1.6946883343387664,1.6961079573476394,0.0016961643638053045,-0.001863653832861597,-0.00033971002269138145,0.0006288696173146368,-0.0008183184752626905,-0.0007229745501961624
B0031,35,1.687010991299212,1.6924124473903661,-0.004534201947313291,-0.0004322703079860529,5.639573397969896e-05,0.0004157859910565317,-1.9121412694031515e-05,-0.0008880440219647329
B0031,36,1.6957069027070075,1.6884434203302623,0.007151066305655066,0.0013231108709541159,-0.00027868939660534843,-0.0005749613955768575,-0.00018724877329007024,-0.00016979512769927903
B0031,37,1.687696889615565,1.6843998339933548,0.00256525481604165,0.0006113419812841211,-0.0008509260173337456,0.0012017799519110646,-0.00015464610784669304,-7.574887715501019e-05
B0031,38,1.6819617127259294,1.6824200090468175,0.0004043220632086562,0.000366827948152098,0.0008743373581204964,-0.0003068338416688852,-0.000651048099172949,-0.0011459016119495886
B0031,39,1.6750033888978846,1.6785307588490315,-0.0018000901862243192,-0.0004923996032943005,-0.00048268865816613384,5.195698576486853e-05,-0.0001037444275578017,-0.0007004039084557201
B0031,40,1.6672987794846676,1.6748255342554068,-0.005037562832780729,-0.001499550181180365,3.284519656747629e-05,-0.0007861469973160885,-0.0002631669546290922,2.682716912548836e-05
B0032,1,1.704864107351214,1.8267962615633846,-0.08991836723646175,-0.016321829645262548,-0.00796009332640746,-0.003547869795961199,-0.0017086891225476313,-0.002475305012177482
B0032,2,1.8940319526948568,1.827424661897271,0.08009146925565551,-0.008464925832476742,-0.0012913353980702738,-0.0011773081339893575,-0.002080144469448404,-0.00047046482998112086
B0032,3,1.8747686491853093,1.8292217379894815,0.04706648823260872,-0.0012862488816735211,0.0008642231198548744,-3.4132349366950705e-05,-0.0012409831085217198,0.000177564005466573
B0032,4,1.8654947184112376,1.8285582786526167,0.02590794648532885,0.006679960201944457,0.0006168345337374689,0.0018483468091756146,0.0014282602337914205,0.00045509133087336676
B0032,5,1.8527398169018068,1.8298231619169947,0.0071699124612760535,0.010768691426143054,0.002028680952458265,0.001355843396362264,0.0011033458427478213,0.0004901807608836425
B0032,6,1.844174397003866,1.8280643157642915,0.0012909555262477813,0.008246605788279963,0.002179588986003696,0.0018768704189487603,0.0010569297175281977,0.0014591306702692048
B0032,7,1.843023847751276,1.8246262938427158,0.004555966060346633,0.008161772963252689,0.0016932873755297333,0.001096598072152236,0.00016890819151425173,0.0027210211151661202
B0032,8,1.8302818174911863,1.8215529423594803,0.0013292463060317306,0.004663005433222979,0.001608932207001599,-5.4195716846694355e-05,0.0002288891072403695,0.0009529976832675793
B0032,9,1.8173838456081808,1.8168762318060827,-0.0045427336762919705,0.004033503136140395,-0.00014691994085619782,0.0007089073701855035,0.0014328595778434943,-0.0009780027576718718
B0032,10,1.805799298110468,1.811078968465935,-0.004436680373192356,-0.0007215798087605094,0.0004116202880030318,-0.0009181778396674024,0.0004425625121357971,-5.7415209633183274e-05
B0032,11,1.8149829605049184,1.806113930155474,0.014062290386142156,-0.0018441681061666959,-0.0013056973700502263,0.0001260375833955715,-0.0012913182048588858,-0.0008781140282221177
B0032,12,1.7995150369321795,1.8000542766188024,0.007603820779090205,-0.003477538428922828,-0.0013765547189452962,-0.001093563437980822,-0.001896227328404785,-0.00029917661783011195
B0032,13,1.7866516942518147,1.7948461440731542,-8.15210092830337e-05,-0.0055244446146921,4.378231458431371e-05,-0.0022581151792252624,0.0011642226147957385,-0.0015383739949011799
B0032,14,1.7735550719416031,1.7903139337701062,-0.01052033332602799,-0.0037975350796722067,-0.0007532564082706896,-0.0014666487154068439,-0.0018143382373587466,0.0015932499101845735
B0032,15,1.769995333364443,1.7878582107226368,-0.014168318385885507,-0.0013269635536236903,-0.0006319805403810761,8.136256500543252e-05,-0.001702704953780269,-0.00011427251232271994
B0032,16,1.799526080374287,1.7841688315856459,0.01407049617701233,0.001080853050215789,0.0013545120694115052,-8.715545104063892e-05,0.0003223743602309945,-0.0013838314835759769
B0032,17,1.7968530684449833,1.7794696492890718,0.010915909368956296,0.004006496557231966,-0.0002869981655271853,0.0013211953613567419,0.0009706261018194631,0.00045618986963288433
B0032,18,1.7838265504081745,1.7750224713404967,0.0011843419779707205,0.002290942190480308,0.0030382469941613193,0.0006915443216610074,0.00136014019481876,0.00023886334537423016
B0032,19,1.7696444491040102,1.7715339848991472,-0.0057969063329768224,0.0015779843452185312,0.00030214721074553957,0.001675865812184212,-0.0001255779659449298,0.00047695111336061536
B0032,20,1.7512940457049684,1.763986910950599,-0.015314869894147983,-0.00014250771333769078,0.0017019788777076273,-0.001156671011046149,0.0015344266272531249,0.0006847778727532652
B0032,21,1.7697554297961993,1.7601814599047834,0.012041706293099341,0.0007266724829847281,-0.0016145363735246949,-0.00011900796121241802,-0.0005761496219144961,-0.0008847149504563206
B0032,22,1.7547726933914918,1.7519420091159157,0.008155809275385931,-0.0022306430722227747,-0.0032022801543728154,-0.0004957647044295,0.0008529860227761571,-0.0002494230918831739
B0032,23,1.7389166355812984,1.746207326424262,-0.001055561164681213,-0.004404874196872537,3.040761413798221e-05,-0.0007631366454282702,-0.0006554401613334695,-0.0004420862657017081
B0032,24,1.7337200518764075,1.740959471326666,-0.0017405717195078452,-0.0015614891503728148,-0.0006424610405602444,-0.0005839050558730816,-3.649308799126952e-05,-0.002674499365197774
B0032,25,1.7150972597500092,1.7314111815637425,-0.016838578096213582,0.0003602082850984761,-0.000447184588766036,0.00044347283931340885,-0.0002554795206587756,0.0004236393257394641
B0032,26,1.7462926148815636,1.725710907006861,0.01834954932159895,0.0018035452654457241,0.0009103929935030713,0.00023988491641363153,-0.0005752236696057926,-0.00014644094045704317
B0032,27,1.719149261914565,1.7192775397663103,-0.004578421971765217,0.002816116344672439,0.00047136335918877034,0.0003605184322673281,0.0003655718619837547,0.0004365741741723853
B0032,28,1.711582246191498,1.7139893297793072,-0.005342726019307668,0.0007749540412954209,0.0015635193833648177,0.0018520569400700495,-0.0006704400563470961,-0.0005844478134494233
B0032,29,1.69510511952259,1.7077951041285133,-0.015352210803178439,0.0014499163234462204,0.0014392002815305511,-0.0014082690962804213,0.002167833895386931,-0.0009864551190696053
B0032,30,1.7005124371100973,1.701529116051608,-0.0008510875987084286,-0.0005050335286404321,0.00042764264281481483,0.0004250253565422564,-0.00042681034767227586,-8.64153860702197e-05
B0032,31,1.7080989351250158,1.696151887963611,0.014891200171012503,-0.00073530179340776,-0.001033899994216586,-0.0006868727143643519,-0.0003190522035726195,-0.00016902623546919323
B0032,32,1.691435430587127,1.691330214172119,0.005796310742493667,-0.003376984798500165,-0.0017728581769305308,0.001049254073077447,0.0006540222556193953,-0.002244527587575875
B0032,33,1.6844494328889932,1.6853096345202327,0.002424665463375063,-0.0023393602446325334,-0.00014888800256235123,-0.0003161939661240767,-0.0008592230800979663,0.00037879830229095135
B0032,34,1.664037581688075,1.6804651379580462,-0.015315320723183649,0.0003398202413909109,0.0008490997863094478,-0.0012666567874449208,-2.5454454693561107e-05,-0.0010090441987289252
B0032,35,1.6686372014231974,1.6743462284656843,-0.009168886462235773,0.004172419432782352,-0.0013013388652176664,-0.000506907988246253,0.0011650793692910251,-6.939240203001067e-05
B0032,36,1.6899344075625968,1.669647069702689,0.017211523920720253,0.000546386710075702,0.0017885512084954646,0.0012616235318665516,-0.0008849504900688102,0.00036420307421018326
B0032,37,1.669431712846442,1.6653104605349789,0.00014716070698377864,0.0033299574173838004,0.0002724449597192756,0.00020481326256876987,6.894014115513242e-05,9.793594930997426e-05
B0032,38,1.6634226761839213,1.6608654838421806,0.001881298831496569,0.0008862803951902651,-0.0009837675469715475,0.00023950551847630068,0.000863125544395678,-0.00032925026631831024
B0032,39,1.643615219594737,1.656645573577444,-0.009916717740422472,-0.0012675488568954791,-0.0005087705237419314,-0.0006951329610410101,-0.0008405478855939243,0.00019836414875579203
B0032,40,1.6358000873538243,1.652360200901213,-0.006327994205165553,-0.005666591676306228,-0.0022870480234887503,-0.0009907249158538514,-0.0007772805899682098,-0.000510473961301605
B0033,1,0.0684257224060181,0.6701212974601819,-0.3919422417471954,-0.060660043196076235,-0.03195914759760109,-0.04958679545992872,-0.03143576977114802,-0.036111576808409915
B0033,2,0.6895699007862814,0.8044496910912287,0.03015536649573456,-0.055534619395608775,-0.019327841025853137,-0.03036889427489492,-0.017758293150308822,-0.02204550869966164
B0033,3,1.1610848192311252,0.93710884270384,0.3155563965668051,-0.0544265477490975,-0.0030873368800350995,-0.01818169018258368,-0.003213716961589123,-0.012671128178446062
B0033,4,1.2529393053824995,1.0596466628560006,0.22096356845394563,-0.020112525148650764,-0.007585731589291116,0.002412681430464586,-0.0013203982860591377,-0.0010649522785939071
B0033,5,1.302918002447558,1.1779431352013374,0.10288284056706556,-0.001212561259224099,0.006991873529117119,0.0013391461048105036,0.00907875541420652,0.00589481292790392
B0033,6,1.3218773211472523,1.2831813511871273,-0.02215766061677575,0.016439559527948285,0.013323754562679684,0.010618775931129053,0.012280804980730128,0.008190735605374306
B0033,7,1.2884694418301417,1.3724865476117545,-0.17675781965372117,0.03392297348008697,0.01330916912000198,0.018699532191225235,0.00973986844163047,0.01706917068192727
B0033,8,1.713169326386719,1.449106667063855,0.14686093614721613,0.0515574324121214,0.013809300826306206,0.022701833902923813,0.012810460973756146,0.016322694953257555
B0033,9,1.6560966776720512,1.5188195663523372,0.028203535459853588,0.05446425518495183,0.013233365231523846,0.024827286236850335,0.004490236207946116,0.012058432911469316
B0033,10,1.6197297341990775,1.5599033024277678,-0.032044964611651156,0.040987177086122935,0.01257626434143635,0.02282761444470537,0.006469144478700555,0.009011195957725157
B0033,11,1.604655812282729,1.589823879642435,-0.04284936756122507,0.018354736691992973,0.009570871287450794,0.018807457915596165,0.0016362029247774111,0.009312031312756673
B0033,12,1.6255699769029337,1.6119296551680535,-0.00408503304845615,-0.0036868735786270306,0.0027376750861176536,0.003380979045431201,0.015377975191393754,-8.44010373131113e-05
B0033,13,1.5900967306245992,1.6184443333135712,-0.015142724235472367,-0.02241043354128225,-1.0097323234287043e-05,0.0038977726529416707,-0.0040755867492953705,0.0093934664435694
B0033,14,1.5739402299623984,1.6247759276268567,-0.021728331964982948,-0.022858376453137496,-0.004577022643055438,-0.004091893303782938,0.0005687923503455717,0.0018511342920617742
B0033,15,1.5711303351557309,1.6221981177076479,-0.021416462423024595,-0.018776690568472486,-0.0033039500075034717,4.858415640299677e-05,-0.010087378583163222,0.0024681148167432798
B0033,16,1.5897706153457416,1.6205515371586305,-0.004034363325437197,-0.009897683384382213,-0.006192637544995762,-0.00942927123755084,0.003153004530441893,-0.0043799709146507
B0033,17,1.6257378771074,1.6189397569623265,0.020890816582808742,0.0004991246614030779,-0.00410814344408682,-0.0043409948516931465,-0.003069509849204884,-0.0030731730305465855
B0033,18,1.6523506333962537,1.6204320342916463,0.04127374925002643,0.00021788640119696235,-0.0008401109043275237,-0.000192384945467507,-0.0005176854689653956,-0.008022855313650993
B0033,19,1.6143816761595386,1.6202964488303768,-0.0034327483322201383,0.004728760619676184,-0.003956896263065696,0.0008677058362426308,-0.0013674555392789926,-0.0027541390645732483
B0033,20,1.58697453394504,1.6251815198626416,-0.03213297234888716,-0.005804926627591165,0.007013624775293052,-0.008248418954708885,-3.1731951751365515e-05,0.0009974391273459703
B0033,21,1.5818355572787333,1.6336291097644486,-0.045915130691301494,-0.006318583112322109,-0.006364593864936235,0.0069926839604257055,-0.0010246809394499278,0.0008367521009860617
B0033,22,1.6919769406371152,1.644313269714979,0.044411062517372056,0.00014987450246785246,0.004875461038466397,-0.006805741265739404,0.007118926422673416,-0.0020859123928993885
B0033,23,1.6879483800354476,1.64592968288063,0.029484423419145155,0.0055944957500258345,-0.007023921455737806,0.00813096099638828,0.002153949181712635,0.003678789164911393
B0033,24,1.6586223007531458,1.6499316773672992,-0.005084651552276051,0.004214308256749694,0.0025671148055209985,0.0021541388195094823,-0.0007962009600713661,0.005635913928402591
B0033,25,1.6420179032789863,1.6526256857226982,-0.02012827480888951,0.00012241651975358205,0.005887815984665056,0.00045844190500774124,0.0028884622686185463,0.00016335560498782092
B0033,26,1.6381810791118745,1.6522773108351532,-0.01432074411150265,-0.008484593076453618,0.005000633848224515,-0.001297395757822664,0.0044616659171283594,0.0005442013763579717
B0033,27,1.6422892507912386,1.6486346059841523,-0.005545313352764496,0.004113872334005139,-0.00345848930212824,0.00044750019426486275,0.00030263769363001315,-0.002205562842161988
B0033,28,1.651270876264092,1.6411634170875535,0.012813117348459777,-0.0033085516149160814,0.0014276748054231467,5.932026566368096e-05,-0.0034695030077695472,0.0025854012942633795
B0033,29,1.6326559297917211,1.634179588138357,-0.0009581578666598829,-0.00035211202635620657,0.0017568182484327872,-0.0005224281972839837,-0.0029583633101258676,0.001510584726519924
B0033,30,1.6260888111680731,1.6295931600414855,0.004350861577489423,-0.0002726479235697535,-0.0006858993928324504,-0.0013310085476552498,-0.00284906843275832,-0.0027165862306032383
B0033,31,1.6079292963823688,1.6265075856062068,-0.011253430382118151,-0.001390240623840059,-0.0012431331255745362,0.0006383623133069248,-0.0037478138827978786,-0.0015820335929156595
B0033,32,1.6125361114907395,1.615573421230324,0.0005628825553960048,-0.0012580170511774175,0.0007955665784080275,-0.0055812245026368515,0.0005063308968537293,0.0019371517118428568
B0033,33,1.6218384168987892,1.610532946543586,0.007521432865147825,0.003947378723830245,0.00245863408381936,-0.004356924404220449,0.0032148801169681876,-0.0014799311053575596
B0033,34,1.6145443029101134,1.6029936531989573,0.010444291870574314,-0.0009590063057653684,0.0005850198606425084,0.004254972671996971,0.0038510575404420372,-0.006625685999172775
B0033,35,1.5953958917107596,1.5902369190535055,-0.00537286983558716,-0.0008294059474442549,-0.00010575698226022157,0.0069681418204026345,-0.004732970171742784,0.009231833708212562
B0033,36,1.5877243027113055,1.5879550310541721,-0.007432350347825635,-0.003707834454578596,0.0024685973138153542,0.0028963340445299444,-0.0010152689251970062,0.00655979396342615
B0033,37,1.5811840578305605,1.5927291818836882,-0.010591173190058761,0.003117115969722286,0.0024827937704033644,-0.0048738365893764,0.002353009688384262,-0.0040330337628548705
B0033,38,1.6128422608267754,1.5886946150663666,0.02233153687614561,0.0027928702673009924,0.00404859345652216,0.0022794834339540247,-0.0013832793472235666,-0.005921558998127539
B0033,39,1.61998606328022,1.5926811393425742,0.027841431323854544,0.012084755451303742,-0.004241161550342461,0.001530956453816672,-0.007820824894847731,-0.002090232920499907
B0033,40,1.6099381853611876,1.6001953170319108,0.019027292088259495,0.0032291791181243454,-0.005705669576264976,-0.004447034779394247,-0.006580434904605474,0.004219536312346439
B0033,41,1.577097753956516,1.6185842178089527,-0.018053064621166407,-0.006232740510688455,-0.008670230375311849,-0.007350791649238047,0.0048210701095474495,-0.006000706864788042
B0033,42,1.5708599066554392,1.641131308145787,-0.02738408319806454,-0.026499524597641357,-0.0018342856827820188,-0.005823222322659872,-0.005320413602465406,-0.0034098721437394
B0033,43,1.6261581345348248,1.6603601353399509,0.007707599686743484,-0.02750039501719589,-0.009617175239207057,-0.000675008450765107,-0.004432421496208963,0.00031539963496575403
B0033,44,1.6348129972245726,1.67004573982799,-0.03407580738236563,-0.013485721900945833,0.001273103702636391,0.004681953733075149,-0.0020725898203960203,0.008446318984979249
B0033,45,1.611705363734261,1.6874746990571654,-0.11200037818605688,0.01716836492753449,0.00790362791401595,0.00017113576406947302,0.008988913739512697,0.001999000446584608
B0033,46,1.8851401699720665,1.692861788837254,0.12322545455231357,0.04019730403132104,0.010599118956927034,0.009502347337947288,0.007174308561719201,0.001579847526544692
B0033,47,1.6584957887780232,1.692073096004088,-0.09374691481314508,0.02919730667955697,0.008465327416242924,0.012883932335802147,0.0028049174162974658,0.006818123651214246
B0033,48,1.62418934644937,1.682458845920465,-0.08768311932117215,0.008088035244373083,0.0165483830551583,-0.002381738752146109,0.002246171499771569,0.004912768727074145
B0033,49,1.604172098856364,1.665256620220173,-0.0652298305704271,-0.004328590644222383,0.0012184746206802847,0.005426272427250688,0.0011864774025304023,0.0006426753316049669
B0033,50,1.6080016740907346,1.6512374718801028,-0.013497585058660728,-0.014015945071095113,-0.0024185765376719894,-0.010537409925405975,0.002977162076708012,-0.005743443343369472
B0033,51,1.6256752138435595,1.6271396318226576,0.04152403391560701,-0.02300909084267232,-0.01443705401645183,0.00278535623998692,-0.004996717956469305,-0.003330945395469616
B0033,52,1.617632765910718,1.6076165547816477,0.049296775971274416,-0.020337104431138085,-0.009218688944388582,-0.003403739200709288,-0.0020478751145180025,-0.004273157224979894
B0033,53,1.5973191489094265,1.5932546712659161,0.02895996227517873,-0.013899982746297208,-0.0013982147023869041,-0.010840464318692362,0.0015006963336905064,-0.0002575192643353581
B0033,54,1.5875852250170606,1.584517861736029,0.005924682488733745,0.0060261165182849945,-0.0014724120639615771,-0.0017659759731139821,-0.003986660206907267,-0.0016583875449182257
B0033,55,1.5802530015403684,1.582879064727586,-0.014572251898802712,0.015047527730428948,0.0011934081521181928,0.00392702033504546,-0.0035417760350979926,-0.004679991531233072
B0033,56,1.583036530487776,1.5728456267773643,-0.01215000140218086,0.012574109469028101,0.003425047965081782,0.0069757195517941425,-0.00012444715467824246,-0.0005095247799398584
B0033,57,1.6027138832797037,1.564005000391367,0.012377087172187681,0.0036557792268903295,0.011719872103604523,0.0036424476932407903,0.0007173079651237361,0.006596388659030787
B0033,58,1.5930709154513834,1.5664506302481933,0.013647072190877269,0.0034247894870809725,0.004560242304875918,-0.0005489395368120395,0.008799739993984172,-0.0032626193016681644
B0033,59,1.5448888685020246,1.5603757580007627,-0.021565906289677146,0.000916555874373659,0.0012620210640584227,0.00012979437022850538,0.0005884507695885179,0.003182194664860727
B0033,60,1.5352188565640517,1.5535125418723696,-0.0176651314977402,-0.00018673360656149536,-0.0008237489112707582,0.0031035671415704366,-0.003006933327432633,0.0002852948487038493
B0033,61,1.5252677314227332,1.5490238944068442,-0.0162479698833956,-0.0024816729191082672,-0.0027915847042537687,-0.0007198298577371398,-0.00012707554519390615,-0.0013880301153194094
B0033,62,1.5559492005453626,1.5457908671270049,0.01715644466112009,0.0020017160403157765,-0.003498074923553468,-0.0035472013061490465,-0.005175316636755737,0.0032207655316431306
B0033,63,1.564802943842715,1.5495669346639274,0.03194971469280034,-0.00706719178191579,0.0009305737923122998,-0.004499001166850162,-0.006335576787694023,0.0002574903752698859
B0033,64,1.5518620461881203,1.550602665318777,0.015610582498533171,-0.004336275041625187,-0.0013029276376615082,-0.0009343583650279275,-0.0005915152319474459,-0.00718612540322074
B0033,65,1.5144550545105004,1.5526535946233935,-0.03217836899973838,-0.0030835290074007742,-0.002744003294727095,-0.0011347280888018146,0.0013337913470232716,-0.0003917021063252086
B0033,66,1.5051936202146428,1.5569774401547891,-0.053748351556786964,-0.004417383894859806,0.0034784479372192497,2.090045241688862e-05,0.003244904548596138,-0.00036233746053685654
B0033,67,1.605823969917045,1.564901997744633,0.03348073076640691,0.00045293959280384553,0.0018842847799191195,0.005561950896124427,-0.0014490331353265238,0.0009910992031264769
B0033,68,1.6249005195877049,1.5717265201363493,0.041303174519950095,0.006462563618879905,0.00188816126150957,0.0013375017975598112,9.001039472274344e-06,0.002173597137886583
B0033,69,1.589785130036615,1.5694900608910416,0.009217057937409333,0.005689770252972356,-0.001266031404583888,-0.003071287265746034,0.004195798135615521,0.005529761426214977
B0033,70,1.5552386152299904,1.5745526216140169,-0.022997089713255266,-0.002686537005425179,0.00776825315903343,0.0027518619534022365,-0.0025989027888507956,-0.0015515920404167818
B0033,71,1.539756404636803,1.5689276331577762,-0.02615413431450667,-0.004823577486273719,-0.0014017173470364996,0.009655977027286121,-0.009287677747817136,0.002839901301358828
B0033,72,1.5293174002138357,1.565077451855456,-0.02701950518213586,0.004132379781976078,-0.004719977609262085,-0.006226433106053114,0.005443893704620609,-0.007370409273093838
B0033,73,1.547680553576876,1.5512536487824407,0.00378039054028583,-0.005663094767888259,0.0005604109515946408,-0.00231461174456435,0.0012363439660204867,-0.0011725341998284967
B0033,74,1.5659920939439786,1.5421850726539197,0.023948329212697093,0.004823870353230093,-0.0017613072794996514,0.004826015238956123,-0.009550444549881899,0.0015205582592722612
B0033,75,1.5416252851780503,1.5288367208310827,0.01334850377332307,-0.0004453826924294215,0.00581566918767805,-0.00802947699626448,0.0018139483084760601,0.0002853027195079652
B0033,76,1.517590655990168,1.5213086768196684,-0.001414997095309551,-0.0009218273810294688,0.0023422240583571706,0.000278626330892321,-0.0009735208343184477,-0.003028525946277327
B0033,77,1.5075202042593092,1.50972046255136,-0.0033920062545197923,-0.0013012784258248442,0.002242189825667075,0.0031559632332535384,-0.0014416784237656962,-0.0014634482814881774
B0033,78,1.49549282626034,1.4947840876811813,-0.007790659891646073,0.002291900273813554,0.00210535353170322,-0.0027564292158577183,-0.0017346270977148647,0.008593200948482942
B0033,79,1.4997618811573148,1.4935450425260746,0.0065414890749312385,0.0017857911242691357,-0.003669307677004248,0.001112987326903172,0.0018862154476903589,-0.0014403366974352933
B0033,80,1.4906966807803954,1.4866227177770455,0.007079861216066393,0.0006638135139990447,-0.00035254940106659624,0.0006476220881408655,-0.0019142666113243008,-0.0020505178311487774
B0033,81,1.4800999425051866,1.4757309609263751,0.001928051210811734,-0.00260681446746138,0.005584067286085382,-0.00010751315355873101,-0.005208106736498904,0.004779297414493984
B0033,82,1.4676091496100632,1.4689636209601338,-0.00594026169491035,0.001746986996576806,-0.003135549638800489,-0.0018879107361141599,0.008575416421583996,-0.0007131527189327858
B0033,83,1.4729818491920503,1.4646379123356545,0.0025455554492816415,0.004102152888472345,-0.004984450600878018,0.007880352548017418,-0.002008142905962906,0.0008084694550406872
B0033,84,1.4742872137206404,1.4652608779423841,0.006639622002941384,0.002946331930330502,0.002366414247767906,-0.004920150827754077,-0.0003795267920204986,0.002373645194105326
B0033,85,1.4635162808346138,1.4645244621507159,0.003407327947146065,-0.0015649647302811071,0.005095208624496885,0.0005820054286517842,-0.007011429887293038,-0.0015163287179030946
B0033,86,1.4527095680488362,1.4662454242230842,-0.0020817408963515888,-0.003603669689165519,-0.0009445341025925289,-0.002659097376016561,0.0019212634613020143,-0.0061680775866863385
B0033,87,1.4557303847230247,1.4603496967091965,-0.000984709834809189,-0.001815888278403797,-0.0044463633990910675,0.00027019297210779285,0.005147124180758592,-0.00278966764306371
B0033,88,1.459740099618568,1.4591906613282504,0.002239172817367793,0.00028226164510990697,-0.002616534125571048,-0.0010133554142754723,-0.0025175109170970608,0.0041754042670374475
B0033,89,1.448711504158192,1.4613610916646342,-0.009927252961511352,-0.0005989998370459522,-0.0016626024632285246,0.001304536554489375,-0.0016934644665840763,-7.180434641174844e-05
B0033,90,1.4666759762884336,1.4570116399726434,0.002325818222184906,0.0014280924103653107,0.000818197393075479,0.003048456514727168,-0.003317158883627653,0.005360930638868313
B0033,91,1.4689502109504418,1.4600935173648628,0.011840373740997867,-0.001692996992558013,0.0023933359656301977,-0.006233045503245868,0.00335602932446133,-0.0008070029707066979
B0033,92,1.471116588522042,1.45050996194485,0.014612463485818862,0.0027310949188285765,0.0006341561210778192,-0.00011781513617203183,-0.0011094256771486146,0.003856152843021775
B0033,93,1.4473012364654927,1.455722894451027,-0.00259623302948454,-0.0026533889251119784,-0.002134129342398133,0.0003205152724766996,0.00018044747262801377,-0.0015388694469959524
B0033,94,1.4205315547561643,1.4463511241852867,-0.02333292747569908,-0.004960749307829521,0.0032226410327740535,-0.006962690744082795,0.0015652572776550704,0.004648899784166085
B0033,95,1.4241466094817417,1.4461613748277855,-0.014037567995945657,-0.002422297975589373,-0.003538231991934164,0.0014783209405326968,-0.002536102025716808,-0.0009588863025616725
B0033,96,1.4412820083364295,1.4403426212358448,0.003473023202915623,0.004674870753426414,-0.00030930020606904555,-0.0013982380685154138,-0.005721027339784941,0.00022005874738706941
B0033,97,1.4448965388921615,1.4394064310907366,0.013020172441196711,-0.0009840390317002539,-0.0009556722412136015,0.0023334276882538284,-0.008234821162059558,0.0003110400944456083
B0033,98,1.4540256354795746,1.437303531176359,0.02061348678643272,0.002041866402348917,0.00014256467355859323,-0.0024068629716947044,0.0017714445048393876,-0.005440395107996558
B0033,99,1.4226030447542912,1.4318441933655068,-0.004557459080174675,0.0002926885208286471,-0.0024025929160460206,-0.004556354878185083,0.0016675661984056956,0.0003150035393300543
B0033,100,1.410196954589097,1.4287882408574928,-0.012940042188867814,-0.006394769645490568,0.0009138479723468543,-0.003348665821805858,0.0007014743263231924,0.002476869088855745
B0033,101,1.4144881298999457,1.4281117411297288,-0.009187121176434254,-0.005868255372053014,-0.004260638032279724,0.0070622946520709174,0.002787012588626792,-0.004156903891472702
B0033,102,1.431360032946153,1.4160978998936653,0.0015353873897106666,-0.002445492194555203,0.0023878618167032135,0.008669976648830133,0.0011645355888637685,0.003949863795215572
B0033,103,1.4515133236517528,1.4123277773125364,0.021381229578162023,0.009186386956967683,0.006694138437224729,0.0015069618473513157,-0.00030907432700544903,0.0007259038316763852
B0033,104,1.4230376757726733,1.3956165281224222,-0.011893188674549155,0.019707004838219702,0.012544165179326095,-0.0012796930016419005,0.0047936353162746,0.0035492239878423667
B0033,105,1.396298696255913,1.3954250757409048,-0.025555110868214534,0.02286782816226038,0.005852898715123761,0.0005337140262984465,0.0003660370986530318,-0.0031917466144453528
B0033,106,1.3979060730399124,1.3863088221830233,0.004968404595125064,0.013721271697748639,-0.000254502952838349,-0.0017133197702362607,-0.003475914236526712,-0.0016486884722835902
B0033,107,1.4011347560096767,1.3887847245158862,0.036707301936138,0.0006479943308666433,-0.014625991601381703,-0.0011108880570481815,-0.006274087070122116,-0.0029942980417031907
B0033,108,1.436782528945267,1.3999648391697168,0.09463134036144258,-0.020978104556684266,-0.01483589467373227,-0.005834195125927651,-0.008501821669443528,-0.007663634569740128
B0033,109,1.4370006879546382,1.4079600821809293,0.09857789219665038,-0.03750448512165352,-0.01427987445999202,-0.011724831791821726,-0.002515249845040609,-0.003512845214146129
B0033,110,1.410355528453481,1.435168330978864,0.03829176430624347,-0.036264903475815534,-0.011110013226970982,-0.006092450318072508,-0.004549176943924926,-0.00508802286714132
B0033,111,1.382633397996189,1.4533977446500075,-0.054602770585007246,-0.01772182468377034,0.003477540466010441,-0.00290103122540504,0.0017476289586956999,-0.0007638895748466336
B0033,112,1.3699403583067564,1.476301113853032,-0.1347455062485098,0.00516954462366242,0.012941325687118636,0.0030727259381808474,0.0013177927919405179,0.005883361675311828
B0033,113,1.3786129327882322,1.4944745574623388,-0.1910911761977019,0.02494479998047344,0.029423773040935283,0.006816318733138274,0.008229166958970684,0.005815492820993571
B0033,114,1.8035959863147195,1.50411483587466,0.19956521490033555,0.05010414421104128,0.030767799292032237,0.008891949860066858,0.005229901976252845,0.00492214006110034
B0033,115,1.4234424290662009,1.502136180992774,-0.1565396976121719,0.03158365796929164,0.025306221497469892,0.007853344153112462,0.00910368316904903,0.003999038891753368
B0033,116,1.3946003892958665,1.4878816159091177,-0.12050213758428308,0.004443519463752974,0.013801735270858725,0.0027641121983997263,-0.0011055591613017195,0.007317103204589757
B0033,117,1.3961613987822286,1.4665046790428775,-0.04382522842858726,-0.026386286632600165,-0.009372116336754232,0.008918427642002687,-0.0019286504108748039,0.002250573910880841
B0033,118,1.384968608315797,1.431689507909325,0.014534134077258475,-0.043129868946467885,-0.01972498611669237,-0.004900678224085683,-0.0006171998550614068,0.007117699480191442
B0033,119,1.3715114742475478,1.4069700990708671,0.03361614083905179,-0.02937400731028525,-0.029979219801469382,-0.004460165837882588,0.0016019197444394836,-0.006863292443748588
B0033,120,1.3616865084879255,1.3864781770256123,0.04130015426625631,-0.014339844857750845,-0.03035489870333248,-0.001994867108319944,-0.011040699209087762,-0.008361512908555958
B0033,121,1.3796301360966086,1.3630260663301,0.06066834187107369,0.010431065826090389,-0.03413006560762647,-0.008904392516815261,-0.0005443278563994824,-0.010916551939257675
B0033,122,1.364231776003204,1.3487266939540692,0.038822671797642386,0.024127372394970033,-0.035773585606916805,-0.004574198927401236,-0.0052751226024520355,-0.0018220549907107162
B0033,123,1.3418414512081456,1.354272796937033,0.0077475330331494875,0.02906864925206434,-0.034518269752488416,-0.0032368980322719904,0.0012860175401496197,-0.012778377745583243
B0033,124,1.355221569579225,1.3569258858542157,0.01834100514742644,0.02315312173630493,-0.027881082259143004,-0.00693045543616599,-0.0020967926634661935,-0.006290112780766927
B0033,125,1.3403860264029774,1.3700903751394262,0.0017244734657864598,0.006700522123043536,-0.0230794594576479,-0.0055396403010964535,-0.002496757455865039,-0.007013487086247828
B0033,126,1.3594078914195438,1.387307874630968,0.017857718089075596,-0.018547044917205546,-0.016437830895761334,-0.00465299386221257,-0.0019476554968407133,-0.004172176110778535
B0033,127,1.3457100861355502,1.402019803482797,0.01034630614589255,-0.05432536425762726,-0.011926852657663623,0.0011753719715873133,-0.004985540721815291,0.0034063621949198594
B0033,128,1.3477611420854358,1.4182440356117993,0.014022458909936922,-0.08243929889379907,0.002387501186649782,0.0002902744453026118,-0.007249313279236741,0.002505484126598726
B0033,129,1.335482103134067,1.415618910513215,-0.00430729400893113,-0.10721490495238678,0.018201900451600087,0.0007767621667776861,0.00654803618027028,0.00585869280967567
B0033,130,1.353154941842234,1.420962789222413,-0.0045899324229498,-0.1005190251653519,0.030176583897368627,0.006019653935416104,0.00513695501322708,-0.004032082617979014
B0033,131,1.3709677706044292,1.3928070829660564,-0.015229689698444498,-0.06860465296334158,0.03870890388460429,0.004643739253704832,0.01158461352698761,0.007057773648479089
B0033,132,1.357426672491866,1.3621001743043242,-0.06743183344653747,-0.013672467616722354,0.05098517632212412,0.012924087636986596,0.0007493366545482511,0.011772198655543685
B0033,133,1.3443678821106904,1.301279112479485,-0.10568825689364186,0.05473496030389158,0.05884699466086326,0.018160590778411527,0.004813748008300543,0.01222073279639498
B0033,134,1.33005823859453,1.2295558767129129,-0.13821611967885356,0.14519593416345491,0.05644499112993982,0.012857576005416134,0.017062031293029203,0.007157948996700835
B0033,135,1.4033641858066626,1.14052031152518,-0.04056859937805175,0.2135722913087907,0.058521136099566336,0.01878705047407217,0.004006208531409403,0.00852578724786684
B0033,136,1.3865570950229378,1.030703449065894,0.013692867460574167,0.25759928222800577,0.053889392426259536,0.00924113924225227,0.005449818325343034,0.015981146282718302
B0033,137,1.3704138176872631,0.9262283874646666,0.1226533475993913,0.26480406940327894,0.03504368731312386,0.01193182368995435,0.004968659109768885,0.004783843120891844
B0033,138,1.325319393635713,0.8143203861319368,0.25598367852884,0.22968752922912453,0.0184845293617446,-0.0015054205232915784,0.0040532577128744975,0.004295433224228408
B0033,139,0.8439684993200656,0.708027726601833,0.006030924355028469,0.13482030547101526,-0.0005352662678205942,-0.00038139378900862704,-0.0030353296977988346,-0.0009584671533775538
B0033,140,0.298661803715835,0.6145554371752587,-0.29240392653761527,0.017661522947131476,-0.02726528334577676,-0.006176991398943405,-0.0012864519824249097,-0.006422502749332737
B0033,141,0.2344867974702557,0.5474897674229711,-0.1134678061867783,-0.12512374206410024,-0.040417734871166094,-0.014170200377301913,-0.006951900159604525,-0.012871585878629216
B0033,142,0.2025633038072582,0.5051025237668093,0.03886353799171336,-0.23696014480221367,-0.05552130237853326,-0.020140647501520472,-0.013289688708840555,-0.015490974133742539
B0033,143,0.2353199565407024,0.4968136696015131,0.17876464131787229,-0.3174423536154059,-0.0675223027217601,-0.023089186554244284,-0.017178983282034828,-0.015025527790397295
B0033,144,0.2355042783748287,0.5264654400175016,0.1870563736010295,-0.3498870103418238,-0.07052170360501625,-0.02896426083608534,-0.010205962621041417,-0.018438597424959898
B0033,145,0.4304242256752923,0.5890919619547385,0.264005197951322,-0.3083512653805444,-0.06537930995900748,-0.024998159525520435,-0.013600882466247776,-0.010343316553537157
B0033,146,0.4643633320269643,0.6796687867106931,0.045678226136897426,-0.1805477965887889,-0.046929685513297396,-0.014155344960200125,-0.007124450974763731,-0.012226402449656264
B0033,147,0.3994839380247729,0.7885326798361655,-0.3564058869127248,0.0010477535819106217,-0.021816230812363353,0.0003279578137495492,-0.00636238865149656,-0.00583994647362641
B0033,148,1.461469789426299,0.9083730427067747,0.35101642322977433,0.18202646167352052,0.009792654899423993,0.003260662007809463,0.0012187583313871234,0.005781786559251489
B0033,149,1.4150999545382532,1.035773839721771,0.039966602116231424,0.2881932401784856,0.025981864208127193,0.015783446867666032,0.0033650336519968848,0.006035927792000093
B0033,150,1.383632373873956,1.156571043526928,-0.1622229281998489,0.30634001022594515,0.04279837554171809,0.025837951851906814,0.0038734064454601837,0.010434514490989161
B0033,151,1.3705402893609833,1.2627889559295848,-0.24172658793794,0.2610269547336449,0.04403414645120862,0.01855153109998421,0.014735031709352742,0.011130257388915805
B0033,152,1.3557042566115398,1.357311288363667,-0.2447681569754114,0.15910675495945162,0.0427088915468209,0.019369280799834864,0.009521283744530177,0.012454914191655982
B0033,153,1.3578385793919765,1.4201104042407289,-0.16927101093348113,0.03199591897942045,0.03517529973271092,0.017841507948584696,0.011122721181917065,0.010863738260351186
B0033,154,1.3609083979571397,1.4708306116824599,-0.07900806393957535,-0.08650523027405357,0.02851334202114741,0.01343130758520995,0.004751903287577616,0.008894527611544729
B0033,155,1.3495626547684758,1.5002524800309338,-0.01996856786850027,-0.16169496934060118,0.016860388661914926,0.006007832210320076,0.0019356465269627953,0.006169844568625046
B0033,156,1.1888877132486642,1.5096261436444176,-0.1511979316341738,-0.18100147498720787,0.005725197390984858,0.007460410072505923,-0.010455274882873903,0.008730643722957102
B0033,157,1.5041493934608643,1.5072037689846876,0.1507209329319209,-0.14331063850906114,-0.006258095638413245,-0.0017206351292581336,0.0005499183911398402,-0.003035857603587568
B0033,158,1.4899088638712767,1.487921030391458,0.100048597179405,-0.07462810996364448,-0.014517609778117007,-0.0073549292729563395,-0.0010924833185251741,-0.00046763139474825403
B0033,159,1.475330178643193,1.4686909856665407,0.05248707787319414,-0.015107446715026287,-0.02002791885091888,-0.012122274678637569,-0.002716726226990661,0.004126481551777322
B0033,160,1.459830765413703,1.4572897834638197,0.010716109411917047,0.026964385818887972,-0.022408470796056332,-0.004918378223908676,-0.004462662680359741,-0.0033500015983751533
B0033,161,1.4474169057725728,1.4431611142649108,-2.8681888938778444e-06,0.025724937133013184,-0.0042627161075852425,-0.00913175927158794,0.0011792800714346971,-0.009251082142111426
B0033,162,1.4676323674647154,1.4260666104591735,0.015306677945838499,0.03937357219911216,-0.0024036460954364276,-0.003365004707984549,-0.010377523434341111,0.0030316810778186587
B0033,163,1.441552493165527,1.4183680033657298,0.004182625113066088,0.01415551357453428,0.003957559906654177,-0.0009782787338724023,0.0037918207102529346,-0.0019247507821584845
B0033,164,1.418392873584403,1.4149842275518196,-0.010478139015883773,0.0062704509957425564,0.010989044931379761,-0.008833034116250072,0.0025273255537096475,0.0029329976807467516
B0033,165,1.4031824838852518,1.4170113013039618,-0.012115558192428655,-0.0033002893744725004,0.0023114631617914415,0.0013579527251929187,0.0051104056210304,-0.00719279135758801
B0033,166,1.3911104661211642,1.4066886606942632,-0.026924640207419612,0.002409248079876125,-0.0012883964255495986,0.0026720660575371034,-0.0004348976095056277,0.007988425538463092
B0033,167,1.4086019958134537,1.3980573103618945,-0.005938678889428417,0.00473692024756891,0.001280819606123203,0.00320159519112888,0.0026576286689482084,0.004606400627539176
B0033,168,1.413770890394895,1.4023613172433702,0.013494282085625345,-0.008151061287101708,0.005391989207310298,0.0007513043367321031,-0.0021313077225589188,0.0020543665300121177
B0033,169,1.412472234540845,1.3968254911590163,0.016682899792686022,0.0031562796584167375,-0.005947728641574765,0.0029950256791830315,0.0012532843272071775,-0.0024930174351361933
B0033,170,1.3831900026575588,1.3905082549957426,-0.0045220047497466385,-0.0025594310721954463,0.0007615094457758015,-0.0023657130348780117,0.0024997694202112696,-0.0011323823380520158
B0033,171,1.3646098107432565,1.388905380995239,-0.014708606226287113,-0.005758579529865525,0.00016486346339682624,0.00021293917119968563,-0.0010091222721143032,-0.003197064842448847
B0033,172,1.369751365782437,1.381752358241491,-0.008705316893158661,-0.0015505822261221856,-1.827987474860416e-06,-0.0015596044202145214,-0.003982615857514802,0.0037989549394777744
B0033,173,1.3867946911071662,1.3850963878836895,0.003268406509837716,0.004098065584806428,0.002069156967395785,-0.003076168042611693,0.0006953646411320036,-0.005356522429058227
B0033,174,1.3918615875742792,1.375739632079336,0.019340012705774724,0.000823982878761174,-0.00512895471221854,-0.003802667193377379,-0.0003930827214087742,0.00528266454364729
B0033,175,1.377162352180965,1.37217226045046,-0.0015913349050419977,0.0031525829521156837,0.0015426807825868205,0.003032492449523934,-0.00488483887998998,0.0037385093427389636
B0033,176,1.3599525359390852,1.3725735795160081,-0.013344775299603102,0.0017926475930726952,-0.0020361347321218954,-0.00020450648176526857,0.003616199252418051,-0.002444473891414834
B0033,177,1.379779043170725,1.3718716251694194,0.009237509472262146,-0.00277115788725444,-0.003302394291934239,0.002871264412820598,0.007438302280329152,-0.005566105974413556
B0033,178,1.3631373661966442,1.3673806861400655,-0.003745342041031673,-0.0028261869959326103,0.0014615840449860075,0.0011378776694873358,0.00010866715731405693,-0.00037991976186092715
B0033,179,1.3652295228794809,1.36193697139147,0.004888638011392563,-0.002089972523373927,0.0004683291174527398,-0.0022032992863534363,-0.003319739908592111,0.0055485960931293
B0033,180,1.3498620694059131,1.3621084945801387,-0.007512746020455943,0.000979206438563239,-0.0023005940178160446,0.00214772198852075,-0.003330646256107565,-0.002229367285856459
B0033,181,1.3529504172332432,1.352948157850605,0.0049214834804278944,-0.0032930821355029623,-0.0015614447157469426,-0.0001030718498392109,-0.0012631951544914667,0.001301569777773224
B0033,182,1.3535740542605128,1.3484689800654472,0.002219120230618121,0.0023733709200272923,0.0018487643574635448,0.0019930988413227237,0.0005960259075626902,-0.003925306042166629
B0033,183,1.3432225183905024,1.3367609554121194,0.0001531514542105693,0.005062560762702641,-0.00475263814468524,-0.001827378286743281,0.002642556433467177,0.005183310782850609
B0033,184,1.3412081769053426,1.3317925320174657,0.005042370381236326,-0.002328214663924769,0.00032023856031826973,-0.00033073911084689805,0.002801257475948838,0.003910732269276137
B0033,185,1.3277389969987805,1.3296749241079309,-0.002899940357055349,-0.002168209737207775,0.0013446600491183848,0.0027739266592939904,-0.001771426699168014,0.0007850630047579512
B0033,186,1.329778900445409,1.3328912402178719,-0.003262814958258945,0.003519048351607252,0.005390202983192766,-0.002645106557561436,0.0012165141642102924,-0.007330183727483808
B0033,187,1.3356045028702497,1.3237864923772282,0.011388752850032664,-0.0009597972867189012,-0.0006025252237286114,0.0008947782640455986,0.00020278359205412851,0.0008940183234473708
B0033,188,1.3177489685711123,1.3243694820409053,-0.0030760161681544313,0.000923620320112815,-0.0064370432201791864,0.005531854716035635,0.0023347369685199544,-0.005897666053708591
B0033,189,1.317605472474197,1.3206545009266013,-0.003390596233253132,0.00028644472337920914,0.0021617698351141493,-0.0009061445078681966,-0.0026811472006992984,0.0014806449633928348
B0033,190,1.3185279522072382,1.3186539839595246,-0.0009527207458164197,-0.0042611909791244774,0.004638143433889677,-0.004847261518635748,0.000821647299542692,0.004475350790001797
B0033,191,1.3215397269813982,1.3221383305545864,-0.00032795823321657875,-0.0031502688975256128,-0.0005838864313406807,0.005649873951215641,-0.003832879063735602,0.0016465151324944172
B0033,192,1.3046615372928705,1.3249098106408468,-0.019122350946330843,0.0019804097747966208,-0.0046468012086577715,-0.007109385019933229,0.0068086888172613465,0.0018411652719304199
B0033,193,1.3280324770208678,1.3274939670112391,-0.006549823603457098,0.0025805089419704617,0.004406505985551955,0.0027758530112126025,0.0021694636713815996,-0.004843997968244937
B0033,194,1.3634549770713926,1.3278094392558366,0.03404017992666633,-0.003358598242662297,0.0031609452037945065,0.00021309276003677124,-0.0034891774684064937,0.005079095652398423
B0033,195,1.3291316747402466,1.3290798323583233,-0.007026508055805484,0.004230545379751842,0.001438903830245249,-0.0004497605183103933,0.004774690091857433,-0.0029160283174177537
B0033,196,1.3124201086917682,1.3282358813631578,-0.017133488608729364,0.0009835915509435822,-0.0004974255950381041,0.0006465008286877129,-7.823178457424576e-05,0.000263280971622587
B0033,197,1.3152825503676355,1.3308041925458196,0.00014491139964787378,-0.00790823857415561,-0.002174297818787139,-0.0023948637766015276,-0.000809497203045197,-0.0023796561719520186
B0034,1,0.7459302957645664,1.336409950528408,-0.4221970393824563,-0.08064914002236263,-0.03658234075312519,-0.02457832700709448,-0.014339817380970447,-0.012132989596926868
B0034,2,1.6623217152845853,1.3728786531361696,0.38242252840969293,-0.04295924871616502,-0.01714338398413826,-0.01577028279115245,-0.006732614849496803,-0.010373936188208255
B0034,3,1.645087369694532,1.4020455803677745,0.2708855989679782,-0.016696273441802124,-0.0041739755455848975,-0.0005412324399816227,-0.0015058236818316828,-0.004926504783188441
B0034,4,1.620729289277574,1.430520794504075,0.16213395456652382,0.01554451373285085,0.010893439705560172,0.0021277512192685133,0.0016405896679388648,-0.0021317543461871315
B0034,5,1.5967402025126003,1.45392782246538,0.0772330147064254,0.037702251416398914,0.012519272501058406,0.007396567347867904,0.004135739735548658,0.003825534135643699
B0034,6,1.4856500618812698,1.476013256935226,-0.07198968720575548,0.04933341306698704,0.01600197178662071,0.006170127472686666,0.006427650144544005,0.003693329584427585
B0034,7,1.4866702197497013,1.4878624282006472,-0.08714262343145938,0.05048789129328767,0.013337610262221184,0.0062262221885594805,0.005367423810869123,0.010531267328053305
B0034,8,1.4701330958405268,1.4979738869777592,-0.09293518854286653,0.03314026302836641,0.012913314464536871,0.007058731333244614,0.005030381336980341,0.006951707161022236
B0034,9,1.4565041801019636,1.501607210508821,-0.0831693154229556,0.01268695720288601,0.011010028831694448,0.009478600117982555,0.0029472957578403226,0.0019434030374297308
B0034,10,1.4418961035576472,1.4970802926439064,-0.07265020344023125,-0.0014330610620025476,0.010934158337738498,0.004453247369399936,-0.0027886383921764376,0.006300308046915387
B0034,11,1.4370949588970292,1.491051346385749,-0.0536816761481434,-0.010106824747136825,0.007182594760411582,-0.0010001263100150798,0.002462251163794812,0.0011873937429284298
B0034,12,1.4458703624967404,1.4791464469007274,-0.02250327941572637,-0.01578102688893012,-0.0003136898069753117,0.004251318528760194,0.0009364938621568138,0.00013409925877613967
B0034,13,1.432104054561837,1.470996016182344,-0.02571098977441353,-0.015045735993851497,0.0011190066060761219,0.003786089907410277,-0.0027062041518959292,-0.00033412825843252576
B0034,14,1.426720633302465,1.4606717052059164,-0.027335975757441493,-0.005274505375011324,0.0024144841549914213,0.0006354091628770281,-0.0037581012059871447,-0.0006323829222587504
B0034,15,1.4230846885129826,1.4556032985731424,-0.02576089210380523,-0.0005868298424887127,-0.0029344584609993793,-0.002242067164342465,0.003930053299198353,-0.0049244158235747255
B0034,16,1.4409479522418909,1.4531272470760526,-0.0028992648382377777,-0.0016232729527165452,-0.002054984490428272,-0.002837281204592352,-0.00309960916038824,0.0003351177590238898
B0034,17,1.486901544051865,1.4571389710212084,0.04519607650429653,-0.001444455896946496,-0.006057806462296942,-0.004640063218267275,-0.0048025514570773555,0.0015113734632010056
B0034,18,1.5245313226850703,1.4718319760746312,0.08326802531407568,-0.010299199888923279,-0.010431822325221086,-0.00272807901894569,-0.0009858040816751513,-0.006123773523114746
B0034,19,1.4629049605190707,1.4851130697919095,0.014445636599321122,-0.017795222476950333,-0.007229828806555056,-0.0009479586812441592,-0.003957721735934531,-0.006723014245949018
B0034,20,1.423079450854989,1.4934364339181094,-0.046010943807203435,-0.015195011333065389,-0.005753288327722045,-0.0025645051925669926,-0.003604408721526466,0.0027711742831166095
B0034,21,1.4051040863603437,1.5104200279523077,-0.09624985403903283,-0.008345482351928104,-0.0008965190019416589,-0.002442814826245629,0.002086571191358853,0.0005321574174118906
B0034,22,1.6329463925070862,1.524985910531764,0.09627803343944301,0.005785935641219648,0.0031437817543007755,0.002279836954526375,-0.001570244643859178,0.0020431385902985764
B0034,23,1.5687138208259117,1.5277773999092454,0.007571559923452738,0.012294033502442703,0.013550528565706543,0.00022453397883375354,0.004745031574915468,0.002550733194220011
B0034,24,1.5149520966053402,1.5333789452632485,-0.052024013849435655,0.018752465003826466,0.008449846314271956,0.003251452334418278,0.004529342605044816,-0.0013859411909869367
B0034,25,1.4855182940634626,1.5242935473192702,-0.06926390454463288,0.014874690216498133,0.007363256250001511,0.004625753892775817,0.002655696149807099,0.0009692546833372375
B0034,26,1.480771929049074,1.5096152939484677,-0.040831779220739446,0.00325400804015739,-0.0011499311032625024,0.003180246251847664,0.0029097678153689847,0.0037943232254319943
B0034,27,1.484026357317059,1.497401336070488,-0.008972572212733404,-0.0029515113280400044,-0.007620075894806908,0.004111095007253405,-0.0002147922868632912,0.0022728778668024527
B0034,28,1.4922153055506522,1.483675180892516,0.027278707056100963,-0.011069699745574708,0.00020757389207167457,-0.005286544811118417,-0.002319799626324051,-0.00027011220992000524
B0034,29,1.473312924099279,1.466215493048405,0.02411572803988864,-0.009812207698696639,-0.0015833310804991329,-0.0017238327921853317,-0.003752274649826976,-0.00014665085237436796
B0034,30,1.441593178980006,1.4529077533201915,0.0006982121112773174,-0.0010468061455534254,-0.00717953694992775,-0.0024146712005235155,0.0019148801202241571,-0.00328665232948571
B0034,31,1.4225873198015788,1.440805883386369,-0.014743197987668969,0.004527532212506213,-0.003029793763263657,-0.002373144764112228,-0.004008021213071856,0.0014080618954503393
B0034,32,1.4266489379486664,1.433006480730139,-0.011110028761220369,0.0027613088297080003,0.005437684961354519,-0.003478432389956558,0.0020586523259488974,-0.0020267277866164502
B0034,33,1.4596775560238575,1.4254755895816427,0.023059931630723025,0.006192007111147146,0.0013502817164567982,0.0023484847279330897,0.00016758140537465106,0.0010836797792370164
B0034,34,1.4396159938545154,1.4249116233520078,0.009441296466107432,2.7891305406554984e-06,0.0032415750740866904,2.3248170803621126e-05,0.002258376227509275,-0.00026291461842572333
B0034,35,1.4195512657848512,1.4194468287424542,-0.008252227430736678,-0.0024257886890928435,0.0031078689802223228,0.0053028013802722054,0.0024054134514382886,-3.3630682131580504e-05
B0034,36,1.4118101714470452,1.4221621585482107,-0.012699471533556484,-0.005793087908523826,0.002613277691197772,6.641123439442425e-05,0.0014083578891305644,0.0040525255012745795
B0034,37,1.4044196701845313,1.4270312629030346,-0.02686460909170164,0.0006542129903248866,0.0013418006192367003,0.0025694150600327815,-0.0007253270901880408,0.00041291477604242987
B0034,38,1.4735059098606866,1.4339061082519176,0.03305926102842619,0.011163227865074682,-0.0022942045106430532,0.0030910436646973934,-0.005480036669984779,6.051014644375803e-05
B0034,39,1.492658600645149,1.447418676065942,0.041727781095522526,0.012981308946376396,-0.003358394938959599,-0.0028710532853227153,-0.0016840512421394428,-0.001555666099600885
B0034,40,1.4820260149945934,1.4671214072304233,0.021033590665493488,0.011268284011343598,-0.0055098226461372714,-0.006567375030110235,-0.001989422358638321,-0.0033306469707993823
B0034,41,1.423575357658995,1.490243303357202,-0.03809083668653928,-0.011083642067065483,-0.006111716613510963,-0.006791613539942997,-0.00358846933495907,-0.001001667492517632
B0034,42,1.403825219724535,1.5190107690797323,-0.06067030834948275,-0.034722451370338185,-0.00806027442335847,-0.0037620540504436878,-0.002301711307176914,-0.005668749871570445
B0034,43,1.5363173478836123,1.5484031933726494,0.04638449542194633,-0.04334471989603908,-0.00768020746451744,-0.0038020446123832184,0.0018170423708927675,-0.005460411454611024
B0034,44,1.5440367168176732,1.569172628973237,-0.007178310813207393,-0.027058778183086638,-1.0636717650638903e-05,0.005908625341542552,-0.003274498819614259,0.006477686883291113
B0034,45,1.507892155360249,1.590304632453298,-0.1208862721468813,0.021851738212891894,0.001096239943891,0.004579171801193254,0.006794419309697776,0.004152225668052872
B0034,46,1.8203060058691087,1.6062919930489818,0.1262354941425434,0.05651274478277345,0.01804147125288996,0.007335542987171522,0.005946535345096995,-5.777611145761672e-05
B0034,47,1.5936575758226643,1.609342514829571,-0.09655671020859923,0.05035067470999005,0.01304108212663157,0.00954643049913425,0.006880575583281085,0.0010530080813680547
B0034,48,1.533070464968097,1.597929734458224,-0.11090176613870234,0.024564600791617958,0.009719183984186808,0.0018045814706503765,0.0050459318481132715,0.004908198411481706
B0034,49,1.4862143093107285,1.5817768418177924,-0.09441088225346733,-0.011689632317202592,0.004019269003996971,0.004603995455519589,-0.000870993234202089,0.002785710741211131
B0034,50,1.5029318848267783,1.5597941875262973,-0.01016946190313293,-0.04170502634962605,-0.004104820108756839,-0.001165437833847074,-0.00021157028052491413,0.0004940136630742156
B0034,51,1.5202185406928062,1.5357728126741783,0.056133841065862576,-0.0529094133631783,-0.007849695927090854,-0.004351102933935124,-0.003832182658925452,-0.002745718294165614
B0034,52,1.5118194735004464,1.5073940882791463,0.07022722048071,-0.04678350593819152,-0.008360563553570463,-0.003945382347546785,-0.0029507363158976555,-0.003761647226118024
B0034,53,1.464601301820905,1.4840974392293984,0.02623036428791604,-0.02674364491645138,-0.006644091942131466,-0.0031227930354146677,-0.008355590513391872,-0.0008603813651385957
B0034,54,1.4546140961511749,1.4651377551982445,-0.0003211128140005713,0.002570279136106157,-0.0012666316180819075,-0.0027843335692288684,-0.0029019439360049447,-0.005819916312291656
B0034,55,1.4333400490204142,1.4459553112303634,-0.03504184888985199,0.021891883275405526,0.00377191464392897,-0.0006343552814338923,-0.0032358046400941154,0.0006329486362974305
B0034,56,1.449326234639616,1.4358379907826657,-0.02096476187981866,0.03256793219452036,0.001940901884700577,-0.0018839483666435986,0.003368354881036199,-0.0015402349181479695
B0034,57,1.495199821798908,1.4268118077347434,0.033449354502499334,0.02831930420914807,0.0014392294637979536,0.001347885623623148,0.002779441259248066,0.0010527989000527359
B0034,58,1.4720590241846008,1.4152950763022196,0.02029636480151041,0.019407128076609676,0.002336659165842838,0.0024769042441935545,0.005391832614007984,0.006855058896864988
B0034,59,1.4097383014648728,1.4156455513582271,-0.021161238732478764,0.005589824236167171,0.0023397944192963017,0.007785076052210267,-0.004409415065366295,0.0039487091739088724
B0034,60,1.3861944181384176,1.4125339988878853,-0.03237857432335884,0.0013512885316234336,0.0032284381379595875,-0.00255016468302145,0.0045270710016606765,-0.000517639414404487
B0034,61,1.3624125407550536,1.4132629299190989,-0.04334883894099471,-0.002668863390165063,-0.00279334443539184,-0.0015450562310429326,0.002411770751492142,-0.002906056894950626
B0034,62,1.4471377445077278,1.4155529179928485,0.05014259732210591,-0.00886743946590143,-0.001296653580091012,-0.0015778683234784125,-0.003956149148622908,-0.0028596603483139263
B0034,63,1.4554483390450048,1.4163646129429077,0.060977321453349505,-0.006681707308685146,-0.005648850189724711,-0.0075283216027242006,-0.006526255840377276,0.004491539523017578
B0034,64,1.4423952167302958,1.4302246221892163,0.0404614195153066,-0.01120870975595067,-0.002918757961192961,-0.010058591313728955,-0.0007842768353474555,-0.003320489162588289
B0034,65,1.377541945989605,1.4360597170432217,-0.04005197411996018,-0.010583707428782918,-0.003713626090123441,-0.0015200489312085373,-0.0005083523807769934,-0.0021400620944459227
B0034,66,1.3539935892900532,1.448292961600012,-0.08886242708645552,-0.0015298498976733744,-0.0018266985134273758,-0.00021214525920213725,-0.00234555936305037,0.0004773078410075683
B0034,67,1.5509038861664448,1.4567229518454305,0.0835737788645483,0.003469636981056866,0.004814611272749552,-0.0008433201668590206,0.0028452080319259806,0.00032101917777104975
B0034,68,1.5562932697752867,1.4635348775434955,0.0728591856633431,0.007309765688016345,0.004978457490066376,0.0028137188335502655,0.0021984895300678755,0.0025987748616986173
B0034,69,1.5067526605064707,1.468816396831189,0.01573351074965344,0.007963382059417273,0.006160245899190383,0.0028654153710788704,0.0031716102221532754,0.002042099256788433
B0034,70,1.444138733302766,1.4692376202825674,-0.040406496406695226,0.006001792599318347,0.0030366991844956726,0.0037935174762644586,0.0023013810403479545,0.000174219070195066
B0034,71,1.4144103811292437,1.464101159239622,-0.05663881019032738,0.001470547723360417,0.0008231553491087517,0.0037440506223596543,0.0009651588029518238,-5.488044527098601e-05
B0034,72,1.3897574212362729,1.4521006460384138,-0.06490772605655579,-0.0002990325132142932,0.0008012854855257344,-0.0027015319355349716,0.0013044369367721377,0.0034593432773372713
B0034,73,1.449968311475299,1.4421137421108585,0.013159425189239137,0.00025946529257501165,-0.0012406112673129625,-0.0034446653497295612,0.0004392730930036332,-0.0013183176552610213
B0034,74,1.4678653068012166,1.4260178322897117,0.053426033884395194,-0.00878050662739436,0.0006018195914175211,0.002378925122343619,-0.006877613416887727,0.0010988158783465042
B0034,75,1.4290644310445066,1.405777248306591,0.0236861469577137,0.0025758822033140026,-0.0010223069389997189,-0.0008727631892709106,-0.0019058543229628468,0.0008260779864695162
B0034,76,1.376744834668327,1.3885177119875585,-0.016730981030299828,0.006051033237845159,0.00017912271876275112,0.00024915495166570877,0.003187585355826407,-0.004708792543939893
B0034,77,1.3515813262521057,1.3698067267512002,-0.022133834456879112,0.002862907381349008,0.0006229049397378539,-0.002670281692835578,0.0006530163905461311,0.0024398869724843795
B0034,78,1.353993472828928,1.3575416449817135,-0.004811435465156547,-0.001492131546344123,0.003346765612289172,-0.0020318442211842594,0.00036281389578157974,0.0010776596029863632
B0034,79,1.3577165116893766,1.3489048322064225,0.009047089114856225,0.0015298178265439257,-0.002240860357350663,0.0031371772010323888,-0.006882752910151221,0.004221208635570156
B0034,80,1.334169315351027,1.3454258619585382,-0.0038745059749823304,-0.004258923168347938,0.0023695481591931946,-0.005261066865709044,0.0027302612765146873,-0.002961859983795007
B0034,81,1.3372147888783987,1.3417369438120132,-0.0035199109746750757,0.0017414228192493364,6.72584606167818e-05,-0.0007639332777855908,0.0015496985964692958,-0.003596690510058204
B0034,82,1.339045224276927,1.3379418791603734,-8.160832404519173e-05,0.0007301453917929056,-0.002122626210392937,0.004648480415104212,-0.004492555142029346,0.002421509031779659
B0034,83,1.3439244604756322,1.339222787609282,0.003831252001756606,0.0021130132907084846,-0.0011472906550166002,0.0004028607917021031,0.003359038169817638,-0.003857200691694481
B0034,84,1.3454786192090245,1.3348883735146007,0.0035948381741068678,0.0006263155884985409,0.0015017665793336601,0.0016280482672368453,-0.002453176612087242,0.005692453736751283
B0034,85,1.3482263029682544,1.3423887341160392,0.005443104826790964,0.0007369254839156953,0.002331763060859401,-0.0006799444851978097,-0.0018323075701945997,-0.00016197242720719326
B0034,86,1.3373192299576058,1.3439232446967109,-0.0036093678658167703,0.0006037806898623399,-0.002737282228614504,-0.004103517594814284,0.0032015856944359183,4.078661317193684e-05
B0034,87,1.3402523341553034,1.3448517544792944,-0.00039720339380640605,-0.003757355009106389,-0.0021658028067363545,-0.00039349517190901084,0.001670786323244759,0.00044364977880746584
B0034,88,1.329096568237912,1.3483100210170567,-0.017114406211362638,-0.0050168037560920494,0.0034338689717806634,0.0013663929936479438,0.00010179775516378986,-0.0019843024769777367
B0034,89,1.3323485655766352,1.3499648818167114,-0.019276646955319214,0.00705338198279983,-0.005251382435419829,0.00023665078356752906,-0.0005477739695085297,0.0001694544059546405
B0034,90,1.3501541310555516,1.347235178428238,0.002070582423148544,-0.0014840005859128589,-0.001385178038698807,0.005119877506880657,-0.0031570071620283186,0.0017546785188058691
B0034,91,1.381523441054128,1.3483271157210155,0.03095693231968085,-0.0027551441717310315,0.004909267332394967,0.0004073823076215704,0.0027707250332950676,-0.0030928374836918927
B0034,92,1.3835971952817807,1.3473434155559216,0.03126979130148832,0.003613064330187695,0.0028101675111329304,-0.004530787704660802,0.0021155689880751585,0.0009759753020815721
B0034,93,1.33011618620809,1.347783974311485,-0.01813137229403622,0.002373759869175554,-0.0030370241520982027,0.0015775683492949468,0.0008804572017021318,-0.0013311770231174307
B0034,94,1.3176982121703231,1.3417177318289253,-0.023302089166041498,-0.0033571850899377725,-0.0002072024496805858,0.0014597040935412878,0.000374742600980265,0.0010125104188959749
B0034,95,1.3063657719651272,1.3418782158897309,-0.03380712560817876,0.000925305342066108,-0.00011728770778017624,0.0024988923106810663,-0.0032237906693530997,-0.0017884375146880798
B0034,96,1.3381567383793782,1.3405474636915204,0.0013520439075743707,-0.0005692769780454437,0.0008766143607412518,-0.0033334943383722423,-0.002058306082173647,0.0013416938646510018
B0034,97,1.3563258092165067,1.340179459718902,0.023648599443374708,0.0010368156009846045,-0.0033794999285238474,-0.0019454620107769514,-0.0001980633630285247,-0.0030160402155297032
B0034,98,1.3648997529550058,1.3370747688987772,0.030005356507664675,0.001180689498171624,-0.0013968865726822907,0.0006693415895073608,-0.0013820702288045669,-0.001251446717048284
B0034,99,1.3337639975535058,1.3382638131235194,0.003894945190783735,-0.004669217792863212,-0.0019736505810064218,-0.00020992761655536283,0.000684798745064509,-0.002226763464658937
B0034,100,1.3060123668658763,1.3414370770265664,-0.02352955741926602,-0.010890003473580715,0.0017758843007049294,0.0009685900328722548,-0.0006399533981063271,-0.0031096701256207626
B0034,101,1.3101868361375808,1.3403273080949987,-0.024710388831759376,-0.005851113105147272,-0.00018328479329446444,-0.002091226870478931,0.0032470172504327024,-0.0005514755335256222
B0034,102,1.3567668941696105,1.330313617073337,0.011431867550033331,0.0004867019942583046,0.0037440532615873327,0.002286767585401818,0.0035142340389343945,0.004989652694526243
B0034,103,1.3916857433587717,1.3324397323489094,0.03467697312255608,0.013833113001530747,0.0051262757446276916,0.0024597806091688724,0.0025945847049073383,0.0005552838216723829
B0034,104,1.3629935079344777,1.3327154301598543,-0.004191852754871289,0.027734220235428427,0.005748526166080876,0.0008145434698853359,-0.002326341288508424,0.0024989819690373395
B0034,105,1.3211711973900628,1.328264339612546,-0.04399255221700875,0.034348147708063825,-0.002004154978630568,0.002389912952278128,0.0014983434017080887,0.0006671609740974917
B0034,106,1.3074869015593356,1.3339643298802448,-0.03584292102136326,0.015476051218229472,0.0008244123924172799,-0.004018208401146959,0.0009415658894008951,-0.0038583283221831303
B0034,107,1.3105881895483489,1.3403673081989969,-0.003661572962448497,-0.010760438822411249,-0.004491049524856919,-0.006102744136061761,-0.0016624283334866485,-0.0031008847981272665
B0034,108,1.376312668196664,1.3507762533124719,0.0914387131807844,-0.04415912676440806,-0.01190510838765896,-0.0029603840220047864,-0.0042198163287570705,-0.002657862784252599
B0034,109,1.391764929132287,1.3680603856230065,0.10154980014362108,-0.0539005883399122,-0.01284072098919555,-0.002736562186647743,-0.004670307516759084,-0.0036970776073018763
B0034,110,1.3649746353453525,1.3899520075221112,0.04112143618522168,-0.05262569662154439,-0.005846539766061933,-0.0008726248739066527,-0.006403627155115137,-0.00035031992484496014
B0034,111,1.3219093937291897,1.4168236156502345,-0.06179545186150251,-0.028984798682559845,0.0014536314353503592,0.000488642959893462,4.004336577874079e-05,-0.006116289075729619
B0034,112,1.3090033888073913,1.4361819985008486,-0.13788978316304842,-0.00013374073508119617,0.007187773630198744,0.0019689558997769935,-0.00012911016657212902,0.00181729491606142
B0034,113,1.3327005721973733,1.4544808642171596,-0.1808643858630975,0.03974176093272007,0.008827364102523712,0.0035454575737396527,0.006207588519451219,0.0007619227666856695
B0034,114,1.7423975189669398,1.4619292745118082,0.18673221721220032,0.06437897348446751,0.012928930325048651,0.006562265693645031,0.005873381400619195,0.0039924759936035975
B0034,115,1.37734756281946,1.460218461729023,-0.15714190290908284,0.05051029369720926,0.009160612534543873,0.005716254731744727,0.008936098192311398,-5.225514778234965e-05
B0034,116,1.34875988767775,1.4462491097467942,-0.13234073301201973,0.018757323286161087,0.00517090705179622,0.004910236393670288,0.0029665065000459116,0.003046537747535678
B0034,117,1.3501504559881146,1.423985980313323,-0.06587852577165748,-0.018075903632544806,0.00449806761796597,0.00031589175136160764,0.0005999378564839238,0.004705007888067438
B0034,118,1.3387814875085953,1.4005273171137398,-0.018810594134871357,-0.03503188630999016,-0.0034649855205180487,-0.0009910438282104649,-0.0024440762777774797,-0.0010032434878653844
B0034,119,1.3253371210402685,1.3743989988461247,0.011300520710904875,-0.04072240329941976,-0.006434342375792947,-0.007514537161149427,-0.003164873135601299,-0.0025262424858467363
B0034,120,1.3308160596334049,1.3474358879967756,0.042226895661977494,-0.031499638159648145,-0.013941030374888575,-0.005779152524645755,-0.0016749581870964933,-0.005951944725432238
B0034,121,1.333083376618503,1.3232329373517142,0.053359663629281226,-0.021826159286431664,-0.006063862260218337,-0.006964623637893488,-0.003600474620053657,-0.00505410450645723
B0034,122,1.3333226534895923,1.306034107437486,0.04937916233975347,-0.007966198505246689,-0.006194915620782322,-0.0044600519407992706,-0.0011236598700236759,-0.002345790299589187
B0034,123,1.3264281097516477,1.2966101252196633,0.03171721317704136,0.0012490826134936878,-0.0002142872533874837,0.0011616119507831713,-0.003379775163738274,-0.0007158607343152256
B0034,124,1.323971040986857,1.2984688192879963,0.014351336386298742,0.011864436511400064,0.001866545341923516,-0.0003956260008295847,0.00320075878108114,-0.005385229260737259
B0034,125,1.3249364225071156,1.299590745333886,0.008690797910196085,0.0110134203720409,0.00033630153390365084,0.0045295857505747526,-0.00042106131445686926,0.0011966329803107276
B0034,126,1.3283067675570923,1.3085525726768281,0.004628376673580862,0.010888746031064168,0.00150039272206339,0.0006926287003592066,0.006161931117065979,-0.004117880307798644
B0034,127,1.314584348909226,1.3142008429713312,-0.011053218880372116,-0.0021134983045299027,0.00546763930836837,0.0031463000757585334,0.0008782555216871581,0.004058028286362435
B0034,128,1.3166841798543305,1.3244568708104794,-0.012162644992827175,-0.0019703541445673612,0.002410635990308095,0.0004299116706014125,-0.0017042164771318028,0.005223977064811233
B0034,129,1.3041727649654071,1.3312255632263914,-0.030399053449810833,-0.0014981829963801022,-0.0030559970581548793,0.00015902384557304805,0.005351792268349015,0.0023896192089172133
B0034,130,1.3534450073572306,1.3427672828799133,0.01355145438503428,-0.0024172611703767908,-0.00058303742554948,0.005108360437257589,-0.002740984321094704,-0.0022408073962638117
B0034,131,1.371294082513786,1.3407847635842909,0.023894810634262718,0.004176290553147294,-0.003567669835072337,0.003089323188536622,-0.0020787946660746166,0.004995359069073814
B0034,132,1.357699321922511,1.348371751877177,0.014379327316227798,-0.0024337735001490938,-0.0012809027155208424,-0.001486397732788591,-0.001120927041907225,0.0012702437470357086
B0034,133,1.3286903090919502,1.35215806635405,-0.021187577682925403,-0.0023632138411808262,0.002563358753829219,-0.00013338094579136005,0.00018787436558605818,-0.0025348178559186493
B0034,134,1.3143943268181724,1.3522226308239362,-0.03552243044942887,-0.00022936985828568188,-0.0024552112126434867,6.108599471112318e-05,0.0027620508531940023,-0.0024444292637467624
B0034,135,1.3866783030110723,1.3490413200888367,0.033810675774237076,0.003272292715654111,-0.0026112184304131585,-0.000474995614047903,-0.0009222558901609898,0.004562484366423917
B0034,136,1.3868330458429208,1.3501811706177274,0.031277180610883505,-0.001131138799799299,0.007868048036606344,0.001410439997880196,-0.0013477616045014427,-0.0014248930165685623
B0034,137,1.3548037379291014,1.3503461941464896,0.00318948946532371,0.0013722909741189773,0.0025023608161925735,-0.0018350762277759053,0.004192487746921176,-0.0049640089617968945
B0034,138,1.3255787669951669,1.343753578306044,-0.02179457218865988,0.0023992437146181447,-0.002059014725990239,0.004842286050386804,-0.0058931374387979725,0.004330383336282744
B0034,139,1.3119728676377551,1.3406664904370935,-0.025293396841995816,-0.0012581091842918874,-0.0035275178057243084,0.0025230341235797384,-0.0007068848263054618,-0.0004307481926879203
B0034,140,1.3064487948795198,1.3345946295423319,-0.026784407454375193,-0.001887801555913136,0.0009707960988160272,-0.0007863467024350053,0.0006357533664966227,-0.0002938283381310348
B0034,141,1.3418431880549024,1.33793511666799,0.011950690628496336,0.0006836963715598648,-0.001448541868923669,-0.0006132710053369061,-0.0005262605918925374,-0.0061382421040485835
B0034,142,1.3609210170759327,1.331496357444035,0.034827112909292766,-0.004151730886106402,0.00384398445712303,-0.0044490806971495085,-0.00011267829360495584,-0.0005329478332184903
B0034,143,1.329960367739497,1.3282315334213852,0.004255532373281204,0.0020632520146203976,-0.00619617015078008,0.003023653892109027,-0.0027596437882796967,0.0013422100316280666
B0034,144,1.299069387625936,1.3257035048270993,-0.026631103232443203,0.002814594178192263,-0.0009315770203050126,-0.001836608750200088,-0.0005027085277675783,0.000453286235787916
B0034,145,1.2984544371955695,1.3269761257664436,-0.02649109695231902,-0.0024194210688071086,0.002556314529194991,-0.0006830521195062532,0.002674953916429721,-0.004159386790842574
B0034,146,1.317648609161009,1.3212042439687026,-0.006468637233641762,-0.003271019424057412,0.002530426924134293,0.0003824925126969271,0.0005865082080372157,0.0026845942715448628
B0034,147,1.3360648564106594,1.3158965305453376,0.008367881158796237,0.005490796572750931,-0.0010811073448767517,0.006215057989681254,0.00017516968641511548,0.0010005278511012515
B0034,148,1.3635797361860138,1.3120960282965275,0.03863670613002802,0.0032439303676470403,0.006457928029696332,-0.0011693409065165023,0.003936051914156684,0.00037843237633486247
B0034,149,1.3333112541544827,1.3033455007742714,0.013897414444590375,0.006990153280559204,0.0009426636115811935,0.00395101935920094,-0.0027253112885740364,0.00690981402407073
B0034,150,1.3023273463118925,1.3096368266878635,-0.008242434958356889,0.006778402967432637,-0.0038266969312850093,0.0015899204020871696,0.0026990717082401015,-0.0063077434828213135
B0034,151,1.2888728444455877,1.3139478223654841,-0.007131966012304904,-0.005122180830959009,-0.0014568149780497955,-0.004366229410854336,-0.0018089922227142144,-0.005188794370697276
B0034,152,1.2902746194203034,1.3167386424943113,-0.005019210300799072,-0.006483126968307612,-0.0061599590900122654,-0.0036096104909382975,-0.00551084918517631,0.00031873305418298847
B0034,153,1.292407565676824,1.3283376431431924,-0.007625158384743113,-0.009986493635960709,-0.011403573487440428,-0.006637557132537256,-3.084189812419162e-05,-0.000246452836674004
B0034,154,1.295409150510234,1.3400711788669148,-0.02458553723315225,-0.01315949936954731,-0.003611656499650706,-0.0028320152003378494,0.00012136099034045858,-0.0005946809563555751
B0034,155,1.283229881592695,1.359930557117102,-0.06799655701475074,-0.002784147262635688,-0.005229008915813412,2.5888358286676057e-05,0.0008537850471286248,-0.00157063563683266
B0034,156,1.4557454024367815,1.3761318265371685,0.06759754396268845,0.0031140921903835793,0.0047478504886307275,0.0030695013299212133,0.0008249947059877337,0.0002595931544720632
B0034,157,1.454676342673242,1.3914314454834098,0.03444919232132725,0.014483875183070418,0.009943241168477475,0.002038676369416186,0.0006879863115681927,0.0016419257694801736
B0034,158,1.423427718198495,1.398384102188894,-0.007611698375739079,0.01257718585388285,0.009299181189349786,0.0071385151190951806,0.0012683505690275914,0.002372081617799377
B0034,159,1.392551210363313,1.399504467100617,-0.03763510558266268,0.00894204865436303,0.008495465444057184,0.001913639073030976,0.003953952822057823,0.007376742845611152
B0034,160,1.3765732493746907,1.4026271725113837,-0.03715704750745077,0.0004657740615939162,0.0072070387642914615,0.004579846869716108,-0.001959475392295574,0.0008099400767100748
B0034,161,1.3810190828982352,1.3960985345518409,-0.011710816550138232,0.0006755251056851481,-0.005264463678333195,0.0022719552878337325,-0.0009079137266758078,-0.00014373808703109872
B0034,162,1.4007568321672863,1.3814719690791404,0.030692814495335737,-0.008785216795649468,-0.0006727817710658453,-0.007174351199190697,0.003019211729378706,0.0022051866151404213
B0034,163,1.374645303479972,1.3739080173686709,0.018698167560462452,-0.0076870750596430715,-0.005941915595364419,0.0009245981447728588,-0.001806771715726396,-0.003449717212072277
B0034,164,1.3345924114397838,1.3585929562170393,-0.00637379464382136,-0.009439133433573688,-0.006006847268729069,0.00043360189938626564,-0.002603520830528899,-1.0850450014432688e-05
B0034,165,1.336396621564738,1.3510373999999852,0.00017333085942695486,-0.003850479843611157,-0.0035946329292114495,-0.0009284222414753901,-0.0006058105714589974,-0.005834763660692594
B0034,166,1.3069152971756248,1.3381656263103825,-0.028228390990022542,0.0035802237782295706,-0.0007675622725841573,-0.0014040128765333989,-0.001098663895619052,-0.0033319228014102274
B0034,167,1.341539456674081,1.3311114419406782,0.00507638689305318,0.003437324667906006,0.005136781937706021,-0.0007044354857777372,-0.0019779532506395323,-0.0005400899856085242
B0034,168,1.346388970161922,1.3195096809400009,0.013509092883140074,0.008540594608471912,0.00028870027645289717,-0.0003886082394569597,0.0008417585845875491,0.004087751147258834
B0034,169,1.344989807277774,1.321228436630568,0.019383019053687674,0.0027580466815664804,0.00300409572345095,0.0001901986366362402,-0.002897893707667555,0.0013239042994224069
B0034,170,1.3158760805047784,1.3216822554254581,-0.0016692604742793418,0.00014122596573175344,-0.0019695789977994416,0.0019202744717859855,0.0011928410739959305,-0.005421676891987647
B0034,171,1.2972766889740088,1.3171726115280924,-0.011833466963247743,-0.0037729485915956045,-0.0040408550743410935,0.0016117777815294328,-0.0007838119057069465,-0.0010766177145554606
B0034,172,1.2851255211005648,1.3187038003573277,-0.024228571623972673,-0.006368438010964707,-0.0003553514524086356,-0.0030626197410415995,-0.00016561322447792667,0.0006023148940539758
B0034,173,1.3190209156530253,1.3221654458691663,0.008974095808763103,-0.0064779071421864586,-0.0008279027936085327,-0.0026750952023718946,-0.004938443317128127,0.0028007224954677986
B0034,174,1.3410097849290994,1.3230844280580534,0.02117564030465728,-0.0018888651489869196,0.0029935539362818714,0.00082641982777997,-0.002881978968943935,-0.002299413035992003
B0034,175,1.326126983882746,1.3248322574404834,-0.0026968754396358126,0.005413485525630003,0.00019312202854052213,-0.0013441940274425484,0.001141098353288213,-0.0014119099399328525
B0034,176,1.3091442679990724,1.3239000607843727,-0.020458752844056398,0.003611451178024444,-0.0006198773788764205,0.00340155382730506,0.0006162801745205874,-0.0013064476675614842
B0034,177,1.363001289617145,1.323716563620743,0.029051824836512426,0.0036751816316918876,0.005139768417967845,0.002410163994513295,-0.002180572589606401,0.0011883597277442524
B0034,178,1.329285701687194,1.318336581359458,0.0002858607646935641,0.0011488235974820111,0.0037803199586673945,0.0008050607223106535,-0.00015945407995264336,0.005088509419656291
B0034,179,1.2969085930621855,1.315677695062286,-0.01839842026183845,7.64065828993134e-05,-0.0052739972155358425,0.0017716618435690353,-0.001005906810356571,0.004061153947685229
B0034,180,1.2986285924941396,1.3098961521731929,-0.006274945245118546,-0.005315190611397114,0.0002765463245500153,-0.002259196839130265,0.002081197867617923,0.0002240289092796411
B0034,181,1.2840657611821942,1.3057837586989585,-0.01345648331170809,-0.006621639612742207,0.0020096857403507844,-0.004512819287578525,0.002295227570194146,-0.0014319685163012494
B0034,182,1.3021015914136362,1.296777117266515,0.006848715025010903,0.0029074258326536122,-0.00463957433205767,-0.0014939951099559134,0.006222945923983745,-0.004521043111026924
B0034,183,1.3089076351731337,1.2912226442217674,0.022214335094839867,-0.002184875422573753,0.001971716914112429,0.0018783094817951748,-0.006338359985078054,0.00014386494315624237
B0034,184,1.2722519696513912,1.282422148653752,-0.010899571744047503,0.007058557556979298,-0.0063210847237499075,0.0016512458431371293,-0.002140347007452941,0.00048102118321023256
B0034,185,1.276011534360331,1.2786542903035016,0.0006088358667116282,-0.001606162359895049,0.006480134618647222,-0.006334640467336728,0.001334360511298608,-0.003125284005805332
B0034,186,1.2605053003103004,1.2741150021429428,-0.008295918391720808,-0.0020792634219316247,0.00240855043860311,-0.002829197466707601,-0.0008111793437860104,-0.0020026935252695994
B0034,187,1.2660681251347117,1.2743106534359483,0.002099212339070719,-0.003376624086581779,-0.006190757023048507,0.005104862991652462,-0.0005744137479303888,-0.0053048086579643465
B0034,188,1.265829016865281,1.2689592075568108,0.001127510957671607,-0.002179154646212869,-0.003227333794559679,-0.003211600599412126,0.0029227076765007895,0.001437679831149186
B0034,189,1.2655873898206993,1.277362133683884,-0.0007929978615425528,-0.005944033332163531,-0.0013117183768376437,8.285631746613602e-05,-0.004440545856192404,0.0006316953629861237
B0034,190,1.2663598323027554,1.2791877105599967,-0.009250430517508974,0.00020544577810573757,-0.004910318595493251,-0.002669048600754107,0.0033775510183146956,0.0004189227762464697
B0034,191,1.2868479432728903,1.2850910387493233,0.002254924146044372,-0.002888527905799615,-0.002091476497714362,0.0012810383317061736,0.0016233432639080729,0.0015776032817032657
B0034,192,1.270026164613209,1.2920603250820106,-0.031125044105796907,-0.00017624903612477641,0.0051667743415342235,0.002539930302879917,0.0006134478374842841,0.000946980303817433
B0034,193,1.34598253292492,1.2997880524235543,0.03462353189330893,0.005318247119296022,0.005374237166483026,0.0012504407823526467,0.00043378826359806726,-0.0008057646847455854
B0034,194,1.3286875315413778,1.305182191229837,0.009000663361379252,0.01025886672879729,0.00043913126421977057,0.00041476991901934424,0.0044733898830160235,-0.0010814807891893607
B0034,195,1.31203071983408,1.308720004562038,-0.003990025895584254,0.0030297327268992485,0.002461987937317363,-0.000552862926397886,2.7747623725336828e-05,0.0023341358779385875
B0034,196,1.295125492961198,1.3132727925420253,-0.014693717302414155,-0.001143454759943533,0.00045291076972755703,-0.001103238979289439,-0.00014530487530073355,-0.0015144943453544613
B0034,197,1.2802601605963335,1.311313104572127,-0.01573992729099388,-0.013180029120265897,-0.0010964603867976513,0.0005594353892682037,-0.0022839020055589916,0.0006879395412250685
B0036,1,1.001982588175331,1.5628649322073347,-0.3369201985578188,-0.11940240536691836,-0.03527079711805795,-0.02618797179253079,-0.021279114010694277,-0.02182185646609729
B0036,2,1.8011007566288924,1.6083346577263047,0.3031147672872911,-0.058834028262448046,-0.019320193627169996,-0.011132943700038657,-0.009668358278957085,-0.01139314462099295
B0036,3,1.8044229856020628,1.6542580583341477,0.16632289408794956,-0.004974580862074433,-0.0028408178494078425,0.003484103825494731,-0.00580078105238326,-0.006025890989995908
B0036,4,1.804388833772829,1.694183834203175,0.050873358710733514,0.043411983461581115,0.008799303186688553,0.0031417286972984957,-0.00048521157752593835,0.004463836982581545
B0036,5,1.7989248871784247,1.7337943231888404,-0.029112107494923097,0.06281944293131707,0.013540967271294143,0.007083086398573255,0.007502492392042929,0.003296682388622495
B0036,6,1.792996521672392,1.7650628672539288,-0.08168595740837946,0.07594060290477479,0.013780539127324543,0.005082452032770024,0.007250659883991443,0.007565357781443261
B0036,7,1.7885507985621891,1.7888321680007873,-0.09457873969225247,0.06135519185395433,0.012071919848393347,0.005581901301940202,0.00725184715309012,0.008036510004326192
B0036,8,1.7890856930727703,1.800948517836678,-0.08068180001401619,0.035599260613081544,0.010419363855039462,0.005599751498021396,0.00898968423197517,0.00821091495948874
B0036,9,1.7893137312833287,1.8186837017212651,-0.053692694817025426,0.013738741075700774,0.00204488355435772,0.003344025031413118,0.005765976363875843,-0.0005709017389958968
B0036,10,1.7860759459480868,1.8123510388247952,-0.02878383058670345,-0.00932822851235893,-0.0018590959524868466,0.005593938439695675,0.0011551588607419104,0.006946964785007621
B0036,11,1.7836324249650817,1.8117968260129793,-0.00905903766276898,-0.020482911805007314,-0.0013232198524773487,0.0025824322689467836,0.0027364434465105706,-0.0026181075299750336
B0036,12,1.782972873807272,1.803440902746454,0.006318430828290637,-0.024615515148006705,-0.00023433365111052404,-0.0030117947977512803,0.000581821125362655,0.0004933626178402814
B0036,13,1.7813775963259668,1.7948858984148173,0.003863705859613498,-0.013445337446733464,-0.0004336809209131492,0.00031681871624055283,-0.0031701259783961542,-0.0006396824032082564
B0036,14,1.7785359545932946,1.7872748635233606,0.008509951491806705,-0.012353219409799023,-0.0004221321688884642,-0.0013330216733732573,0.0010178714054248077,-0.004158358656850435
B0036,15,1.7759043090943398,1.7829889875907956,0.0005325679508754905,0.00019637457457963433,-0.004154167515484816,0.00083778819374099,-0.004092202068166839,-0.0004050397108974957
B0036,16,1.7780426649905914,1.7779117966730265,0.00443073754670177,-0.0005160252743762849,0.00014254059983221306,-0.0013791927528500614,-0.003003325331983148,0.00045613344913602503
B0036,17,1.7830029333591657,1.7726976299148207,0.0025705082822866225,0.009949473267921548,-0.003479655411816104,0.003668182866515995,-0.003839978895945202,0.0014367732491580305
B0036,18,1.7883000424613875,1.7770651782066185,0.01062437394994166,0.0008274078648686677,0.003754601065012429,-0.002026029207939835,-0.002404421206584906,0.00045893169777966916
B0036,19,1.779294712578026,1.7751566896555309,0.0006004486308400709,0.0013698292802017103,0.00022990970745209897,-0.0009434237641785807,0.004465709220046542,-0.0015844502342632284
B0036,20,1.7709235500451854,1.7761333462678768,-0.004638435012729546,-0.004311927849158599,0.001137895538457177,0.0009735369438944936,0.0006947969356033303,0.0009343371474852424
B0036,21,1.7659050180801104,1.782934253393975,-0.010263814125883938,-0.0028136143091058836,-0.00037281323695636604,-0.0037112532172375204,0.000896124000464463,-0.0007638644937221549
B0036,22,1.7826929241469245,1.7843965115388238,0.0003166700810353893,0.0012608600290897013,-0.0030705876582356596,0.0011969793822530442,-0.00042772192015068264,-0.0009797873917951985
B0036,23,1.7964662072920203,1.7848506910592286,0.011150882904655187,0.00201577077050265,-0.001978857699744061,0.0006881085777534432,0.0011461576404958017,-0.001406546060991025
B0036,24,1.7909083533422898,1.783642206376363,1.860410836281322e-05,0.003376537486212883,0.003704411227850341,0.005062162467400654,-0.006714734267252936,0.0018191658489695329
B0036,25,1.78518002808874,1.7846847620334754,-0.00438169164286679,0.0023440549153694646,0.0038193704566442293,-0.0022471076658690595,0.003048049444510026,-0.0020874095409941997
B0036,26,1.7811343176546524,1.7781443433379278,-0.0036196828157504623,0.002485217029657512,-0.002343019371919144,0.0006686263803777697,0.004503539908491672,0.001295293101571749
B0036,27,1.7755577789223569,1.781453306488094,-0.00384517354083294,-0.0002574727270017152,-0.0012318067741606384,0.0007500433426934306,0.0018486890694867694,-0.0031598070144617046
B0036,28,1.776885870616115,1.7773950096743714,0.0014178064200148898,-0.003476571589315635,0.0005886336920562214,-0.0006935105310341236,-0.001460061429736134,0.003114564299848116
B0036,29,1.7713083410378214,1.774418340154413,0.00017896568291374924,-0.001169363532724129,-0.0011763672632283757,-0.0038234412135031144,0.002561025299334329,0.0003191818364622698
B0036,30,1.7713348840874137,1.771964994774854,0.0024044656047510064,-0.0020982779945802423,0.0019550216582251484,-0.002602968790183687,-0.0018202681488712897,0.0015319169090376875
B0036,31,1.766084286640505,1.7673079068720097,0.00029702671021473325,-0.0026205401085083323,0.0037598626190625,-0.0032445143481587843,-0.0017417997516706858,0.0023263445787940653
B0036,32,1.7592793663412327,1.764962617679416,-0.009175387862173262,0.007073745329542988,-0.002040886632503281,-0.0020930455047139815,-0.0005198471884543281,0.0010721704583803245
B0036,33,1.7610368813762425,1.7607796450372721,-0.002063472864139977,-0.004065747745433266,-0.0019892455921530095,0.00545085511432098,0.00523687262667526,-0.0023120252638520354
B0036,34,1.760242767365706,1.7504652593184402,0.002974633585164224,-0.0019527839608286112,0.0005174137359815394,0.00019958752646712872,0.006898533006273192,0.0011401240914756564
B0036,35,1.7555899416034395,1.7458449493618815,-0.0035249501290231557,0.0015422647922398829,0.004075289343691339,0.001754889116373864,-0.00016777959109690112,0.00606527865144267
B0036,36,1.7545602176655593,1.7429741913410757,0.0026855124299777445,0.004902277165529845,0.0016170767367501128,0.0022247366038553665,0.000948882862800499,-0.0007924595312976138
B0036,37,1.7499108336094895,1.7404000181559662,0.006248832169244354,0.0044451029093865845,-0.0003740787058460065,0.0016881391478756563,-0.0014991377514076676,-0.0009980423677984915
B0036,38,1.7610225525303758,1.7448040887157494,0.02560137330518742,0.002601866398480705,-0.0015155274065687353,-0.0020853574018014232,-0.004176337709684571,-0.004207553434524526
B0036,39,1.7624094574337117,1.7452679021946638,0.02965335146153926,-0.0011593238656972013,0.0014457821585423132,-0.008648061131469363,-0.005282637368798296,0.0011324439199621582
B0036,40,1.7536170397120676,1.7609175751825437,0.027240172021740273,-0.012234684773365234,-0.0019333118950947878,-0.007359831114193555,-0.007123925667421822,-0.005888954098035083
B0036,41,1.746204477519168,1.7657490205890496,0.00822064405955435,-0.010558263515924014,-0.009562451773174446,-0.007422396879182726,0.0012583232050527994,-0.001480398214450897
B0036,42,1.7406176172769725,1.7868467337239107,-0.013663829539729945,-0.014879992370927065,-0.009924147716261317,-0.0025160527575362533,-0.003585811639800824,-0.0016592824651598121
B0036,43,1.750690404425682,1.8008554634608052,-0.03831740463326901,-0.0073512549914159725,-0.005824862003690913,-0.0005134300973128812,0.00035343278415694157,0.0014884598535351483
B0036,44,1.765112055153915,1.8134177592679772,-0.056551550312878035,-0.004864936087899267,0.004580867222334143,0.0030286909646090876,0.005324974166640637,0.0001762498653728356
B0036,45,1.763188826756488,1.8245751153375522,-0.09774913654770812,0.01817423819929093,0.009812275837348191,0.0023035282857717617,0.005650175075715641,0.0004226305027438307
B0036,46,1.985492952897096,1.82455704699995,0.1078242146474492,0.027132820914790776,0.011379462448566273,0.008557797204355193,0.0028510598888936674,0.003190550497871966
B0036,47,1.765355730813324,1.8224412416471516,-0.09311547974613409,0.013422242913412609,0.010565987615097402,0.007733958345379066,6.8132070589956e-05,0.00423964789981772
B0036,48,1.7571880383127276,1.8115283509847968,-0.06459409556244756,-0.001048615619239772,0.0031564072670750404,0.006567603988788223,0.0014487118784104582,0.0001296753157645986
B0036,49,1.7573770661844437,1.7999648276111588,-0.026316153658737466,-0.012033477357730736,-9.996854565231625e-05,-0.0031727642065093294,-0.0005630028665920056,-0.0004023948512683317
B0036,50,1.7617376127979814,1.7834709873141517,0.013731844231904137,-0.021614749256861823,-0.006706328483317009,-0.006007200518217113,0.0025179693703170293,-0.0036549099242709627
B0036,51,1.7606892547636663,1.768235187959776,0.02358709341559882,-0.010252541830744779,-0.011696982460473824,-0.0012786166705959674,-0.0057012155525927475,-0.002203670160494555
B0036,52,1.760669562156983,1.752491856160556,0.030926168862586895,-0.005062746241922112,-0.006301102016115409,-0.006715606108579901,-0.0031964025485012215,-0.001472606014214416
B0036,53,1.752963802649152,1.7422173701622001,0.01657233437670515,0.00025203647852862593,-0.00016644220163759357,-0.001875488652714802,-0.004519277340081098,0.0004832697709318402
B0036,54,1.750535708024147,1.737528704640425,0.0060675988824466206,0.005835421585611468,0.0010380989314255893,-0.0004390035158089252,-0.0036814479099887176,0.004186335357322047
B0036,55,1.7500761995337284,1.742664222664443,0.0016208521985843496,0.005899494255085386,0.0025476723326373868,-0.0009687272187649512,0.00583217324839585,-0.00751948799889216
B0036,56,1.7465957802278385,1.7406365260474337,-0.004510176578630577,0.0017123121076530901,0.002264127657788372,0.0064950473450658165,0.0006230575302313672,-0.0006251139303506518
B0036,57,1.753614286788707,1.7408816455991476,-0.0007676180785355809,0.0009561759694271822,0.004841081769126537,0.0012560651728181168,0.0053736318678721485,0.0010733044329597817
B0036,58,1.750725029920349,1.744695099352299,0.0008600038511821505,-0.0006710902824417424,-0.004085280008565324,0.009245973583950408,0.0007630571133527125,-8.273374233731795e-05
B0036,59,1.743305349081011,1.7427604369072207,0.000720285677374901,-0.005342923343020821,0.001994553283186839,0.001989894184653875,0.000521180406228324,0.0006619219201161892
B0036,60,1.733662505277619,1.7402518706987697,-0.007552950782581629,-0.002797374745862617,0.0034609756262826536,-0.0020334835271742452,-0.004415096511886846,0.006748564484773391
B0036,61,1.7319207051538927,1.7432013482869886,-0.008926585297344266,9.156472839662847e-06,0.0022476566053888807,-0.0023768832350146815,0.004103862753743258,-0.006337850466209542
B0036,62,1.7428604522751463,1.741122153763479,0.009012212747011363,0.0001377405076841114,-0.00039268244116620366,-0.004449771199512188,0.0006571077992236282,-0.003226308946365278
B0036,63,1.743306971099712,1.7414910223498705,0.010259298092970574,0.0036762068774168436,-0.008986809472749237,0.0051660195665994895,-0.005083783797113506,-0.0032149825625354417
B0036,64,1.738524506272696,1.7375669291831204,0.0036979330091553163,0.003697317762690457,-0.0034167434266915565,-0.004717665129546427,0.0013125632104627279,0.00038417162318828683
B0036,65,1.7295622663746972,1.7398006462847386,-0.005704339703147953,-0.0055507051634419305,0.0008621813821781862,-0.003028140173174385,0.0006164618112010785,0.002566161905277133
B0036,66,1.7273036765742085,1.7423400068994117,-0.015491004721857736,-0.004161238081074855,0.0039470196504691754,0.0008089361162827796,0.0011956697183343103,-0.001335713036092293
B0036,67,1.7449370491071912,1.745641908692062,-0.0028813385187981054,0.0018267382846946381,-0.002305985179373755,0.006164045663517487,-0.00294823521633143,-0.0005600846655149662
B0036,68,1.7642432071133691,1.7419590163945144,0.016332888925410703,0.001130177331443386,0.00029887588112567566,-0.0011774056736911839,-0.001412955446609009,0.007112609634313545
B0036,69,1.7504882032049596,1.7458813992990585,0.0028042907119435567,0.00017995497490070462,0.00027500041335911014,0.0013584014719689667,0.0017645436082582926,-0.0017753873271942981
B0036,70,1.7442710815479925,1.7434160295862846,-0.0024663709654852354,-0.0002650380814061952,0.0011159045621116756,-0.0014280236436298372,0.00219110760596125,0.0017074724379083335
B0036,71,1.7365413923373951,1.7432434531726442,-0.007866699254419046,-0.0028526526808865145,0.0020901264649554993,0.000932763644577268,0.0035038782001972357,-0.0025094772479433113
B0036,72,1.733223093105756,1.744234067659602,-0.006024759129768322,-0.0023910090815887335,-0.0026078864457680664,0.0011724884700385553,-0.0034784958691733104,0.002318687467568824
B0036,73,1.73860622908762,1.7359209456469764,0.0013878082278214745,0.0005004064220741702,-0.0003601448933972113,-0.003153660509209976,-0.0005190675114862082,0.0048299416644403265
B0036,74,1.7432134953746192,1.7385856533802109,0.008111192255177679,0.004716932049073048,-0.0032573741382620155,-0.0031345844263208416,0.004443584731010221,-0.006251908521426203
B0036,75,1.7332698214832971,1.730542373755257,0.0031985227888090273,-0.000715575037409876,-0.0010020697146337766,-0.001343009924691743,0.0033699272360102252,-0.0007803476549368904
B0036,76,1.7298906291663272,1.7281955091890113,0.002047398765286473,-0.001066254026591516,0.0004961832286672855,-0.0002932963198596904,-0.001611070770994429,0.0021221590694022485
B0036,77,1.7204403348841348,1.7221812881727323,-0.006818642035367207,-0.0016352180482909684,0.003125062932978234,0.000523084338391841,-0.0006904919665068143,0.0037552514685459237
B0036,78,1.724420729012913,1.7276842814769868,0.0017878914127592647,-0.00014916713164481765,-0.0013980736079162357,-0.00030491617131304444,-0.00018758684272441128,-0.0030117001489944877
B0036,79,1.7214872814061166,1.7234809722830864,-0.002730261666357586,0.005577885080852674,0.001247495592414696,-0.002744005066472069,-0.0009142482835015909,-0.0024305565566380043
B0036,80,1.7197448773569262,1.720786077947334,0.0027045512113922972,-0.0002063717580365723,-0.0008132792907496723,-0.001645468718210592,0.0013418996907557715,-0.0024225317464930374
B0036,81,1.7164304142145894,1.7190566560576535,-0.0016660809623391024,0.0010545348029139504,-0.0001685441933259015,0.0031653776583783428,-0.006600367726413935,0.0015888385602096423
B0036,82,1.711202925329962,1.7146658447313996,-0.0014859309357562343,-0.00432021884863642,0.0016705301000357448,-0.0011599914380327663,-0.002233040621388105,0.004065732330222886
B0036,83,1.7102343231599222,1.7161433038236333,-0.003268694116401803,0.0013040107052038202,0.0013266142432244755,-0.0011678653957775367,0.0010755068426568815,-0.005178552953734668
B0036,84,1.713096882151029,1.7125452133586192,0.004569867382492649,-0.0023893658993530053,-0.004163396576121666,0.003580943280343436,-0.0012688584761030239,0.00022247906707922592
B0036,85,1.7103708617208135,1.7142426438733365,-0.0020237289600095265,0.0009490161405426125,0.0038066563071579916,-0.005549984707320148,0.0027270131265147894,-0.0037807540706672107
B0036,86,1.7064617296121434,1.7070302058853406,-0.0009661980896968773,-0.0020608135118710294,-0.000655618288777639,0.002283161564715826,-0.0020208988623861396,0.0028518909075946216
B0036,87,1.7029429979110946,1.7092086352248,-0.002102265268170564,0.0008900159902566784,-0.0028092061364052854,0.0019814825111770214,-0.0022822188510666936,-0.001943445563088626
B0036,88,1.7072612643840062,1.7065896751126184,0.0011985500146035758,0.0007794554007269258,0.0008951989664146642,-0.0032022534472154547,0.0036701132559064874,-0.002669474927097595
B0036,89,1.7038637196766078,1.704985353824065,-9.537070750910854e-05,-0.0038459300581025696,0.0033691771083010575,-0.0002255640528675568,0.003327334382565178,-0.003651280824386548
B0036,90,1.7079617948422274,1.6997066378502683,0.0022823759966666577,0.0014381813766360814,0.002653166185642788,0.002237764812603165,-0.007538864665067173,0.007182533276705406
B0036,91,1.711302283362779,1.7002149737947418,0.0052466387793590925,0.004892542345749134,-0.002794202204135708,-8.399409392720713e-05,0.0005483893753904729,0.0032779353533813394
B0036,92,1.714122057472244,1.700107845759285,0.007567075817634189,0.004751192373022086,-0.0018580233842476171,0.0014962208462111484,0.002121873877927374,-6.41278327186467e-05
B0036,93,1.7053324925701605,1.7042188590435106,0.00500689414976673,-0.0052171396555008446,0.0001239916638511735,0.0024815574806778206,0.00132989440659442,-0.002611564524797769
B0036,94,1.6934609472531408,1.7056506616322855,-0.006581679464070679,-0.001437916146592619,-0.0004506176758473705,-0.0031114964211839398,-0.00012620049047608724,-0.00048180417477950577
B0036,95,1.6905244127230223,1.7072883944260826,-0.006295813898390521,-0.004209283939935261,-0.0016950134763538272,-0.006537772380834581,-0.002301382864499223,0.004275284866178509
B0036,96,1.7007774858498304,1.7093013343671808,0.004986486248916809,-0.008329526740227872,-0.0015731095973845616,-0.0014518940858712463,0.0023215974112023273,-0.00447740175534306
B0036,97,1.6971104467944576,1.7061863945617461,-0.003406712521789481,-0.00024468595254983916,-0.006145262287025109,0.00030385402788051706,0.0020003417039557913,-0.0015834827353328252
B0036,98,1.6997924522951835,1.6978936795436987,-0.005896277587734532,0.00038497084360332646,0.0005451232058701638,0.002134897075780449,0.0022869748273608233,0.00244308438626399
B0036,99,1.691270477395412,1.6945217231293814,-0.015151638943552693,-0.0007817554780052375,0.009073849395841221,0.0006351388451836186,0.0009759602678792697,0.001997200187139549
B0036,100,1.6857127009469863,1.6811036408490692,-0.023386220540610642,0.009132802855501913,0.008171793723238651,0.0077017339040156545,0.004396021553195518,-0.001407071383232398
B0036,101,1.6832093771286156,1.6661618191963052,-0.022791818712413807,0.02501018650286215,0.010514566096260633,0.00304105934348053,0.00025387202365636505,0.0010196926952397776
B0036,102,1.692886364169521,1.6488801676397304,-0.011507233863486389,0.049084161523812016,0.002607378290457216,-0.0012808384638791598,0.004351727005873255,0.0007510020438012696
B0036,103,1.6984668174144633,1.6335137964754862,0.011058652214725042,0.058682298974718036,-0.001777613760311154,-9.181303363800506e-05,-0.003209374190967302,0.0002908707354781685
B0036,104,1.6935813413828429,1.6222325489576543,0.030810632768609625,0.05374701474641533,-0.006413190404631174,-0.0023398065015227594,-0.003297981803018919,-0.0011578763745933374
B0036,105,1.6830951253781283,1.6170172209464846,0.060391374829070636,0.024589993178562985,-0.0006868284638493197,-0.00886660791309425,-0.011086049313128751,0.0017360221309756666
B0036,106,1.6850462226942986,1.6279531068375077,0.1157926438337377,-0.023303708963382217,-0.009955880520659766,-0.010453656109210932,-0.0049637145844857785,-0.010022567784328527
B0036,107,1.6803098840017598,1.641815862124338,0.15588488508155277,-0.0780160783703275,-0.017666856437251355,-0.008058698010421344,-0.006369871353698373,-0.0072793590126643765
B0036,108,1.6944038437227715,1.671556164123537,0.1929612187643773,-0.12725816886830327,-0.012968528233126372,-0.01515548336888043,-0.011929311563801864,-0.0028020471258095115
B0036,109,1.6955686127180103,1.704339563227227,0.17102770153482455,-0.14837316068424677,-0.011808144184572409,-0.008144676461331189,-0.009268128195511857,-0.002204542514359869
B0036,110,1.6841854728350405,1.7431859517165607,0.06593413990070035,-0.11416066656744343,-0.009124047725245847,0.00031307377751511536,0.0007194643943906938,-0.002682442645669073
B0036,111,1.6722180144870118,1.781005375843254,-0.07516736123217813,-0.04343113923460623,0.00042977437232744655,0.007397958677921336,0.001745034641311876,0.0002383714471012058
B0036,112,1.6675976965747183,1.8127580512955548,-0.2324338926727171,0.05814553287336298,0.011343855642003648,0.007318796523952987,0.006340285291729695,0.004125067653719967
B0036,113,1.6781873787039017,1.835633249305405,-0.3424888840882652,0.13667046192867544,0.018379830079967012,0.012453184926081596,0.012719367044574112,0.0048201695294223
B0036,114,2.444062432078656,1.8465607299683906,0.3610888400521532,0.18104420708192887,0.017604208990375063,0.014610535239319223,0.010479725986503336,0.012674183991465901
B0036,115,1.6913403148932205,1.8409171882245698,-0.34506400417289546,0.1375519386436658,0.02050625099815764,0.012718533740404016,0.01752580482507691,0.007184602642625034
B0036,116,1.6802787096613283,1.8202595147579252,-0.23941260096066663,0.05496217738273249,0.015713882738188197,0.009677712433515043,0.015560529984865411,0.0035174933445687147
B0036,117,1.673147301023026,1.7952982773617367,-0.10454574304869957,-0.03624725867742097,0.006242136168550417,0.004093097007360381,0.003989791977212873,0.004317000261446778
B0036,118,1.6704292090032429,1.760209278012307,0.025075335758006825,-0.11036135336806145,-0.004342377593743126,0.0022629606076784137,0.0018715379432736926,-0.0042861723262524075
B0036,119,1.6659903350115992,1.7189055648611549,0.11521389055059705,-0.1460347225853198,-0.011460981197927636,-0.004781170079145668,-0.005175553506594818,-0.0006766929966172358
B0036,120,1.664241575272447,1.6815322582298822,0.1612526943418953,-0.14672241667367603,-0.009489083214695996,-0.012839468212480791,-0.0008978065322908996,-0.008594602629834075
B0036,121,1.6668450767774965,1.6452649059374984,0.17693236287224354,-0.11499790877025041,-0.016475896651935617,-0.008695338085962331,-0.008495288425996917,-0.006687760064434737
B0036,122,1.6594501560667536,1.6197155570420505,0.13515251812748283,-0.06134864760828879,-0.0067899898921846185,-0.009629325461232652,-0.016196127844058463,-0.0014538282557172615
B0036,123,1.662412523067319,1.6016485598189631,0.09816145590366955,-0.008223378164969273,-0.007476335343600186,-0.004737641434371483,-0.00955484228281185,-0.007405295391320563
B0036,124,1.66035260832257,1.5923180194482058,0.04991579986892498,0.03240542675366986,-0.001928855064936405,-0.007242346828270416,-0.007197059314429152,0.0020816234997717616
B0036,125,1.6610231379633236,1.5949245497954663,0.011919381034805004,0.06180010594232639,-0.005302807068131275,0.00017089962875673696,0.0013333749784703282,-0.0038223663086955468
B0036,126,1.6575187557321611,1.5997679696821843,-0.008073964206719072,0.058247122309950376,0.0016959674644618195,0.004619351356025545,-0.001567693826617141,0.0028300029961666013
B0036,127,1.6507877959674548,1.609926998472226,-0.02478263925694826,0.04916291423604461,0.005620031014463515,0.0039109290675361855,-0.0024070515902242587,0.009356614074595463
B0036,128,1.653257006211014,1.6303742281828126,-0.025766082934717542,0.02864911028246742,0.008099293848409994,0.012160457597800663,-0.0010989490028200666,0.0008389482847508564
B0036,129,1.6494214846772686,1.6430746531827136,-0.02972514097255603,0.02215600802598645,0.005926328815255808,0.0015948146223460657,0.006903883710795078,-0.0005090626556236621
B0036,130,1.6678591915666705,1.6570936710342157,-0.005510170900758773,0.006258867776756149,0.004730129325641894,-0.0009307754133462827,0.004091616443148249,0.0021258533336323045
B0036,131,1.670862764324967,1.6641797810900447,0.005936778596788252,-0.0037493161219086077,-0.00025565079165597407,0.0014213768484855965,0.005908052391987092,-0.0025782576592554957
B0036,132,1.6658118164053368,1.667779208036696,0.0034093625909221957,-0.004799698297659691,-0.002087467341390159,0.0031332902417366072,-0.0043223324750141815,0.00269945368477796
B0036,133,1.6532998517617,1.6677336053140241,-0.006124901199429101,-0.008523012383784558,-0.00193079007430674,-0.0024393185860465136,0.0009892086138821672,0.003595060125006158
B0036,134,1.6468787023528522,1.6694781857047793,-0.017497810716364446,-0.0027722067749821355,-0.0022268944839547175,0.0017904122574167345,-0.004844093826134381,0.002951110246364845
B0036,135,1.6718953249703756,1.6692106942073586,0.005051782727961732,0.0005808423722002471,-0.0027086692548232683,-0.0005550428986093574,0.0028760216184461613,-0.002560303773705599
B0036,136,1.6807743463585727,1.6701455809477845,0.013774409272889473,-0.0027548529523935467,0.0035525635935338092,-0.0015397222090766415,-0.0008824628897366161,-0.0015211693851396293
B0036,137,1.6737717086703074,1.6657508677284176,0.0043222607738155165,0.003647946863669021,0.0005299191895365712,-0.0005846032620700648,0.0029295274782055497,-0.0028242100747506186
B0036,138,1.6605773762487392,1.6610648731725302,-0.009158678946600725,0.002984659836164439,0.006240540427144075,0.0005258570771611504,-0.0028321509691816345,0.001752275691656235
B0036,139,1.655987781146086,1.6599531062889563,-0.004915457730635194,0.0027862418787638573,-0.0005017794977152661,0.0007524594380001029,-0.004242703643313574,0.002155914456901113
B0036,140,1.646862318389844,1.6534829155484636,-0.009637529106765156,0.0034033849950107224,-0.00016734631153177002,-0.0021952957466338176,0.0012955847552169227,0.000680604310373674
B0036,141,1.6574621175432849,1.649060680738996,0.008451400412293664,-0.005022748879750634,-0.0007180957117330802,0.00317845961735429,0.001479187423990809,0.0010332339854835105
B0036,142,1.6603991175216894,1.6529424254160525,0.013523178480838952,0.00224904349493303,0.0007087811526778273,-0.005307647678679582,-0.0008535192444309135,-0.0028631440593838713
B0036,143,1.6460789092837111,1.6459519389417854,0.0029600109889650833,-0.003364544938619583,-0.002099989590853698,0.0003995596408450978,0.0051836671165077525,-0.002951732819820164
B0036,144,1.6408366462659327,1.6434150538171777,-0.0030438260398631136,-0.0012765779812942437,-0.0015286536965225528,0.0008816467563873985,-0.0009371096080088289,0.0033261130785657085
B0036,145,1.63444089202816,1.6475216019282968,-0.007425781535490296,-0.0014556466391919274,-0.0022794947926833837,0.0015212204247662398,-0.0031938483815328283,-0.000247158908894116
B0036,146,1.6374039186504212,1.6455518838542889,-0.006009009265978906,0.005090317756434013,-0.006722461857893623,-0.002924349884200361,0.005083871680665117,-0.0026663335688414435
B0036,147,1.64738207540524,1.6424906573912228,0.0014187894523513332,0.0015086530140697046,0.0035344603786891106,0.001601201735609322,-0.004369547970674216,0.001197861457725415
B0036,148,1.6545646441622357,1.637348387116478,0.011563210111104652,-0.0008463657563660505,0.006369802427920922,-0.004861444176146815,0.0015643662581225441,0.003426688227462839
B0036,149,1.640896560729935,1.6354336442793624,0.00197882575003126,0.002737309019856353,0.0014645093377227611,-9.038984479717143e-05,2.417877161467882e-05,-0.0006515165234077894
B0036,150,1.6265229979339637,1.6317261605228908,-0.004509111874906887,0.0017721253851546931,-0.0009324467626393738,0.00407888573356015,-0.0036989640440751865,-0.0019136509507377418
B0036,151,1.6217349144630455,1.6274647364895616,-0.0004080608689774947,-0.0015254135567516005,-0.001921252659744198,-0.0016098434430173343,0.0004995461082470334,-0.0007647975260478515
B0036,152,1.6248200059639546,1.6269586795427562,0.005930922827259881,0.0003852218800513303,-0.0007171721937233739,-0.004305663085432446,-0.0005828792583093994,-0.0028491036716072004
B0036,153,1.61880119736137,1.6278950437264819,0.008406164195313787,-0.009822425432310544,-0.00679780006587534,0.0006111311516601111,-0.0030536646247124374,0.0015627484940652617
B0036,154,1.6137350490334217,1.6314235335111118,-0.009747672776037653,-0.00415974168852712,0.0008816913504581462,-0.002181612439049201,-0.0008922568015306165,-0.001588892034522123
B0036,155,1.612012823654141,1.6367634495942338,-0.02452088560389135,-0.002893419688774488,0.0003204962079297647,0.0006237053773871775,0.001269677021566128,0.00044980083594896737
B0036,156,1.6671032556887178,1.6501680297268881,0.016804933510919898,0.0025814486519278065,-0.0019087456433417855,0.0018500703893014614,-0.0006594824725929254,-0.0017329984409859577
B0036,157,1.6850133383886254,1.654611762786289,0.02178688900513952,0.0018553421796470206,0.0013806191739357812,-0.0004650120201824345,0.003506200358390383,0.002337536920319557
B0036,158,1.6786654987614698,1.6651987191613697,0.0043418951019168015,0.0002581242571926019,0.008152397028007607,-0.0035695544665152673,0.004253194688090928,3.0723012872540447e-05
B0036,159,1.6729763502191373,1.6721293407780657,-0.00905836960494345,0.002511986492909414,0.004499144529236892,0.0055732165443528004,-0.00024016889737983276,-0.002438799595767104
B0036,160,1.666489034299654,1.67087028313102,-0.013428595360716233,0.0035234479389105776,-0.0003508909934180128,0.003926787534206986,-0.0021056070919526194,0.004053609175636116
B0036,161,1.6698420840710908,1.6691334531732354,0.00035851492687785506,-0.0037146523015034612,-0.0006919300906171916,0.002677136886853847,-0.0011421121042619225,0.0032216736110784426
B0036,162,1.6746744228027035,1.6695803471725288,0.005105649049876358,0.00388035689846387,-0.0008857332320744502,-0.0013832490461701558,-0.0007881138474630199,-0.0008348341668732622
B0036,163,1.6665045335145643,1.6660232439681824,0.008846725990242724,-0.0036597016731835584,0.0029843320817523693,-0.005115382628414682,-0.0021671400642114882,-0.0004075441257866504
B0036,164,1.652222084834727,1.6585483896540751,-0.0019358566571451067,0.0005839261937497278,-0.004281367979465778,0.0010074649583525727,0.0005884232471888084,-0.002288894533270198
B0036,165,1.6462718275099526,1.6577358418800683,-0.006367712041457212,0.0012677224373186943,-0.0023853945918560705,0.002245975986108132,-0.0036573490710348788,-0.0025672570342947978
B0036,166,1.642399234692521,1.6459676775913366,-0.005611850596116926,0.0023491168654106256,-0.002441930406635093,-0.0004219339604563045,-0.0032816591663102396,0.005839814424188834
B0036,167,1.651178607099992,1.6479986566644371,0.006058429631485643,0.0001408278458406103,-0.00025974606292208794,-0.00011854502094235742,-0.0015309753134787503,-0.0011100405945929362
B0036,168,1.6481683120281931,1.6467958749718223,0.0024762081162700796,-0.0031762515284167884,0.0011787800552200578,0.005204587805653482,-0.00011089864250386068,-0.004199988696910076
B0036,169,1.6478887725428395,1.6437443688502187,0.005090884347827279,0.0011635750282222655,0.0018662796872417266,-0.0028136722320712673,-0.0020711360856540857,0.0009084730002855277
B0036,170,1.635843650915682,1.6367687396676092,-0.004324935731841039,0.0002902861132134674,0.002594385499795273,-0.003461140730567223,0.002971317442055567,0.001004998721079358
B0036,171,1.6332362811945516,1.6414567723293787,-0.0024823099453292947,-0.0015607317942407054,-0.002783722045295553,0.000144628087388028,0.0022548743014111318,-0.003793229670406836
B0036,172,1.629926467682987,1.6400701652937133,-0.004716073785588576,-0.003898075535242435,0.0010631308969143588,0.0004913614432787268,-0.003998731674178636,0.0009146911158602569
B0036,173,1.6387862629287224,1.6364262156579585,0.006068104983979031,-0.0004107671919506504,-0.00716128661977274,0.0039092876653739166,0.002123083301612268,-0.0021683748058523074
B0036,174,1.6359654863840771,1.636404932898178,0.0028842705617351263,-0.0019783189165489103,0.0008542654907674039,-0.0007845126484616685,-0.004658292664812493,0.003243141728756615
B0036,175,1.631137043967566,1.6320097230336563,-0.0053251968126868,0.0007274373437684661,0.003384063287805473,-0.0010462076656146332,0.002485397484843015,-0.0010981726336852173
B0036,176,1.6220189720888465,1.6347162970901687,-0.009329136908705106,-0.0013137767646715565,0.0038906912700781473,-0.002791285623058515,0.002333825104453075,-0.005487641999486725
B0036,177,1.6416044978422155,1.6295029396913323,0.013747064604200955,-0.00127586725465807,0.0020185860161299426,-1.668622466769312e-05,0.001709994104982802,-0.004081533035387904
B0036,178,1.6253090231457803,1.6213622282813467,-0.002539386107028552,0.002802257254135895,-0.0010600772291590329,0.004115497598055549,-0.0029302937178039717,0.0035587971427694016
B0036,179,1.6196134522239485,1.6207970615268792,-0.0024647339440337663,0.0007310180604808481,0.0016981384136866993,-0.003485498928443571,0.0006250323533591468,0.0017124348244343043
B0036,180,1.6124236174774371,1.617317272452205,-0.005655796388909935,0.0005455372337048649,0.0024640990778610128,-0.004995366522181393,0.0025645260952711557,0.00018334561932151252
B0036,181,1.6077701029913394,1.6155879443330692,-0.005599058257246961,0.001343685522860747,-0.0019266069278087512,0.0009495231614777529,0.0014866076211398512,-0.0040719923675142464
B0036,182,1.6088077531981582,1.6082772053368908,0.0018414909131943833,-0.0035965520479417294,0.0012616385258147553,0.00047039811488289526,-0.0050939558701745226,0.005647528319058853
B0036,183,1.6083556258734268,1.6080657103238924,0.001964495200524423,-0.00044037895510597446,-0.0006780198369378477,0.003673152625640062,-0.004317572374912488,8.823898435990445e-05
B0036,184,1.606820251901154,1.605217993927526,0.0009501431521622527,0.006271979308928993,-0.0013550274547076476,-0.004926351288291913,0.007079763086923177,-0.006418248735768241
B0036,185,1.601770977206713,1.6036201398442018,0.0014882154913303809,0.004438986889218935,-0.004440206129491578,0.0024389276066941598,-0.0037258456464930043,-0.0020492407479177884
B0036,186,1.594911734692208,1.5904951665415625,-0.0007176946369131129,-0.0022774210715748662,0.0033609970743125224,0.0016195487304377773,0.0003930613702800038,0.002038076792012513
B0036,187,1.5938139125387372,1.591933873354675,-0.004274510934250361,0.007066411472698861,0.00331948732813794,-0.0013762088097082487,-0.0033587676483568824,0.0005036278845834823
B0036,188,1.5920273129504596,1.5901527791354864,0.0067075534752668335,-0.0014224939700928183,-0.0008797134523141033,-0.0013295898002733044,0.0004384360370334677,-0.0016396583637602207
B0036,189,1.5847361549778751,1.584539066945215,0.0027069856432180156,-0.0019933437881247207,-0.0032305926084359744,-0.00018098634139509614,0.0018163416414822642,0.0010786836043276376
B0036,190,1.5763429363936798,1.584527562788307,-0.00574239948195922,-0.00028628696807882133,-0.0038594355806242184,0.0015504618996869763,-0.0016278388297588213,0.0017808726931818006
B0036,191,1.5720229174642286,1.5851620647899272,-0.010061118311560686,-0.0012454841361415826,0.0041813606785631886,-0.0035474934580806443,0.0008645424985594196,-0.0033309544655045456
B0036,192,1.5729874285512353,1.583227163189989,-0.007911540376131758,1.2677119863987909e-05,0.0004472353262995862,0.00010619693084658762,-0.0025483260902023296,-0.00034597741889169967
B0036,193,1.596985400389019,1.5792355608613793,0.013757778632289957,0.0033457413706427844,0.00045171799263570125,-0.0007520242987581401,-0.0006037656176084605,0.0015503915542070055
B0036,194,1.595726023703856,1.5788928205275101,0.011060902882599232,0.005945324973784672,0.0022692382866349075,-0.0016478600728049829,0.0007128684906623666,-0.0015072712774612637
B0036,195,1.579500338340559,1.5788694128219276,-0.0001863817077203383,0.0053487457377527515,0.00037057863621026214,-0.0021181344947755654,-0.0008100080367740336,-0.0019738744922455226
B0036,196,1.5629469877520186,1.5763182051246667,-0.007738765071353446,-0.002009383796494254,-0.0016865022552045219,-0.0003978829890699676,-0.0017964585871289283,0.00025777546750409757
B0036,197,1.5591129431541175,1.5771934873281905,-0.009696413175475519,-0.0011263468592139822,-0.0004519688113510765,-0.0014817209293841887,0.00022923826602372179,-0.005553332519813576
B0038,1,0.8980573709676724,0.8410605855604978,-0.07857509473796423,-0.17209641365260692,0.21269001663145104,0.04664432564554842,0.025397787002517533,0.02293616472979601
B0038,2,1.1026236331914077,0.8717829952193245,0.04938135787735001,-0.017025746310525763,0.1451930292837426,0.02424201316220413,0.018184648222644383,0.010865335884128746
B0038,3,1.0885801879473431,0.9047450088442961,-0.007803121504418058,0.09148874997024901,0.08224207834112382,0.010131363120274694,0.009750489730976836,-0.0019743804032973477
B0038,4,1.0613249847591086,0.9377709292290947,-0.05540244934970663,0.15825322715018242,0.02394166605664254,0.0036545976039920503,0.0003552527972700373,-0.007248238567963504
B0038,5,1.0347062057983545,0.9737571307700328,-0.050638056541698694,0.16748925278508806,-0.037887413139483524,-0.0063536284205050805,-0.005880984017442414,-0.005780095468891884
B0038,6,1.0269978594353013,1.0174760797966165,0.00967194853055772,0.10690365578043971,-0.07407813151306465,-0.01174642136714404,-0.011846180169015867,-0.009383091451927698
B0038,7,1.078501971098942,1.0666570487475533,0.14505722130538726,0.019022966138387123,-0.11150474999796672,-0.022349983449413507,-0.0082394196927526,-0.010141111797232743
B0038,8,1.0638897478802845,1.1279739261305999,0.18613336938363387,-0.07388717633950506,-0.13059418291020747,-0.024790847597783425,-0.007324735247397326,-0.013620605379456769
B0038,9,1.0366551223324425,1.1944084405830546,0.16075436639649243,-0.13342092109622744,-0.13951329588415257,-0.02042968642943561,-0.01580505741261761,-0.009338723656537576
B0038,10,1.030941327482094,1.2674915353509049,0.09677795439570196,-0.16513461929315915,-0.13333703380649944,-0.01300402378544209,-0.01415738281159242,-0.007695102397895173
B0038,11,1.0140084541034655,1.3474114045812613,-0.057115571440737326,-0.13403132912985236,-0.10656375588801822,-0.013307613703998309,-0.011422813685787852,-0.010961866454170764
B0038,12,1.008516095994519,1.4278163687720054,-0.25732193859514346,-0.06824154796530946,-0.07013043566365143,-0.009901087901556253,-0.005543404885298476,-0.008161857589575224
B0038,13,1.7419245088095905,1.5032007920722135,0.2568550215588881,0.021615617902331685,-0.030643420993317242,-0.009847257042432271,0.0008431344495978428,-9.93791905724671e-05
B0038,14,1.779741859708433,1.5808569533291226,0.09112506833833446,0.09402054861909494,0.010604323423238636,0.0019258203072059193,-0.0012018911361605965,0.0024110367628646786
B0038,15,1.7815666306452766,1.6562959183005943,-0.055998777857627045,0.12746640638710757,0.04268033887569536,0.0035894413978653935,0.007406295310287545,0.00012700816604917033
B0038,16,1.7834859577156017,1.7126054407446465,-0.1407078368485049,0.1270982981654848,0.060992829229050596,0.009272515948712746,0.006044551817932922,0.00818015859237331
B0038,17,1.7864411650415677,1.7596267740147136,-0.16774629608367478,0.10341073493288835,0.06775455754381943,0.013824748684039904,-0.0022383650245778068,0.01180901090752719
B0038,18,1.7859997608067948,1.7970637785988413,-0.14946733672050105,0.052154311894963466,0.060374513085827156,0.00914384963278738,0.011028578231631548,0.005702066016551654
B0038,19,1.7769523773001608,1.8162698407285114,-0.10294906877154514,-0.010381543834644173,0.05547666629413957,0.004765715404967352,0.008394104772561013,0.005376662642312623
B0038,20,1.781428917321899,1.8268840261547954,-0.04506290369079602,-0.0489663541177075,0.03180862066458811,0.0046724687180353785,0.005325546535016541,0.006767512992705995
B0038,21,1.7859452772697195,1.825389931736562,0.00785031981506522,-0.07071444246254005,0.011190745183606216,0.011119478731787981,-0.0017934801146293178,0.0029027243131909235
B0038,22,1.785208429691551,1.8169594469876416,0.03261326239942933,-0.07526884038921117,0.010424229595177924,-0.0004559502888203272,0.0017702675480120126,-0.0008339862271239501
B0038,23,1.783596609584544,1.806603074612322,0.03758328109322337,-0.05165778441606498,-0.0028554596818690732,-0.004979154045440627,0.00449740660800188,-0.005594754651569191
B0038,24,1.7796783152744713,1.7876614059362237,0.029210395636284907,-0.0239530756010649,-0.014532166767034825,0.003581439593627291,-0.002667721180681857,0.00037803759240442864
B0038,25,1.7841102592788645,1.7829941532642537,0.024191998317880308,-0.008396602811082211,-0.004267874901720804,-0.00249931086825965,-0.005791494958412567,-0.002120608829895687
B0038,26,1.7833032331592191,1.7751654921528297,0.015872339914946052,0.0068519753884212515,-0.004484771609321141,-0.003803908298083754,-0.00034177948284596575,-0.005956114972575456
B0038,27,1.7796186141356956,1.7716112561311848,0.004970299885938645,0.015253645936246762,-0.005373939342440468,-0.00045722274776228023,-0.002508933184527291,-0.0038764926076381846
B0038,28,1.7816592334352586,1.7687746647055078,-1.593268859254388e-05,0.01580855322574063,0.0015292708286108827,-0.002591052658973569,0.002459403645688055,-0.004305673688055889
B0038,29,1.7775911304124037,1.7735269254609705,-0.007078416252924133,0.013374028334983737,6.357709026782545e-05,0.0016646297973356586,-0.006378309670730729,0.0024186955884425067
B0038,30,1.777701881971679,1.77197444099095,-0.0021538238862136485,0.0035434877754096507,0.0003958160592061201,0.0019442520360865234,-0.0006753575304991093,0.0026730664626464155
B0038,31,1.7789547618270618,1.76985891181103,-0.0002591962102211893,-0.00010352576435873655,-0.0002823944751250689,0.00012304546221740689,0.0018723341397176684,0.0077455867993159915
B0038,32,1.7807753731135043,1.7822626788612905,-0.0016398864791285583,0.0019711348882170557,-0.0033843083172084725,0.002450111055872649,0.0052611297324415916,-0.006145486693036737
B0038,33,1.778415319026661,1.7787766356388155,-0.0020248970488952515,-0.003900863699184548,0.0050126301716447615,-0.0003286924750992054,0.0031945725591171568,-0.00231406618405413
B0038,34,1.7789773899108463,1.7789714395032357,0.00046466883527392853,0.00037337913672088057,0.00016725578355430748,-0.001996982406702842,-0.0006060633730378791,0.0016036923673093757
B0038,35,1.7792479347236043,1.778039984487292,0.0021478237418040736,0.006304050549317478,-0.008771003545489802,0.0017528795988759368,0.0012122685818300746,-0.0014380687546030615
B0038,36,1.777920457368508,1.7758254431517717,0.0010357160265108704,0.00032044164797498094,0.005439046208489378,-0.0014655701193570195,0.0014377071132308174,-0.004672326724274363
B0038,37,1.779227040224144,1.772343412401139,0.008289434160360518,0.001904284532914069,-0.0011701391919593878,-0.0018919495163603915,-0.0030150382749276916,0.0027670360484066884
B0038,38,1.7760634320079352,1.7778250171751842,0.010956999602436254,-0.0006907991114743032,-0.003209519417182579,-0.0023796169143905027,0.0020973524318648133,-0.008536001822082338
B0038,39,1.775103937963957,1.7664638666101147,0.014702540895876592,-0.006566393146216809,0.001032129812806792,-0.00311625289062743,4.0049474653088686e-05,0.002547997144071148
B0038,40,1.733064100138742,1.7584668088274147,-0.02153870528451431,-0.005824934358902459,-0.0009005160345111601,0.0044094576405567425,0.0010301062434154768,-0.0025781169448217955
B0038,41,1.7394892806215223,1.7408620691549759,-0.017323851244916685,0.0008579546478821934,0.00019752440804400858,0.005805435908009076,0.0024831854701928705,0.0066069622252168374
B0038,42,1.7378064360392924,1.7218651857694864,-0.016985281834286,0.01290598647177099,0.002329528468496241,0.006284635141733372,0.00034696910574741465,0.011059412864753246
B0038,43,1.730028145799833,1.7047474401455955,-0.017280009533649474,0.0207470598178092,0.012249686172818379,0.0006171589862504757,0.008763458615922188,0.00018335154593336717
B0038,44,1.7290404566542985,1.6805260378531508,0.009557595833613573,0.025539584798681847,0.006169853164828762,0.006399973579920596,-0.0007497073659082056,0.0015971187411673662
B0038,45,1.7286072907068817,1.658037088887294,0.059430818611622714,0.01695370906403126,-0.0017352949267790785,-0.00041545219063336344,-0.0019798202612186593,-0.00168375852614319
B0038,46,1.52573884649634,1.6263607435903065,-0.061293473071097865,-0.011580011152386221,-0.013095175379195911,-0.0060124784826598105,-0.005799243661294474,-0.0028415153324659014
B0038,47,1.5301475534434217,1.6072864324023328,0.0373448178508099,-0.049272673586926656,-0.023508345721652026,-0.019309378883653857,-0.01369753256362994,-0.008695766040373917
B0039,1,0.1190383185934176,-0.20041676610465675,-0.49512540894238827,0.5810514292129633,0.068035287837999,0.09049627219910801,0.027438477160690124,0.04755902744656346
B0039,2,0.4729861500927512,-0.11684401962170843,0.020775283368226396,0.4344681338190834,0.03836249469147089,0.04161874258760126,0.024588956735053572,0.030016558668961264
B0039,3,0.1628079382920206,-0.029825390725925605,-0.15276214486629378,0.2920958366293405,0.008977252144988384,0.021864121230679854,-0.004483000626682172,0.026941264715241116
B0039,4,0.4787632853388766,0.06703539044999407,0.23771242243435003,0.1882515400921927,-0.005961940540161949,-0.021928878998909863,0.01651080778538464,-0.0028560557290302577
B0039,5,0.4711383364607152,0.17478143347891795,0.2763564533572473,0.09095954835274342,-0.019418551263353356,-0.030716493742163013,-0.016518771379530808,-0.004305282186891254
B0039,6,0.4668172561120673,0.2825654930304409,0.2937115517549261,-0.009174371783633702,-0.022419038303120815,-0.05064818286114853,-0.011586158136460288,-0.01563203743193711
B0039,7,0.4699932676625547,0.4087610688599256,0.33811867394878486,-0.15724794487345953,-0.03820642165746056,-0.03467579893530499,-0.020677159634269898,-0.026079149889208206
B0039,8,0.4627052684317185,0.542463494063705,0.34234022488666777,-0.2898551886965156,-0.04410118283011638,-0.0404911549493486,-0.011135705849351958,-0.0365152180356147
B0039,9,0.4604944782656097,0.6761266622390412,0.29237109618033386,-0.3916038452124744,-0.03814347263514404,-0.03647263931115645,-0.0162540294812428,-0.02552929335566032
B0039,10,0.4412227248835694,0.8307112652837627,0.12792150302937202,-0.41832028045888964,-0.03469440425642394,-0.02952291357939064,-0.013080751751069401,-0.021791693222387082
B0039,11,0.4435442194396584,0.9831104141738332,-0.11469666106729585,-0.35070085014464647,-0.027508689412838128,-0.02102144864880875,-0.023532822563380733,-0.002105722736199831
B0039,12,0.4126655541164234,1.1506872262379386,-0.4810102936117864,-0.21816796538381472,-0.0038773329093244233,-0.020321037935736995,-0.0017075611006264555,-0.012937481013905983
B0039,13,1.7461791006389626,1.3000872564886374,0.46485081155428504,-0.018822135386304905,0.0032028575803112027,0.00028783591587661913,-0.008626620662047819,0.005199095084990874
B0039,14,1.7695250734505363,1.4517223036329212,0.1574703744087261,0.1405126452824535,0.01722273987231332,-0.0015022002170940946,0.008384363124696426,-0.004285152720712674
B0039,15,1.7715391419501945,1.574888346031845,-0.07449932541386216,0.2234021712718702,0.02747332504728308,0.009649410662658644,0.0027322342786988978,0.007892980004121483
B0039,16,1.770625483958279,1.676584080020716,-0.21691556139453538,0.25365752142517767,0.021310767425361882,0.0135759965578296,0.01049658676862912,0.01191609308767811
B0039,17,1.7704040639447296,1.7644977783306388,-0.25796952162688264,0.21205079620495304,0.023998808116894768,0.016237319355102312,0.002771471422386945,0.0088174120742525
B0039,18,1.769508178880176,1.8155626594086038,-0.21761363578168125,0.117969378105053,0.017597394758769182,0.02170285005833839,0.00819755337072067,0.006091978893142542
B0039,19,1.7638356274269416,1.8422479952025024,-0.15080326043782372,0.04360253195596193,0.004283357288180155,0.0056556268785170755,0.00830905585899059,0.010540320614359753
B0039,20,1.7715725869786123,1.8574679607839806,-0.05575704315409003,-0.03335802472477124,0.0003667222352030804,-0.004432313586515846,0.0020221893753174522,0.005263095981903266
B0039,21,1.7701196454489685,1.8377656111516147,0.01097928067451274,-0.08079421070825168,-0.0011102947766217673,0.0008379857747833181,-0.0075807970863170145,0.010022070351913239
B0039,22,1.766756975286052,1.8315765623225455,0.04509843665724207,-0.08562206633166083,-0.011937931920504468,0.0022294538175892525,-0.002659082539286122,-0.011928396786629703
B0039,23,1.7648743629092642,1.8149217269402702,0.0456674106264588,-0.05918060015766051,-0.004072074021289179,-0.01255829741248048,0.0003522764288893469,-0.020256079561355857
B0039,24,1.763838685943225,1.7843737538072622,0.0370510233184733,-0.04008158000753052,-0.006649411670043818,-0.0040740166993945654,0.003669953922493068,-0.010451036794288488
B0039,25,1.7657225752056789,1.7755265402380052,0.02536828465871451,-0.006831830761355297,-0.010724692926465886,-0.0012330903662464178,-0.010553073239968005,-0.005829562463583314
B0039,26,1.7645632809383045,1.7584823946303452,0.012008624511854207,-0.0014261874639256821,-0.001595790362769103,-0.00023873840047471944,-0.008698123542068571,0.00603110149896459
B0039,27,1.7608991948479125,1.7515626350998863,-0.007430548514983856,0.018734300773789868,-0.0012292949586832126,-0.008643588518591875,0.005982489254322486,0.0019232016464249982
B0039,28,1.7598362095817717,1.7554948092749076,-0.00487170036195415,0.0064638867554690825,7.283822931609142e-05,0.005686315728642181,0.0009670542335082886,-0.003976994343682336
B0039,29,1.7590955400143164,1.7566849538457545,-0.001997534662584943,-0.011713943626734561,0.015952488650692154,-0.004899462853262305,0.006258063441197152,-0.0011890248461829684
B0039,30,1.7560495443976525,1.7517471363577495,-0.009692985876581633,0.0015334965458185202,0.0004437848274769401,-6.896701955054993e-05,0.013195485395809213,-0.001108405897982639
B0039,31,1.7571677199949287,1.761777384390602,-0.005718190042622643,-0.0034744090236549863,0.00022354561221397232,0.010129258351595593,-0.0038056745148503037,-0.001964194843460578
B0039,32,1.7558911269459976,1.7622210206332345,-0.012368101753445148,0.0004066908616216928,-0.0018973350049020855,0.01154085847104503,0.000556722411771838,-0.0045687287382139745
B0039,33,1.7533419072229914,1.7597785767876497,-0.004478801467206519,0.004624531119824926,-0.003898813282190599,-0.003185526525496325,0.003986377852366629,-0.0034844373264033813
B0039,34,1.7506673845335168,1.7654634069560928,-0.008280967788940864,0.0001925347621200063,0.00197237568084711,-0.0037905362375131053,0.001001006002603929,-0.005890434905679907
B0039,35,1.7510006664162403,1.7519552975146664,-0.00586537847966479,-0.0005373266386604299,0.0011571183638957488,0.003625986893527122,-0.0050939034880396195,0.0057588721864720305
B0039,36,1.7496058853847871,1.7490542561944427,0.007672417452963693,-0.004662456728157688,0.0024065175867984687,-0.009667471557699123,-0.0024722227224871383,0.007274845095122139
B0039,37,1.7477359172183355,1.745401400864683,0.0056703156414452975,0.0031357259586741876,0.0006967744225302834,-0.006901847662367146,0.005204221938817155,-0.005470674008929324
B0039,38,1.7444225468099093,1.7329552680816045,0.021839037289386635,-0.00639730805475934,-0.00034460252002610514,0.009410982060044204,-0.008413731985684245,-0.004627098123568099
B0039,39,1.743308366083936,1.7134911339727104,0.034208356956194806,-0.002455898634768981,-0.002516655456333077,0.0006244851705365171,-0.0058863083708338695,0.005843252383710198
B0039,40,1.6556691733888471,1.6744297834291924,-0.032947005866947585,-0.0013804104382956093,-0.004988624604253971,0.00045048054920744776,0.00846733542997519,0.01163761484233444
B0039,41,1.64297669457593,1.6613944653693171,-0.03199836318073731,0.0001966127641514205,0.0036109278895352656,0.0074937050671583716,0.0035593442318705907,-0.0012799976108155754
B0039,42,1.6343822729361266,1.6109339633040125,-0.023103921628338613,0.012883587811755623,0.009068235132721803,0.0028635885493443532,0.010380461057891973,0.011356358664768175
B0039,43,1.62650670621656,1.5826260702144044,-0.008734913731211576,0.021465792763172682,0.01920357066197455,0.007734412631951182,0.009507648351374,-0.005295874717720638
B0039,44,1.618865991735961,1.5410350158143193,0.02756486044416859,0.031158628096151393,0.009200769023306141,0.00892672665819547,-0.002244395690884273,0.0032243873494042018
B0039,45,1.6114968339209264,1.5054737462905194,0.08907421431939999,0.03192572935511247,0.0034627541121248924,-0.003979773864335149,-0.013370626397550423,-0.0010892099343765068
B0039,46,1.3240805773461226,1.4693285533825313,-0.08499605223963878,-0.01398269875079275,-0.013034085403715636,-0.012202930122004041,-0.006064031609102428,-0.014968177901714473
B0039,47,1.3153386221697692,1.4312375695904604,0.05841971742878114,-0.07599480684561566,-0.03502540804518327,-0.022108144026449266,-0.026217588529430604,-0.014972717391848198
B0040,1,0.6734628137095633,0.43780888325494083,-0.23524304837971327,0.29115613644776284,0.06298978258493812,0.060769352420243165,0.007525985389748425,0.048455722153170754
B0040,2,0.7913062105760345,0.46588438870986826,-0.05883912102213102,0.2803204233564147,0.02197428482412298,0.03981872994656209,0.02429379893043671,0.017853705966731647
B0040,3,0.7865824034601745,0.4949041640636729,-0.01696043742745619,0.25201491417899874,0.009241825795991527,0.02704384922074799,0.010058238749381972,0.01027984901583279
B0040,4,0.7795871426061582,0.527677536371899,0.04483634558427803,0.193281418372069,0.010883956148209716,-0.0062973999991042355,0.005958614964202596,0.00324667130311657
B0040,5,0.7628241523125163,0.5674926175693916,0.08757527520171716,0.1284640843260797,-0.0020851713046293008,-0.013329077798174077,-0.004382793444929261,-0.0009107820947916593
B0040,6,0.7405021514606399,0.6153314297571674,0.13307045515277013,0.04264244349279699,-0.015903290091640616,-0.017591457523682567,-0.009841157661875245,-0.007206271517907435
B0040,7,0.7783970881100656,0.6879989675779941,0.23986902605137347,-0.07162042829173104,-0.01370962297548377,-0.030155177479349645,-0.016441556907173457,-0.017544119726793532
B0040,8,0.7733165409025605,0.7667687893605196,0.276734606039049,-0.1758599654577947,-0.029227780435180237,-0.036776661649825036,-0.00972639847742697,-0.01859604833690885
B0040,9,0.7589575236409498,0.8628094869019074,0.23143197903104162,-0.24468024062123536,-0.035862027314023964,-0.018773272780881672,-0.0196207071931515,-0.01634769423972026
B0040,10,0.7407399462256391,0.9770742277478041,0.12038017116997894,-0.26879227395847183,-0.03536579734780293,-0.019696815348633462,-0.008524563183727029,-0.02433500270657136
B0040,11,0.7446218752617147,1.1056547328268795,-0.06553361222232204,-0.2199855844708759,-0.03138161513692065,-0.018840493081787715,-0.01032081824514783,-0.01497073426201525
B0040,12,0.7149875629820736,1.2262274588615145,-0.3543449795420239,-0.12726570672453935,-0.012909239867810585,-0.011829455705967128,-0.00027695195854486284,-0.004613561928033048
B0040,13,1.7075144448533202,1.3586781921284963,0.3436011837981153,0.01897509139229638,-0.006205811187838668,-0.011553930827252699,0.001697544242466179,0.00232217524431019
B0040,14,1.730880859428193,1.482573246128596,0.1262364931363335,0.10101915460045578,0.0037210293383476874,0.01880018147868262,0.010094442526634119,-0.011563687848651324
B0040,15,1.7328212845233328,1.5713071739710056,-0.045362029948372,0.14914252304460088,0.019036507841948287,0.0041501016065347805,0.015997278230562302,0.018549729708837448
B0040,16,1.7317734323431513,1.6691334285065111,-0.14442909098281873,0.16325055318667567,0.009021485197704605,0.011802017300566731,0.011132811263391601,0.011862227803131963
B0040,17,1.7341296392350067,1.741598687090108,-0.16262513529795664,0.11064532150887935,0.03133128382634549,0.012542447923614503,0.010610934548033643,-0.00997390043251679
B0040,18,1.7334756929990074,1.7667974219794382,-0.144178144359631,0.07418508332607601,0.007405364053056659,0.010658180810383163,0.00240222033015377,0.01620556679117319
B0040,19,1.7243057179457877,1.7891008870224558,-0.10385342948445218,0.01896510187154226,0.004295657365700253,0.010818848993965237,0.00010686430502874412,0.004871787805178745
B0040,20,1.7318975861687205,1.7854890087468007,-0.03892356966093291,-0.020824214767828884,-0.003991093316092366,0.005755265137645867,0.003377574074937695,0.0010146158861753045
B0040,21,1.7333691208377455,1.7794014767745452,-0.004017569578052417,-0.03481314943601537,-0.00654347518558016,-0.004651236783779607,0.001427654298583602,0.002565420679709871
B0040,22,1.732175650153278,1.7738544328925765,0.020275717963251047,-0.029187783068000954,-0.007247700759552746,-0.014874773135698826,-0.005579062593755306,-0.005065181213617194
B0040,23,1.7334832776102866,1.7554804595189357,0.029316129940331313,-0.019164717154140518,-0.012643351635101805,-0.006764743931158826,-0.01243535603384161,-0.0003051431630968339
B0040,24,1.732372495746513,1.7439082722072845,0.02546587254202193,-0.011747978734099702,-0.0056778821558169535,-0.0017447670771664988,-0.00625910542438523,-0.011571915679443146
B0040,25,1.7338175297202416,1.7374503559587637,0.01616215610943041,-0.0027063137295071636,0.0009066417364063898,-0.0047682621580100145,-0.0017660767632756316,-0.011460971501997595
B0040,26,1.7329630786357868,1.719852934477227,0.009177301606628366,0.0011879927648592837,-0.004834292008370366,-0.0020649745715797165,0.0031501807389421378,0.006493935559833696
B0040,27,1.731883908457334,1.723159978412902,-0.0005781183403726049,0.006887645590177688,0.0037266781536839854,-0.0004187610468869612,-0.002432104887480446,0.0015385905072983726
B0040,28,1.7306960059812662,1.7216237212785115,-0.003144040819776637,0.004333981860838832,0.0025457379086148185,0.0028128758196003106,0.004486941524430694,-0.0019632116587078607
B0040,29,1.7296011601947467,1.724839938183033,-0.01193444915258136,0.001633402909051359,0.010649778937385326,-0.004537566921629265,0.0026151190947041113,0.006334937077266365
B0040,30,1.7296187381064656,1.712630232278466,-0.004423685508771586,0.004690285505934659,-0.007656407011062635,0.005758963852766565,0.008287916712631098,0.010331432208980713
B0040,31,1.7307198617163877,1.726129178768589,-0.012984015997724727,0.01302148812483131,0.0006067105507533416,-0.002310302560828158,0.007586112631398858,-0.0013293098683918778
B0040,32,1.729274556175907,1.7297066645398436,0.0024616614602513695,-0.0028481608864735913,0.008052370196606196,-0.0034892836518209203,-0.002945344193650619,-0.0016633513562952069
B0040,33,1.7297962212599596,1.7351307256459725,0.002993562479973666,0.005245663847279315,-0.003393453313906545,-0.0040110868090366385,0.0048206588617862025,-0.010989849519668358
B0040,34,1.7268942069037494,1.7280085492236608,0.016928748869928897,-0.006027005009400991,-0.007995064252053485,-0.0013064719979962048,-0.005101451325482902,0.002386901328163281
B0040,35,1.7272191689306016,1.7408408326102645,0.035264097133004706,-0.022568371390760653,-0.014655619424943464,-0.012164092091933674,-0.00029161912898950946,0.0007939411569591382
B0040,36,1.7285674981160106,1.756541629737177,0.05069606668687912,-0.04900855805031058,-0.009673982287488057,-0.003501787263045253,-0.011482949007104143,-0.005002921767390375
B0040,37,1.726636381605547,1.751009956277009,0.05571308284834755,-0.07508028154118941,-0.020278565837916044,0.009490470197189491,0.007757412286376134,-0.001975692691143958
B0040,38,1.7262424141835069,1.7397973165281582,0.044911983368175215,-0.08346309832060224,-0.00962061366590197,0.020718161524567097,0.005032106544651449,0.008866558137670446
B0040,39,1.72527259276029,1.7295284255831027,0.013718550016663842,-0.06998366920223721,0.022337904661807982,0.016470023647656106,0.018028886229948984,-0.004827528243230622
B0040,40,1.666802687745505,1.686971995810059,-0.10233639718067103,0.009930077189821368,0.027857869905129812,0.023841094779671758,0.010312071115050593,0.010225976072545617
B0040,41,1.666754853762041,1.6209176233948124,-0.16073548074636523,0.10740507184288432,0.040865073392193724,0.026431811162771657,0.021285379292556878,0.010585375369299523
B0040,42,1.6583274448761054,1.541116045500414,-0.206018043256585,0.21656542514536525,0.052340791901245375,0.020765590896535208,0.02696428027428852,0.006593354362781907
B0040,43,1.65032263550715,1.4419390760812645,-0.16230567855613842,0.29411992578957624,0.028862499458460325,0.030184621413150335,0.016702678649753354,0.0008195126207595873
B0040,44,1.6493406341242296,1.3150947855740296,0.026724374615529546,0.25514415485282554,0.03218518895017765,0.013062381036303855,0.004995816084572273,0.002133932960680166
B0040,45,1.641919055037739,1.1781258629698739,0.3636576360139738,0.11780999535481433,0.001297997196964153,-0.017762018520776673,-0.010593704230812706,0.009383286205200615
B0040,46,0.425812451177779,1.0442148848458788,-0.3520762876037131,-0.14420511612221124,-0.033329348535790955,-0.028485913085446034,-0.043379519609389135,-0.01692624849631384
B0040,47,0.5569902643736575,0.8840470599750782,0.38135294672133685,-0.4358657942751029,-0.11874072254262052,-0.07840366228787614,-0.05564454727222743,-0.019755015758143687
B0041,1,0.055620243768194,0.05787972617420345,-0.0029521885387673616,0.003681394552578728,-0.00375311305152158,-0.0027820635521132856,0.0022287924356452385,0.0013176958229027542
B0041,2,0.0556974726122768,0.05428315628362412,-0.0006994346038678708,-0.0021141871521930364,0.00012676866069595086,-0.0010109820884117706,-0.0009989394916980563,0.006111091078843971
B0041,3,0.0558390162918539,0.05951093006512065,-0.00016826942961903563,0.0026598921420759093,-0.002772269633768756,-0.001364934575253772,-0.005257590579883588,0.0032312583778669377
B0041,4,0.056148059974053,0.05560325977404318,0.004345133740949615,-0.001811404905782092,-0.0028313906566680693,0.0016812567036860846,0.002557894913056752,-0.0033966895206179863
B0041,5,0.056470531599139,0.054879640322623935,0.00014669350531206467,0.00142857335327329,-0.003529212687892743,0.010769070018826911,-0.004004488193271851,-0.003219744645191041
B0041,6,0.0440922918408019,0.053912726354253704,-0.007296544293693533,-0.0047019782114835,0.0031603402997480265,0.0008863644917154422,-0.004432264067762622,0.002563647345367617
B0041,7,0.0567719130814178,0.054493153195624144,0.001990528346024325,0.002323455999688467,0.002018152365657354,-0.0007044790800516224,-0.0010500889652112731,-0.0022988087058402394
B0041,8,0.0569383765007572,0.047555103095299645,0.005986858382333467,-0.0025716298574640995,0.001949733228558081,-0.005557711082150049,0.009404978664648237,0.00017104414396763124
B0041,9,0.0444014841131225,0.04850653959726309,-0.003725708466287463,-0.0016961691248585456,0.010313267185648765,-0.010842141212790481,0.0009853343632541635,0.0008603618481663108
B0041,10,0.0446343581849161,0.04642269259148646,0.002073792779456895,-0.000312411659128834,-0.005551954787178631,0.0028823880282377737,-0.0039011206584781077,0.0030209719677411744
B0041,11,0.0447987224365748,0.047959680988101994,-0.005299305425659604,0.004327422583750451,-0.0060314539869746496,0.004880487974672295,-0.000643701230002423,-0.00039440839012984847
B0041,12,0.0467089878078547,0.04696910311791008,0.004395983217769807,-0.004261356690690302,0.0001891376194327881,-0.0005614850119502713,0.0012632747737994791,-0.0012856691416658253
B0041,13,0.0449537153308952,0.04642862463499958,-0.0036413993809091046,0.002390861199989321,0.00018510640800634723,0.0016339855632841874,-0.0013947092169911356,-0.0006487538003357169
B0041,14,0.0452193290195426,0.05004078588595062,-0.006999518503599744,0.0039664605725460355,0.0032618077994612396,-0.00014918258444648346,-0.0019602729330957798,-0.0029407511401850707
B0041,15,0.0454022241469497,0.04564619820488386,0.0009468263390551434,-0.0005794009165068741,0.0005418765044499383,0.00035236644202460584,-0.0003898932480863054,-0.001115749101823792
B0041,16,0.0456790122497417,0.048740309510184376,0.001614053565434216,-0.003981837803391161,0.004424752402066081,0.0021604195101675946,-0.0019183971176604656,-0.005360287740074769
B0041,17,0.0455208025703398,0.043217346112801536,0.0003757005229916036,0.003277616470186521,-0.005430566482913015,-0.0007103090167017545,0.004818774363630793,-2.775932263593824e-05
B0041,18,0.0457285414602425,0.04082519269107737,0.00221512809023999,0.00014393672503873537,-0.004328720885034599,0.0012892798040956967,0.0027672088028320354,0.002816516308966259
B0041,19,0.045860512192502,0.048098263789215,6.871397013851988e-06,0.0007480638573294284,-0.00010808638404800524,-0.00025798363416351346,0.00299528201398928,-0.005621898769891056
B0041,20,0.045983556030275,0.04624568795867695,-0.00022363743115030182,-0.002415764621967463,-0.0003488123999737251,0.004904381429971971,-0.0032716055429258565,0.0010933067145585458
B0041,21,0.046128762966734,0.047911054799091524,0.0048537497414480515,-0.0019412217919400703,0.001171766222653987,-0.0030805740673746137,-0.0016584126271642684,-0.0011275992330982453
B0041,22,0.0463714545530443,0.047642079545917204,0.0007596641388054494,-0.0009120504203886393,0.004773871108134481,-0.0054072902475140365,-0.0003869950898084828,-9.782440527424658e-05
B0041,23,0.0464238542531432,0.05312852341647534,-0.0002974554863276771,-0.000235531647120565,-0.0011669538632789913,0.0015426573234902446,-0.007625544206098043,0.0010781587928184986
B0041,24,0.0465794695305646,0.06302234642483584,-0.0007598482440817849,0.000761306382562852,-0.00690855081893055,-0.0024242341629371437,-0.006937822510771213,-0.00017372746333310765
B0041,25,0.0467260089483965,0.05829378408473179,-0.0028136655967159786,-0.0029878747019699827,-0.0022621115040805783,-0.006901111962748443,0.0011662489374907894,0.002230739768436088
B0041,26,0.0468634724324437,0.07093156641269477,-0.002798800376761713,-0.011852923254313216,-0.002116906362020624,-0.0050364466376731365,0.0035689586473897725,-0.005831975920156039
B0041,27,0.0471230704848885,0.061969550362064973,-0.013357157426989237,-0.011450410720363149,-0.0005740464036582294,0.003676082028484592,0.0020660883084734883,0.004792964413533314
B0041,28,0.047089685801538,0.06156931896012968,-0.016278219656434813,-0.01975012482145917,0.013589890600181112,0.0013188334783996918,0.009540373306271699,-0.002900385988885397
B0041,29,0.0471681699068244,0.037959368018963824,-0.0340994319143564,0.0039006363526503354,0.013553895924663892,0.014922400229547167,0.004984521881878828,0.005946779490123851
B0041,30,0.0474166233958466,0.015989481526512528,-0.03278513146695224,0.028495248273956983,0.012551868247726012,0.010134580404858576,0.006351695802362916,0.006678880683972571
B0041,31,0.0474736581861432,-0.012673611817558217,-0.029410705828896988,0.052487433073437895,0.01114871385933966,0.012983204483192184,0.006329180238940791,0.006609444254265741
B0041,32,0.047671071688296,-0.04736515086149551,-0.014016312739328749,0.07383486370370913,0.01497657170479291,0.005542694105061615,0.012344604478925615,0.002353801373164195
B0041,33,0.0477561486679362,-0.08466308291267932,0.01911146326231703,0.0801198416190863,0.01528374853502563,0.010974408504684159,-0.0018399358985803826,0.00876970563459679
B0041,34,0.0478336905290522,-0.1080760227642969,0.06655249065537892,0.07978052980186713,0.007053810229183804,0.0019081384335444891,-0.006922391244439979,0.00753713549431124
B0041,35,0.0479228171589379,-0.1151712301628543,0.13443762758896527,0.049305108947151316,-0.0019331612367049502,-0.010967119970856063,-0.000868730229543469,-0.00687967770074345
B0041,36,0.0481080249716144,-0.11378126686258239,0.19621137886310167,-0.000633188250945399,-0.012467059221745458,-0.015558253643704919,-0.0029472989409996234,-0.0027162868950750636
B0041,37,0.0480878273582587,-0.07286801529956993,0.2504576206467175,-0.057615566020542,-0.029418790959698113,-0.021318194919270658,-0.010494675972511408,-0.010654550040427818
B0041,38,0.0484226192632661,-0.01033631170311139,0.2622000527861182,-0.11555261835691859,-0.04293211320769621,-0.023078909413409867,-0.014454950771075335,-0.007422529994277656
B0041,39,0.0479864952546282,0.09069231488523416,0.1981917286379774,-0.1548190819497063,-0.03342504466437274,-0.024023055094050345,-0.016456808330257772,-0.012173558153734299
B0041,40,0.0482217520049512,0.20847819808778956,0.06314316714559277,-0.14774205233780108,-0.039306528009072514,-0.019346289022518167,-0.009524984071725277,-0.007479759710905522
B0041,41,0.0478773156676534,0.3570455494912929,-0.15541862793033318,-0.10596635276249165,-0.0176539691499542,-0.017596722439260876,-0.005098517030592166,-0.007434044434520887
B0041,42,0.0482903205557941,0.5214083999864987,-0.432348590217059,-0.019301463213352445,-0.0064839111823900555,-0.0037651940644517724,-0.003886943041544179,-0.007331977635513886
B0041,43,1.2156494086360898,0.67098094749349,0.43454513790440685,0.0824314504721746,0.011965953123436748,0.0024319210813192743,0.014148147714691672,-0.0008541493412632652
B0041,44,1.1476416320946563,0.8218644376999594,0.11656584015509296,0.14591222105276408,0.02366514345610948,0.02204707849924119,0.006756410827359395,0.010830500231689008
B0041,45,1.1194574527298191,0.95877967403455,-0.08475017014429348,0.16003171565212101,0.03691800394005796,0.028228757237122173,0.015249165850059096,0.005000305994140788
B0041,46,1.0841325641850128,1.0727459165401607,-0.22048317558220187,0.14163539876227832,0.04028665085700086,0.036862791607509604,0.01031962904555629,0.0027653527966433186
B0041,47,1.0607784232892656,1.1563278823857503,-0.2801251357503268,0.10650823357077067,0.039257799372600634,0.030188126289548717,0.002443948496883825,0.006177568771258601
B0041,48,1.0170312865626592,1.1955373594226522,-0.29051649374740585,0.050356598108362446,0.024066800863333973,0.02770929158787369,0.0038651622360093467,0.006012567948955871
B0041,49,1.0000374999808574,1.2155542882710697,-0.24408184417013576,-0.010241584605854571,0.024945654364786664,5.529304340512818e-05,0.012288798997858159,0.0015168939406969783
B0041,50,0.991506494786248,1.209966796455461,-0.16661236038205202,-0.056907849176756724,0.004007606900056915,0.004884184289785981,-0.002580805134339964,-0.0012510783030072943
B0041,51,0.9655644425371016,1.1728665506903753,-0.10407343384443939,-0.08999571323509964,-0.0037037917705532177,-0.0052413854059715674,-0.004011154457890821,-0.0002766295705473822
B0041,52,0.9383311962439672,1.1331385807038,-0.06734077818335117,-0.09169448590099398,-0.013814869032857885,-0.015312869828811557,-0.00891450697712949,0.0022701253382472917
B0041,53,0.9298903389240268,1.0933306986548215,-0.01868949911363636,-0.0858734203369914,-0.0226907630874488,-0.020937379165852105,-0.006188095696237608,-0.009061202453781968
B0041,54,0.9072117399448598,1.0399418293420841,-2.6312850399690003e-06,-0.07237221485862333,-0.01758904047068952,-0.03095907740579913,-0.004442089889297449,-0.0073650356057952965
B0041,55,0.9176870676937324,0.9926950824499656,0.041733798959565846,-0.05124353307581926,-0.023132579319964913,-0.019490212309530158,-0.014944890412055278,-0.007930598718820901
B0041,56,0.9157430721963028,0.9523653115892803,0.05322649172406315,-0.034688135291866914,-0.007763136188364302,-0.030082044782929897,-0.007544991943677269,-0.009770423030153725
B0041,57,0.9111662690050432,0.908747506537251,0.053544783916794174,-0.018693362617298325,-0.00785184331494301,-0.0194434987152661,-0.012999709964584084,0.007862393044173938
B0041,58,0.8968901443572698,0.8819295041942173,0.043489146962315726,-0.004908125472856529,-0.0016650349348502642,-0.02128269285052065,-0.003591509917091235,0.0029188562603712546
B0041,59,0.8862133472800153,0.8701867642141045,0.0304349853025468,0.005948808413493261,-0.002875878455695165,-0.011472936185804576,-0.00018992332523431202,-0.005818472796662559
B0041,60,0.8931124136187014,0.8517848339946139,0.027310076736561568,0.011892245838627039,-0.0023863678523714446,0.006800525911446046,-0.004071950115071586,0.001783048990066916
B0041,61,0.880898507091054,0.8433469439161497,0.01533334549584919,0.010869567845396423,0.006183126674667441,0.0076530634988171,-0.003869219300217403,0.0013816788483270285
B0041,62,0.8798879382023741,0.8387867779506162,0.020778575080266457,-4.928323760230147e-05,0.010448741260139583,0.007485910008719779,0.00023467509287892455,0.002202541935519709
B0041,63,0.8682347537115443,0.8437139545736596,0.006094880143000837,0.012684044201567603,-0.0031619009410727415,0.003831364114278105,0.014457575177031843,-0.009385163666119137
B0041,64,0.8443569490395516,0.8389441902391936,-0.016326625798717714,0.006410479909254895,0.002048375197160411,0.007634119728064997,0.0002793426626333456,0.0053670669981686885
B0041,65,0.8657093203148538,0.8376473309381032,0.012065082928972464,-0.003682594557831989,0.002336486280111629,0.012149565473394144,0.0050404223124085375,0.00015302683106940655
B0041,66,0.848696904019178,0.8357401446404691,-0.007311089569080552,0.005247996735967586,-0.003946906817121343,0.010678326852817423,0.008135973604667822,0.00015245846668232924
B0041,67,0.8364948433646345,0.8321076736733986,-0.014977114170006257,-0.004216616682023522,-0.0014680289590210068,0.014955516079426854,0.009733145579462728,0.0003602677413833967
B0042,1,1.7287126633755356,1.734113901185226,-0.008496017277399293,0.007926004006568814,-0.015710226366918715,0.002661514528029101,0.0010321830582309904,0.0071853041368330805
B0042,2,1.7314706281853145,1.7371204657824895,0.002237424719403948,-0.007735641564570687,0.005290044170963192,-0.002569310238158772,0.003884137751612198,-0.0067564925417641945
B0042,3,1.7282350363146088,1.7248769063573814,-0.003718568236856415,0.01464568317778978,-0.013665977926326716,0.004119042514150662,-0.01120522086059267,0.01318317118416189
B0042,4,1.720344742291621,1.7204628040713819,0.0019328778974695721,-0.005575817233423892,0.004379711156668932,-0.008518003322949401,0.006767810808693633,0.0008953588099488533
B0042,5,1.7221734367707635,1.7153010391895318,0.009244089295685461,-0.005806800027489046,0.002389958944097211,0.009141786617765633,-0.0006612041048325722,-0.007435433248074058
B0042,7,1.708669577331945,1.7024721846652446,-0.0019785150199095915,0.007063450452105734,-0.012557466239876856,-0.003209115908941802,0.008240913421882127,0.00863812585919254
B0042,8,1.7036476485918646,1.7075443035479219,-0.0007161915190844899,-0.0045596451998784725,0.0035301183880149943,0.01018664692497651,-0.0032586335107179223,-0.009078950140935533
B0042,9,1.6958375743577971,1.6892912075486872,-0.0018965571682041883,0.0007970922134840755,0.009843892827831723,-0.007293982431759233,-0.003976183054123303,0.009072104321371626
B0042,10,1.6949064846676911,1.688529162670545,0.0017463930583965599,0.004442350540259549,0.004035682128732494,-0.00020619968176679122,-0.005811345001209289,0.0021704408523508466
B0042,11,1.6874768094352457,1.6848034657008366,0.003416746459658242,0.0024260346791639977,-0.004622979618919903,0.0007399522425351201,0.007096406147849624,-0.006382816275253664
B0042,12,1.685989172917945,1.6752542510755193,0.004591084025308522,-0.0014991241946350404,-0.0017439058107071488,0.0023218552878339063,0.00772288687679656,-0.0006578744413452032
B0042,13,1.6782864747774933,1.6661040010608654,0.004494816217530738,-0.002182918314947705,0.0101182518806051,-0.006985456776532434,-0.003076523092133872,0.009814303703976197
B0042,14,1.6739647640901527,1.670977375328658,1.7803477914925288e-05,-0.0044560165464286264,0.007358919519919567,0.006708830837689365,-0.005907694804721929,-0.0007344538204224696
B0042,15,1.6722378801237066,1.6706610968474542,0.006913545876738509,-0.0006140018708411092,-0.008093244666595526,0.010309234533123286,0.002242230653097341,-0.009180981346579879
B0042,16,1.675989790049197,1.6742842870382462,0.00488206642016058,0.0028812235397970678,0.0073329924778526975,-0.012754472949533179,0.0026913566787081776,-0.003327663253853008
B0042,17,1.6618247672847988,1.6656667899321558,-0.0012701814295859157,-0.0007204129514160435,6.204301943806813e-05,0.0007597445334132507,-0.0053756236769427765,0.002702407761838273
B0042,18,1.6606710352566112,1.6683415221668394,-0.0023015895331923732,-0.004748479757316802,0.00044652282572392584,-0.002503924753468612,-0.0025805004892437934,0.004017484701527623
B0042,19,1.6530644874507203,1.6664203501489325,-0.0031912282662093514,-0.007927670514309353,-0.0019504536391419366,0.0006274599175842402,0.00022788831569736873,-0.0011418586065438374
B0042,20,1.649953986270456,1.6644396010125855,-0.020461989346403982,0.006339031927777086,-0.0012031740068193936,-0.0013784641012607765,0.0034549051204614497,-0.0012359244301728023
B0042,21,1.681297805444492,1.6548738556904565,0.005443834376202641,0.009642577546207221,-0.004410884622244382,0.007160204941624702,0.007301223181448773,0.001286994232258529
B0042,22,1.6700520424481298,1.6457874094076388,-0.0018881740905669553,0.005630025638406839,0.007671340992480541,0.007860091477357388,0.0027796245733051426,0.0022117243524946055
B0042,23,1.667181860354792,1.6356226198137136,0.00016665298267623592,0.01208300316206868,0.003695096088543516,0.010477168868740906,0.00044022442002590936,0.004697094922398807
B0042,24,1.6568865613275168,1.6246847360121732,-0.00678576921534845,0.0167630705630946,0.013215928724353886,-0.0030227083502965767,0.011256644844494271,0.0007746586538168822
B0042,25,1.6449819446579936,1.6274014020116367,0.003295100656583458,0.01515803871319591,0.009768489186202928,-0.00375531836870174,-0.0028871349288193543,-0.003998632705719431
B0042,26,1.639214585000014,1.621976099023575,0.012191519774326948,0.023049291339935614,-0.006365609734467617,-0.006818241978966067,-0.004192233094440503,-0.000626240422782542
B0042,27,1.6410599890208055,1.6254412757681689,0.03336801503389259,0.013532254810471364,-0.009511797548438927,-0.008883473113636473,-0.01823604795105038,0.005349761928315195
B0042,28,1.643269651219848,1.6559074321603475,0.057441280081638825,-0.004532306182175297,-0.023101570190482066,-0.02346119736411097,0.0008567271213874629,-0.01984071450014015
B0042,29,1.6298673102402297,1.6698728508379936,0.0645677173610424,-0.047804254298292104,-0.0254330135058899,-0.016398618094297476,-0.015138851239635823,0.00020147908774301035
B0042,30,1.6238536344658807,1.7182334017336784,0.06697410581877064,-0.09194622674972144,-0.022367299943476856,-0.021406312332944603,-0.008515763657272048,-0.017118270493904165
B0042,31,1.6186308887044174,1.7534950720396318,0.05482184837002298,-0.12696420521935195,-0.022199902758570023,-0.018195481803068153,-0.016287443897663706,-0.006038998116626118
B0042,32,1.6193418112441196,1.788264525501229,0.024172303521515868,-0.1589234054993589,-0.016274558522780955,-0.00826798609286022,-0.01099405310831542,0.0013649853545513316
B0042,33,1.614593271326993,1.8181315778028175,-0.03809734312934432,-0.14849477890027415,-0.008001383711904538,-0.009595219919186139,0.0016873836873330843,-0.0010369645919438245
B0042,34,1.6072040891927848,1.8294727333198137,-0.1339301589506437,-0.11240665656852776,0.012821450538801127,0.004020608042069532,0.0015367858832572394,0.005689326839521112
B0042,35,1.6012663590062357,1.7961328601815114,-0.22498987706980575,-0.04643790233925239,0.024695540200814634,0.020688987541263793,0.01224593602957654,0.018930814374438693
B0042,36,1.594040741063104,1.750493765580917,-0.3258234839620202,0.06385849239239196,0.05030318885248101,0.021770083580071663,0.011140977624222644,0.022297716908330878
B0042,37,1.5946888289374477,1.6583726625826092,-0.36162763561026245,0.17812309832236117,0.03994760141169045,0.04332074376612645,0.021151411143573967,0.01540094723455174
B0042,38,1.5882100957302596,1.522554548195017,-0.3121273313355364,0.2519478401879101,0.046769144029498985,0.03200146511181957,0.02426874248570753,0.022795686969924255
B0042,39,1.587985558077698,1.352424956875438,-0.13893584348536847,0.2531678754868312,0.05430654740375719,0.03161316364742218,0.017865839965736093,0.01754301809799324
B0042,40,1.5799165406650344,1.1537412052893798,0.1525270144569147,0.19518072846755352,0.03168503688374884,0.019039939784455645,0.012514579782415146,0.015228035915772261
B0042,41,1.5655946193652834,0.9449729151743711,0.5216508906177417,0.07437329152264104,0.007685183109203933,0.010816380996036623,0.0008461212658677577,0.00524983659656834
B0042,42,0.0707012773734017,0.7223549757156168,-0.5196374894294833,-0.09681444975851866,-0.00941799943779852,-0.01933567183211439,-0.006224634950184402,-0.00022345281431698877
B0042,43,0.0841687853013907,0.5109910351488178,-0.12590601973161075,-0.21909001536987172,-0.03273775551832571,-0.01837363316478538,-0.013428753726354976,-0.017286072218505567
B0042,44,0.0844378562146582,0.3233592271280693,0.1404616737009624,-0.2575309377265258,-0.050283777643065464,-0.03857822840268004,-0.010087860738346065,-0.022902239985819528
B0042,45,0.0847891906059033,0.1542423615419627,0.28882215847402815,-0.23384423265653131,-0.05635991267270566,-0.024688878811135875,-0.02247127678336026,-0.020911028368465544
B0042,46,0.0933425818344258,0.029529063635977293,0.33697274776850256,-0.15231558234918247,-0.05607115761122936,-0.02176925185552913,-0.022971194172523638,-0.020032043464859844
B0042,47,0.1060318013139778,-0.05280833865052914,0.30441556537290243,-0.07032453144921968,-0.02782238726524842,-0.018692420443934543,-0.013063027074248413,-0.01567305906073495
B0042,48,0.106505866207118,-0.09204069683239857,0.2172944711282273,0.039660363249925515,-0.01762406372981523,-0.011657702126567445,-0.014364773543050527,-0.014761731824258228
B0042,49,0.0943911158551295,-0.10446535303636684,0.10735900014117777,0.10770967958230786,-0.003613974948645133,-0.0013536611027534515,-0.00016349466199715987,-0.011081080002006563
B0042,50,0.0945059592738711,-0.0939938033105765,0.02520925727446669,0.14636852086339294,0.006532728421504508,0.001888604484377166,0.005126778191799821,0.003373873465478198
B0042,51,0.0821145610821562,-0.05989050326628331,-0.05073539906314689,0.1574602233176743,0.016314135642955873,0.00503243177494854,0.004842124453734347,0.00909154834052498
B0042,52,0.0951847063194674,-0.01796521063339107,-0.05780929994172827,0.12170063274092285,0.022007803304843004,0.014759127473716134,0.011232434782293816,0.0012592187092906612
B0042,53,0.0953912999865905,0.01635572448310385,-0.05522184648534977,0.06284623960073085,0.03384590315329853,0.011500773906743896,0.008029230132458043,0.01803527531205678
B0042,54,0.0828966456585456,0.06101750067518019,-0.046661004434795574,0.01285983951143674,0.024586498307225955,0.01959254230691407,0.011227183916238496,0.0002740854944912171
B0042,55,0.083431990364526,0.08102438041206439,-0.040224860842108856,-0.004803160702771234,0.02103106297536091,0.0157141938583428,0.007647689805875498,0.0030426849758352745
B0042,56,0.0962477215649569,0.10662876681339484,-0.01680549207554131,-0.01562292521154922,0.005987690718114784,0.01446171914058839,-0.0042000502772875994,0.005798012573572743
B0042,57,0.0871279249656989,0.10548982100427262,-0.00965612524907493,-0.02391477127048842,0.0070867430603401655,-0.005643157060109262,0.0050842377080825,0.008681176890248023
B0042,58,0.0968191218275757,0.11461660468295298,0.005058179867797816,-0.018908173558488107,0.004209701205267024,-0.004119003775767313,-0.0015941388913542048,-0.002444047586574555
B0042,59,0.084400548913451,0.10559957286431587,-0.005964004578519896,-0.006180353140101806,-0.007883125651625614,0.00013632580303059912,-0.009116311832128951,0.007808445566422426
B0042,60,0.0977012171667452,0.09676537975380384,0.016589324769767412,-0.014758349435893773,0.0013281352066461753,-0.004775012592826515,0.008839460341688917,-0.0062877207603022674
B0042,61,0.0851742647657266,0.0910926463040358,-0.0036515642624770604,0.004679230346539449,-0.011589683866002351,0.00817808040188298,-0.004263444372123607,0.0007290003317080908
B0042,62,0.0847199354487912,0.07897613280266536,-0.0038633027348178566,0.007546459384955773,-0.004813536863530876,-0.0006223814410257757,0.0013996273645638315,0.0060969370538789345
B0042,63,0.0854883696989364,0.08065242301998765,-0.0011020783164184082,0.0035032279404725313,0.004407834099731655,0.0013233577711770695,-0.007205734654507716,0.00390933995628753
B0042,64,0.085777499334335,0.07287766613033031,0.003468047408873001,0.0017998550232160516,-0.0016485871541755414,0.0027204606214958314,0.0029658740365563927,0.0035941833857938703
B0042,65,0.0859555325524583,0.08425849887965875,-0.002983273920241873,0.009036380226727756,0.0016540314767016643,-0.007180911976887796,0.0031298993469296155,-0.0019590913626989985
B0042,66,0.0861479697965832,0.07683022896698288,0.001469546921862697,0.0060323088363726084,-0.004274567872273862,0.0077765135739991656,-0.004939870102559223,0.003253809589903826
B0042,67,0.0865245080899333,0.08465102662145141,-0.0016983722908439978,0.005668411954453947,-0.0019362396373934182,0.0031298290389172863,0.0010787742739794804,-0.004368921752977734
B0042,68,0.0867603642868573,0.09346600862065002,0.003639902764568869,0.004954629167839753,-0.004664390230430719,-0.0035968553137436434,-0.0020516095540274656,-0.004987321050377673
B0042,69,0.0866202538937107,0.10267135255243287,0.0021741719104542588,-0.006587066819505833,0.0036143031397181313,-0.0060852907006823395,-0.0067097524282168615,-0.0024574636428487703
B0042,70,0.0869802394927499,0.10878081331331413,0.004782385442400862,-0.007163543079023892,-0.00965460318286845,-0.006416051506821441,-0.001184512419093526,-0.002164248957565885
B0042,71,0.0738778711347396,0.12229245564024716,-0.009563528736720641,-0.018972929901313162,-0.0076611267460646604,-0.008772272596943072,0.002801319180805076,-0.006246045585902873
B0042,72,0.0877586570223188,0.1189526058618432,0.0005699646358945465,-0.03896788579600612,-9.082940667618286e-05,0.009193991358179306,0.0021488770748744777,-0.004048066588304015
B0042,73,0.0879057630027299,0.10704762299990211,-0.01874431424275812,-0.03096020017652961,0.012093480856691933,0.007068254392119623,0.0054925577193275996,0.0059083615714427325
B0042,74,0.0880878488220017,0.09977422618303611,-0.03134998948683304,-0.024892876731772685,0.025721560095088834,0.014968206142534855,0.004190652828339164,-0.0003239300909497762
B0042,75,0.0883425026815871,0.06513549249676653,-0.04471313614301684,0.014179114051177562,0.02554447216519034,0.012166703183350723,0.013279557305168584,0.0027502997403574363
B0042,76,0.0746305533274507,0.02524322611055163,-0.08048799598265273,0.07324556968588361,0.014242084540356496,0.015333937801480029,0.015174715667950606,0.011879015623147082
B0042,77,0.0748569866512269,-0.014097063564960766,-0.07157299258745743,0.1152172465554879,0.017042719306912802,0.014169177901827546,0.006406279859867821,0.007691619298784223
B0042,78,0.0752757364314176,-0.061285487256913296,-0.029514974236787846,0.12654497406345358,0.00973194516494895,0.012869557065632739,0.006704082979159092,0.010225638771102781
B0042,79,0.0753235186048872,-0.09513893173331778,0.02486994964816032,0.123608614114136,0.013499994270878992,-0.003770968050669639,0.012528806493838652,-0.0002739460189673766
B0042,80,0.0755376530236719,-0.11272827754678238,0.1086432564709303,0.092702362445264,-7.925787225586464e-06,-0.006899959216384649,-0.006860918306565418,0.0006891150835787593
B0042,81,0.0758428560612825,-0.10216206941266037,0.20597042739691984,0.02332719084544681,-0.018340020041169688,-0.016404541171655938,-0.005493460063132596,-0.011054671373363703
B0042,82,0.0759921803489148,-0.07479365656717363,0.28777092781237024,-0.059588084856667924,-0.0308229871460563,-0.02399770923482523,-0.011367185580169473,-0.011209123959481333
B0042,83,0.0762165260959199,-0.006713209283445765,0.31601731434041486,-0.14644817541618677,-0.031790795209757736,-0.028830017164826395,-0.018594174746046584,-0.007424416305180632
B0042,84,0.0621692314155252,0.11310292798597266,0.26254264146566414,-0.2017341085676686,-0.05576513624693135,-0.025444161039052473,-0.02179070294825711,-0.008742229113246538
B0042,85,0.0759822277461493,0.2644809485048625,0.13022940692454002,-0.2209580933809827,-0.041080188360627844,-0.032680397999822315,-0.018612810973547198,-0.005396636849190452
B0042,86,0.0622701354894356,0.4523750847631638,-0.13994779020798082,-0.1782695823505809,-0.031454491155946604,-0.01957792988172833,-0.013531267407499768,-0.007323888149049995
B0042,87,0.0625944660879844,0.6479539738175469,-0.4830651335043107,-0.07302831746508993,-0.016320905484566717,-0.01261845624662993,0.002402023659547755,-0.0027287185676153802
B0042,88,1.4377344766079456,0.8597943448651136,0.4822021535944496,0.06869630259498155,0.015585847637102149,0.003752368146797329,0.011117100700648952,-0.0034136409966674685
B0042,89,1.5246019289244055,1.0601989361330952,0.209915425573389,0.17481032527703924,0.03252636933885985,0.024063407221907678,0.008639446669548415,0.014448018633270297
B0042,90,1.5215273965539478,1.2583099874004848,-0.054472750280606434,0.21564496785062306,0.049325784222154515,0.031450967991484696,0.013422336882075088,0.00784610241085296
B0042,91,1.5155323631175952,1.4148389894264455,-0.22638191734995158,0.2037886481681151,0.061721255295188085,0.028110021811665237,0.018967730737513285,0.01448763495255333
B0042,92,1.5044249661534554,1.5495219787311427,-0.2980460455952279,0.15231023716751504,0.04980767651105627,0.029197395285564906,0.01803686872472591,0.0035968552541178474
B0042,93,1.5001507149498807,1.629267879312188,-0.2709593115643215,0.051756613119213805,0.04121648164992994,0.02235442187614958,0.01589425103865924,0.01062037944408048
B0042,94,1.489011227320312,1.6756303515138613,-0.21171122160871794,-0.026291065411842313,0.009681368252952622,0.014918755623110128,0.01897580424950765,0.0078072346289692
B0042,95,1.4810149357562843,1.6877189801824237,-0.1330156775979016,-0.09187316646761569,0.003362555101085353,0.0073363321487868146,0.008125848311838886,-0.0006399359937203265
B0042,96,1.476262027748574,1.6703227018054814,-0.05214375382270763,-0.1197969625920269,-0.023047469141229616,0.003829343474128995,-0.00420392238283405,0.001302090337019139
B0042,97,1.466255102543896,1.6367654396892894,0.006638426872540934,-0.1388733173025242,-0.019865854121039528,-0.008474350336327907,-0.010349432070118429,0.0004141897426895059
B0042,98,1.459328259381702,1.5977376473532874,0.04234682251201281,-0.11720761255919242,-0.03413433223864158,-0.01324713082804255,-0.008937484955685197,-0.0072296499704837406
B0042,99,1.445704157754381,1.5520171069762343,0.037701579842595104,-0.06886602433095994,-0.03476152157269928,-0.014984383523255485,-0.0174427560816046,-0.007959843622529491
B0042,100,1.4400686089389023,1.502942983897099,0.039995063728061664,-0.02660271568897482,-0.0353445782029381,-0.021854007523581076,-0.005777300569278158,-0.01329083676732233
B0042,101,1.4290313659547842,1.463424383532816,0.038434903567311524,0.0007851788718382368,-0.03658017240720578,-0.016797069650091877,-0.004476521491518629,-0.01575933653270538
B0042,102,1.414172188151386,1.426841853308002,0.02470019494188298,0.01760242078524538,-0.03507184860936512,-0.005074735290474129,-0.008512475916259423,-0.0063132211299714
B0042,103,1.415603079129078,1.3995809171500566,0.02713498681535328,0.021705038251590054,-0.014692093166187612,-0.0005672343429454415,-0.014426798676856388,-0.003131736964452187
B0042,104,1.3994410223300702,1.3839409746791795,0.006874876672298114,0.02938467346521404,-0.005961596487085062,-0.007218977477680526,0.0004583189140986363,-0.008037247496283371
B0042,105,1.395963528579491,1.3758398401581278,-0.00032985766147769876,0.02274055812250679,0.0012484931670389027,0.009584534816421264,-0.0032272694761763293,-0.00989277060680709
B0042,106,1.3929784652630588,1.3549336790973852,0.009244651184319937,0.012767200310074391,0.0022517047899967787,0.013744135223744729,-0.008956253419876018,0.008993348017961358
B0042,107,1.3740772023800918,1.349179976973375,0.0050381675038229075,0.009838256190057518,0.003319549040881639,-0.0022399519561867296,0.0005461073296493468,0.00839509724160175
B0042,108,1.3752493030002435,1.3564530763378797,0.01546280250610804,0.007873634669287772,-0.003867196869264771,-0.002382372844300565,0.0013174306035389977,0.00039192853994496037
B0042,109,1.3671966130854505,1.349797732497888,-0.004076677697171386,0.012570677286185376,0.008764330590553171,-0.0009465156426619406,-0.005761187458792039,0.00684825345349161
B0042,110,1.356887600783644,1.3524629256453986,-0.0007966269920313329,0.0072865989433117725,0.0035498246094694385,0.0015565894907356656,-0.008849021916627453,0.001677310948827063
B0042,111,1.3449320225969348,1.3476247058061759,-0.01149836262635509,0.008078318752852696,0.00930534526736892,0.0003275630513722181,-0.010304622373478265,0.0013990746660589638
B0042,112,1.3374691704584258,1.3457507296769502,-0.003252714214395674,-0.0043594476487620595,0.016344005206188214,-0.011325412444777012,-0.012369233880924623,0.006681243712219324
B0043,1,1.713782642126885,1.6913406496688528,0.002885556871629611,0.013936812522206403,0.0031699737637872014,0.0008728203247652769,-0.0030797734115570624,0.004656602276431711
B0043,2,1.6955681658647108,1.6850384621665757,0.0026101824486502155,-9.285764308433018e-05,0.000883508952552684,0.0035511382045551963,9.47544311563073e-05,0.003482977196064803
B0043,3,1.6814906372051954,1.6803071148512827,-0.006700489081624904,0.00013553824743047107,0.0062340345045329305,-0.006937055301615288,0.006212824891382717,0.0022386689875210112
B0043,4,1.6786372409532953,1.6814309202945474,0.004184447303695313,-0.0087883260354528,0.005376695340656601,0.0011644563550156928,-0.00044988853956508837,-0.004281063871491353
B0043,5,1.6694168550864992,1.6678472545666416,0.002471506538242856,0.002130794442521051,-0.008838214521504498,0.00465932327723188,-0.004947110946404494,0.006093301625161263
B0043,7,1.6611938521224778,1.6608199089459887,0.0039047233994761988,-0.005623516225993191,-0.0021702388648715,0.006235184579058014,-0.0033826994769035833,0.0014104896622554614
B0043,8,1.6506423382064332,1.6498117088231927,-0.004719536122044228,0.003905228555316264,0.0015248995242699015,-0.005673227557657467,0.007000698638907096,-0.001207433757553692
B0043,9,1.6424273190907783,1.6459920532520451,-0.000998788444559992,-0.0071153153832806265,0.0023022698742524166,-0.0016886813886060623,0.008506641699904739,-0.0045708606198397355
B0043,10,1.6353664801041328,1.6355120370797593,-0.00018964359099767468,0.0006497096521847137,-0.0026474568050304102,0.007073111533252121,-0.005224728036184724,0.00019345017126750296
B0043,11,1.633232875930849,1.6264472699281203,-0.0006985702524298813,0.0061039797598118365,0.0033079749399930977,-0.004879026340319224,0.0034515390155404582,-0.0005002912194531951
B0043,12,1.6258840554387932,1.6220770180730408,0.0038008988988303643,-0.005391965597649548,0.007090983938313272,-0.00607490617689603,0.00173981367929512,0.0026422125252939235
B0043,13,1.617976174654771,1.6104011747892653,-0.0015681328620965297,0.003914138955575187,-0.008510770118567995,0.011186400386758612,-0.00032939186542869697,0.0028827552717976333
B0043,14,1.6136652707273988,1.6113941677360086,1.1739150690223517e-06,0.0017166521041047183,0.0012052249025595707,0.0007314600525265543,0.001082781350166058,-0.002466189429904777
B0043,15,1.605821026619692,1.6094171264305677,0.0032669531202579242,0.00044071124362770714,-0.005331908396856114,0.005718157294095836,-0.009728235257633862,0.0020382220898529815
B0043,16,1.6033527961961531,1.607923620195253,0.0022275143068208087,0.0006208852062779402,0.0016857138431830565,-0.0032305652176534087,0.0014183889311927852,-0.0072927611643582285
B0043,17,1.5951342406182645,1.6013978537806517,-0.0010874054896797816,0.0005683507999747272,-0.0027703216153621064,-0.0007150452444589991,-0.0010529691305975648,-0.0012062225765595964
B0043,18,1.5878135544728509,1.5966712273380868,0.0032404180541507894,-0.008050633916310845,-9.473578387418249e-05,1.8700190717686236e-05,-0.004382727536898077,0.000411306033699091
B0043,19,1.5800601969084245,1.5912063444810065,-0.009962685072938906,0.0039648739009269865,-0.00014780434170183883,-0.0010631303712087226,-0.002660451818044168,-0.0012769499618186452
B0043,20,1.575565087879128,1.5863288701547276,-0.007330469367665869,-0.004356484317148119,0.006760700357569148,0.00043142610866779855,-0.001387492938742459,-0.004881462209859205
B0043,21,1.5950169012164208,1.5712502757833233,0.012865262288467263,0.011153039404917214,-0.0044234420595959025,-0.0007986947983361609,0.005450007198160695,-0.0004795466947954812
B0043,22,1.5898075522577595,1.5583481470268814,0.010295560295264775,-0.000728354176198463,0.0035850843100822464,0.009115551306214553,0.002754158386880743,0.006437405015077717
B0043,23,1.5807953202097411,1.5531841680140452,8.288151095863264e-05,0.00576953281551178,0.011865507575184613,0.006910110575378467,0.007273989223068398,-0.004290869596711451
B0043,24,1.5704333289187615,1.5469849678644767,-0.0043108426680117,0.014335226142286092,0.006279179149324296,0.0030512144171520477,0.007412629828326504,-0.0033190459056588887
B0043,25,1.5643368431897875,1.5432848222423077,-0.002202820692561483,0.019991449930170442,0.008081856563871188,-0.0017006507264861754,-0.00320815850789158,9.034429035722206e-05
B0043,26,1.558307017802491,1.548373339053554,0.004045597152808873,0.02351364527355095,-0.002010149015282715,0.0008605788480684357,-0.008399030762431937,-0.008076962836959722
B0043,27,1.5537149289772467,1.5548786481486716,0.016683764550132665,0.014903108426046642,-0.006766023088208277,-0.01086651067145232,-0.009055649799435366,-0.006062408677053703
B0043,28,1.549528250585513,1.5712693627992218,0.036715428146735556,-0.004882495745451014,-0.020734409182379662,-0.017042121614891475,-0.002402923181833426,-0.013394590723852956
B0043,29,1.5424430535161062,1.5913274174424459,0.05257349689543212,-0.046871888807366556,-0.0114764903382145,-0.021341178500486273,-0.015752271996177344,-0.006016031266507703
B0043,30,1.54256227031715,1.6247987310632301,0.06841368919043701,-0.08174572666196406,-0.030045891683981363,-0.022842370390004304,-0.0017832928587834225,-0.014232868428780954
B0043,31,1.5309356452520158,1.664196425945236,0.05346602835319847,-0.11648318645379849,-0.03345383259275922,-0.011024231045618046,-0.014742917039852182,-0.011022641999773436
B0043,32,1.5247733176952427,1.6884737925493596,0.010379574828985313,-0.13006038181081261,-0.017126834290081813,-0.012819227841067357,-0.012125389688308317,-0.0019482161373595402
B0043,33,1.5196742408779502,1.7119685535003701,-0.05392245910074443,-0.11719950793385754,-0.014612236880868908,-0.0012785132289189242,-0.0012582976902672464,-0.004023297871582062
B0043,34,1.5123696925788683,1.717201563242593,-0.12907248735524318,-0.08685199368524925,0.003451825141359592,-0.004435195308096086,0.010841161461158629,0.0012348189995404527
B0043,35,1.499914486202397,1.7011954297649192,-0.23836245297100195,-0.0005277832147103403,0.011298896488982276,0.0133563886302442,0.01419222100003258,-0.0012382135771448809
B0043,36,1.492410627118825,1.6432809533734432,-0.31076852794210946,0.08359005592020773,0.025605544544166695,0.02297931465898804,0.01345503434538872,0.014268252138706217
B0043,37,1.492624987952706,1.5468827329143484,-0.33569756113971416,0.16682743271642697,0.04001168998628686,0.04243718051375881,0.013290277791200553,0.018873235090334534
B0043,38,1.4924024018806028,1.4206360712163018,-0.27711126395207103,0.21940405052546544,0.05752021910209879,0.030404409310618143,0.02742111024300183,0.014127805355154907
B0043,39,1.4853020201751674,1.2583557170816886,-0.11972880770122789,0.23333960715221078,0.05655862503000144,0.02898741582125794,0.016125190424552696,0.01166427228763685
B0043,40,1.477208127101587,1.0668587127963636,0.14713939455005,0.1834976974766419,0.03057636097725796,0.02374804282055115,0.01004215116901728,0.01534576723378181
B0043,41,1.4694738525181406,0.8656083599681713,0.5006878091216347,0.0719683040447102,0.018397618772793174,0.0011052305708108287,0.006622428495374869,0.005084101467795878
B0043,42,0.0570343910426537,0.6516419193079053,-0.4979762242442105,-0.07383595390598195,-0.01354807539058005,-0.003840528668696591,-0.012390194416263255,0.006983448479732322
B0043,43,0.0571536334895882,0.46299154470170456,-0.13907667839891033,-0.18549390018029138,-0.03108909999339067,-0.024360686216025648,-0.009988309075373155,-0.015829237228890198
B0043,44,0.0572936600593766,0.2738935257881765,0.13168952489222946,-0.2375244920193497,-0.04718563408278328,-0.02465711437092484,-0.020730164127293945,-0.018191985901462166
B0043,45,0.0574420318527805,0.11576429718934433,0.2851994977797051,-0.223192747411116,-0.0572376952186798,-0.035501688648376245,-0.016638512857817707,-0.010951118861084415
B0043,46,0.0671306210772112,0.003772352525235112,0.3307055857585786,-0.15139029870743229,-0.05174433114616873,-0.028902201287507034,-0.02074098341029835,-0.014569502537346493
B0043,47,0.0671478192023473,-0.08334213433167692,0.2858214131675847,-0.05888251704353658,-0.029000839690646638,-0.022918732415201166,-0.02000161609987744,-0.004527754266451048
B0043,48,0.0673200121169029,-0.11891294293217558,0.2025586920975116,0.02817728636570178,-0.012487503990846352,-0.014624102513735589,-0.009370944481438987,-0.008020472310290674
B0043,49,0.0678403805161331,-0.12997905151774236,0.10656876580208743,0.10199740527488081,0.0007728478646577192,-0.0033729216362616593,-0.005591814833443982,-0.002554850320293792
B0043,50,0.0679960492721063,-0.1162774997459688,0.030834993164176427,0.12822878577269986,0.01649638043287708,0.002880106337705084,0.00805689829522167,-0.00222361486687549
B0043,51,0.0682801114788655,-0.08104619041301309,-0.02992820448087192,0.14186112493673284,0.01819367772829406,0.010995785421723654,0.010210139393967414,-0.0020062209902774854
B0043,52,0.0684463294312597,-0.05243500223875108,-0.04334546848117431,0.11317017515632724,0.013204474107589521,0.01484463663147822,0.01176887596863759,0.01123863840481952
B0043,53,0.0685136191478808,-0.005020087162585507,-0.05444082970821106,0.07230931511310458,0.02585420931674759,0.02007115117532492,0.006562892983614048,0.0031769675475437297
B0043,54,0.0688740243561668,0.03664701939227577,-0.028198729603193157,0.009177712665896176,0.03390782315636389,0.007740257813175323,0.006952384443859169,0.0026475566053970434
B0043,55,0.0565443893216957,0.06399827119947654,-0.03359240062093354,-0.007635093684366596,0.012524153455397834,0.011503012520585935,0.0031636743564064334,0.006582772214448567
B0043,56,0.0691835316418984,0.07818149787872142,-0.013280484005166569,-0.02053776923272609,0.0012819295408086624,0.013463986096382916,0.0015403063383846128,0.008534065143057972
B0043,57,0.0591220864554366,0.10012343972753668,-0.021816681843531412,-0.019288481549281165,0.0003028174911148435,0.0017666936652358457,0.00655889830534524,-0.008524599222021943
B0043,58,0.0695612008414022,0.09544122108449982,0.0038168554328894782,-0.025087016240761942,0.0018265642821425482,-0.006306051505199223,0.0008363301176296826,-0.000966702212285849
B0043,59,0.0701789780437661,0.08869210876085665,0.004326102098170344,-0.013683738445971405,-0.009871683549670648,0.0010683302926179975,0.0025685486150033823,-0.0029206896098138376
B0043,60,0.0702814818386252,0.08419802748071903,0.00444826684411124,-0.0009280840868983464,-0.0042810995724157745,-0.012339574421481515,0.00011157337831359369,-0.0009276276663107085
B0043,61,0.0578736420287837,0.07384673546247422,-0.003938080150976168,-0.0031756956151587266,-0.008205961371550045,0.0031401487330886256,0.0007706059858779997,-0.004564110895837203
B0043,62,0.0705661855429337,0.06432848984610595,0.001988617309054925,0.0057836638106237214,0.0024499643127312296,0.0016832313321866086,-0.004654629976397268,-0.0010131509739986725
B0043,63,0.057989410208958,0.05785377214087051,-0.001394131941436488,0.0021359673959891828,-0.003563514015330511,-0.0028161127814525766,0.005569233933341381,0.00020419559609539224
B0043,64,0.0712926644680078,0.05459697379091433,0.016049393890089816,-0.006354746921997822,0.004435381540907372,0.0009482651463169976,-0.00294639876312978,0.004563795902178935
B0043,65,0.0714654655766428,0.05652193441352871,-0.0028903993427050138,0.012088877184219813,0.0022713502634914835,0.0025396124992622627,-0.002655566862397931,0.0035896575384912976
B0043,66,0.0716254973792324,0.06397636735936751,0.012359435527977148,-0.0008027269055588834,-0.008955279474318647,0.004729275812944931,0.0021799494098753377,-0.0018615242338295684
B0043,67,0.0719259635627201,0.07538289499058726,0.014330511119538888,-0.011194102926264672,0.005485548841214371,-0.0020427868299041415,-0.007316439888082334,-0.0027196616271854056
B0043,68,0.0588400951113647,0.08214371852623448,-0.0051704506704217555,-0.011460571392966433,-0.005119007244146479,0.0036745084193647286,0.002863917321013374,-0.008092019728712648
B0043,69,0.0721385348010396,0.08635009935750593,0.005887846166204123,-0.010602238178561048,-0.0049391988212484,-0.0046541725889457305,-0.002379877784795847,0.0024760767680351405
B0043,70,0.0723183571187791,0.09388369542686659,0.0030608887396466593,-0.022490045768233956,-2.9902448390349826e-05,-0.0032202289231293897,-0.0026826994965895266,0.0037966497057384018
B0043,71,0.0593817062666809,0.0972757239636064,-0.025672025296313766,-0.011624596984510146,-0.002147653794947826,0.0032855521712113235,-0.0014047521679106973,-0.0003305415055288574
B0043,72,0.0729448848562527,0.09592558473417367,-0.015304637231113275,-0.017595220123757267,0.006400353924518569,-0.0009828953685551193,0.009660136704916595,-0.005158437666887911
B0043,73,0.0730691773407958,0.07781462623957647,-0.029719907870280938,-0.012254520808850915,0.01924851532817102,0.005515621161693957,0.006804035587984397,0.005660807819526988
B0043,74,0.0731705412812827,0.051839704678845466,-0.04538728195046748,0.02163382432578812,0.010154033810953894,0.016435163627270405,0.008801367091794774,0.009693729814108556
B0043,75,0.0734743029330489,0.02507856397540953,-0.047617460985419253,0.048920002820348356,0.019589886913941937,0.013676142730973612,0.008836792828444868,0.0049903747663188084
B0043,76,0.0601069759183187,-0.015431700315511554,-0.06322364675530372,0.08443416997262684,0.023978463285917948,0.019890291869625768,0.0035378311763222766,0.006921566803465853
B0043,77,0.0738316250995573,-0.05585468450722142,-0.033636466894273014,0.12367257702129754,0.01769676397336747,0.010562805452820822,0.002806826757068841,0.008583803413416522
B0043,78,0.0604952153074282,-0.09302057346531112,-0.017403969173904483,0.1521211965688106,0.010244117597614606,0.0006307097378800917,0.004586915792550564,0.0033368183685588957
B0043,79,0.0606040102376181,-0.12492080488048107,0.0521913522729892,0.13084785498209867,-0.001142656171300153,0.00016161781006214214,0.0016802311730190886,0.0017864151699860044
B0043,80,0.0607343843223521,-0.12522494233197268,0.13301753195256782,0.09678009916244612,-0.013891771538646895,-0.011822926062057102,-0.0021168149609826397,-0.01600679178026483
B0043,81,0.0609965304823779,-0.12099037353869635,0.22363121298015573,0.029440906401472317,-0.03386259793074638,-0.010851636666231188,-0.018883371103018468,-0.007487609541856694
B0043,82,0.0611304592598731,-0.06960879273781528,0.3115719015142968,-0.08062507061879479,-0.0415477257593357,-0.02562469132197765,-0.01825115037405272,-0.014784011323764659
B0043,83,0.0612912441098759,0.018039017722569994,0.33436756140697516,-0.1722858478668084,-0.04234841657496653,-0.031388878905504555,-0.02349235975488712,-0.0215998317988423
B0043,84,0.0613032906580409,0.13492414378731854,0.2781110684288466,-0.22399929522016698,-0.057867294463306296,-0.03300197731791804,-0.019256475737388312,-0.01760687870068587
B0043,85,0.0611516615740909,0.29329536659521094,0.12181116978711007,-0.24636506550965648,-0.04689590854858554,-0.023658022663700175,-0.01988147439302596,-0.017154403574582134
B0043,86,0.0614053871920573,0.4729461517878239,-0.1499931003011556,-0.19355504135635257,-0.03593228916944651,-0.00390637840036364,-0.014685752671293337,-0.013468202578510382
B0043,87,0.0617578076594285,0.6652357729523022,-0.5239670826111842,-0.07051245626410843,-0.002691839617151414,0.0004524222752610277,0.006203548480819428,-0.012962557437914286
B0043,88,1.5250840516518187,0.8626079589231974,0.5280423923717342,0.07777294887541207,0.02375687435781196,0.01463623588447858,0.006221904299517623,0.012045736855096382
B0043,89,1.552568811301301,1.0723126006286081,0.18870053162761474,0.19421438098352908,0.04547695466948865,0.017278131455656782,0.023165576550310044,0.011420635297707163
B0043,90,1.5427752626774387,1.2454254338334128,-0.10425002309407387,0.25306519948616274,0.06294700402188215,0.03259964472605464,0.01718246883328675,0.03580553478368698
B0043,91,1.533193283126468,1.415426493971714,-0.2752439490099759,0.23440214596663428,0.06310751927559084,0.049598997811399384,0.018908096434591334,0.026993978590817938
B0043,92,1.515272194917202,1.544164528237638,-0.36970309600831197,0.18828545004868777,0.0643131374409311,0.03386621856618934,0.025522712839848284,0.028823243709011293
B0043,93,1.5074989761997712,1.6368754104940515,-0.35482630492920597,0.09763524806396713,0.04882160141192215,0.03661585089787065,0.01494529345607474,0.027431876722961986
B0043,94,1.4896288908647644,1.6916928790410808,-0.3020747359735085,0.021645779703176788,0.028892899705875736,0.009518881119522274,0.01237119785936203,0.027581989329607173
B0043,95,1.4780778852088083,1.7180242365838616,-0.21316865115161598,-0.06620241761267297,0.00872260577068533,0.008415769416550197,0.01439326385147351,0.007893078272482134
B0043,96,1.4700035345334466,1.7181208888576391,-0.11014935444751088,-0.13105367412045332,-0.008777114974119994,0.005794979463294742,-0.00036722639617467115,-0.003564963926151729
B0043,97,1.4565623180137075,1.6858695276095255,-0.030295627328120665,-0.15796154453174976,-0.02014307551364914,-0.010730689546874284,-0.004720778308010743,-0.005455494442470292
B0043,98,1.445976962830235,1.6517253716184381,0.02995044528683462,-0.16066809085078035,-0.03213196515051048,-0.015412562264066692,-0.013725487222640363,-0.013760748660627119
B0043,99,1.4325855992469252,1.6001497134501221,0.06379926319514198,-0.130907768457292,-0.05262183644398766,-0.02300431267545971,-0.0043889304224465795,-0.020440529470881246
B0043,100,1.4197344854662963,1.553786657209937,0.06633587073850107,-0.08236359146921146,-0.06442239656599683,-0.01749911276881447,-0.02064220537457891,-0.015460736373483904
B0043,101,1.401262575071573,1.5110863699176718,0.060958649852999404,-0.04960943448079437,-0.057119359453652506,-0.031017988851450535,-0.01698945374959132,-0.016046208230988734
B0043,102,1.3862945308535968,1.465591741856075,0.049320089484417,-0.014250326870606265,-0.052827397905265715,-0.024312309983385797,-0.016529258058412672,-0.020698007734526198
B0043,103,1.384130256052478,1.4289260807579023,0.053663434369308996,0.004465328018953146,-0.04618878180274932,-0.025291879424779982,-0.013424652773393185,-0.018019273157764627
B0043,104,1.3651743201871416,1.4012100354062722,0.037016085038421076,0.00805081560770763,-0.028408694851433765,-0.022040274778345206,-0.0124399525815423,-0.018213693716306923
B0043,105,1.361508332192898,1.366673461172907,0.04139540383656435,0.008953567244832766,-0.024572782268225526,-0.011823126311889611,-0.0012928939879634953,-0.01782529755518729
B0043,106,1.351001663879717,1.3457270061642965,0.03639547002875065,0.008686114390437602,-0.006929400738406474,-0.010008331546268448,-0.008750150512084704,-0.014119043967409076
B0043,107,1.3282588067265129,1.3240568678503226,0.018226796341069624,0.012108880562443207,-0.003754851832909277,-0.006263894036296536,-0.006809603629035482,-0.009305388586324743
B0043,108,1.3257206687421472,1.3069507899100885,0.021166467990461724,0.0113118074512945,0.007980987288910193,-0.004923649442644189,-0.006608818119931628,-0.010156916392922898
B0043,109,1.314290971597844,1.2804688199875733,0.016786370788602088,0.01320411397237426,0.01233880198313613,-0.005357612065840215,-0.008991851572865398,0.005842328449559584
B0043,110,1.300326009481109,1.2591662019583025,0.013851602421343857,0.008912276283437246,0.011061182753512417,0.004876570470855354,-0.002273952885387042,0.004732128425679322
B0043,111,1.2881071401556836,1.2478105896216074,-0.0045065823518299075,0.022068179990215393,0.023247045228031518,0.003328723270020108,-0.011937992864787054,0.008097177210757223
B0043,112,1.2767801501201566,1.223689711586765,-0.00865270538762941,0.026273682677076853,0.027580829752746543,-3.689630186942295e-05,0.0018377850615663494,0.0060877426814042795
B0044,1,1.686525555152074,1.6543041798924318,0.012341712053741353,0.003299489726005182,0.010767414482210975,0.0007252774124500861,7.668085007421958e-05,0.005010800620848216
B0044,2,1.6624606531639186,1.6448469112929751,0.0022613265381151324,0.003373833548237369,0.005292163076208365,-0.0014070109781877534,0.003383375714765163,0.004710053860936229
B0044,3,1.6534010755700512,1.6453536397112591,0.0021289032179087797,-0.00464776263227159,0.0018403824667195933,0.002897840169030725,0.0008433212608060122,0.0049847512670261
B0044,4,1.6452145903490936,1.636892258138247,-0.0008727835025901711,-0.0013248832519008123,0.0002352040172052901,0.0032443514218056754,0.0022297434984909666,0.004810699919434157
B0044,5,1.635664062367341,1.6339798658643772,-0.00442316251652857,0.007893038438414426,-0.0026734143044121993,3.7266499626157847e-06,0.005922740716647706,-0.0050387325881548865
B0044,7,1.6267769765146465,1.6261865140250806,0.0009203580905463359,0.0018949891409538063,-0.0010659447642581948,-0.0012297957961287125,0.003731397841300715,-0.0036605421286111483
B0044,8,1.6159715504743064,1.6120057927311142,-0.004449752135565367,-0.002856050995260242,0.006677457808266584,0.00358658682455625,0.004631651448063794,-0.0036241353110858694
B0044,9,1.6076028386649623,1.6024722701155651,0.005568429502357245,-0.0028808601686396503,-0.007323692095763969,0.006684658943217474,0.0006751262148425814,0.0024069060503635383
B0044,10,1.6003360401431612,1.5992982792849495,-0.00601012858610855,0.00500103107227964,0.0040491936249258806,0.002995505564647138,-0.0033556338325172242,-0.0016422070869952768
B0044,11,1.5978700914991917,1.585326976256128,0.007502126981648418,-0.0005744110120790609,0.0020707030825959025,0.00036014716867971587,-0.008582958097149825,0.011767507017741168
B0044,12,1.5900310265163515,1.5812939798169365,-0.003033268914861768,0.004891014822152857,-9.317452663016577e-05,0.004115984410510822,0.004020641384811961,-0.0011641505770743062
B0044,13,1.5816311155652092,1.5785785646932822,-0.001560617444257494,0.006163713009740985,-0.0025513261294935028,-0.004557735090445109,0.008072914478193999,-0.002514398051115765
B0044,14,1.5714556311034702,1.5733549124949928,0.0026220547847956173,-0.009125274944762602,0.005232236273453179,0.005950594155613793,-0.005202175118518803,-0.0013767166399515235
B0044,15,1.563220798569978,1.569038232585115,-0.0022160045747275014,0.005364836314736618,-0.0024896752595420304,-0.0066098289382132466,0.0020131179070524276,-0.0018798795611130023
B0044,16,1.5606775388245586,1.5627905378842588,-0.0010221254925239919,0.0006525624086542665,-7.392820239267052e-05,-0.004326923632989585,0.0039337379208770895,-0.001276322157630984
B0044,17,1.5523886011314287,1.5572910904617672,-0.0037148636603734015,0.0031212322165730592,-0.0026617434745764904,0.0023548160735322753,-0.0035717672871989044,-0.00043016329341450895
B0044,18,1.5444592876561969,1.551697159691456,0.0007339344392546017,-0.004371117524957622,-0.006192154642187956,0.004756781550916381,0.0019454372383681817,-0.004110753190637781
B0044,19,1.536558134180655,1.5487358872618837,-0.0012816225021488883,-0.005221549551778506,-0.003791651017823875,0.0013095452629206254,-0.008989985968359622,0.005797510603106799
B0044,20,1.5307255867941072,1.544934564987185,-0.008273787805100028,-5.4307949456731166e-05,-0.003341609330429737,0.006989791815093848,-0.009636443093610983,0.00010737807840574517
B0044,21,1.545242808242328,1.5356108337673287,0.013552652348206086,-0.004313502491575136,-0.0018780408591839537,-0.002163363492647779,0.006467001456824756,-0.0020327725807221396
B0044,22,1.5397144491816253,1.5218607920839315,0.007165683743835255,0.00241022356297091,0.01053433170441222,-0.009156080830133903,0.003503139244689426,0.003396359578613504
B0044,23,1.5305357077773765,1.5049422727721584,-0.002558114246960923,0.014507664728363083,2.3092395732023158e-05,0.0046590336850032684,0.002988089162845329,0.005973669188242348
B0044,24,1.5199735224097084,1.4946523226319757,-0.0008320090515748337,0.015362896252450778,0.0057854844153865425,0.0035266458437383736,-0.001496277804711211,0.002974460031961271
B0044,25,1.5136629526844203,1.4856501216155873,-0.004244632689715282,0.016359214923865224,0.003768292112992627,0.011453577320990756,-0.0012077679019651601,0.0018841472130860936
B0044,26,1.501287000699295,1.490764753743039,0.006949763714956492,0.00919774511399284,0.005837243209336414,0.0004643400210845191,-0.002821823870705017,-0.009105021320217153
B0044,27,1.5023814734911674,1.487881792610572,0.025513651731125155,0.0032042124406551644,-0.002006988840674599,-0.009344884291797797,-0.0003705219075491988,-0.0024957883391281683
B0044,28,1.4980955154277502,1.4998418710147743,0.041111276278777344,-0.007823820033398212,-0.006035651678643214,-0.0191058563827124,-0.009125387614225006,-0.0007669162441739408
B0044,29,1.4906542391377111,1.5278967390048774,0.046463456502012876,-0.04163542661579164,-0.012659182035654718,-0.010001857140678434,-0.009047086211843403,-0.010362404451497486
B0044,30,1.484397163943621,1.5519261660968544,0.03500252953109678,-0.05353737391221117,-0.019424905253153546,-0.01820264567306812,-0.0046640929694548566,-0.006702513961833847
B0044,31,1.4725321936230114,1.5910669619034503,0.023917646270115635,-0.09553866512074487,-0.015685118400154185,-0.013463496964202721,-0.0083284010108232,-0.00943673313832339
B0044,32,1.4663149382113208,1.6266770508110415,-0.011227660285042115,-0.1101632952837577,-0.009476128888682529,-0.022519897481661992,-0.007374145049547307,0.0003990143061666852
B0044,33,1.4671298468877776,1.6496990661351454,-0.0580841942133738,-0.10574352654841661,-0.007540861828702098,-0.00314290844319144,-0.006095135287839253,-0.0019625930087652558
B0044,34,1.4593858997633138,1.6514389521397788,-0.12801277956245424,-0.07783894914850016,0.002906481858749182,-0.0005562161101352108,0.005068231581379744,0.006380178922682917
B0044,35,1.4467901368505207,1.6326430896133752,-0.2215652468971316,-0.012732859709444962,0.01160711661047786,0.01739120171304852,0.011379373920071705,0.008067461520113296
B0044,36,1.4390669859638228,1.5811694980238569,-0.289496302481082,0.07060669128225572,0.019476699582141835,0.02540144110096567,0.01592027320464313,0.015988685172136256
B0044,37,1.4389892550462602,1.4952099796890967,-0.30630566525191505,0.14600195335263516,0.03539259168452244,0.02706569454517203,0.022386778636485517,0.019237922311369053
B0044,38,1.4386198779578576,1.3726156155107125,-0.24544596910343855,0.19544855865551125,0.04345242507685721,0.03261923952281753,0.01692995237834196,0.023000055838214184
B0044,39,1.4313412096653504,1.2219820507249082,-0.10006926842618495,0.2174515647265955,0.03742416243475513,0.02211170125082616,0.022009863098228166,0.010431135778422255
B0044,40,1.422973037663468,1.0351086211017324,0.15622471348111863,0.16391269353836965,0.02758129922657847,0.019882640213886825,0.013792010395778877,0.006471059629400399
B0044,41,1.4150153099745095,0.8423872250206217,0.4849749088468387,0.06647511890386293,0.01263065134097727,-0.0009503872640291773,0.0035858445675095636,0.005911948483264488
B0044,42,0.0572172710622218,0.6384558750849415,-0.48479827277815485,-0.07030710588233893,-0.016177265629280364,-0.005458200344794028,-0.0064307438550212865,0.0019329845856812678
B0044,43,0.0573587470253984,0.4449358549554202,-0.1402548458482028,-0.18074476960090932,-0.02850534070516342,-0.01867393382670626,-0.006207909165114515,-0.013190308665134138
B0044,44,0.0574968754544523,0.26286684703560415,0.11635953618963815,-0.2247926460537993,-0.04610685721724706,-0.027377538045788803,-0.018053608755504068,-0.005398857579679324
B0044,45,0.0576308880988852,0.11885669154415301,0.25579121992349635,-0.20027633793853503,-0.05525619722815503,-0.019509660064775305,-0.023153700123001487,-0.018821127895544954
B0044,46,0.0551169133397871,0.0014126533564410293,0.3135170848720545,-0.16024813080532146,-0.03521526185084433,-0.02816310019874164,-0.015680792891453132,-0.020505539023235868
B0044,47,0.0674075526574801,-0.07906843241015526,0.29513992702757647,-0.08155806965014278,-0.017231384846747053,-0.020551783403538526,-0.015483441079439898,-0.01383926286271956
B0044,48,0.0675676530317139,-0.12128511743985726,0.21631204241697044,0.012779396743929231,-0.008091203269522692,-0.016587911557847418,-0.012995811875838427,-0.002563741868789393
B0044,49,0.0556373104491564,-0.12798085150858296,0.11048296501187822,0.08979587094890545,-0.004222674523929804,-0.002984266007069931,-0.009060178483314188,-0.00039355486969299287
B0044,50,0.0682243327610682,-0.11464483151052973,0.03674549239364423,0.13127482563214185,0.010264717952823446,0.0029697115587206126,0.004799441760073854,-0.0031850249085696373
B0044,51,0.0560524534315144,-0.08765551437762276,-0.033157960479968974,0.13483094141115812,0.02224043821550054,0.0031221090881809665,0.009751196246942664,0.006921243446302039
B0044,52,0.0686822013010505,-0.04123923086277048,-0.062473670495476766,0.128154228432266,0.024433496232925133,0.009243127987863548,0.007874317023556936,0.00268993309985711
B0044,53,0.0687475535334652,0.005884061105069782,-0.06391333186526263,0.08603518977968615,0.025044958074090077,0.009879327671991307,0.009462487919570703,-0.003645139034518655
B0044,54,0.0565143989134748,0.031673087870583094,-0.06320017888919939,0.03555551063858161,0.019897529543388234,0.014086044731260726,0.003670745253377271,0.014831659884395576
B0044,55,0.0567330718538736,0.06905014249753794,-0.04280535486564878,0.005075591229805706,0.005177834454408903,0.005729429493437142,0.008896809779406463,0.0056086193838069094
B0044,56,0.0694133756360175,0.08525351614357635,-0.012813580980120844,-0.0242479431215657,0.010855829047808307,-0.005562455339734808,0.005861130151086289,0.010066879852034595
B0044,57,0.0593176644466495,0.10240378708395736,-0.018791771724219152,-0.029868564371391026,0.002495951090242308,-0.0006615812123372131,0.01015055595201366,-0.0064107122531055745
B0044,58,0.0698170725362273,0.10186073111287208,-0.0011886428808563878,-0.03170983802335218,0.0016692050159117363,-0.0029367377974401834,0.003944070546624546,-0.001821715320523974
B0044,59,0.0574643508969407,0.09317030213777633,-0.006542126522219265,-0.02259261806105152,-0.004471110332696645,-0.000572603905022139,-0.003728810430933478,0.002201318129863675
B0044,60,0.0705377438399369,0.08571030303524663,0.013184196922471263,-0.011654220030931191,-0.010230442810324137,0.0012670460411801192,-0.007391396847949909,-0.0003477423528501756
B0044,61,0.0580546605234449,0.0698389621977803,-0.0035348635803689526,0.0038838517781795466,-0.0031326149346960473,0.0006283872897862779,-0.011540985542038576,0.0019119234334942503
B0044,62,0.0708399201529106,0.0613822020251521,0.012155972251441514,0.002881751115194241,-0.0009156775345729527,-0.007535041687426148,0.003918752832040096,-0.0010480387320558754
B0044,63,0.0581718361305258,0.054865980686721105,0.007215202280874387,-0.0023249802523475313,-0.001573071125673407,-0.002148900730951693,0.008196040348248548,-0.006058434957670729
B0044,64,0.0583051571279828,0.044205079882861154,0.0027927045322877144,0.00655340094852503,-0.000910708805534953,0.005216349808135096,-0.005096413916669226,0.005544744797033878
B0044,65,0.0584559266936776,0.04487172488611357,0.005814780075684801,0.004519654110016001,-0.0009147262440869231,-0.002254926122144881,0.005481527558989672,0.0009378925477395996
B0044,66,0.058629861106387,0.048826662815006805,0.0011295858278157463,0.005650566708742534,0.0030796093238046394,-0.003374917254087819,0.00021512171682098766,0.003103232086893547
B0044,67,0.0589003321838338,0.056755743760640076,-0.0002924974896612012,0.0028584639891141316,-0.0037169207663271106,-0.0006716296401730571,0.0024195033325771624,0.0015476691162343056
B0044,68,0.0590646770201104,0.07092224881479603,-0.0015625222947915312,4.784866640327156e-05,-0.005475164355745116,-0.001634320968116842,-0.002693444200138614,-0.0005399685237496756
B0044,69,0.0724057998284407,0.08920714958103027,0.0024068874057127944,-0.002272801598374023,-0.007666274837357088,-0.0050884545499399626,0.00044481422318787484,-0.004625520279181049
B0044,70,0.0725563284689165,0.093883903101734,-0.007760350835664649,-0.013050404549044652,-0.0056406259247345795,0.00787997624719756,-0.0037338262505894233,0.0009776567966348453
B0044,71,0.0595922298890959,0.10186500110199004,-0.01957923471813567,-0.03025089115859612,0.003761663418491321,0.010025401051638228,-0.004906334197514433,-0.0013233754903059962
B0044,72,0.0732170902276858,0.10192370071858403,-0.022820620311058394,-0.025727802999628232,0.005262251480247839,0.009512926906471932,0.008041906702555375,-0.0029752721529646914
B0044,73,0.0598410084998697,0.08404692035731864,-0.0360583053234143,-0.028277464057839544,0.01709425042100188,0.00978907720862663,0.006875257605276678,0.006371272407335721
B0044,74,0.0734434705697157,0.06555485123615667,-0.038955610098372666,-0.010607711144694646,0.03112692756428329,0.012600613644882889,0.011262706597374238,0.002461692886575571
B0044,75,0.0737373960592326,0.029811603555020993,-0.04234489132124653,0.02021346948985452,0.029976355705838974,0.013809602116758824,0.00753183161855262,0.01473942501090091
B0044,76,0.0603231248972743,-0.012320182916725098,-0.062115909403012155,0.07084703327969244,0.03309442614001766,0.008164364741074709,0.012069848382371587,0.010583544792222285
B0044,77,0.0740961197823434,-0.049457892491006294,-0.03693554275284628,0.11461985042714963,0.022747399233196682,0.012374617984259276,0.005960314040018331,0.004787373457968509
B0044,78,0.0607171505329549,-0.09418884699392205,-0.01838973314109547,0.14440777638285723,0.018064240028829816,0.005747239364197807,0.0043436265702008385,0.0007328484401974119
B0044,79,0.0608284422939796,-0.11806113164265919,0.038366037844886854,0.1459933781469492,0.006554852741364739,-0.006569544460226296,-0.0061687221845928225,0.0007135719665517566
B0044,80,0.0609288444479822,-0.13417941797161315,0.11592232724126118,0.11748195794957096,-0.014228257913387613,-0.0077177662908106326,-0.008194354128668398,-0.008155644320090057
B0044,81,0.0612203873656202,-0.12092559209529075,0.21487635461351307,0.03824119159357,-0.02604405279290899,-0.021227708785259015,-0.009764934274420477,-0.013934870775344799
B0044,82,0.061336775826916,-0.07697902794782596,0.2977372248763349,-0.055193381844885196,-0.04468992732862663,-0.02240649319291485,-0.020457245171365837,-0.016674373445578525
B0044,83,0.0615021959933087,-0.00029064657344923805,0.3374541697591883,-0.15650824420316073,-0.0482270576510766,-0.03488411055317042,-0.021148451562464102,-0.014893463104360048
B0044,84,0.0615436456229027,0.12230422241194239,0.29760567424159395,-0.21874785499396535,-0.06620103525928255,-0.04035705143757537,-0.01937431057631248,-0.013685998645305293
B0044,85,0.0613682829819075,0.27482925597230745,0.14359875919360246,-0.2395569375182624,-0.05866159889390251,-0.02372368530786733,-0.01867798773022351,-0.016439522615529018
B0044,86,0.0616335088887399,0.4501505321758261,-0.132471578498555,-0.18561382641482477,-0.03334328258611208,-0.016671444301396467,-0.010051693295935553,-0.010365198072082887
B0044,87,0.0619810308759487,0.6466501156646128,-0.5037234108442228,-0.06324310484671462,-0.01490522462041421,-0.0014912237641416584,0.0032916889136550415,-0.00459780950869598
B0044,88,1.4779954511171076,0.8540789416829411,0.5036158808010446,0.08688757010888637,0.013839985210739888,0.00854590312885265,0.010447610190046015,0.0005795599101217266
B0044,89,1.494119871447679,1.0440339736020625,0.1547934952388586,0.198118452337824,0.03590447968703749,0.0317526375308925,0.017441780911476502,0.012075052052745063
B0044,90,1.488007820113173,1.2285284956010771,-0.11844501255732527,0.24053298303558956,0.05329544778071956,0.03557697665298653,0.034277074145846353,0.01424185536837098
B0044,91,1.4748338592717107,1.3819248360597816,-0.28454593983156456,0.22290878760093194,0.06772422081805851,0.039091542274187395,0.02774941632804424,0.019980995938248605
B0044,92,1.4604378044785566,1.5011822766783252,-0.33876837565457885,0.14745435086343192,0.06242297467284269,0.03675040333879786,0.03403274927788628,0.01736342521988861
B0044,93,1.452380841576719,1.588925953585662,-0.312199675691516,0.05668712061889496,0.038615905913422434,0.03337085102618402,0.03210671255157879,0.014873973491682424
B0044,94,1.441102888364986,1.6366591942828044,-0.22853398645526699,-0.05059454102312676,0.029807881093008224,0.011815110454587961,0.028487280625554046,0.01346194930822809
B0044,95,1.4300355978410688,1.650622226897838,-0.14439042144198622,-0.11651254204192407,0.007231364274633698,0.01658740268248505,0.007029895023530108,0.009467672368878965
B0044,96,1.413943296719903,1.6382621228879763,-0.06783879737583279,-0.15168707558062602,-0.005393223302560095,-0.0012993348674105024,0.0016149721075056336,0.0002846327755397033
B0044,97,1.3972667497450315,1.6060530656720027,-0.01744276147335462,-0.14987666381629366,-0.021986586699751492,-0.011017331824347108,-0.013515871924650518,0.005052899738501504
B0044,98,1.3865375876825874,1.5680805932624773,0.03297862615740413,-0.13371251642841814,-0.03838838512222035,-0.017764355952739584,-0.019260597277744304,-0.005395777027561201
B0044,99,1.3724753685724698,1.5266225249925376,0.059976988527257726,-0.11328589516059663,-0.03279753521047716,-0.031005600926519012,-0.025816778127644102,-0.011218335591466263
B0044,100,1.3598593948812812,1.4740082670460048,0.06262029208029457,-0.06738713352598322,-0.04342413942606332,-0.023942238078735356,-0.02729668556546378,-0.014718967716345044
B0044,101,1.3486733410392264,1.4255965224836677,0.05196187439838949,-0.026606203521438228,-0.03284768535141034,-0.029110276238673728,-0.031796996174364135,-0.008523894622916172
B0044,102,1.3334258933205057,1.3796699353880066,0.039247864925806446,0.0005289974536300729,-0.02242881850543008,-0.027105287714726766,-0.03166429428519183,-0.00482250400537903
B0044,103,1.3387793081075827,1.3476735616855946,0.04255543692304384,0.03133086390942554,-0.02903206395600302,-0.00766750864988135,-0.03472798816452316,-0.01135299370462997
B0044,104,1.3153320403016997,1.3189828862948982,0.02692260962952119,0.028122641722298614,-0.01601279571590654,-0.007646159765422793,-0.03048992055862038,-0.004547221366270113
B0044,105,1.322963328110081,1.2846686064386887,0.04063771751085964,0.022039006855310413,-0.001991920720382556,-0.012763112032389818,-0.022090480642670253,0.012463510638371618
B0044,106,1.3086991524155074,1.272916938600938,0.033248123702292035,0.024318694953835228,-0.009689444385664997,-0.002310968720776314,-0.011351137621802615,0.001566945826433728
B0044,107,1.2897499583900436,1.2543415466335293,0.01659261845138656,0.012554273387517459,0.0029874480981532743,0.0022102545946622683,-0.007599434098616747,0.0086632512658705
B0044,108,1.2906172590904164,1.2380313950659065,0.025425623347487512,0.012345275741511922,0.008131404347257459,-0.0009163040896403041,0.0067349952442844275,0.0008648693759435632
B0044,109,1.2752011253442166,1.22024227506064,0.012776844465646135,0.012415945515427566,0.0029878940370021544,0.012195896046345358,0.0026663058310643813,0.011915964332631571
B0044,110,1.268607265737458,1.2213969859133003,0.010393338690579628,0.009471248982326557,0.013744425089030227,0.006829288726743665,0.012579140254968162,-0.0058071619740063425
B0044,111,1.2565759973225976,1.211009112112322,-0.0023127690149531703,0.012727845297943375,0.01837703334666236,0.005045045193512874,0.01158918188767984,0.0001405484466358683
B0044,112,1.2486254509320869,1.205008867582873,-0.007874242520957631,0.0178047541076856,0.01284029903128277,0.015397673703168833,0.01578060392590094,-0.01033250494952354
B0045,1,1.0819793880779518,0.9613962166357045,0.06121593003593461,0.028366177024742784,0.01171774612282794,0.007124517234635111,0.008216775572944335,0.0039420250045333885
B0045,2,0.927952404748273,0.9414112618189273,-0.046096048760005094,0.017007793303398702,0.004162788455288591,0.004405341201448062,0.00525490099156023,0.0018063674752543165
B0045,3,0.885193608411576,0.9209046568787088,-0.04522463162301414,0.0039199071113332935,0.0016807611423387081,0.002121152489084626,0.0016409168787273587,0.00015084532313940386
B0045,4,0.8581010699478283,0.9003592742780477,-0.03277662568987653,-0.007147730012383944,-0.001967853060779554,-0.00027846386299579907,-0.0003595122790944101,0.0002719803960575469
B0045,5,0.8409352213456689,0.8810826115275896,-0.017175655813696292,-0.014430633939166316,-0.004445459989418135,-0.0013696210845849368,-0.0023703464245761786,-0.00035567308880039454
B0045,6,0.8245471942901911,0.8641833437991583,-0.009245575575627583,-0.01835613637670682,-0.0030891516215799594,-0.004191188323162149,-0.0021491196637001557,-0.0026049780869107117
B0045,7,0.7935960418803983,0.8464426523558514,-0.02281791703945146,-0.01696130323249071,-0.0032903365922829116,-0.004466139383316328,-0.0043782144929885415,-0.0009326998366232688
B0045,8,0.8183676087159205,0.8318574950597986,0.016059725859282458,-0.01605048893336466,-0.00535638368174751,-0.001986958983968025,-0.0038565294338956686,-0.0022992513015134804
B0045,9,0.7977644276409412,0.8178304209491878,0.003905478940394554,-0.01258266186883658,-0.004411259521580961,-0.002680078304586595,-0.0027089909019434653,-0.0015884817583793312
B0045,10,0.7993777411831636,0.8066020847902517,0.011366096265307447,-0.009661602290374707,-0.003345635197591896,-0.0021457945221003616,-0.0016978637566512416,-0.0017395442142929748
B0045,11,0.7783107440628891,0.7963106375940298,-0.0074196762020532015,-0.005003071251188442,-0.0011297693012829908,-0.0021029529059812687,-0.0020897190852121727,-0.00025470486884037727
B0045,12,0.7803738231239117,0.7890864254925273,-0.0047435209458624875,0.00015822758917735622,-0.0009354104333088165,0.0003822572565548672,-0.0024999586434338163,-0.001074197277628128
B0045,13,0.7713058245640294,0.7810043337030612,-0.012932584384110912,0.004172123738287935,-0.00036093330572122413,-0.0003171540808038141,-0.0001054467082983554,-0.0001545144734248573
B0045,14,0.795279016979026,0.7744424913382744,0.012955043834479095,0.006755661548213452,0.0002473241862268632,0.0012064420877765387,-3.147615534630288e-05,-0.0002964699643110868
B0045,15,0.7824128169919247,0.7671724047869669,0.005537829480030143,0.007523307486553375,0.000581340352945528,0.00047910089460696467,0.000256835679950303,0.0008619982225472867
B0045,16,0.7649414992231182,0.7615041317057017,-0.004424685699199818,0.005466447361650699,0.0014685431053175126,0.0012273883968793935,-0.00030847942305105107,8.153708392565137e-06
B0045,17,0.7544899426779375,0.753581126405465,-0.005729245542849985,0.004774812492016167,0.0004478111098028375,0.0005767156039059795,0.0010272324734221755,-0.00018850991875103926
B0045,18,0.7504048978314295,0.7473399527276599,0.0010766259634734225,0.0015803039978576148,0.00029156955392611183,-0.0009844463451860815,0.0009036467414918955,0.00019724514216649323
B0045,19,0.7407258109620256,0.7408206934941927,0.00022080046133029412,0.0004864765052029947,-0.0006227097463793029,0.0003648815102524124,-0.00019224292331594412,-0.00035208837772079157
B0045,21,0.7308525593793626,0.7335357926531573,-0.000936917720432746,-0.0013256173792009192,-0.0008793807758356947,0.00010471130598258837,5.667989796534041e-05,0.00029729137107259885
B0045,22,0.7287255851177903,0.7278285253641883,0.004116732205804791,-0.0029508041285762603,-0.0001863297753288074,0.0003144888860880121,-0.00035494849227081987,-4.207896622502928e-05
B0045,23,0.7161023377036263,0.7225207736063483,-0.005137344032103846,-0.0012927036427211127,0.0004743416867451025,-0.0006305773478214562,0.00030268112091772517,-0.00013483369675009458
B0045,24,0.7129204834988017,0.7175770808664691,-0.0032483128562449245,-0.002360145758325412,-0.0003137667462422851,0.0007878603867262402,0.001371972564656531,-0.0008942049634435171
B0045,25,0.7141991829499618,0.7123443326754788,-0.0013758637171516876,0.0006708550064153382,0.001731951760888191,-0.00019536952340004263,0.00015150293926271332,0.0008717738017331129
B0045,26,0.7190570819844222,0.7089023160633048,0.0058533119675598395,0.0016951513634474332,0.0003139113456884946,0.001267760308365614,0.00048205828049293167,0.0005425726430173152
B0045,27,0.7173975428775917,0.7058369541471053,0.00607623146750776,0.0037478611318273983,0.00027431841697567384,0.0008598323413630394,0.00025111754644546296,0.0003512278158062195
B0045,28,0.7071027496463946,0.7023271175414507,0.0007208530861238542,0.0018906196981537421,0.0018152153827829638,0.0011167873824544136,-0.000245181895360717,-0.0005226615474578055
B0045,29,0.703531206505542,0.6997032526719069,0.0019242722014383565,0.002753221388018196,-0.0004453919713109397,-0.0008765607821155797,0.0002598442218252226,0.00021256878180421826
B0045,30,0.6941108278958862,0.6998147637044776,-0.0010525827183365977,-0.001103573598438564,-5.0620159621129506e-05,-0.0009283935299378113,-0.0010327629369671276,-0.0015360028479983203
B0045,31,0.6914114388869608,0.6985752047544189,0.0010140246419272701,-0.004534926538632136,-0.0014425788357939119,-0.0007337148227365961,-0.0014861362121652525,1.9565920462980802e-05
B0045,32,0.6971551798505504,0.6991285875327617,0.00882428228330407,-0.0068637769625958,-0.0020424655588057645,-0.0009882005429151155,0.0007376228671490428,-0.001640869754697221
B0045,33,0.6832460217432723,0.6992995173531921,-0.01009563925934804,-0.004958986674774417,-0.0005768916891479106,-0.000322364193263256,-0.0013691953650505025,0.001269581601951376
B0045,34,0.6822029317493292,0.7010966296237809,-0.018715581707774268,-1.2947115283606893e-05,-0.00022238755023619398,-0.0005198607087495654,0.0009658679775983934,-0.0003887887384718922
B0045,35,0.7289529213213379,0.7018502553895759,0.01918740044606611,0.004899449996907705,0.0018067699154886384,0.0007848432507054089,-0.0005805649758036421,0.0010047672740157662
B0045,36,0.7139321758287004,0.7032682867966539,0.0015693454158497648,0.0058863888378378705,0.001997259875470189,9.499811546383005e-05,0.0013136989026978825,-0.00019780212168905875
B0045,37,0.6957731747455482,0.7010511275165356,-0.01390228244342906,0.00489750072886888,0.0007662037168408299,0.0021719312504543853,-0.0001989066600539519,0.0009876006516350586
B0045,38,0.7018312962317095,0.6989895921733845,-0.00017138913521038088,0.000890521675334236,0.0008448891119975627,0.0007772894903125592,0.0007188905285201701,-0.00021849760457162598
B0045,39,0.6911808244378487,0.6948925675227546,-0.0019922146955177592,-0.0021353522436148064,0.00013941802218117968,-0.00023917562061331944,-0.0002966600958473196,0.0008122415693023855
B0045,40,0.6843279752855028,0.690874705162243,-0.001095251602500874,-0.00299966765709065,-0.0013109326033772576,-0.0008707924508931637,0.0005227551858335781,-0.0007928407197189148
B0045,41,0.6741394908812485,0.6846601757132539,-0.005891587783423565,-0.0022586434198581524,-0.0002405832561715976,-0.0010897656268962887,-0.0012009414096567396,0.00016083670518007308
B0045,42,0.6670070174301739,0.6783711619260676,-0.007686884466729065,-0.000615896855170945,-0.0013789829503186174,-0.0003657483407186155,-0.00038660611418059527,-0.0009300257190657638
B0045,43,0.6804085117374855,0.6725469231744073,0.00977943815961875,0.0004549816950531674,-0.0007497768600878862,-0.0005000623176621682,-0.0010588257173664644,-6.416636279631539e-05
B0045,44,0.6617864063235485,0.6662824609760938,-0.004651216760538261,-4.23550950767305e-05,0.00011530624623193887,-0.0008158361746226435,0.0002038347439247759,0.0006942124434900153
B0045,45,0.6623168733492338,0.6613869236020326,0.000361395088243645,-0.00034206820356709927,0.0004151797001708755,0.0007001304129895537,-2.0692272162418302e-05,-0.00018399492315340215
B0045,46,0.6679358357181778,0.657718151756856,0.009487934157630239,-0.00021508189854038573,0.00015424456111904803,0.0016700379001258097,-0.0004044823771247956,-0.0004749683332889464
B0045,47,0.6488990885270688,0.6525217871565678,-0.006582138255197544,0.0009691174066719752,-6.193086092330792e-05,0.0007159683304390505,-5.263311718057684e-05,0.001388917938059949
B0045,48,0.6503639129625527,0.6512143332525016,-0.0016650758930697705,0.0001689522929190591,0.0007818605408233668,-0.0005578249285461758,0.0020759889161846043,-0.0016543211486433926
B0045,49,0.6572077690202801,0.648383958995431,0.007911538462045196,0.0009648803736313416,0.0010460592687112687,-0.0007994887635861223,-0.0006431160975494127,0.00034393684302758154
B0045,50,0.6363517458476216,0.6459891839781157,-0.01017811177338408,0.0007378595254668271,-0.00022321895024259597,0.00017172963550019652,-0.0010245935075661747,0.0008788970261079029
B0045,51,0.6536449360948587,0.6455130568726153,0.009823036987311086,-0.00045170575399513743,-0.001076588555155196,-0.00028778135334562655,0.00027067395346748555,-0.00014575599034700705
B0045,52,0.6391428272150887,0.6452704689842974,-0.003669354247862141,-0.00024186004932780144,-0.0013741960869222464,-8.962004505177874e-05,-0.00014207247134206797,-0.0006105387856647886
B0045,53,0.6482206049496236,0.6448993922637691,0.00609146310941437,-0.0011652927739447887,-0.0003092539532696391,-0.0006586108458662809,-0.0002583809161218413,-0.0003787118621771452
B0045,54,0.6287957471922729,0.6432140402385699,-0.012801644095552222,-0.0013232369979730451,-0.0007779148656277307,0.000750942628606179,-0.0004592129865120187,0.0001927733661756455
B0045,55,0.6380571850193401,0.6416605562399021,-0.005538717060948576,0.000492100034366201,0.0007858651437719121,-0.0005152445562560021,0.0008625973094194099,0.00031002799342136686
B0045,56,0.6554825047832906,0.6398342183367268,0.01151233500766258,0.0018121425077471103,0.00021790782778202108,0.0004517795461756344,0.0006137435248712967,0.001040378095819463
B0045,57,0.6484934835397033,0.6382841050828074,0.005807567843875484,0.0018021407512857073,0.0020854716674291456,-0.0006633615723213812,0.0005203906861697171,0.000657169152310875
B0045,58,0.6454071687844921,0.6372323747567941,0.0053126024006916045,0.001099602345231297,0.0001621651299365526,0.0012689024554671912,0.00048378638581798633,-0.00015226461390130592
B0045,59,0.6427008031845645,0.6349623322073072,0.006958507908160035,0.0005866466659958366,0.0012145339726699845,-0.0007141882531698473,-0.00033024333238992757,2.3214094773321835e-05
B0045,60,0.6352454880802477,0.6335465305078836,0.004022354397663704,-0.0006791783742956176,-0.0010756791159577878,0.0005374715405780715,-0.0007596119115472913,-0.00034639887637757304
B0045,61,0.6156760019587869,0.6318427784943204,-0.011474500366873544,-0.002636773951359427,-0.0008341520182739578,-0.0017285546724945342,-9.91885582030049e-07,0.0005081964701560216
B0045,62,0.6170833682807023,0.6314961391650954,-0.009621676938873653,-0.0025628580074301944,-0.0008120502935034042,-0.0007297713672585923,-5.762825516354866e-05,-0.0006287859127409656
B0045,63,0.6434227390858672,0.631657985204687,0.013850436768413583,-0.00043068202347675265,-0.00014484716567151495,5.376669161997074e-05,-0.0011283855930300276,-0.0004355347187562709
B0045,64,0.6278124433742752,0.6309660713861296,-0.0023771336779474235,-0.0004281596868145413,-0.000364839683058614,-0.00048514440830008495,0.0008691073726334557,-0.00036745783177729305
B0045,65,0.6290078315253372,0.6309794288122099,-0.005356605118144609,0.001523362153108793,0.000497766632320225,0.0018047430513094486,-0.0005623456262070007,0.00012148171590053166
B0045,67,0.6266355568292261,0.6308211833308865,-0.00955082143154564,0.002745057383478321,0.0010036499108168292,0.0003636431330801836,-0.0003513144163670299,0.0016041590168743545
B0045,68,0.6495813516716594,0.6310594483775108,0.013881589621055294,0.0029467771950686776,0.00043004102431315054,0.0001467506729179773,0.0011630933000201813,-4.6348448674108775e-05
B0045,69,0.6337485177966306,0.6302677441752933,0.0004048537349861286,0.0010621157657290181,0.0009670649611380845,0.001521919407440265,-0.00034215867098710346,-0.00013302148747923527
B0045,70,0.6298550929085645,0.6290123159374204,0.0008219719704582195,-0.0008471191355655293,0.0008825305417065322,-0.00041251345779843955,0.0005910639265727555,-0.00019315678008271874
B0045,71,0.6183063778386736,0.6288168714134765,-0.005271845139023798,-0.001973329189780709,-0.0016158999797734053,-0.0006034528040938588,-0.0008190189383227115,-0.00022694741584857811
B0045,72,0.6069476168507777,0.6278865106947114,-0.008749245019570685,-0.004690727865159374,-0.003140561496210898,-0.0021238528721643796,-0.0011967657792376827,-0.0010377406900448623
B0046,1,1.7282392323598248,1.5935997727041595,0.08666167157459632,0.01709458414671335,0.01304379073849487,0.007060091374871241,0.006156527866124381,0.004622793597132827
B0046,2,1.5161488467923143,1.5697620609619822,-0.07801461297512567,0.007901138797886498,0.006789206497174936,0.0037844383257130136,0.00383011016117022,0.0020965048360627476
B0046,3,1.503121190703977,1.547521942093435,-0.04748994515953886,-0.002156129360580401,0.0025851312364965377,0.0005306893475503713,0.0017470620559752118,0.00038244031364851125
B0046,4,1.48586566102824,1.5255702148887273,-0.02685959627596499,-0.0072799321705631385,-0.0017878116004974563,-0.0005727607578103137,-0.0037904754495896534,0.0005860222308012947
B0046,5,1.4694562316392716,1.5030971814719154,-0.01640588028684768,-0.007202268403946158,-0.006617120976579896,-0.00028668688827408707,-0.0038485270058895397,0.0007195335789315365
B0046,6,1.458955459264481,1.4854006361212195,-0.004947150178265614,-0.008224863381468673,-0.005941692236095799,-0.0026150465736107706,-0.004709427603542824,-6.99702528613222e-06
B0046,7,1.4556853555098297,1.4697920797136725,0.0070733049776168155,-0.005539466523653658,-0.00520878580886931,-0.0051792352978889365,-0.001905132702498636,-0.003347408987454852
B0046,8,1.456232262380321,1.4532072918946888,0.019327762648191055,-0.005238740578886457,-0.004575189590948795,-0.0023978780135575552,-0.00430868419033536,0.00021770007182461337
B0046,9,1.4440592236675138,1.4418677314667647,0.013790173951359704,-0.005055381048907562,-0.0016625329037460257,-0.002222135993473019,-0.0017023104331360388,-0.0009563215009194002
B0046,10,1.428294264765868,1.4316399392514283,0.0002945503609269361,-0.0012079907188120782,-0.0011053567407730601,-0.0001271691640855637,-0.002384247737182102,0.0011845393974514132
B0046,11,1.4199848948034668,1.4258793863980206,-0.005287674614081321,0.0037747898458562,-0.002164980468685025,-0.00038895329661301035,-0.0009270917075965374,-0.0009005814636769831
B0046,12,1.4043226018516568,1.4190926559259527,-0.01729528785420958,0.0024467606889993954,-0.0003864263224817418,-0.0006089153728245565,0.00012745035039246977,0.0009463643381603222
B0046,13,1.4234351301615986,1.4147288774096212,0.005205989601979075,0.002563498635771795,-0.0004507904140719181,-0.0008662723919637348,0.0011264051752570435,0.0011274220319923854
B0046,14,1.4339948857967295,1.4117760531405557,0.02153933086483924,8.298289749407432e-05,-5.842547503609286e-05,-0.0005439667619724519,0.0006976992541437478,0.0005012117552144702
B0046,15,1.4185177047756572,1.406582327931394,0.012516182688240536,-0.0012019091050777782,-0.002158161256926211,0.0016381410122475516,0.0003317268811085675,0.0008093965156057094
B0046,16,1.4056313337829422,1.4014980471311942,0.003729542976789862,-0.0013837609516986825,0.00021692432107952233,-0.00116590678919528,0.001438846851142169,0.0012976401449117084
B0046,17,1.3890214025155618,1.3947909509152152,-0.007716795183067994,-0.001407897925543663,0.00010150415141061928,0.001074740914316547,0.0016600307308609502,0.0005188688269871929
B0046,18,1.3723339082737365,1.3877309359876793,-0.021242891930441047,0.002317514873150781,0.0002503498385551522,0.00042216625443680157,0.0013406001252330795,0.001515233053137251
B0046,19,1.3615778905990563,1.3780641116962606,-0.025789852125504536,0.0031618952436507576,0.003114057612788204,0.0004774435752590444,0.002377457900768057,0.00017277663248481336
B0046,21,1.4100282016237429,1.366529254845857,0.03022333066966742,0.006763970335735571,0.0020857007593525234,0.0013602513070944185,0.0025653730951354604,0.0005003205086516447
B0046,22,1.3395671374926488,1.3538265879709077,-0.02415191650206122,0.004094450778995109,0.002788336423547782,0.0015431838784092215,0.0013932479446751933,7.324695249758801e-05
B0046,23,1.3291515487117478,1.340421543301828,-0.013736915825224166,0.0008968862893024093,0.001280983547924004,-0.00011350212192456167,0.0013131829379596795,-0.0009106294554327291
B0046,24,1.3181687033905718,1.323598024219781,-0.003035401093451514,-0.0038952890239761957,-0.00016148191397671375,0.000631218116079837,0.0006331208424065061,0.0003985122152117006
B0046,25,1.312423708466101,1.3086567009288144,0.007631425392318617,-0.0034945917058927817,0.0008634621012697217,-0.0016141276092244638,0.00018929700378481654,0.00019154233114596677
B0046,26,1.2993237532162487,1.294380995834736,0.006383210712656937,-0.0006436002546856041,-0.000921582229481385,0.00097931020545186,-0.0020060343711717993,0.001151453305375586
B0046,27,1.2877483042174591,1.2832380126362968,0.004698739675509516,0.0022218044313634,0.00030940374087602766,-0.0007814584973754414,-0.0011371328187489518,-0.0008010649545357272
B0046,28,1.2865282739749122,1.274919658795178,0.013320795413209931,0.0035531775935054083,-0.0015284012432367651,-0.0019380540118796013,-0.0007226324746179908,-0.001076270100340943
B0046,29,1.2719636386987183,1.2689700695517216,0.006538207345864512,0.0019720328094751122,-0.0010702879483676815,0.00033643696207996465,-0.003630039249859785,-0.0011527807635959729
B0046,30,1.2714495345417192,1.2647711236466905,0.012562004804779203,-0.0013415551836957874,-0.0019056321472062797,3.126743820292582e-05,-0.00210407308963433,-0.0005636009184047795
B0046,31,1.2615423884659074,1.2650210423223398,0.007148782542131389,-0.004491849524531932,-0.0017047525962264269,-0.0031964339921522035,-0.0007862378369477049,-0.00044816243173910713
B0046,32,1.2421201619204132,1.2663702055862642,-0.013331078456367941,-0.00710098184155203,-0.0030535568542322607,0.0012309015429344855,-0.0011589305235888056,-0.0008363975004843274
B0046,33,1.2402537441669796,1.268435365794795,-0.022289881541648522,-0.004674749000395218,-0.0016790182351963303,-0.0011890998197739353,0.0007582779602208533,0.0008928490430363203
B0046,34,1.2851130012242886,1.2704724556065716,0.009997333373787928,0.0018641213299373327,0.001834316571174752,-0.0019217690887503344,0.0016572643211429235,0.0012092791084666803
B0046,35,1.3043327841699193,1.2708834026088873,0.022332255249344866,0.005914146586096308,0.00018616611914723413,0.0030552049514459057,0.0007013208402777644,0.001260287797331026
B0046,36,1.2778639041619957,1.2703006987634626,-0.0037247831585583827,0.0045374534060648045,0.0027976387150842937,0.0027030322111613815,0.001063582319327638,0.00018628190931581462
B0046,37,1.272346459165154,1.2645308672573956,-0.0019017189455174262,0.003139767526023695,0.00385641987464093,0.00043458175756062964,0.00019208004301799242,0.002094461660324997
B0046,38,1.2477883952768762,1.2580706877104832,-0.015156092722574047,0.001805308134910301,0.001045059760837211,0.00024088530171331265,0.0011902212949175981,0.0005923258245977629
B0046,39,1.2352499196655526,1.2473011387099335,-0.010357193918802743,-0.0028180806891159407,-0.0007180134919530458,0.0004033100258386263,0.0007659231850659933,0.0006728358826623331
B0046,40,1.229251291851949,1.2352293445215474,-0.0020584989097687137,-0.0027546364023623053,-0.0018859000067098723,-0.0014351329767018331,0.0001050475134143422,0.0020510681554222004
B0046,41,1.223890910501634,1.225295501212059,0.00637858867458826,-0.0036150376710574346,-0.002730575700775099,-0.0002731283155182008,-0.0001340499727603505,-0.001030387677706339
B0046,42,1.205423323571373,1.2117037921786513,-0.0012691677880734325,-0.003406212057565746,-0.00043331728110693586,0.000959378526948538,-0.0017939945710002778,-0.0003371553744575465
B0046,43,1.1957824090008151,1.1986437430153871,-0.002200397006711443,6.952530549198347e-05,-0.0011774319718682396,0.0008084741422902968,0.0011964819908158993,-0.001557986404827095
B0046,44,1.190072949669846,1.1851436374198734,0.0006432301348420109,0.0006056479278259479,0.0010070752466337868,0.0005478673235627805,0.0008935324988579727,0.0012319591925974366
B0046,45,1.179201763233652,1.1742210768369843,-0.0019004087721739987,0.004265553024411975,0.00033226447043551685,0.00126541985608716,0.0005466883976562817,0.0004711695033264958
B0046,46,1.169504032514554,1.165769409849352,-0.0014926119740184805,0.003026621719016442,0.0020173950011687413,5.035174032356125e-05,4.078355527721927e-05,9.208271429623192e-05
B0046,47,1.16772376849918,1.1583104020745512,0.0054616385464576105,0.003961907440604654,0.0008076785719566795,-0.0003275409779161716,0.0014317826861324043,-0.001922099750315276
B0046,48,1.1579256145829042,1.1511885886167568,0.010302152097460566,-0.002034822991935675,-0.0015044697016330581,-0.00025157206479639767,0.00015542031169277229,7.031841551692444e-05
B0046,49,1.1499812813376982,1.148286554214191,0.011455947159583299,-0.007449725057529385,-7.463588280518501e-05,-0.000665366869132916,-0.0013096383147738562,-0.0002618538052986457
B0046,50,1.150285902223034,1.1491110588062414,0.015154637887252255,-0.009135826634991689,-0.002592634479868443,0.00034370419948308284,-0.0007309116170273866,-0.0018641258317636741
B0046,51,1.1349452274085248,1.1489863485500533,0.0016612395715598245,-0.013571003635005898,-0.0001924869929559322,-0.0024201044886741296,-0.00028355681342264166,0.0007647913355783426
B0046,52,1.1380960963513609,1.155249834687655,-0.0033588890415517745,-0.010797319291461088,-0.0005968229267963631,-0.0004416994736304971,0.00013922329413684417,-0.002098230780913026
B0046,53,1.123711172150547,1.1609287497173144,-0.03409786680323983,-0.0038198799711610175,0.00035352226268950995,0.0009084424765393573,-0.0011970037149937338,0.0006352083110260319
B0046,55,1.214119211354098,1.1665327634805107,0.03592370424446128,0.008603914456010794,-0.00025529306343602485,0.002520013096481671,0.00014868343549452842,0.0006454257596162532
B0046,56,1.211944797522819,1.1719827484931933,0.013181237920142952,0.022313652506734758,0.0013642977763768701,-0.000250436542549909,0.0023103628075089627,0.0010429346181991467
B0046,57,1.1971248679331925,1.1774584101511936,-0.011363726037847011,0.027556424509383746,0.001778660378296227,0.0004065977045815384,0.0013307837264749064,-4.228243020491263e-05
B0046,58,1.1822892151870987,1.1790693151885068,-0.024320030419741078,0.023269500640874293,0.00034025476047126665,0.0011112329055505455,0.0005067920070302469,0.002312150185003514
B0046,59,1.1645336676778395,1.1811022434979086,-0.032642466835907276,0.012743835792193282,0.0016372744310224792,-0.0001874288391756455,0.00036757970033956665,0.0015126300263107546
B0046,60,1.1535559567518647,1.1811232287357332,-0.02327912704023097,-0.0036977634957788795,-0.0017477384860465645,0.0013809897322141099,0.000394774264641553,-0.0006184068550017506
B0046,61,1.1601987101282063,1.1808557297149176,0.008576142774230596,-0.026029379685176803,-0.0016872336946403379,8.3936579753588e-05,-0.00041750669542483696,-0.001182978767120732
B0046,62,1.1711716308206082,1.177424443515018,0.036862978454509615,-0.04201069698339331,2.823379180003034e-06,-0.0007450453350681014,-0.0006741082919998917,0.000311236171884668
B0046,63,1.1563410270783216,1.1748982296705137,0.01937416590616223,-0.03634450047968794,-0.0007493039966555798,-0.0008470034259891624,0.00021542725150739016,-0.00020598774609904561
B0046,64,1.141082456193516,1.1727475007179526,-0.011634491690277832,-0.02078652734179794,0.0003817238909787902,0.0010317876899969861,-0.0020102331565595272,0.0013526961969034703
B0046,65,1.1352383596118123,1.1714822036878523,-0.045529795113354095,0.008154802904500465,0.0016133493306336722,-0.0013162511634816625,-0.00030489709681597385,0.0011389471808502776
B0046,67,1.2530847858282803,1.173757425904927,0.04513419372431375,0.03561956027626051,-0.00010575135884496685,-0.0004585531478676533,0.0006819817150056492,-0.001544071261757139
B0046,68,1.2050453590356518,1.1731104244353947,-0.02056728819831635,0.05212385484580164,0.0005393207030520654,-0.0010882381486622687,0.0001168370302124125,0.0008104484304960872
B0046,69,1.19119860196273,1.1748117770617006,-0.031216227648134223,0.04753115165234408,-0.0003564855919991365,0.00046199756952457796,-0.0007247036816505323,0.0006910926743885263
B0046,70,1.17463817374538,1.1765347115842981,-0.031182853995914445,0.03015042740700673,-0.0006614531082593678,-8.3435695154855e-05,0.0006291509827419196,-0.0007483733425984363
B0046,71,1.1555432048235512,1.1780568146356962,-0.01617830260575684,-0.006899321356821727,-0.0001512884578682448,0.0007746610913062757,0.00013328462229355385,-0.0001926430032275694
B0046,72,1.1538041170229467,1.1805116783644207,0.034168220843996545,-0.06324684001707924,0.002068832297644591,0.001956453657771147,-0.0025035602504152894,0.0008493322300748894
B0047,1,1.6743047446975208,1.6004532867263133,0.057077657355744306,0.014443681681948777,0.00481308975090228,-0.0009576805733559444,0.0002330063935344081,-0.0017582969825083918
B0047,2,1.5243662105099025,1.5694237776267,-0.05161238212267674,0.009432263584228464,0.0017792104234635156,-0.000768804297368282,-0.0023581774878750415,-0.0015296774379001592
B0047,3,1.5080762969973425,1.5406387519890972,-0.02956625150293995,0.00316260116645415,-0.0017636848174851449,-0.0009616308069835765,-0.002679752693241981,-0.0007537365454593641
B0047,4,1.4835577960067696,1.5153451963713875,-0.019506617354803638,-0.001277667448892494,-0.004301911110503726,-0.002407273378539165,-0.0012296689501074614,-0.003064262309459246
B0047,5,1.4671391666146525,1.4918495930651046,-0.006489819008775725,-0.005185977369767086,-0.004808765055433214,-0.00274893816804293,-0.00281040990478549,-0.0026665171177997406
B0047,6,1.448858156982267,1.4705442941248448,0.0007947967608095398,-0.0066772289875360975,-0.007345548510990716,-0.002604826353916916,-0.0031283674940573523,-0.0027249627159673297
B0047,7,1.4458534180949325,1.450353208605925,0.01743614682627074,-0.006983091078320635,-0.00721102111919638,-0.0016413581413266644,-0.003420715598264518,-0.0026797515567589633
B0047,8,1.431118266178283,1.4343076765665053,0.017513492151221874,-0.007464171760890408,-0.0052106093308629635,-0.003084486593084622,-0.0022695194186422222,-0.002674115580419917
B0047,9,1.419274551657853,1.4190509488511014,0.016569969220848604,-0.006873421528405127,-0.004231689452655917,-0.002320833537065347,-0.0012451220561026613,-0.0016752999745598914
B0047,10,1.3999974221808271,1.4065346360600248,0.0037884965578306724,-0.004667708466930404,-0.0036893867852924914,-0.00015776315230547994,-0.001480878765184149,-0.0003299733861155073
B0047,11,1.3885156686114437,1.396143609212097,-0.0053378345620471454,-0.00185329326058826,0.00015787249655071017,0.0007150532854849018,-0.0013643383083712314,5.459963898381666e-05
B0047,12,1.3652234669528964,1.3844505954765183,-0.0257115948322836,-0.0009686669414062251,0.0022730024248939665,0.002116103136399986,0.0015436737553758504,0.0015203538432666066
B0047,13,1.4060442272970963,1.3767447478122123,0.01770599483471547,0.0019230494453648555,0.0031711128660132817,0.0037899604538671238,0.0012269117816673938,0.001482449979471182
B0047,14,1.405754161352578,1.367706654966579,0.021459257794029473,0.00422922393214719,0.00352560282366664,0.0034930882782953127,0.002740591351576674,0.0025997420827379427
B0047,15,1.3867662881727878,1.359584505758174,0.009199827370009666,0.0037772611099246805,0.005382270484830871,0.0032252982853932244,0.0028773745001023296,0.002719750556461395
B0047,16,1.3705053061420225,1.3490128384702733,0.0046864583834612394,0.000433732294151483,0.006331082760582144,0.0024948357467015616,0.004850309877508399,0.002696048514858282
B0047,17,1.34974311148236,1.3390183734361771,-0.004604348374083914,-0.0005312467971683155,0.004483265828343261,0.0050683327520442325,0.0027976441760872283,0.0035110903835909326
B0047,18,1.3251533367939785,1.3294932217301583,-0.01749503271716023,-0.0003422753129126402,0.005897177162106197,0.0025130522006634845,0.004313028803985037,0.0007741648700409963
B0047,19,1.3111943869635805,1.3165170728897946,-0.018034628329896687,0.0010775477738163997,0.0044777283127553,0.003171404161645117,0.0011511317858130911,0.002834130324063236
B0047,21,1.3394234405932892,1.3048241606368416,0.021502742365569958,0.0037643164998115613,0.0042081862699121595,0.001888083560715542,0.0018739093428324328,0.001362041848744135
B0047,22,1.2849157142560723,1.2917092470686897,-0.015016152191143002,0.0014584845474097934,0.0023694942071844365,0.0025451043640129715,0.000883109461870793,0.0009664267741225878
B0047,23,1.281719159327807,1.2774293951628666,-0.0018942401224534555,0.0006060640496906625,0.0014437037148458357,0.002393315665645652,0.00015441795288016495,0.0015865028830418845
B0047,24,1.2600051642942829,1.2643686062407578,-0.005204349189374118,-0.002860462124792255,0.0014830719979555275,0.001406278923883878,5.7057685165722816e-05,0.000754960757297979
B0047,25,1.266070385993126,1.2517500084092539,0.013425450107857532,-0.001233874813643626,0.0004507905465491615,0.0011372983486634017,0.0007507173903352428,-0.00021000400427829434
B0047,26,1.2413590294280803,1.239564018553852,0.0007491655038532693,0.0011628721822022257,-0.0007484234183228514,-0.0003757645580064226,0.00030812226703252427,0.0006990389094532625
B0047,27,1.2298873703485311,1.2302619401545452,0.0008885043071309033,0.002028499145021291,-0.001420461040768839,-0.00023506570285287991,-0.0007184529697139704,-0.0009175935233895198
B0047,28,1.228088614506696,1.2229788394128094,0.009030125735147993,0.00271961015204681,-0.0019548506995980103,-0.00296544262572655,-0.001081585141539904,-0.0006380823035197325
B0047,29,1.2139857189070042,1.218597608164202,0.004818435548850422,0.0009096796267011984,-0.004069650275041876,-0.0026695432452487444,-0.0017543440260730648,-0.0018464668518351657
B0047,30,1.2173435064564189,1.2163107706318619,0.017891996756839643,-0.005967810496540297,-0.004587556261974679,-0.0025915418026197195,-0.0020501287811453108,-0.001662223558220364
B0047,31,1.2073445944515917,1.2173801580924253,0.011085751052369955,-0.008896282991771278,-0.005230392342022761,-0.0027936094511690854,-0.0019763030397729085,-0.002224726828441986
B0047,32,1.18804049227045,1.2194086442237084,-0.013960377782751039,-0.00874386265617572,-0.0039541813554276,-0.0014573777521993798,-0.002808807434105062,-0.0004435449166595078
B0047,33,1.186304749886542,1.222157966170034,-0.02926639575885976,-0.0028965671053548998,-0.0018607181366778883,0.00028195025570275806,-0.0018723190625001803,-0.00023916641843092375
B0047,34,1.2613935471028506,1.225339210487783,0.028637963575730098,0.00450821477434368,0.0022276378640821905,-0.0018003669308616528,0.0019362413008466664,0.0005446460263935305
B0047,35,1.2648246158850651,1.2294578896441237,0.021806369927193724,0.009184456974203515,0.0025017151477016407,0.0008017970958657211,0.00044652829250678937,0.0006258587961083113
B0047,36,1.24664945489822,1.228917026298567,-0.0006690911543446391,0.008523404555304738,0.005147679043844977,0.0029657000267273256,0.0007690843492940786,0.0009956517864488001
B0047,37,1.2333924152795082,1.2276598322060805,-0.009597685865653613,0.006335282137311977,0.004173938016838075,0.003237954935288553,0.0007379827794334202,0.0008451110887606137
B0047,38,1.2129250072037692,1.2227670903754617,-0.019411821736921152,0.0028305943131719837,0.003312879462631967,0.0018532543274982812,0.000958365650368606,0.0006146448469826808
B0047,39,1.1999106597943647,1.214790594398713,-0.015731101735115525,-0.0009029677375152702,0.0013954753711983659,0.00019628051268712776,0.00022081383502008404,-5.843480446881921e-05
B0047,40,1.1902559038393383,1.2042864130181588,-0.00898799408905453,-0.004560705977220364,-0.00037674597406722716,-0.00010752299069576244,-0.0002522613249011429,0.0002547212312323189
B0047,41,1.1892563795455853,1.1914679440937204,0.005281692801797339,-0.004873926066180414,-0.001422685454836576,-0.0016287331398914134,0.0001635919087916137,0.00026849545712197525
B0047,42,1.167069685125939,1.1798952034353094,-0.00444406183406361,-0.004643703318700865,-0.001926740779461635,0.0001480864936175004,-0.0020615562208749646,0.00010245742334187306
B0047,43,1.1615348403090369,1.1669036925636873,-0.0014626326851835132,-0.0018139786314030901,-0.0006336170968556932,0.0004902032255841908,-0.0007541437937599842,-0.0011946831952407073
B0047,44,1.1555563844349988,1.1543493686199378,-0.0004378846410306658,0.0024515469697464795,0.00012934760501531566,-0.0006974564645460033,0.0002805295548859906,-0.0005190671262897993
B0047,45,1.1488524666097713,1.1435261547377578,0.0013270280104423484,0.004012431421410555,-0.00010553515696056629,-0.0006795162391229571,0.001149497946353796,-0.00037759402186248543
B0047,46,1.143572986788779,1.135308183213168,0.0016935008988651474,0.006723821578765314,0.0007115597259260833,-0.001276905181367878,0.00011655715020441427,0.00029626949581746547
B0047,47,1.1418015379428537,1.1292912087232772,0.009785994541823308,0.0038667454081622145,-0.0002674145556592602,0.0009487106819618851,-0.0007379096244751819,-0.0010857971381763429
B0047,48,1.136058647502255,1.1247471135976188,0.010016498087089279,0.0018613994059456576,-0.00022379806759066477,-0.00016512095717079127,0.0004331958188474019,-0.000610640283690243
B0047,49,1.1236364680969286,1.1232560791916064,0.0065972392313019676,-0.0047550251111957206,-0.0018146299917227674,-0.0005087195362824844,0.0011723607761088362,-0.0003108363538521066
B0047,50,1.1320498900328944,1.1258108370139515,0.018606059470201428,-0.008967736193931208,-0.0012151674689349226,-0.0009865242556080073,-0.0008932254091074911,-0.0003043530215774458
B0047,51,1.117010176215815,1.1297375350040895,0.003524231282881141,-0.013340674246344008,-0.0015720559481949366,-0.0005666688278951777,-0.0013933494919962045,0.0006211585577732507
B0047,52,1.120043039721982,1.1362541723357336,-0.0010784015748828825,-0.012807106426611795,-0.0005412636143488163,-0.00127802223746772,-0.00038070339343043025,-0.00012563525501188623
B0047,53,1.1059773445917065,1.1431184036195958,-0.03141098961522311,-0.0072137840823451645,0.00021177541153397284,0.0006333028807609703,-0.00021099801448992359,0.0008496345154678979
B0047,55,1.1907902374762016,1.1523787813189552,0.03174589474896602,0.004728792204458663,0.0020661045285281414,-0.00024347774524425362,0.0008558884117179096,-0.0007417459375069428
B0047,56,1.2012387088454022,1.1597648170247108,0.02093716913093922,0.01622829678398933,0.001322094250569795,0.0016822626256651559,0.0013744519000678979,-7.03828254807045e-05
B0047,57,1.1906909549024802,1.1662487372376704,-0.003448397352272998,0.02495470882028462,0.0007311062635920348,0.0007648650373346078,0.0010694816410838806,0.0003704533085426092
B0047,58,1.1764375730308343,1.1700510438841731,-0.020781219048079107,0.022183797034660835,0.0015619447468747003,0.0008420005930117864,0.0012027015395451415,0.00137730434615354
B0047,59,1.1628110372792353,1.1746183554795304,-0.02829076761645984,0.013863788182384287,0.002219160382001882,2.303996244085382e-05,0.001167435982236955,-0.000789975016159598
B0047,60,1.1516152840582583,1.1752032458038837,-0.023902162598468422,-0.00021008533761163585,-0.0002813898604499582,0.0009462648551713461,-0.0006224422780940224,0.0004818535597966766
B0047,61,1.1583673498348623,1.175163059133879,0.003638931775399292,-0.019089031285869713,-0.0010147239395720663,-0.0008365822527266895,0.000937703778365998,-0.0004320072942105294
B0047,62,1.1692285288386206,1.1727928655290483,0.028186059766918473,-0.03075517335540265,-0.00045295554713565357,1.3180342234998207e-05,-0.000874538717658778,0.0003190908920648078
B0047,63,1.1588148476218465,1.1715754524388118,0.019577265116444073,-0.030604772791638084,-0.0012270081349893074,0.0005265178593453857,-0.00026873801819562407,-0.0007638687678975684
B0047,64,1.1439588147705455,1.1708861452322514,-0.0052400912698322985,-0.017455026765630106,-0.0010460610306141122,-0.0009626403548692242,7.628498867263004e-05,-0.0022997959371512645
B0047,65,1.1383941068159398,1.1688224715173157,-0.03100522909683065,0.002338931966030899,0.0007172246616126874,-0.00069901700790475,-0.0003906326006284119,-0.001389642526786495
B0047,67,1.2213102850395667,1.1673959110704444,0.02988008673558413,0.0231535890524929,0.0006261291131594713,0.0001688061799742951,-0.00046653403784601593,0.0005522969542697645
B0047,68,1.2031062978889062,1.1683383742545959,-0.000814593046542474,0.03642028492916509,-1.2313626353142286e-05,-0.0014459190922557744,-0.0001965762569309815,0.0008170407707473884
B0047,69,1.1897147112197684,1.168871301675431,-0.015241811591995382,0.034944985099611886,-0.00021082774792952205,0.00048702479204690356,0.0003791889721242181,0.00048485007503910844
B0047,70,1.177422568842014,1.1726296286979623,-0.01635586465385465,0.02030484724420088,-0.0006025367831178704,0.0008864620928629664,0.001626944099310053,-0.0010669117906561513
B0047,71,1.158443027293818,1.1736755389186986,-0.014726190018487484,-0.0049813982033908855,0.0014945053833709838,0.00020400333480302235,0.0018862858499324123,0.0008902821092319254
B0047,72,1.1567087516841796,1.1764509435818755,0.01766922695965803,-0.04351178500826227,0.0009130784074025235,0.003208724877488302,0.0008953552045521606,0.0010832077432357634
B0048,1,1.6579955793677608,1.566644525248386,0.059360671359220206,0.015172742231595971,0.0032386673950630294,0.005632884001813989,0.003310896953892798,0.004635191814807005
B0048,2,1.5076933476098775,1.5463213983907875,-0.053949172426378,0.007585602219017372,0.0020652157158277127,0.004025578694298964,0.0005555878414979539,0.0010891369640346898
B0048,3,1.4989223343608031,1.5253249925981218,-0.030392982576972725,0.003895277063518737,-0.0010230741348242584,0.0007700503806936022,0.000541477550335198,-0.0001934067219793311
B0048,4,1.4782919502497789,1.5052686840715452,-0.019827091595536674,-0.003103717823146845,-0.0007966934084279795,-0.001348984324732923,-0.0022164817308814007,0.00031623487993904175
B0048,5,1.461856891390611,1.4876566991762172,-0.011703977108412644,-0.0035379209853552904,-0.004244142811392126,-0.0023967648027372404,-0.0025339210291217855,-0.0013830812129662913
B0048,6,1.4509592706473475,1.4699529568367713,-0.0035066117307940045,-0.005032551872201054,-0.0032925912426569116,-0.003470757568382248,-0.0029579601688763672,-0.000733213759857734
B0048,7,1.451746997147108,1.4548720715158816,0.01335918567597237,-0.005054004878444668,-0.002539755709744278,-0.004846909815432555,-0.0028517825000680987,-0.001191807295198577
B0048,8,1.444392866287476,1.441631013111968,0.019248877209735976,-0.007805486259231892,-0.0008674087913667537,-0.003992464069143684,-0.0019313191495803467,-0.0018903459116007633
B0048,9,1.432738323965376,1.4301952265432551,0.015122913733282218,-0.006439812607268039,-0.0010380064194105245,-0.0011822788193408932,-0.0033275040082002653,-0.0005922145918363448
B0048,10,1.417241201438662,1.420787863098138,0.0031379623291049575,-0.0013941207025767947,-0.00028837600033241055,-0.0032309428109221234,-0.0018943662806580489,0.00012318168670553736
B0048,11,1.4057559944573452,1.4134235689333563,-0.005371565830365862,-0.0014806453822187233,0.000939813059287522,-0.0002989521076390611,-0.0014191183085906923,-3.7106014057648376e-05
B0048,12,1.3902706269897065,1.4066853089488702,-0.018998332545964947,0.001417071222047474,0.0013380062381809993,-0.000148934095485583,0.00019817773301667162,-0.00022067060285172092
B0048,13,1.4196659307880326,1.4002828150721338,0.01269127433114753,0.0033158400856616995,0.0018848485263168447,0.0024238044463476822,-0.0011395778450050274,0.0002069260497721676
B0048,14,1.4190563985232272,1.3944212304754369,0.016433860213009896,0.002600715647903486,0.0034509510850214997,0.0016566983060678619,-0.0002356994898549638,0.0007286421646017013
B0048,15,1.404272356704056,1.3868249214875434,0.008092385457939088,0.0019372649045665538,0.002780586232641519,0.0015754553467201727,0.002435077501091821,0.0006266656674825257
B0048,16,1.3916140490958342,1.3803495071918428,0.003439089471337058,0.001662549894704699,0.0026029426332168258,0.002041845676554522,0.0010523912573529852,0.0004657228775716518
B0048,17,1.3749618350294734,1.371490626429065,-0.004167719385813932,0.0009294605848958643,0.0012054790509314034,0.0019532138657566513,0.0016074585235252375,0.0019433158847209306
B0048,18,1.3545155713071164,1.3628177147117435,-0.015341015327085782,-0.00039961670133214664,0.00325807733996636,0.001832521915724401,0.0015355957017474337,0.0008122936106634362
B0048,19,1.3440223073315984,1.352440248077072,-0.016989359344136735,0.0011222137147633134,0.0030417029390468666,0.0019652497129283943,0.0019129793185882179,0.000529272868272183
B0048,21,1.372384475860572,1.3407355330464243,0.02171851773936887,0.003534206803485534,0.0019037321595541973,0.0022168340184257913,0.002356798244116433,-8.114622458548131e-05
B0048,22,1.318410575267441,1.3281097657135954,-0.017166090181909528,0.0029370624241033456,0.00020170436466924744,0.0013115230244020643,0.0018188694732334378,0.0011977404302166538
B0048,23,1.3112727599578604,1.3156315081647192,-0.00800654193930927,-0.0007840387131776808,0.0021120572776995934,0.0017996322972076426,-0.00047604433793972217,0.0009961871967575418
B0048,24,1.2970172419001187,1.302830758320291,-0.006920838307554462,0.00019439645536102775,-0.0005361899222584766,0.0012058127240830827,0.00016463730929704932,7.866532343112558e-05
B0048,25,1.2995219526631718,1.2904614882679792,0.009809074761985009,-0.00038011627016181556,-0.0001023639463297795,-0.0007669686942146754,3.422966032816165e-05,0.0004666088835810699
B0048,26,1.2826154066729571,1.279387851780661,0.005874976473695842,-0.000749617603889675,-0.00047689201513745447,-0.0010623374599286145,-0.0010925330696836607,0.00073395858435406
B0048,27,1.2752890152407,1.2719846973779445,0.008259265030490945,0.0015364041678716561,-0.002941632035286116,-0.0015595258946637042,-0.0010662649498182554,-0.0009239284313064002
B0048,28,1.2735572473264072,1.2661454596306263,0.015200135354757718,0.00012254158107324713,-0.002411779535763376,-0.0009190742488256214,-0.0026583035121353917,-0.0019217319170394198
B0048,29,1.2594114333938535,1.2613212278283594,0.009323850822977953,-0.0022557215997525658,-0.00283997325837898,-0.003332855877936055,-0.0018555538749515047,-0.0009495406058548209
B0048,30,1.2631632585495876,1.260766697265169,0.01699793722996401,-0.005408688911601193,-0.0036759350403886243,-0.0022135155585009964,-0.0020922550596209353,-0.0012109813386227497
B0048,31,1.2491717310136363,1.2622924056835294,0.0025018030460932966,-0.007841985896905579,-0.003521210802124202,-0.00242379633611513,-0.001760810570428431,-7.467405943486047e-05
B0048,32,1.233984347835307,1.2665921416512362,-0.018964114782512264,-0.008375913177960694,-0.0006861724380874868,-0.0023591454237713613,-0.0009601616717395006,-0.0012622862555016284
B0048,33,1.240031992028868,1.270397795929269,-0.025510534375121192,-0.002982562319998108,-0.0007901940794770064,-0.00062657874734824,0.0006866017289912127,-0.0011425360472148197
B0048,34,1.30370857198071,1.2743727199950492,0.021888656532901285,0.003981955102677536,0.0018535435362087786,0.00035354236259767165,0.0003117819396742811,0.0009463725073574387
B0048,35,1.315055963470538,1.276584701417029,0.022823721230802292,0.008391710601334916,0.0019908559394276795,0.0005673338093995611,0.0006835062868894383,0.0040141341699214675
B0048,36,1.2888738300982074,1.279353623405003,-0.005045105999128704,0.007603488080123019,0.0022340804075242355,0.0023308511188460143,0.0014818316427138028,0.0009150614539033925
B0048,37,1.2877137595885193,1.2787632253030856,-0.003236750225978171,0.006295152519426147,0.0034838211730010868,0.0016816556800702558,0.0012531907318419375,-0.0005265355809755235
B0048,38,1.2673379985315465,1.275376383177411,-0.01154839809477655,0.0002571121110360716,0.0014713179932964832,0.0010267608780499993,0.0011093362640122316,-0.0003545137648989656
B0048,39,1.250594345697306,1.2665102751249617,-0.015829996802049422,-0.002691740056547427,0.0014309137080472311,-0.000549089400154935,0.00016232290367300666,0.001561660268913694
B0048,40,1.2487131179395878,1.2589910453518092,-0.0042498961722285955,-0.003922888878071843,-0.0018826622456596899,-3.2301305458421863e-05,-0.00015460175261474015,-3.5577006745516236e-05
B0048,41,1.248002326082933,1.2488401346481264,0.006625084343174841,-0.005112629923126207,-0.0008999920588094484,-0.0009571305277118162,0.0007643322355543683,-0.001257472582112946
B0048,42,1.2300895244599586,1.2365174541399497,-0.0016533836614854795,-0.0039030814295410816,-0.00019126460175323125,-0.0014387428031056373,-4.305149533809395e-05,0.0008015943815325386
B0048,43,1.2244197121500937,1.226153669966207,0.0007225244510301497,-0.0020035323979660504,0.0008849490887103794,-0.00020650888249420623,-0.0015159287849309446,0.00038453878557861813
B0048,44,1.2186682845116386,1.2155256666744536,5.4560183688405665e-05,0.0034942874567387176,0.0002127467351045299,-0.0004946085833681777,5.576660685289456e-05,-0.00018013447996662496
B0048,45,1.2037865236033616,1.2052597344922233,-0.008318906861460286,0.006963042893131177,-0.00028573160529100884,5.244333714968047e-05,-0.0003710456578811089,0.0004869871024232944
B0048,46,1.1947642300832226,1.1963589564894819,-0.007805573247200813,0.005005892151740608,0.00026284707251680205,0.00019980366197356987,0.0013300491985453774,-0.0005877451377654501
B0048,47,1.2052091893871495,1.1896621016672764,0.012704426743835116,0.0027926789268552083,0.0008596034873210903,9.870453128812849e-05,-0.0007320754148307864,-0.00017625045910250054
B0048,48,1.1955746593628465,1.184809612425505,0.01321745582133803,-0.0010570011172892717,-0.0010170280357917223,4.916583754449478e-06,-0.0006388598531404501,0.0002555636437191164
B0048,49,1.1888497102149884,1.1853291410369702,0.016220283448817357,-0.007499356608124586,-0.0020674237408311014,0.0004795561234235111,-0.0015123414832931578,-0.002100148449915664
B0048,50,1.1915605250807406,1.1849279251060163,0.02491699809205455,-0.014687375705801321,7.490058415627204e-05,-0.0017803258427145831,-0.0010884441557592636,-0.0008031528878982862
B0048,51,1.1726587153109655,1.1895332203117712,0.005608526947552615,-0.018465886119681998,-0.0008090953522738679,-0.0005384825620045545,-0.0013007061591699537,-0.0013688616267753652
B0048,52,1.1841133872494156,1.1950735627256142,0.00640812363740142,-0.014881766464376674,-0.0013282445040987188,-0.00011078620582128931,-0.0003577544915292558,-0.000689747330920064
B0048,53,1.1576825122317769,1.2021535934914847,-0.03754327383339747,-0.007227543086890448,0.0008201745071659775,-0.0010368713424433965,-0.00012086474557964352,0.0006372973850539353
B0048,55,1.259355851168598,1.2117180794399252,0.03819124593903661,0.008758820719084999,3.3443886723392404e-05,0.00036408087400351965,0.0011959695063766837,-0.0009057891558862847
B0048,56,1.265883375278026,1.2191256015564946,0.020710912601365816,0.023045022211832827,0.001009626503015851,0.0015903683129773656,2.2433264514545508e-05,0.00037941086188154834
B0048,57,1.247259867318412,1.2262073544157552,-0.012447244899412416,0.02959856481422279,0.0012640354709033204,0.0012980526722096875,-0.00011191837918457093,0.0014510232768320784
B0048,58,1.232808747256218,1.2336855155225095,-0.030569112719347938,0.02630370978653324,0.0017434369079551949,0.001105766794084159,-0.00043861439360883144,0.0009780454256394348
B0048,59,1.2319592783041904,1.237889574393155,-0.025291408506489036,0.01704683430444097,0.00048198665512053947,0.00030369999323890914,0.0011631566668471208,0.0003654348662837259
B0048,60,1.220785786262778,1.2399008924951889,-0.021346424641135432,0.00040920834164659783,-0.001084031794802737,0.0021591363798923453,-0.000837455237003315,0.001584460798712508
B0048,61,1.2275441303266783,1.2427645106408185,0.005636887631154477,-0.02196858173679444,0.0015010212216570726,-0.0001557954312320252,0.000594099035029781,-0.0008280109610775606
B0048,62,1.2386788414290355,1.243538152348094,0.031225567632913676,-0.034877208060625976,-0.0006621661962729575,0.001464550774749818,-0.0009183441500760289,-0.0010917108581439722
B0048,63,1.2283577755407058,1.2428798470509639,0.021148279906197925,-0.035163564204874515,0.0002763171540786452,-0.0003291836003446541,-0.00042496908306123804,-2.8951610200705788e-05
B0048,64,1.2095481507570451,1.2423036832699406,-0.010087657237520968,-0.02308358518277148,0.00023531335436277357,8.249046446274057e-05,-5.7639740442883305e-05,0.00015554592011388804
B0048,65,1.2082142070681048,1.2422292929940697,-0.03392546133301785,0.0009931601846941598,0.0004154457802749245,-0.000954932373224179,-0.00047219405181484137,-7.110404042695675e-05
B0048,67,1.2998734542832149,1.2415385895553024,0.03376378308093362,0.02630953729600762,-0.0008132624462030925,-0.000605586383559201,-0.0004025981421405525,8.299132251365094e-05
B0048,68,1.2691220651743778,1.2410704828769408,-0.011277164085209441,0.039806727717833744,-0.001214225331411955,-0.0005326242914775343,0.00011621412510812164,0.0011526541933713638
B0048,69,1.2555144634690785,1.2420280011848055,-0.027086402373586286,0.0414406539488639,-0.0008247837279039546,-0.0005447094859713635,0.0007846717388171938,-0.0002829677713908198
B0048,70,1.2519876926897655,1.2425586563652737,-0.020884824206034228,0.02902042722139499,0.0005439163587826145,0.0013402497201433904,-0.0005894518395364721,-1.2808821316488691e-06
B0048,71,1.2374982003019996,1.242980128621825,-0.007662242855615189,0.0014003748923471402,-0.00017355353687855264,-0.00016069923705211078,0.0012239794385526272,-0.00010978695838076083
B0048,72,1.2231273969878986,1.2433097303648541,0.023203485739669925,-0.048087846780481946,0.0034590728700943456,0.0015687820716428341,-0.0013751406708836162,0.0010493134703526857
B0049,1,0.8583727215167135,1.7220378915068593,-0.3503774480778059,-0.40886662562366405,-0.0848583741259964,0.0052101663109487845,-0.03658410635652061,0.011811217911161612
B0049,2,1.4209057149417377,1.6443409959649524,-0.005518830533997397,-0.2329602508616934,0.005755857765929068,-0.0063716032366762385,0.001982091896763531,0.013677453818495099
B0049,3,1.372852133389263,1.5910510494919792,-0.2622395454933637,0.015645277580338582,0.009120457478326563,0.0017751895008150651,0.011141323904162774,0.006358380812385887
B0049,4,1.3643742487429145,1.4952753659403863,-0.41548346680567855,0.20808578481622628,0.02976293873645456,0.0187746388092576,0.024125660872802893,0.0038333262612014023
B0049,5,2.378643730568756,1.4275845188040877,0.5905393663213441,0.30404082678440886,0.04695141814504802,-0.006761405558497695,0.0309800869785387,-0.01469108130013307
B0049,6,1.0605357965671216,1.3067790019809502,-0.5331998806509501,0.23207233436597038,0.03398467426290298,0.0015450734056938102,0.008987172319988787,0.010367420854687542
B0049,7,1.0069932376659496,1.2013338955415782,-0.3294438258126785,0.10277405475374411,0.01391788174891384,-0.00034285148478337016,0.0012075932661164994,0.01754648964005115
B0049,8,0.9298775334359536,1.102032417337773,-0.13567295824627956,-0.04241246527516452,0.004653442008716857,-0.004186586554099174,0.00600353888709725,-0.0005398547136803523
B0049,9,0.9232377029483808,1.0092584313801307,0.07141538018101652,-0.12590072478331,-0.012496357099908696,-0.01096247010274752,-0.004528924751183012,-0.003547631865363298
B0049,10,0.9053279121173716,0.9191456202556723,0.17332831927505557,-0.1288244078746391,-0.03277631344311154,-0.006651210698084094,-0.004443594324590265,-0.014450501057703072
B0049,11,0.8595848360639872,0.8439236886017177,0.17946670993485486,-0.09796083606508245,-0.02461414342635686,-0.00971573385041299,-0.016424165577171107,-0.015090683525629669
B0049,12,0.8369614294820705,0.7853812927808004,0.15949219014455637,-0.0599259937197492,-0.026996061330405805,-0.012088891113502762,-0.0016398031916475743,-0.00726130405376516
B0049,13,0.8456824187653132,0.7423542863824256,0.1353869017211171,-0.0006400192054103257,-0.02566818978631945,-0.002720323857951993,0.0021227441881414345,-0.005152980644895556
B0049,14,0.8071214007577537,0.7214892310277101,0.07075719536411336,0.011583740551771412,0.0010172182404563433,0.0009526115661054409,0.006575092020385574,-0.005253687970285304
B0049,15,0.7820744360746734,0.7263819915028552,0.022277018336687958,0.015303764728232892,0.026760158083857927,-0.009250936971945654,0.0029421319238266555,-0.0023396914793819457
B0049,16,0.7953019444133349,0.7199436526941978,0.018997337141150532,0.031741727784036576,0.0071796651558530015,0.0017324235069157614,0.0034801620421686303,0.012226976134798496
B0049,18,0.7752051154719997,0.7247917748703134,0.01686312479779727,0.002280499423510096,0.006984047733759657,0.006418407157141356,0.0060981316350999576,0.011769129905745362
B0049,19,0.7711865903845158,0.7430500839801759,0.011860858605494717,0.000672477895838951,0.012069217901576848,0.007764793969267854,0.007004535585997727,-0.011235377501352735
B0049,20,0.7585098914517947,0.7301536034175634,0.019218764573949457,-0.010010526954394007,-0.0010775899737580073,0.018391742403379287,-0.007773094802589318,0.00960699284364816
B0049,21,0.7349386490499009,0.7439225298588397,-0.00041122289567371937,-0.003774302850643949,-0.010091981555957051,0.0014837417423421804,0.004450099456229047,-0.0006402146426846133
B0049,22,0.7366758033690756,0.7504904600695161,0.0033848296402551378,-0.006269313273837401,-0.0023214734614653947,-0.0009751437316588718,0.002900593532033193,-0.010534149343698961
B0049,23,0.7093946599203638,0.7504567453196381,-0.02049097388033944,-0.008581216608858626,0.005121648654588201,-0.0029585853242310323,-0.012545525280641245,-0.001607432890147111
B0049,24,0.7186465009220309,0.7474680115527425,-0.018230689958961686,-0.0003233035524470737,-0.00924738118844856,-0.002177085264905991,0.015051662348188711,-0.013894712947061356
B0049,25,0.6913885231046639,0.7274262476084923,-0.0691141454096866,0.020370829896472063,0.0027265212783544345,-0.006929577045870076,-0.006568641149366807,0.02347728800091461
B0051,1,0.6434735598158292,1.5584978740137603,-0.3955934144079391,-0.5073183654569032,-0.005389675348984337,-0.009304820965606914,-0.0039424486007759146,0.006524410663946195
B0051,2,1.293180461998278,1.4972945742831336,0.05193858447064261,-0.28324263044093523,0.027231906406764022,-0.011591619142730955,-0.006392981267928623,0.01794262757922195
B0051,3,1.2288940261191657,1.4328241316220869,-0.243303909043572,-0.012831421866520327,0.022170037217537956,0.012923074093369112,0.0018318426177204108,0.015280271387408747
B0051,4,1.2039031789717949,1.3480321766758159,-0.45288601969401704,0.24350534694186346,0.024030536849254394,0.006213863620399718,0.016957626377488128,0.01804964811723225
B0051,5,2.330873478782131,1.2721619691175352,0.6111797539701446,0.38369979507883817,0.03027799219846011,0.011147155860074013,0.003402564807624187,0.01900424733304101
B0051,6,1.0092808819126011,1.1919380904071097,-0.5541138319836143,0.3220958573846097,0.020593533541236275,0.012246977396067397,0.023910690805105897,-0.007390435664223557
B0051,7,0.9565659895125322,1.090208371138746,-0.3561472542983012,0.17190434448894296,0.023986200777759932,0.01973770526107717,-0.0007516554127008505,0.007628277546258393
B0051,8,0.901956291365404,1.0006626410458546,-0.13724026275462547,0.022482189447833086,-0.00425164600804221,0.009741876912966838,-0.003117095480006036,0.013678588206792835
B0051,9,0.8897906666138162,0.9307376667323467,0.06852791088845965,-0.08371179899334097,-0.002446254935693892,-0.013660480938285908,0.0042859177974259605,-0.013942293928134678
B0051,10,0.8830717036634559,0.8593916602326942,0.23161982525876243,-0.17019212813442833,-0.023399753684098464,0.008230778358937466,-0.006174639077506617,-0.016404039279960876
B0051,11,0.8431270354481757,0.7975298163238909,0.2810993086941453,-0.18336895535020764,-0.011599165251504055,-0.03971157098115189,-0.010771335235257216,0.009948937270994919
B0051,12,0.826559103449663,0.7810057478577808,0.24040277090491974,-0.12061585874033769,-0.034835058385367004,-0.004402428145491628,-0.01318410414601009,-0.021811965868205982
B0051,13,0.8352681546837963,0.7507266370000412,0.1899585262907204,-0.06876520760475599,-0.014551889616819599,-0.0107913301074651,-0.00817920891263748,-0.0031293723402326477
B0051,14,0.8025719464987874,0.7386704830521429,0.07489805972723595,0.006379150800767581,-0.013488302297426044,-0.013126839330261417,0.0030875382942569976,0.006151856286777005
B0051,15,0.7839218784699513,0.7614971382528323,0.008150467198963621,0.03016376501376879,-0.007414553343983369,0.004038687352548732,0.00269353967649711,-0.015207165640465254
B0051,16,0.7910763493036002,0.7665436868911516,-0.022632813533495555,0.03438836311688495,0.01489992419138796,0.00601079901572158,-0.009689584458999027,0.0015559741190474634
B0051,18,0.7654538269480236,0.7674792686649897,-0.07081764414881091,0.04356299036036729,0.010692373754654762,0.006248688224275823,0.003422173432590061,0.00486597670561874
B0051,19,0.773177347633947,0.7818527650766514,-0.06635470323783337,0.032041543173981876,0.017624577244004434,-0.005501027983221872,0.017625090621854883,-0.00411089721810825
B0051,20,0.7605293776416485,0.7634077700756315,-0.04655012967519196,0.0050812050499526125,-0.003702131604850143,0.022979030842743477,-0.006081183108677224,0.025394816109155716
B0051,21,0.7376430319247004,0.7668127525713566,-0.05579772987602538,0.0075642767750626816,0.009057301083016705,0.004795815772719426,0.00010622562785742852,0.005104390024583927
B0051,22,0.739179500257907,0.7525758473805766,-0.0185078269892265,-0.012103036447932626,-0.00044118385927028534,-0.009449422654487031,0.025867412121568456,0.0012377107600959737
B0051,23,0.7014575429842594,0.7357681013226107,-0.03599101803549057,7.725902952805806e-05,-0.0033520515188151133,0.0049594602083251876,-0.008359250220486673,0.008355042263140053
B0051,24,0.7047349480541781,0.7283516259744757,0.003835869199669688,0.01239399465537018,-0.016486584380221887,-0.004664947361097861,-0.01702797737429769,-0.0016670325961351733
B0051,25,0.677848893570423,0.717732559954394,0.023422864480827123,-0.03113848279599042,0.014481466399220547,-0.012877157922904926,-0.01908710342442121,-0.014685253049181174
B0053,1,1.06914178861943,1.1239921350511597,-0.044385529488293114,-0.006278434050629382,-0.0021065295896616045,-0.0016724548090563574,-0.0008140206956813586,0.00040662215335689927
B0053,2,1.1540727934432229,1.1198004896521787,0.03612273856386179,-0.001992832952267959,-0.0006370045275304651,6.506964673415891e-05,0.0007365056230238664,-2.217282062317431e-05
B0053,3,1.1501525413826983,1.115795396165739,0.029421999515511308,0.001690732306548002,0.002374357047747504,0.0001639544181361696,0.00016066670098878417,0.0005454349798568896
B0053,4,1.1305863853936766,1.1123832804523153,0.01237227471933321,0.004743534644057713,-0.0004730436325748842,0.0017943688731659189,-0.0007329695416684877,0.0004989396791665627
B0053,5,1.121790272357562,1.1068725350367417,0.009844297501505417,0.002641467998596203,0.0022138033555388474,-2.743567795582352e-05,0.0009373737662920828,-0.0006917698013287828
B0053,6,1.1135982401443856,1.1003255351006114,0.009420428837605912,0.0014519503730887745,0.0011074218756742175,-0.0003755866693597763,0.00015866105925497106,0.0015098294095556965
B0053,7,1.0864654057095062,1.09457334594313,-0.007879053079810764,-0.0007535481171634968,-0.000884300682081358,0.001858706288972516,-0.0016479256263076682,0.001198180891776986
B0053,8,1.0647493568993147,1.0890383788665747,-0.021329307084800943,-0.0014919255487390202,0.0001520558477030136,-0.00039270550762283664,-0.000984622931211835,-0.00024251677998302613
B0053,9,1.0809288094959644,1.0833287591311873,0.0017940857122811901,-0.0005993813687805284,-0.0018803508830082954,-0.00013312161355377665,-0.00015835102216094334,-0.0014228305373264652
B0053,10,1.0852752041846463,1.077003918077128,0.01119101527755367,-0.0001650896235851592,-0.001772738808978119,-0.0007771725307667743,-0.00046162959882841586,0.000256901304070221
B0053,11,1.0504799933740894,1.0698069044325837,-0.01893932629822324,-0.0005416451771325933,0.0004850735539106087,-0.00039463207438514156,-0.0016261530998198514,0.0016897720349781191
B0053,12,1.0853550177054303,1.0641711717456803,0.018978411521575676,0.0008996287160351144,0.00027781712065181376,-0.0003450584550525963,0.001007219051880706,0.00036582791640949077
B0053,13,1.0508395690790722,1.061061314263317,-0.010507593692282016,-0.0009538503652293097,0.001373996510479153,0.000667198969594618,0.00016211437579951668,-0.0009636109856719613
B0053,14,1.060906788333118,1.0558293001349213,0.0034558514473522826,0.0017309211359924157,-0.0003404779292075013,0.0013992820241580375,0.0004916512496451606,-0.0016597397576547795
B0053,15,1.070582461063814,1.0502265666105768,0.017640132741299403,0.0010913144491942297,0.0009336916723890013,-0.00024131564822640138,-9.537823224210468e-05,0.001027449419032213
B0053,16,1.024036665663697,1.0485776908292983,-0.024276455501347577,-0.0005189636876583924,9.369883222367635e-05,0.00285877884282753,-0.0028264231860874473,0.00012833959752545318
B0053,17,1.0670957253433857,1.045531171868575,0.022066444547875895,0.0025070358883966413,-0.001157358265420452,-0.002729872378321326,0.0025685105725677653,-0.0016902069334734306
B0053,18,1.0279237850447498,1.0443406124393924,-0.012150094334487603,-0.0010712710329263862,-0.0027431226357937967,0.0011558257902783379,-0.0014047415947250172,-0.00020342353349694383
B0053,19,1.0325426399701008,1.0445537824899953,-0.006089428598786084,-0.0031429262534614605,0.00019248976447536334,-0.0013267690247844078,-0.0011051709207013031,-0.0005393374445448488
B0053,20,1.055948784653705,1.0452384434553492,0.017038998935632717,-0.0031925094251520143,-0.0007289764205261897,-0.0019887717435699017,-0.0009925528400067042,0.0005741526763029485
B0053,21,1.0445313831308718,1.0464141387429715,0.0017302597346945153,-0.0016917246184043099,-0.001809416400285438,0.0005564474354401651,0.0009355376356892824,-0.0016038593867304719
B0053,22,1.035313906812183,1.0471933387308505,-0.014299440340805493,-0.0004800916840162917,0.0014343239239482778,0.0004171058086697484,0.00034780881866881217,0.0007008615901198035
B0053,23,1.076341053101982,1.0472829517591018,0.021537768062574285,0.003240936557854054,0.0008985208598556095,0.0011331922872798703,0.00038517398800800803,0.0018625095213050424
B0053,24,1.0352223140423542,1.0476856300122348,-0.01856220387808569,0.0025096995346132354,0.002155513011900127,0.0011753417940823022,-1.3384306075116935e-05,0.00027171790916283187
B0053,25,1.0514287056908256,1.0473327771429721,0.001323658939659919,0.0008328575293469953,0.0016832983370594875,0.00036366540087184976,0.0006650547401546828,-0.0007726064037586843
B0053,26,1.060332934638968,1.041480506070892,0.0162011688387014,-0.0014462022651328588,0.00035151186797113566,0.0009014619164953906,0.0004878040247113144,0.002356684158834682
B0053,27,1.0236966462748538,1.039768003158639,-0.014894287815518813,-0.0012292103021081427,0.001113502641087426,-0.0015195847097853005,0.0006695021907567297,-0.00021127882429329087
B0053,28,1.0465884668750889,1.034532414061423,0.014750148968818485,-0.0014034198005181038,-0.0006528419662311922,0.0009400604591015579,-0.0002547861200105234,-0.0013231087200676396
B0053,29,1.0031121684812232,1.0283190721788011,-0.023441214089995208,0.0010054164636506006,-0.0011060967440396836,-0.0012296094550025584,-0.0008293485534707058,0.00039394879600614834
B0053,30,1.0461578935615607,1.023684164157306,0.024413221217318978,0.0015211459071768575,-0.0011986029386231182,-0.0009869117690458286,-0.0013203008962010916,4.5177892118070794e-05
B0053,31,1.0156263513525603,1.017754743515463,0.0005628402178366572,-0.0008299102847787341,-0.0018658072740426789,0.0006910377656784728,-0.0003689808783136899,-0.0003175716254414315
B0053,32,1.0250054893129452,1.013104998561652,0.013844681527209244,-0.0021027399881764024,0.0009857418270275704,-0.0004954512636651669,-3.974290709078698e-05,-0.00029199838331764896
B0053,33,0.9801331625592912,1.0089565088518606,-0.030214828221107888,-0.00016203292846215928,0.0007968087551521603,-0.0017714538529662487,0.0009075762066494641,0.0016205839196042288
B0053,34,1.036777776420363,1.007032082462494,0.026871831059693707,0.0016646784865359627,-0.00037270228838199405,0.0012043345651821795,0.0008280667256530693,-0.0004505145591745713
B0053,35,1.026830062058722,1.006340864770332,0.01680417379116638,0.0019311335691489452,0.000636978617010687,0.0025366216353672204,-0.001962116336742209,0.0005424060686294002
B0053,36,1.0150379662805102,1.0051536862450217,0.004272022348924672,0.002998595023101935,0.0013684328702778048,0.00027689512124722785,-0.0003048897579722977,0.001273224515202812
B0053,37,0.9904614739486176,1.0085418587638377,-0.0201857289426594,0.0037006459691300295,0.00018354682651957967,-0.00040042589080419575,-0.000778952119019973,-0.0005994705124377213
B0053,38,1.0145765174582757,1.0130845174073573,0.007431192641921643,-0.0003714536900734514,-0.0021147389480194487,-0.0022050843369003856,0.0006276804450749095,-0.0018755959746524736
B0053,39,0.9811308944080388,1.017204698059616,-0.02581887747878777,-0.005911812888275062,-0.0024228668887325564,-0.0006394967405694507,-0.0017896147286061434,0.0005088652423702091
B0053,40,1.0041687429386437,1.02559554381018,-0.00634972455223542,-0.009225772600616279,-0.002917537506101438,-0.0014186731904438045,-4.3629155471027754e-05,-0.001471463754549492
B0053,41,1.007820487960787,1.0335151020471072,-0.01002895837753249,-0.012023368252548156,-0.002164002541544561,-0.0008599211696938331,-0.001774988469733788,0.0011566248278390753
B0053,42,0.982454133084564,1.04187906719172,-0.05140322143927276,-0.008031767068708624,-0.001485657086432053,0.0006212329053437291,0.00047212243382522954,0.00040235631379934174
B0053,43,1.1096775355538029,1.048389280442385,0.05006057267757208,0.0042248808818452655,0.0030326580284847737,0.0008658132874617955,0.002714285331605278,0.0003900447561705885
B0053,44,1.1136801589914762,1.0544186304738912,0.03551978282708322,0.015540212901705666,0.002035808592116848,0.0031817085777434534,0.0028027568806176122,0.0001812585801618153
B0053,45,1.0385009100572404,1.0570458693871387,-0.04374368618693517,0.014148827031267968,0.005284792120294204,0.0019514155065248444,0.0018909782892826306,0.001922713937053938
B0053,46,1.0768815902180078,1.0590202535659659,0.006680983138890949,0.003944508251355383,0.003517692061870625,0.0021558943137543005,0.00016263317255728283,0.001399625646276209
B0053,47,1.0721705505837382,1.0564453174525503,0.01974200972615635,-0.00875468257442014,0.0017526222750212739,-0.000364868579582399,0.0012720625907600223,0.00207808963754253
B0053,48,1.0124588999851116,1.055594888449634,-0.029778618925284404,-0.011653775952277512,-0.0009607797737246023,0.0005122872894290426,0.00019053321318109195,-0.0014456342241874454
B0053,49,1.0279944857549583,1.0493604616678425,-0.007806949195592533,-0.009876531365495086,-0.001993207626858705,-0.0015055425546445227,-0.0009862419849384926,0.0008024968679619405
B0053,50,1.0304147279049998,1.0455065039710747,-0.0006583884344276868,-0.007358642507172994,-0.0028761995020427805,-0.003079934330640682,-0.0013687548495713497,0.0002501436051241514
B0053,51,1.0556163273995052,1.0403257301050928,0.026536249273899432,-0.00456011992750187,-0.0022875629344156503,-0.0033436155173082517,-0.0007698052770070905,-0.0002845483381085421
B0053,52,1.0011115418162628,1.036351984753096,-0.029092952468596174,-0.0009584525206357391,-0.0010749344618547216,-0.0010343142903459135,-0.0012313195008789946,-0.001848469574857487
B0053,53,1.0466839215498662,1.0304076328721872,0.013708307478518957,0.0021418428340878,0.0008048482695566524,-0.0009092151110225616,-0.00015011713648009734,0.0006806223502092081
B0053,54,1.047181656018543,1.0281363273390496,0.01035905890075698,0.007444331454832696,0.0006481978133611175,0.00020965909024018659,-0.00013223818986060116,0.0005163196161255628
B0053,55,1.0102740078425778,1.0259975916571173,-0.02341464331435503,0.004379690154482163,0.0015319717135156698,0.002436119854985495,0.0014459707822590206,-0.002102692908375923
B0054,1,0.7399351039859233,1.0087612398037908,-0.20330546570158836,-0.02193051893209294,-0.018390089363194848,-0.012734635444699313,-0.005609402357002436,-0.0068560237296873975
B0054,2,1.1665440238116096,1.0174955980700724,0.1823163305412798,-0.011823574389359357,-0.007940185425561528,-0.005829948175128952,-0.00241327790320175,-0.005260919207098167
B0054,3,1.1052521456138635,1.0262045760064693,0.08358244987731543,0.0016493824435095368,0.0003660173271907738,-0.001157294108655524,0.0014263055167384284,-0.006819291664514751
B0054,4,1.0960302257185877,1.0310361330574795,0.04918525732007498,0.00955795829253794,0.0024800247579581766,0.004494959450946508,-0.002106056185466832,0.0013819488220054585
B0054,5,1.0754450685609742,1.0387962304274474,0.01001479770100979,0.014080522326839507,0.006781087260185481,0.003575703898278869,0.0014843269038802172,0.0007123998687603538
B0054,6,1.0655493528023796,1.0442636466173594,-0.007138008144247616,0.010918492777401489,0.00930958403453247,0.003506943785725187,0.0009741580463806103,0.003714535524346276
B0054,7,1.0568368579972396,1.0485418170585297,-0.013068647368665039,0.008897847181547297,0.00454039080556095,0.002142469765255451,0.0036910139384276814,0.0020919664677554006
B0054,8,1.0449064445364842,1.0486802620316902,-0.018057791090088742,0.0025620583142488677,0.005803146317188833,0.0012099566669971195,-0.0002030495572926307,0.004911861721417802
B0054,9,1.0458363976936966,1.0470485839665171,-0.005982004272670578,-0.0002117678531903495,0.0004264946247952711,0.0007496741769462941,0.002505228540396436,0.0013001883772933306
B0054,10,1.018187920878015,1.0442601051298428,-0.028382165736158357,0.0001686934970708996,-0.0005665021152668525,0.0010762512986901025,0.0010171521836880519,0.0006143865247904526
B0054,11,1.0226409233672231,1.0358650115412085,-0.016946670275952924,-0.0012250085727244782,0.0012539771641054962,0.0005777273154362989,-2.132125880339687e-05,0.003137207352435107
B0054,12,1.03890961861509,1.030183097188517,0.0038041422577404665,0.003563843930628484,0.0015315320123803903,-0.0014819495138930193,0.00048708169273238436,0.0008218709229579728
B0054,13,1.0173250354350074,1.023714301563487,-0.01246195116256298,0.0052908272627505215,-0.000843293875559733,0.003723916749668803,-0.0008186776736729012,-0.0012800875232673618
B0054,14,1.033183911994548,1.015352483559204,0.013884865205564673,0.0013979010547370621,0.002219761094848474,-0.0010645947783698372,0.0018103255301923783,-0.00041682978773326595
B0054,15,1.0095232119739597,1.0111077226423135,-0.0033743372959323956,0.001671436714200081,0.00224832563800791,-0.00044043158603963893,-0.001649271407751015,-4.023281420915101e-05
B0054,16,0.9862483259626476,1.0094201863792958,-0.019684198160593133,0.0028404578492467808,-0.0023725810742370635,7.638249857011426e-06,-0.0030065585730105933,-0.0009566187590809338
B0054,17,1.0080048320000436,1.0085585421396381,0.011265376083432614,-0.005672731595718494,-0.0020270968889414607,-0.00044968527543090114,-0.002171623196027955,-0.0014979493481779586
B0054,18,1.0153387761254196,1.0143429868781684,0.022767033058395163,-0.009944183537710791,-0.0042929131260963154,-0.003262188005048211,-1.6586072208259642e-05,-0.004255373161496448
B0054,19,1.0106786853355956,1.0171992584931207,0.013087985632390676,-0.00865435980531078,-0.006689138655755985,-0.0017251475833530054,-0.002240355972885271,-0.00029955685757959943
B0054,20,1.010409656585336,1.0247229227788763,0.0016961613963458334,-0.010114314921600472,-0.0027510426346027145,-0.0007263814161619143,-0.0002628068085502963,-0.0021548818935674795
B0054,21,0.9801433323963482,1.0312228112641229,-0.04986264601703726,-0.0020349874247747083,0.0006802493249045327,-0.0007145525649928147,-0.002526263265214273,0.0033787210366163683
B0054,22,1.1016641723624383,1.0376423498090661,0.05125492580081841,0.005154646420636698,0.0034956367892909584,0.0011851869512213035,0.0029147286739811653,1.6697706577263962e-05
B0054,23,1.0826512239001271,1.0436053872927182,0.01944311326843153,0.01012350653210447,0.004599483989967816,0.002966727472683917,0.0016447822254460243,0.00026822293423294733
B0054,24,1.0575008387868343,1.0441600229663526,-0.009352514772399158,0.009184690952538254,0.00849029723853186,0.0007175943211737021,0.0015385373030479938,0.002762210627842207
B0054,25,1.0385517331615322,1.0432173121691772,-0.020367540437737686,0.005932644646400866,0.004982537592617648,0.0036319627950726963,0.0012404017051448643,-8.558543267439841e-05
B0054,26,1.0073294901291132,1.0390016892435965,-0.03690210172876717,0.002215799967626258,0.0010799640231835244,0.0005014188222239452,0.0015609730279476932,-0.00012825330703274143
B0054,27,1.0160400308540347,1.027731634914538,-0.011201669067806263,-0.001938229042247299,-0.001401731133670158,0.0012875419171660266,-0.00012100867193010866,0.0016834918455981677
B0054,28,1.0158319636440951,1.0195082432812683,0.007343087484460089,-0.00466784891272638,-0.004378700038839694,-0.0016839785408533717,-0.0013315447183176678,0.0010427049970054391
B0054,29,1.0015383803216271,1.0081624910375198,0.00616031334022432,-0.005098871221358859,-0.005899979105854538,0.0009954170235632676,-0.0017082710663160127,-0.001072719758474133
B0054,30,0.981248861591824,0.9974627126144953,-0.006042279379670301,-0.003021609341231259,-0.0018914924361349173,-0.002314725821629417,-0.0022817699895684444,-0.0006619740986899077
B0054,31,0.9987416030110134,0.9861350242525844,0.01731011605723017,-0.0006730118057176036,0.00015514330289247876,-0.004203513740021427,0.001440995865499266,-0.0014231509899078182
B0054,32,0.9584014230949642,0.9767206936185122,-0.017205698399781505,-0.0010080785884707003,-0.001525399705689008,0.0011302457020851064,-0.00026858841351016036,0.0005582488691745112
B0054,33,0.9800846133894624,0.9698909437773069,0.008742866418178908,-0.00033245114616115267,0.002049293893323318,0.0006903780129913411,0.0005174574518839324,-0.0014738750607030623
B0054,34,0.9720372198962766,0.9658072258109787,0.003905101193469869,0.0009190696725342538,0.0013186628116180687,0.001786391510185512,-8.418536508971445e-05,-0.0016150457689288503
B0054,35,0.9693202807518412,0.9598630278937694,0.0021504145754647334,0.004658423866458548,-0.00027611341813696096,0.0019571833946635917,0.000802087882762616,0.0001652565291093459
B0054,36,0.9479786388506264,0.9606235164249273,-0.012378940485201257,0.001388781276060629,0.0001217915367742063,-0.0008464693524583033,-0.000994371900935504,6.433135323534736e-05
B0054,37,0.9638519569071228,0.9573942427022843,0.009097317537110045,-0.0006351467549558092,0.00011104145389361574,-0.0031235170907983737,0.000639993406202068,0.00036802563320234723
B0054,38,0.9682336695484696,0.9565704577663613,0.016044423817454002,-0.002636039771499718,-0.0013886929469743307,0.0004306424192525733,-0.001294739323393032,0.0005076175610221843
B0054,39,0.9407020864603765,0.9570660138447024,-0.010359976137628759,-0.004278351567616358,-0.0004640763815544118,-0.0008044088956091531,-0.0007612575910750585,0.0003041432010009048
B0054,40,0.9618442077038964,0.9546016494449798,0.005666602150144915,0.0002366209442137586,-0.0018289142756870882,-0.00044093923260288764,0.002456762540222348,0.0011524261152187803
B0054,41,0.9332340144199704,0.9549847745417277,-0.02412689633133157,0.002304548359965694,-0.002623845259098059,0.002258166537255957,-0.00017016339540962177,0.0006074299890354646
B0054,42,0.9313454737145216,0.9537806632079696,-0.030319832259642236,0.0037000782638327567,0.0019188571376348113,0.00011610000168656522,0.0008231959216861357,0.001326411466141855
B0054,43,0.9976429099116704,0.9510928880708499,0.03593202536787299,0.004210843299504847,0.003942498739451898,0.0008009869822656524,0.0018067366913477947,-0.00014306930655665572
B0054,44,0.9833315262972036,0.9508799172441036,0.02760922910739171,0.004317891026477414,-0.0001780058550667948,0.0012817957543913355,0.0008513763227334027,-0.0014306773499614559
B0054,45,0.9904370062777442,0.9488719849903856,0.04153642871434463,-0.0012466016848707996,0.0020165460676646553,0.00011233477952139448,-0.0005999557570891443,-0.0002537308891768487
B0054,46,0.9499871340436294,0.9488001513518582,0.007882516866289295,-0.0021491537803658392,-0.0022459884948872145,-0.0007975496373647393,-0.0015358381346259045,3.299587172296557e-05
B0054,47,0.9526027840900876,0.9497989347295792,0.01708858760020012,-0.007681688600419105,-0.0018744083636089853,-0.0007756975176200593,-0.0037965216307430704,-0.00015642213192194342
B0054,48,0.8850175175465715,0.9519664845339133,-0.053402475207262594,-0.005801762313237911,-0.0035647836344057,-0.0014912021512043304,-0.0006142293668452328,-0.0020745142255038504
B0054,49,0.9937402750241768,0.9520029473585604,0.04695938889443041,-0.0022616017664014083,-0.0016370043391975874,0.00030309800939201783,-0.001269012278758108,-0.00035754091538364236
B0054,50,0.995507330519279,0.9523251101325511,0.03661260324219984,0.001688346709311309,0.0025099377737729752,-0.0011063370838519857,0.0016401427022197628,0.0018375269790965529
B0054,51,0.975407870968116,0.9547397213288766,0.010222432299300194,0.006467559960917896,0.0019696373201189056,0.001186953277777343,3.749855571606622e-05,0.0007840681892369045
B0054,52,0.965960558373922,0.9537962686296539,1.9360915565185218e-05,0.006712764203751362,0.0019978691577976614,-0.0010467684255632472,0.0043008629835356365,0.00018020088607973605
B0054,53,0.9573702621688754,0.9515033764637406,-0.0023899630807070614,0.0008754702512760582,0.0015393201259953418,0.0036121634128755808,-0.0007721509642411905,0.0030020459487189446
B0054,54,0.9294756591964932,0.950397150666215,-0.02369365429694279,0.0004201430224407849,0.0011749159910115236,0.0002823068979858057,0.001196639142318132,-0.00030184219916050073
B0054,55,0.9323553879823946,0.9465629167279606,-0.012010750853468482,-0.0013359780771595579,0.0005474691939320091,-0.0012691851781242553,0.0010681676813014704,-0.0012072514886564884
B0054,56,0.954568378404969,0.940512009358391,0.016524972841117216,-0.001172186225657282,1.8377036636663877e-05,-0.001517224632474129,-0.0010026101807339232,0.0012050402003486766
B0054,57,0.9330242104372936,0.9360971125251226,0.0006419814581883333,-0.0005564423324932076,-0.0017032944050859122,0.001475776980447465,-0.0019037419661401586,-0.0010271818002802187
B0054,58,0.923294184000959,0.9303902332144809,-0.0028809372259291977,-0.00230533543374922,-0.0005174030518167307,-0.0014005603165309559,-0.0025269419288555524,0.00253512877928653
B0054,59,0.9257799164262976,0.9282321453901154,0.0004198704929367883,-0.0024127420649852575,0.0022795655752034403,-0.00157201467651741,-0.00011077588423773077,-0.0010561323737298914
B0054,60,0.9162765793280084,0.9254855298079979,-0.010356203252325847,0.002566376960433543,-0.00028956702256692686,0.00021623706543008996,0.0002018627197969887,-0.0015476569051217865
B0054,61,0.9387011679112468,0.922360248378871,0.015080226565697068,0.0010122958914761556,0.0012295838499904307,-0.0005844405797832974,-0.0005422877649833525,0.00014554158459014193
B0054,62,0.9158990586877171,0.9195089950648125,-0.005357440196084932,0.00146893515868492,-0.0005439314868804815,0.0008399109740668346,0.0002680038268688762,-0.00028541460759272207
B0054,63,0.9202608990433788,0.916770339928588,0.0010885912830317546,0.00178539851017112,-0.00028318091937754784,0.0013286480629991593,0.0005336630747689575,-0.0009625608566793839
B0054,64,0.9111253917360888,0.9154800243609663,-0.004537426947718289,-0.0006192747068197894,-0.00017855397631848002,0.0014147801144559614,-0.0002734340096434218,-0.00016072304607139126
B0054,65,0.8980507043695345,0.9144915482719576,-0.013384107263635201,-0.0015918727193788822,-0.0004695088250027839,-0.0007847136848065083,-0.0007060073769102243,0.0004953660381614532
B0054,66,0.9278864624016372,0.9132015545202894,0.016994167062175016,-0.0005934859407235094,-0.0009026992228933449,-0.0005906335636413759,-4.988343280658933e-05,-0.00017255699118896563
B0054,67,0.9118415396987224,0.9115454026165414,-0.0018624824695936692,0.0029936352585100065,-0.0010196334495944572,-0.0012251395798359554,-0.0003743419304547393,0.0017840993049211668
B0054,68,0.8936491649329469,0.9113800213008257,-0.017211380427993427,-0.0019994304046022505,0.0010121627431795128,-0.0009046378685796064,0.0013971549947111002,-2.472532765386877e-05
B0054,69,0.9100864492604256,0.9124845668962771,-0.0026560698390533325,0.0010251382349198426,-0.001239508942502329,0.0026528732347064314,-0.001665249581595589,-0.0005153006881269609
B0054,70,0.911490473146094,0.909986821665174,-0.0006806836780844441,0.0007325420182634198,0.002688967328161525,-0.0017615250990522374,0.0008118581949241063,-0.00028750723103521396
B0054,71,0.9337172811638196,0.9074672486735622,0.024452918564217076,-0.0003234447586235408,-7.249001176402359e-05,0.0016942915404008693,0.00031281050465752227,0.00018594667287601905
B0054,72,0.8981517756068776,0.905248106283744,-0.010336145412337313,0.003525133554633421,-0.0015245163304877115,0.0017886854758098058,-0.0009126487205246488,0.000363160826751207
B0054,73,0.9139367135371254,0.9023273339752212,0.011849711920002224,-0.00021724171562859554,0.001133438959646423,-0.0015984542417093468,0.0010627612546284246,-0.0006208365661622445
B0054,74,0.8764848617154279,0.9011157705980679,-0.021532745386276895,0.000538044265854654,0.0011911289552568904,-0.0013025228386106874,-0.0005906016468803917,-0.0029342121312964783
B0054,75,0.8854917958581964,0.8968508107338379,-0.00863379445391808,0.00038949507748039174,-0.0020201870694032285,-0.0003847444452231494,-0.0018087341187059968,0.0010989502223545764
B0054,76,0.8819074622846708,0.8938652309359587,-0.007790675472232202,-0.003587333174430106,0.001510740771216678,-0.0011881792843547406,0.0006611677975294351,-0.0015634891958321716
B0054,77,0.9045809105944796,0.8890531527441268,0.017001671394165724,-0.0028889099807100907,-0.0012506183860369164,4.918666719374837e-05,-6.640016365210677e-05,0.0026828283812089437
B0054,78,0.8734606349455996,0.8865085865578384,-0.015025483339614395,0.0019664941343998095,-0.0018395399284510715,-0.0008299538548255756,0.0013172064219662979,0.0013633250591570769
B0054,79,0.903131190986828,0.8869957138963286,0.017050828318286814,-0.0006692363506410357,0.0018584834242272995,-0.0035103293450542733,0.0026880376034631474,-0.0012823064959604459
B0054,80,0.8712217754060124,0.8819182728137694,-0.014134048186803673,0.001289434459250295,-0.0007287996395235517,0.001200219543431131,-0.0011812867778077949,0.0028579833016649913
B0054,81,0.8936499043476617,0.8823621450024152,0.009858657811687935,0.0012113028493206013,0.0007564200120359706,-0.00017250750148338758,0.0018862875266752986,-0.002252401276050511
B0054,82,0.8835064014687892,0.877154199579466,0.0038431891301250864,-0.0008630089771166676,-0.00010467476751927645,0.0014664851841164762,0.0017141707891994212,0.00029604062149090265
B0054,83,0.8779403705367915,0.875842407877319,-0.00021728421539935259,-0.0005362862556463421,0.0021430387083929193,0.0011891438925892219,-0.0009030691159878841,0.0004224197441973124
B0054,84,0.8599389109365094,0.8738897468563549,-0.014446654943526687,0.001401880579724869,-0.00124175752643203,0.0017187589183379937,-0.0014625984611446945,7.953563677324488e-05
B0054,85,0.8697358119609565,0.8709728958316225,-0.0013146853338017767,0.0013607592325468106,-0.0010982393587057417,-0.00022229750901122435,0.0005461982622017913,-0.0005088190538716277
B0054,86,0.8638271814812677,0.872229389751474,-0.006210839760366264,0.001973976919718297,-0.0007321679466004229,-0.0020554846502398613,0.0007879423733579238,-0.0021656350878771803
B0054,87,0.8865694537789144,0.8724644899671227,0.02006291131150993,-0.002614806737841484,-0.0012811343512779067,-0.0010150416208515962,-0.00011926462877495054,-0.0009277000742371861
B0054,88,0.8690078572313327,0.8734534915674762,-0.0004290872700890877,-0.001973076097935732,-0.00048439182387986524,0.00010616903850867949,-0.0024482192721406197,0.0007829712004244733
B0054,89,0.8474446088377652,0.8760484120386013,-0.023266615244997405,-0.005453684077759941,-0.0009522064889448865,-0.0005414373548114487,0.0004044044874933544,0.0012057356190481431
B0054,90,0.8799727721580702,0.8808854916040317,-0.0010818953175261935,0.00014853331501175557,0.0008619021922667267,5.329066505759065e-06,-7.003618231360497e-05,-0.0007765524240444244
B0054,91,0.9110444582768508,0.884422987509467,0.018860511755691308,0.00239821750603027,0.0028256907469262752,0.0016542379063644724,0.0014368812259363346,-0.0005540683206908101
B0054,92,0.912172429335506,0.8854470730619435,0.013866304191031334,0.0038545189307719343,0.002239605164097053,0.002419075555902169,0.0010993299895056955,0.0032465224935679304
B0054,93,0.8872043975884799,0.8879404282584363,-0.011968100790685901,0.0034384840376874954,0.0031441516033275667,0.0031838487030839023,0.0016904805883032838,-0.00022489472581616217
B0054,94,0.8961236767959215,0.8866556206698197,-0.0007123828107205555,0.004276081026287501,0.002010699139964561,0.001226939914789683,0.003079251950447229,-0.00041253302114977353
B0054,95,0.8851334001128452,0.8815798743551508,0.0004093952378119911,-0.0013201137851056913,0.0005198752441632188,0.0022350018895128474,-2.910114939712997e-05,0.0017384684094310548
B0054,96,0.8793386645436118,0.87882066754453,0.005468375666261892,-0.004984534067113041,-0.00023230499841846123,0.0026582641594694806,-0.002361061951281878,-3.074171309747661e-05
B0054,97,0.8461224238450626,0.8751005220150094,-0.02088837973439849,-0.0022371520608609084,-0.0011555969490764518,-0.0016447641161374976,0.002099171200329123,-0.00515137636710943
B0054,98,0.8705933152969343,0.8656854614832705,0.013109887469885298,-0.003073404611375963,-0.0014996054912252913,-0.0041310439774782555,0.0013475059460646046,-0.0008454854133686948
B0054,99,0.8440520909609104,0.8621729766365005,-0.0068313746534431905,-0.0027202058896498593,-0.0018091189906494253,-0.0022682376296653583,-0.00235779604463968,-0.0021341523219851064
B0054,100,0.8536244678403578,0.8562225585799423,0.005496597687271368,-0.001634833919778955,-0.001315260831409897,-0.001536973331528982,-0.0005543067148507373,-0.0030533134969730675
B0054,101,0.8524519337958137,0.8494034346745809,0.005733150629640624,0.0012971818801985316,-0.0003902730570781308,-0.00017918680725504175,-0.0012395342382946369,-0.002172839152042125
B0054,102,0.8373919001793014,0.8467425364453642,-0.006438378018405273,0.0012916633110917311,-0.0008400722328117998,0.00141362313992592,-0.0010072016779433814,-0.003770270633148263
B0055,1,0.7989997927037011,1.1334359705499177,-0.244139993121459,-0.04903886903338505,-0.020586043255107902,-0.008478676875256682,-0.008673639674084506,-0.0035189554970010153
B0055,2,1.319892156462878,1.1457127948489416,0.22062423022727623,-0.02360604813333152,-0.008289631282895372,-0.006820443542629311,-0.004811563611477589,-0.002917182398878083
B0055,3,1.2769832801132015,1.1571447505696593,0.12802849828900942,0.001382492528957925,-0.005305233221386471,-0.0010402887248451194,-0.0010211309576181199,-0.0022058086650120906
B0055,4,1.2572591312230863,1.1663470886620022,0.06881837757067276,0.01962795342552484,0.0025442262828572074,0.0009170475909133288,4.583240777775853e-06,-0.001000145815858139
B0055,5,1.206763751299412,1.1715118466113708,-0.007418328890982644,0.026358561079470818,0.009364274567036077,0.0033632039454342924,-0.001002786725749113,0.004586980518932858
B0055,6,1.2077322536103197,1.178813785843335,-0.016301387749797874,0.030767990278182864,0.007933195803000137,0.0031259865778118837,0.00244143488192307,0.0009512477805790774
B0055,7,1.2009614290093835,1.1811968389732623,-0.019266569544862847,0.024213705767124255,0.008708058266648435,0.0010783325967781575,0.004116129932807894,0.0009149328320339546
B0055,8,1.189059086549973,1.176986280633513,-0.02499090542574064,0.02265054270280531,0.005385426006255734,0.004749790659826774,0.0015578592777048359,0.0027200925270580937
B0055,9,1.169708782604433,1.1707674631174074,-0.027900582169821643,0.013678961149334137,0.0034381151563943704,0.0046322194195993985,0.00028981467052488675,0.004802791120149431
B0055,10,1.1483647194613424,1.1648796594720676,-0.03601899808566755,0.014103885315552732,0.001955500147461526,0.00014261049860812228,0.0019679659921288746,0.0013340960109058343
B0055,11,1.1527726060972296,1.1533182043577332,-0.015413323517680766,0.008789805619369722,0.00437856982020609,0.0005472790272129421,0.0014802051370004284,-0.000328134463208471
B0055,12,1.1318370471727228,1.142468912361624,-0.01753622019539534,0.003557015538903692,0.0021584757485347073,0.002454690738921139,-0.002443197809256735,0.0011773707027696867
B0055,13,1.1326525803383347,1.1310417243696513,-0.0009437027350914831,0.0033170089665764692,-0.000366574447992169,-1.7334478817450746e-05,0.0008978490551246124,-0.0012763904789058588
B0055,14,1.1160565716574584,1.1211317335454554,-0.00038956196854908286,-0.003912695495817143,0.0021108214420227298,-0.000857686891561124,-0.0016614000772068101,-0.0003646389609132043
B0055,15,1.0984641825068853,1.1095041904280394,-0.004936135865679788,-0.004682653510748873,-0.0006173475846141504,-0.0021322273936335468,0.0006677401486055613,0.0006606162460769477
B0055,16,1.092569410309668,1.1058511312256871,0.0018320867678979704,-0.007896532797773984,-0.0034030997099115056,-0.002848989218455651,-0.002697005608097542,0.0017318196199217373
B0055,17,1.109167680712031,1.1078252560850825,0.026806395484806244,-0.012375881536175385,-0.00286281159655648,-0.005102940218036219,-0.0019651980144483254,-0.0031571395468058413
B0055,18,1.107503502890571,1.1090460100066384,0.026742966453626407,-0.01405297740319047,-0.005167319312266622,-0.003216515548702549,-0.0016851330323883452,-0.004163528324927541
B0055,19,1.106751675424531,1.1114725141827038,0.020779708331430866,-0.01577865294717185,-0.0029130118191541105,-0.004757921526359855,-0.0029910431276177936,0.0009400822799946264
B0055,20,1.0726694124582823,1.120011933037607,-0.030207840477354416,-0.010579183123016212,-0.0036095841191233807,-0.003610651870907532,0.0013963666335125105,-0.0007316276243433297
B0055,21,1.0776844021506693,1.1284565393948116,-0.04851821407074031,-0.0016966620094094602,-0.00047625427987450065,0.00209718584605037,-0.0025778850006726146,0.0003996922614162044
B0055,22,1.1981714734535909,1.134872622884718,0.05138608115553773,0.0033338655485677516,0.005260304058655748,0.0017477188970068602,-0.001314724260085392,0.0028856049875933235
B0055,23,1.162538155268093,1.1395839183995773,0.0008012589703421713,0.012339787457867844,0.0021193357077436484,0.0022816014933042185,0.005106272300633889,0.00030598080804551664
B0055,24,1.1556827465844224,1.1419154127142077,-0.006164453866298408,0.009256292513706068,0.0042765485511404135,0.0010796105158573381,0.004010015219852361,0.0013093208151937852
B0055,25,1.137444098422356,1.1396159729546187,-0.01662189448801375,0.00485434014427432,0.0037505987020404483,0.0019005848795967456,0.00296826389819918,0.0009762322369907612
B0055,26,1.1126375352125493,1.1319391665947487,-0.027552275430237205,0.0019897084484888435,-0.0016279367459835507,0.006662713172320893,-0.0020473208657614825,0.003273479979840592
B0055,27,1.098656067845981,1.1271794047747157,-0.024986853586379004,-0.00407892612267924,0.001672208509070014,-0.000761593415324033,0.001822417407435449,-0.002190589759972327
B0055,28,1.098530275888464,1.116538868850621,-0.011072574486349874,-0.0019055450926551143,-0.0023946876381009843,-0.00276060367956448,0.001050661178030561,-0.000925843282451332
B0055,29,1.1029370400968537,1.1081846801015642,0.007184832821081202,-0.0054214226788196485,-0.003739847497438027,0.0006215249185007666,-0.0024154288804012127,-0.0014772987328773991
B0055,30,1.0949644922735318,1.0957283529924535,0.007295742021319668,-0.005148603737040717,0.0009303343443972753,-0.0037791378931165943,0.0006014254147807187,-0.0006636209030910243
B0055,31,1.0890679714830998,1.08785303458607,0.006313476705572749,-0.002851242408429577,-0.0008089250687131279,0.00025335582537949975,-0.0019213835661916203,0.00022965538402543458
B0055,32,1.073323391636053,1.0818458091515524,-0.008265477660376165,0.0021066185892621293,-0.0006550232765575986,-0.0015059500326750279,0.0007754750418382456,-0.0009780601798348994
B0055,33,1.095373856745309,1.077490885392247,0.015506272277246142,0.0027151599071809996,-0.0022759645750939986,0.0039024501583420756,-0.0005236535224219443,-0.0014412929266060374
B0055,34,1.0639517466243125,1.0719680728536145,-0.01219922575084187,-0.00022855687174101332,0.0013943290070709935,0.00027902408071082144,0.00023626847951392047,0.0025018348365591
B0055,35,1.085798072407703,1.0706133892533594,0.008602404150398235,0.004028831714627838,0.0024482835536786063,-0.0021993305022781256,0.0011128187659508314,0.0011916754512614626
B0055,36,1.0588748965507555,1.0676720289473827,-0.011946943646447845,0.00132801098478059,-0.002063768693720613,0.0024385565679490226,0.0001822558884626466,0.001264756520191807
B0055,37,1.0813260035191288,1.0656100563283561,0.01335239797803075,0.0015066924438621066,0.002523394906419826,-0.0002945101064561415,-0.0006480786040624968,-0.0007239494413231762
B0055,38,1.061601862588323,1.0659500465239018,-0.001930813064193866,0.0001978000553343508,-0.00029854242269629794,0.0007607123489366979,-0.0004988848577480973,-0.002578455981272995
B0055,39,1.0593920670581127,1.064594318878248,-0.001445533518242517,-0.0011467156975464605,-0.0008170806126417112,0.0002012283881079798,-0.0010674975985201396,-0.000926652764190005
B0055,40,1.0742513141424723,1.0647557007288158,0.014160086706921175,-0.0007573573986253532,-0.0013933257519158,-0.001878091902023327,-0.001857861176284063,0.0012221629314114527
B0055,41,1.04056147341315,1.0682294532294005,-0.022130854412932836,-0.0025409010488276914,0.0004947976637404494,-0.0018895849001255626,-0.0008606976115791324,-0.0007407394624622747
B0055,42,1.0575656535324895,1.071529220283788,-0.013338194602837194,0.0006007513260525405,0.0015771311692157177,-0.0014858754500013658,7.623719333826988e-05,-0.0013936163673489944
B0055,43,1.0983528970914622,1.0780175265497969,0.020255617023396028,0.0010024933692922731,0.00032668760684820275,0.002017894532953982,-0.0020426583808367824,-0.0012246636486686606
B0055,44,1.109758993739737,1.0836616430290962,0.025613767403438154,0.0034429866595205444,-0.001577890238828189,-0.0002159079510307489,-0.0033321416227235167,0.002166536405253383
B0055,45,1.0793315779206871,1.089940624772827,-0.00874951268807736,-0.0002861385832053238,2.8185065000917824e-05,-0.001122341950644481,0.0006653423381597652,-0.001144581044819666
B0055,46,1.0716159094756148,1.0943769816930728,-0.020685865173769715,-0.0020467415602362245,0.0003507097775712853,-0.0019493355603672545,0.001371635619846115,0.000198524679098486
B0055,47,1.0746464211019795,1.1018138419386851,-0.022467052198511948,-0.002501774572951434,0.0009372146420259482,-0.002343994777185194,0.0023595488418347702,-0.0031513627766560077
B0055,48,1.08643683065179,1.100072172952147,-0.015994663926661955,-0.0030024267945613506,0.0007783008262621819,0.0031581574543756265,0.001282164476395521,0.00014312564221362578
B0055,49,1.1340138347387958,1.0999684598958404,0.02712701116588234,0.0037241536277995715,0.000980245129924378,0.0009591634608573473,-0.001142511189034193,0.0023973125577876277
B0055,50,1.1176964717951587,1.099296210073334,0.011292077197901557,0.004382689157650068,-0.0001873298478003568,0.002008398254697267,0.00095927469577218,-5.484780277162114e-05
B0055,51,1.1046468529644289,1.0927683676819562,0.004255570266205648,0.003933748795095998,0.0008612086561396951,-0.00044222878936024635,0.0011740609023041873,0.00209612540439578
B0055,52,1.089700148407426,1.0872174487620947,-0.0020433628090820266,0.0019095411543300811,0.0006173674506050255,-0.0002803853612060081,0.0009890325335960677,0.0012905066507966723
B0055,53,1.075533547538172,1.0826540965894356,-0.005073736331064367,-0.0005418708123261666,-0.0008923399935190503,0.0008110343508655515,-0.0005283814945825978,-0.0008952547766453862
B0055,54,1.0609866776144368,1.0745747135723174,-0.009665466159111024,-0.002768214794406362,0.001722301309731588,-0.0021540593623936197,-0.0001264167282580832,-0.0005961802086237155
B0055,55,1.0518218041615568,1.0655205564846892,-0.009365612002956129,-0.0014564198686024318,-0.0015744136804328763,0.0007265608654142511,-0.003099320196727553,0.001070452588113606
B0055,56,1.0553857898132757,1.0560869504122976,0.0014544594719566723,-0.0012190354485959246,0.0004771935551636491,-0.002628933801167789,2.3890282711090835e-05,0.0011912653637487314
B0055,57,1.0533102333691788,1.0527735893507837,0.0054830599445856954,3.75790561005096e-05,-0.0028461468174002043,-0.0003174440115210007,0.002855893858521064,-0.00467629798608078
B0055,58,1.0315365260084348,1.042925104260978,-0.012430693356737063,-0.001045981993393851,0.0009652376855353505,2.479012371612658e-06,0.0003620534164728176,0.0007583270401928961
B0055,59,1.0533401053259417,1.0384963282039716,0.015037349167446373,0.000644031338652963,0.0003317815888535678,-0.0010368476425455806,-0.0007258808058764057,0.00059334350120649
B0055,60,1.0317876798810788,1.0322845478072085,-0.0026032284811831194,-0.0009780651983787511,0.0007291918105583468,0.0003067275711104754,0.0001197481120624731,0.0019287583163261994
B0055,61,1.0354207912157296,1.0311705431583698,0.001687938400366901,0.0013301595832036848,0.00017010088783605412,0.001633516889784439,0.001124142962877337,-0.0016956106152850403
B0055,62,1.0322251791310608,1.0280316820791582,0.00422598544146097,-0.0011130949164558541,0.0018802457141044902,0.0011103177157101916,-0.002031457521892346,0.00012150067497411665
B0055,63,1.011543397303472,1.0264996389895875,-0.014783813799661382,-0.0005668401841922836,0.0017470219980258099,-0.0003091098443256284,-0.0010130157578712704,-3.0484012480323414e-05
B0055,64,1.0413760568150228,1.0289659272493783,0.016740268911421975,0.0013574919309987537,-0.0008034924919406364,-0.00251539604922619,4.619731285170371e-05,-0.0024149400055641524
B0055,65,1.02174193386881,1.026247463864585,-0.0009340982480974358,-2.8106588650804833e-05,-0.0006968844322415032,-0.00025758384609759637,-0.004135672908113471,0.0015468160984342583
B0055,66,1.0133135547969283,1.0287249400551217,-0.009248517794566868,-0.0007408225025210119,-0.0013820886473431828,-0.0011892816116677643,-0.0014763430540742134,-0.0013743315649443722
B0055,67,1.029994255962691,1.03044258890049,0.00692398089057355,-0.0037078510627391956,-0.0009399986326354193,-0.0016562570022128711,-0.00015244261369029062,-0.0009157644579018047
B0055,68,1.0189349807814327,1.0306476805782525,-0.008764117524172317,0.00015343533858632014,-0.001960881210705697,-0.0009039527829302547,0.0004154926354072283,-0.0006526761779776185
B0055,69,1.0290879520854015,1.0311205445616243,-0.0035897928913651224,-0.0003885221194651112,0.0009277651388028755,-0.00040750441813304955,0.0012759940697521094,0.00014946780467628898
B0055,70,1.0567629241900045,1.0324971039764916,0.020507967095853712,0.0007896715958131374,0.0011493475229512715,0.0013140215855100242,0.00018999097915637947,0.00031482145509504586
B0055,71,1.0291668536316647,1.0333174593318524,-0.008616021629947406,0.0034961266734905047,0.0015794917993327915,-0.0015926771163391124,0.0007661473125440605,0.00021632732110921717
B0055,72,1.032129844490102,1.0290377313590306,-0.003831014414368194,0.002401127020429128,0.0007590626420562683,0.0010536506279633187,0.001723160262407682,0.0009861270487184356
B0055,73,1.0409230283951276,1.0294088504958623,0.011199530897475492,-0.0015678825927668818,0.0004054008071577011,0.0007298563430849214,0.0019389994307268538,-0.0011917269428671252
B0055,74,1.011161098766987,1.027154088022914,-0.016056950420772514,0.00016555775984665477,0.001136596345948821,-0.0005882789613009298,-0.0022081681906045672,0.0015582542971133958
B0055,75,1.0337876112911784,1.0258806199029613,0.011633094352341588,-0.0013427544759012987,-0.0013701462205654958,-0.0022708675296949773,0.002919909103831438,-0.0016622437880323537
B0055,76,1.003994224020383,1.0221144598883005,-0.015630345753753595,0.0009106680700530531,-0.005480618915597161,0.0014586162099308707,0.0017633592500057031,-0.001141914632137536
B0055,77,1.0334195479955004,1.0192736764518748,0.017330696718593056,-0.0034867828086569868,-0.000603426866459039,0.0005026269488019162,-0.0020083068462551103,0.0024110644518907046
B0055,78,1.009893656411646,1.01730869222647,-0.003465986162040055,-0.002028462907810697,-0.0015166123875034587,0.0008118842992931273,-0.0015967595190566355,0.00038090095026612126
B0055,79,1.0126262447940628,1.0152625897462473,-0.0012991232450655919,-0.002420290284676214,0.001435429252463698,0.0011585823127576544,-0.00098573173866543,-0.0005252111649386166
B0055,80,0.9948742055727694,1.011175078853876,-0.017328881492232277,0.00027359383889959566,-0.0004648748441187753,0.0009651573347971605,-0.001161510853046492,0.0014156428440708036
B0055,81,1.0240799556179332,1.0102784904502256,0.013041775788082534,0.0013685133780896083,-0.0008579611225551746,0.0015651380353176145,0.0003319148443008997,-0.001647915687866941
B0055,82,1.0208889510043029,1.0069923797399223,0.007856465717304797,0.0041031599710776275,0.00188219866263693,-0.00027945175909424634,0.001480874504149895,-0.0011466757594647517
B0055,83,1.016100815944114,1.0070765892515756,0.008079778241499016,0.002201117673211786,0.00027116588772768636,0.00021544136461390228,0.0006741127055383052,-0.00241738910096709
B0055,84,0.9987875345106276,1.0068115193313105,-0.007155903988736243,0.001968232148393508,0.0007364885808783074,-5.411198202323765e-05,-0.0012575975273803846,-0.0022610919479410406
B0055,85,1.0158868294923784,1.0093909499718978,0.013112403260551317,-0.0013998690127481946,-0.0013085091856420426,-0.0005139455535337028,-0.0019505952710198464,-0.001443604637735421
B0055,86,0.9963437517762594,1.011639076849986,-0.005573509350213646,-0.0044928702051536575,-0.0024687861060100668,-0.0015834086344285118,-0.004028459516819197,0.0028517088462711167
B0055,87,1.0053777381419529,1.0195025866917662,-0.00080685755070186,-0.007150635380819171,-0.003228484867375452,-0.00186976164918987,0.0004177682478819192,-0.0014868772551706727
B0055,88,1.009132291002791,1.0262488486316952,-0.008248313216336687,-0.008657659602213647,0.0008628396692550129,-0.00022834826465761767,-0.0009230916086817804,7.801548279298772e-05
B0055,89,0.9984581240784204,1.0320099852590494,-0.03631581560036736,-0.0018519180152045925,0.0002620292543299649,0.0012749364256786427,0.002308946426165367,0.0007699604331144259
B0055,90,1.0892389324114138,1.0384606751185859,0.035255371982439485,0.008872639433376843,0.000982973446174034,0.0013964530770273118,0.0018911162991063232,0.0023797030290727706
B0055,91,1.0793936031703524,1.0430535593137973,0.017906465954921836,0.008627397371827324,0.0055932422449499735,0.002889126898203155,0.0020014114691717056,-0.0006776000940540506
B0055,92,1.032614295314224,1.0408277597467843,-0.028667514893447984,0.010340356536440769,0.0006522394898314187,0.004335439549169282,0.0017035411198341027,0.0034224738210539953
B0055,93,1.0498572649026638,1.0420776064147579,-8.149569579369991e-07,0.0030795375242891267,0.002920665411318117,0.0030967449140338246,-0.0011835646879181214,-0.00013290968610496991
B0055,94,1.0453902697248565,1.0361618392426435,0.011642433812484677,-0.0063669305522920305,0.00398456114700455,-0.0017143414082438047,-4.169863867708097e-05,0.001724406159086295
B0055,95,1.0001607736713514,1.0321816650999824,-0.020582557113455132,-0.006834285406201347,-0.003465389523833942,-0.0019762041615326333,0.0015858971663432998,-0.000748352288043818
B0055,96,1.0084094786878155,1.0249676375251437,-0.006969758515423351,-0.003514953654580474,-0.00328297704564564,-0.00042480715586602725,-0.0013881313302208417,-0.000977531045494578
B0055,97,1.003655158082039,1.0211969260560603,-0.005299224980957161,-0.003941661525003897,-0.0019301783672029344,-0.0025007073157214538,-0.0013658524078680226,-0.002504143280363367
B0055,98,1.028526967659532,1.016382022654128,0.022267913331870025,-0.0017804091577836606,-0.0016968315985094067,-0.0012693532628886633,-0.0012809745355130844,-0.004095399710477156
B0055,99,0.9816844358987022,1.0091640805484492,-0.022741463099708727,0.00023487578005448732,-0.001978645469762198,0.0005267188028074626,-0.002091749431609138,-0.0014293811031675506
B0055,100,1.0127121434171131,1.0018329686723946,0.00929993437244357,-0.00020297088325759067,-0.0007461084513035877,0.001039332398574568,-8.33011670320196e-05,0.0015722885592305798
B0055,101,1.0201379996149256,0.9983017329371114,0.014013484137595204,0.0007474627174797622,0.0024707594865186265,0.0011866765125747004,0.0011513045468673586,0.0022665793500834214
B0055,102,0.9907591663373164,0.9958726798616948,-0.020014517508116603,0.005721620170561136,0.0004688448549366578,0.004088506649071876,0.0019039032564063143,0.002718129168130716
B0056,1,0.7852781208785192,1.1746201127420806,-0.24628018248345723,-0.08184708385056134,-0.027211609224805467,-0.014964370900098199,-0.009843684147045024,-0.009195060663540672
B0056,2,1.3443555553017368,1.1913329616171995,0.21765515134136248,-0.03664081596283741,-0.008323707532249798,-0.007602231964807275,-0.007857381708374253,-0.004208420742353547
B0056,3,1.317502710734752,1.2061629200966362,0.10683965718010921,0.009192808843780327,0.005067967919273062,-0.0060878704234250056,-0.0030861417004854376,-0.0005866313942105347
B0056,4,1.2973654679476911,1.220633251778418,0.024792265797189905,0.03843110228021827,0.01175201087319062,0.002619323101037244,8.61740746572871e-05,-0.0009486601395558922
B0056,5,1.263960414854898,1.2338686617007735,-0.04532264412005396,0.05626394702550613,0.01026538045437937,0.007611599975628217,0.004556254565951068,-0.003282784879162769
B0056,6,1.2589496187032136,1.2418008794549666,-0.05871407686792734,0.052543786824380226,0.01051056992562654,0.008240422716519936,0.004891147045544516,-0.0003231105201742604
B0056,7,1.28061976902026,1.2462503430731866,-0.020425048124325995,0.03539647447118027,0.006897653145485093,0.006459886721906018,0.0005570931780372367,0.005483366397650294
B0056,8,1.2572786868607095,1.249143730365668,-0.021747911067841096,0.015529598389732172,0.0026444501715680475,0.006845343352500469,0.004269189895997815,0.0005942856313407076
B0056,9,1.2226260041048898,1.2463082481719754,-0.034000335973049384,-0.0004528592651982821,0.001242353363304076,0.00232474531773944,0.00331064395906865,0.003893208461857853
B0056,10,1.2292772249257495,1.242543503957818,-0.01206721394546852,-0.004946674181342533,0.00024432499311893906,6.076137814370664e-06,0.0026721879931389347,0.0008250198913915601
B0056,11,1.2275780135689456,1.2334725395042805,-0.003292339568246067,-0.005780469507799295,0.0025355290815194413,-0.0015141695972081494,0.002771367869524891,-0.0006144442898277
B0056,12,1.2133872888296768,1.224455760772751,-0.007048276270625186,-0.0043060587174415625,-0.002273861508712444,0.0030687587803994833,0.00023701669294627178,-0.0007460509748221988
B0056,13,1.230223614493081,1.2146152774102057,0.0142939988180799,0.0007877728636263719,0.0013012965971104624,0.00010911080723106025,-0.0013549188891693756,0.0004710768052828385
B0056,14,1.1927530108462678,1.2048329640771507,-0.013941884638699598,0.0010654437600972487,0.0026249773786235614,-0.0003630455665838971,0.001348626200394724,-0.0028140703886040896
B0056,15,1.18671066359878,1.200166606284064,-0.011882879339363932,0.0018865482729788765,0.002194217137787226,-0.0011083440769174076,-0.0013777814002730528,-0.0031677032942213886
B0056,16,1.1914875140242167,1.197706838751469,0.0027759272004796104,-0.0024477938228849483,0.0013334523888952135,-0.0020751948721109905,-0.0028693713345535853,-0.0029363443090476646
B0056,17,1.214178606017816,1.1955443149019707,0.029004385561406904,-0.001033235664744899,-0.005410022241130569,-5.6907315256983044e-05,-0.0036791606137760806,-0.0001907686670344681
B0056,18,1.2094387558721402,1.1999866442065652,0.028124799377872482,-0.008252848171658328,-0.004316517357134061,-0.0033505443480798406,-0.00045971538456941367,-0.002293062500049243
B0056,19,1.207072299940321,1.205496609073233,0.022101361149717388,-0.011798201882302094,-0.005655302466198478,-0.0008033313560950828,-0.0016073167426630488,-0.0006615178809753825
B0056,20,1.162961249391913,1.2136760182652933,-0.03827518102554383,-0.009724204128972352,0.0010611661733282822,-0.005153106800646872,-0.00028713615027240466,0.0016636930800175683
B0056,21,1.17887968705904,1.224260075911459,-0.04493284445532297,0.0008679438701997992,-0.0014798747942937544,0.0016664494395339023,-0.00242869566426216,0.0009266327488760309
B0056,22,1.2945104146044433,1.2308484408045375,0.04953660966012543,0.008521033651518684,0.0035411983098504293,-0.0014402860235235822,0.0015717048403905494,0.001931713183338237
B0056,23,1.2602567563003473,1.2339334375728297,0.0020413811049269487,0.01001456207109727,0.007109827761414989,0.0044213811721868545,0.0006103396303629246,0.0021258268612688648
B0056,24,1.2408721291565108,1.2350951414638918,-0.013181212938775074,0.008565247348331284,0.0031557014419504852,0.00642527537132335,0.0014688585601908965,-0.0006568821872644621
B0056,25,1.252197340273113,1.2320135965321724,0.009275820041723016,0.002133097801809478,0.0022486493291727864,0.0011589045946153137,0.0035993873612366915,0.0017678844983460068
B0056,26,1.2279025700477384,1.224649152328296,0.004581751347770375,-0.0053342779594337236,-0.0006152001893435524,-0.0005371646626104101,-0.0006609603568495465,0.005819269462715104
B0056,27,1.1917170308946994,1.2184828745870344,-0.018113951411830812,-0.007831416857630988,0.0009125221496301459,-0.0008103265699095955,9.538474164279997e-05,-0.001018055766554617
B0056,28,1.1858570240011006,1.210639098551942,-0.013377593028440597,-0.005514173941309008,-0.0023636060480092965,-0.003057127948903541,-0.00022141221818733247,-0.0002481613794229509
B0056,29,1.1840938286611429,1.2009260404592468,-0.009183363478222732,2.384726460035189e-05,-0.003980975529388227,-0.0007458934081085387,0.00019447798789833646,-0.003140304645640555
B0056,30,1.2059829135917657,1.1911711121654578,0.022023143474728495,-0.0023234399637791967,-0.00286949575683826,-0.0004529172816230276,-0.0032937483844475896,0.0017282592943148299
B0056,31,1.165428493679393,1.186422392116162,-0.017885822236679873,-0.00015826615323354362,-0.0007470183015458604,0.001156148715542047,-0.0020146055077048574,-0.0013443349355979442
B0056,32,1.1790060613193858,1.1766820881747913,-0.0012315147026115438,-0.00020625231143224588,0.0027441634554716365,-0.0021878556388216504,0.0015962852625291495,0.0016091470764174093
B0056,33,1.2013113747183153,1.1725815913849824,0.021855089296652936,0.003634843260666023,0.001453887962200174,0.0009158018822353656,0.0034286239797395104,-0.0025584630850291894
B0056,34,1.165597803317432,1.1689617434634956,-0.008919974232051497,0.0011093020110691826,-0.0001021654208923172,0.0031113220963077783,-0.001988648889263661,0.003426224306058938
B0056,35,1.180303335055002,1.1656809027104893,0.007681846682680604,0.003237447893179742,0.00097533791915174,0.0006860464039866874,0.0017893152508595238,0.0002524381896454628
B0056,36,1.1658134189695046,1.1657430006044276,0.0015166801183619503,4.7466161443451255e-05,0.0008537776987165877,-0.0012163419010610974,0.000447470503979848,-0.001578634199398468
B0056,37,1.176396051577376,1.1634230718004792,0.017380960252570528,0.00041888261739779346,-0.0024917166543080922,-0.0012514414126046653,0.0003215684033024726,-0.0014052734285448709
B0056,38,1.1458325512940766,1.1634457397311062,-0.010937902504261503,-0.0015842846716087355,-0.0014227730673708468,-0.002027780407623111,-0.0012895007572807154,-0.00035094698161815697
B0056,39,1.167557759980296,1.1645958315488096,0.010238125398510645,-0.0024675023697936444,-0.004686341065767525,0.00138882622170633,-0.0018537200678238794,0.00034254032897429215
B0056,40,1.145636654711916,1.1688134045861394,-0.018862917956196924,-0.0008744995123905562,-0.0013216637250428331,-0.0020671474168877696,0.00046113935011776703,-0.0005116605662595085
B0056,41,1.1443667002824445,1.178034036110508,-0.0245534966092491,-0.004423946637647783,0.0013249617265269163,-0.002964836251539066,-0.0004134722754330327,-0.002636545731231928
B0056,42,1.1605177686388095,1.1839291595926749,-0.02577751131638849,0.0020892720540560735,0.001086878003914864,0.00043529084246682115,-0.0017593125027558815,0.0005139919898373396
B0056,43,1.227201304260248,1.1921775002723134,0.029631466888729637,0.003425600451738101,-0.0004527930152624701,0.0008087611568087203,0.001501038415992602,0.00010973001379747652
B0056,44,1.2454797202045476,1.201836359546195,0.04141816644836031,-0.00014376792949092736,0.00027561479926977567,0.0012641370970187223,0.0005471370416595885,0.0002820730976850191
B0056,45,1.1722288849037228,1.2143411799056238,-0.04077632737347057,-0.00035251444160975994,0.00037195273821927623,-0.0010329553756201167,-0.001867932197747767,0.0015454816555638946
B0056,46,1.1953514999944956,1.220329425021636,-0.023766193702265844,-0.000481032577462194,0.0011622272281917884,-0.0024249468458643272,-0.0033893881350865757,0.003921408977516839
B0056,47,1.1919514716203925,1.2281538893136974,-0.03212209548681024,-0.001652214011777688,-0.003704768132370167,0.0001234293555887691,0.002511398666116924,-0.0013581681067260417
B0056,48,1.2296223665252586,1.2307185043406803,-0.0036342095758760606,0.0007754753805006647,-0.0025162367624051826,0.0010246313739324835,0.00198082357033144,0.0012733781182928303
B0056,49,1.2774519419396988,1.2343498253502059,0.03950252720610146,0.000373751398961323,0.0029529474577812305,0.0030915007770902724,0.001110850788122809,-0.003929461190900591
B0056,50,1.2433879751668584,1.2285608863447248,0.004801662310209828,0.0027176420102024246,0.0036578368388940916,-1.4908964439771526e-05,-4.968723193698997e-05,0.0037145437585259814
B0056,51,1.230802542912592,1.2242541734087915,-0.0013882792279194217,0.003276509066067806,0.002225780309928733,0.0009289974037088947,0.0005862828079885957,0.000919079062433985
B0056,52,1.2162358534094664,1.2133234142127718,-0.0071537110400171,0.003955352334573151,7.679264462794876e-05,0.00044201490552564434,0.004671263714650166,0.0009207265778333962
B0056,53,1.2088335726499548,1.2075719034229861,0.004537334478740978,-0.0059272189503479285,0.002693025889925134,0.0013182358741420951,-0.0022047095469691735,0.0008450014332018858
B0056,54,1.1946181162240357,1.1956922039370008,0.003577624121023379,-0.001053854405230763,-0.0023931085074628995,-0.0011361506358305246,0.0037027889319493157,-0.0037713872441313746
B0056,55,1.1734248134794991,1.1867683699639289,-0.0019913758819690847,-0.002961681020265347,-0.0036878107035975124,0.00047037354853779944,-0.003804986505850079,-0.0013680759158631504
B0056,56,1.1404596305913128,1.1750852338313178,-0.028393731754962567,0.00032388251838095687,-0.0015344922121811099,-0.0026509111726755676,-0.0031607819045804723,0.0007904313414285198
B0056,57,1.1821716406845988,1.1655659763799777,0.019991720699403002,-0.0021445586800149076,-0.0004016474060437907,-0.0011099484638095547,-0.0001009630702549938,0.0003710612174989346
B0056,58,1.1480663382055174,1.1621335850189347,-0.013037894665744093,0.0005721555523492432,0.0025950787333470014,-0.00038192192229663237,-0.0016409040790355436,-0.0021737603881583135
B0056,59,1.1825381935034152,1.1532766522406774,0.024151565493924897,0.004300218577961676,-0.000911412919023802,-0.0005163965501644562,0.002255566219049968,-1.7999567408731526e-05
B0056,60,1.15520928628466,1.1491207502734944,0.0026564481989216383,0.0002497096044447112,0.0005335538166449637,0.001241065148740311,-0.0007859958934196701,0.0021937551688800882
B0056,61,1.1216816712671696,1.1468961364580559,-0.029266300233637948,-3.9640086170561877e-05,0.0036297433602586076,0.0013093233197415005,-0.00044340032269966917,-0.00040419114448642253
B0056,62,1.162666262561457,1.1427675360928093,0.01650733104213787,0.0004092289856874029,0.0020934394642194943,-0.0007489082419900959,-0.0007525254343726376,0.0023901606747035414
B0056,63,1.124695615744926,1.1423664853602897,-0.015452819734376413,0.0010049648154837611,-0.0029907864711649014,0.002036338614064468,-0.0016099221144312492,-0.0006586446456183715
B0056,64,1.1664177948797931,1.1415142123704207,0.029402813812597923,-0.0006488740453445509,2.430244773978153e-05,-0.003466998680561474,0.0007541441025222757,-0.0011618051115328913
B0056,65,1.1346745156379463,1.1413533447583384,0.0029115345065784397,-0.007416773071427186,-0.0005434984846010645,0.0016010538398733272,-0.003678907751050489,0.00044776190442283006
B0056,66,1.1012231317092755,1.1451141493867993,-0.034832878557782575,-0.0018381134250639256,-0.0026929874514634473,-0.0019722189395644293,-0.0018806017529690241,-0.0006742174357630262
B0056,67,1.1560733948472832,1.1450349423683224,0.014524322141805067,-0.003060905519384234,-0.0017765596708974917,0.001157780452442115,-0.00034333205399985554,0.0005371471607313336
B0056,68,1.1385609898764002,1.149539843419528,-0.012568499484176208,0.0010430756644320106,0.00044668732987959535,-0.0019107731442802205,0.0026496425121381893,-0.0006389863628274123
B0056,69,1.1757265448773706,1.1534101218303254,0.018757296562495997,0.0029748495834246444,0.000318003307536936,-0.0015683774729503067,0.00041272306617963066,0.0014219280022900475
B0056,70,1.1969385632452556,1.1566717198490608,0.03526792001443684,-0.0005628546985320343,0.003891668092527557,0.0016640825979222856,0.0019484961481849783,-0.0019424687885813972
B0056,71,1.1267457988726266,1.1527007057468937,-0.033252036434826576,0.0030858782913335365,-0.002726235524532797,0.00412030844613281,0.0021403519800098484,0.0006768264438281072
B0056,72,1.1601031368559531,1.1523203245537383,0.004065125150411442,0.00012016821659763079,0.00044725549291441065,-0.001175293195079383,0.0015310837562900346,0.002794472906705618
B0056,73,1.1361458729690277,1.1500938258861846,-0.015463158638477293,0.0004435022347854248,0.0027610112997366043,0.000451328349811127,-0.00257028502362897,0.00042964892257277667
B0056,74,1.1397253894261876,1.1461042864445736,-0.0025767192141654027,-0.0023281346246290693,0.0026118493661590283,-0.0004591999719827427,-0.001917361306828996,-0.0017093312104107812
B0056,75,1.1560010024767575,1.138266400883252,0.01926526046167252,-0.00043383211984572264,-6.412343985090187e-05,-0.001809627859123323,0.0020282756816627687,-0.001251351099163967
B0056,76,1.126818619026835,1.1316053576744105,-0.0008054754045362408,-0.0014522724431049701,-0.0019798372730659946,-0.0007377971447958936,-0.0006481137375378271,0.0008367574315668838
B0056,77,1.116688355680394,1.1266169642722752,-0.004138447956232504,-0.0018201080015020153,-0.0020852496859382463,-0.000569290239653033,-0.0023543099271266118,0.0010387973100352923
B0056,78,1.1330613197666846,1.1202711491728787,0.012776450336263317,0.0006088354557334304,-7.016992533448166e-05,-0.0022519528122271425,0.0009610137338869601,0.0007659938721180752
B0056,79,1.0893839897995972,1.1177841952323293,-0.026286057514600836,-0.0011726053410734453,0.000804575188374749,0.0007868883163671876,-0.0009692462574939058,-0.0015637596914342391
B0056,80,1.112083645925937,1.1099964663964899,0.00039971040955780895,-0.004454318657499856,0.0037275511055925104,0.0019988332355973075,0.0005769387419243859,-0.0001615352072778313
B0056,81,1.1279950254648337,1.1061303503167856,0.013465429066045618,0.0037398537949446258,0.0001740785501189759,0.002677263405434509,0.00040218656518128026,0.0014058638406404087
B0056,82,1.1386774565024178,1.1041422871392728,0.022983992674832296,0.008235739298686187,-0.0005322903209465601,0.00046186818432732016,0.00028212733232542875,0.003103732252037742
B0056,83,1.1271136962200643,1.1048980310826955,0.01538182034556556,0.005841232351339601,8.076897917813054e-05,-0.0004037219464185945,0.0004940487505227853,0.0008215167328353809
B0056,84,1.110150886965375,1.1097902136958278,0.005141157692377942,0.001497631654180842,-0.002110964619899866,-0.0024768077312356802,-0.0012608004409445526,-0.0004295431835531321
B0056,85,1.1344632260422465,1.1185988586064162,0.03287117988115689,-0.002810738734710606,-0.005184678132632076,-0.004033379024182813,-0.0037287738737826247,-0.001249242615510232
B0056,86,1.108458756302863,1.125861033460293,0.006272900294602075,-0.012591984245571975,-0.003504881642398932,-0.0035734882269771945,-0.005297347875975921,0.0012925246428364214
B0056,87,1.0768220870214844,1.141232146972524,-0.04178611093934089,-0.014472351011214924,-0.0016371951103060392,-0.0034784442279669607,-0.0005993109260379679,-0.0024366475842506397
B0056,88,1.128398212919817,1.153541210283755,-0.014700599958078155,-0.0071857290804914565,-0.0014143327918772115,-0.00251031777491694,1.4533397461851134e-05,0.0006534489176698035
B0056,89,1.1066350346531368,1.1682229379013822,-0.06698178195295876,0.002695536761220188,-0.0003182978581191606,0.0020761928414753023,0.00011535644925689241,0.0008250906175903971
B0056,90,1.271609072217319,1.1807077028473554,0.06985960495795845,0.013456007908833268,0.003184865603250575,0.0031982376996034408,0.00024606699156433473,0.0009565860652777791
B0056,91,1.2415767175377967,1.1858404424619966,0.025885641048223298,0.015031001299902704,0.00618890214258557,0.0042916893823676154,0.002015947089184934,0.0023230940156048706
B0056,92,1.174652904422814,1.1882551998753486,-0.03942042744227747,0.009868126849784024,0.005718464573251176,0.0037723887104483284,0.005004934555496297,0.0014542173043230297
B0056,93,1.1989389885187762,1.188201204659912,-0.0022269549494618383,0.0031504940845235754,0.0006815907097966053,0.004259404629095709,0.004051494956370039,0.0008217543952699618
B0056,94,1.1461398965188565,1.185957422041272,-0.037756391432886754,-0.0015289282268277828,-0.0026325204395889045,0.0018462317892513327,-0.00021128607696363532,0.00046536891140053997
B0056,95,1.129224378671885,1.1738120927879188,-0.03321471130685677,-0.00947070792889248,-0.0038730456407843434,0.001910128107917624,-0.0012797118926884323,0.0013403346177236156
B0056,96,1.1103432888019913,1.1680343732219756,-0.03482734228147304,-0.01178392853960837,-0.003411702319463339,-0.002511443972274801,-0.0015024458899246665,-0.003654221316153431
B0056,97,1.153909472897475,1.154305579856987,0.020124353041600526,-0.010622988085065808,-0.0030197415864505433,-0.005573502199815156,-0.0003287430622581556,-0.0009754850325050997
B0056,98,1.1302191455340138,1.146583399712059,0.0011136024251544754,-0.0030552626733102973,-0.004675080871809995,-0.004148491430341678,-0.0038178864566397307,-0.0017811351001533538
B0056,99,1.1258719408034097,1.1350488636724307,-0.00043151931221158243,-0.0014217890526675126,-0.002596527496863433,-0.0013290362027320007,-0.00414070946090307,0.0007426587338937327
B0056,100,1.1430108283920968,1.1296724306554176,0.016006163881483012,0.004012452567312061,0.00017142633783557177,-0.0023318012010589972,-0.00042357955237471107,-0.0040962642449720215
B0056,101,1.1372731775310292,1.120435495987359,0.010039231256715726,0.005706755255441541,0.0029392337224552526,0.0015358392855495961,-0.000652597321439195,-0.002730780594805924
B0056,102,1.1290590137779504,1.1159980470847772,0.00763819363298575,2.713150718802724e-05,0.0033633805785943153,0.006232139815215727,-0.0018021939892866167,-0.002397684778820221
