battery,cycle_num,Capacity,Residual,IMF1,IMF2,IMF3,IMF4,IMF5,IMF6
B0005,1,1.8564874208181574,3.227044071705367,-0.21402336650960324,0.15165474800368733,0.3182684918462963,-0.8258397597363105,0.24123047345423623,-1.0418472380951034
B0005,2,1.846327249719927,3.148890176789814,-0.18703404658294367,0.12680859552633916,0.27289847979985893,-0.7273489203982175,0.18662258224223235,-0.9745096178013926
B0005,3,1.8353491942234077,3.0713659089019423,-0.16365651185224625,0.10329236523024592,0.2328317509346847,-0.6375884545427166,0.13768576627556015,-0.908581630862516
B0005,4,1.8352625275821128,2.997514835785687,-0.13253382956923634,0.08253507412577547,0.1954476214701856,-0.5562308067816258,0.09518356544397706,-0.8466539330310578
B0005,5,1.8346455082120419,2.92513306828678,-0.10520122549297484,0.06453228595814425,0.163101520971696,-0.4840329378356669,0.05938094034517336,-0.7882681441591926
B0005,6,1.8356616600675495,2.8560191649362197,-0.0788315728264878,0.049172992966339715,0.1332499836610164,-0.41834731486500176,0.027243756565729242,-0.732845350508884
B0005,7,1.8351461429226603,2.7890642905546073,-0.05772292112537859,0.036585878468914285,0.10777668814479804,-0.3607497251957309,0.0009793995267635058,-0.6807874675896598
B0005,8,1.8257567905665537,2.723350552269718,-0.04726113270766048,0.024688271236250534,0.086001252900795,-0.3101354914590665,-0.020386262080705292,-0.6305003997261778
B0005,9,1.8247738529891333,2.660627269021041,-0.031517934641456066,0.015635924226759322,0.06650153830328479,-0.2651185891316696,-0.03848793322260196,-0.5828664216991069
B0005,10,1.824613268496936,2.5995301753825224,-0.017042046935085778,0.0076550727462112965,0.05057089437772573,-0.22607665916442904,-0.05176266073974847,-0.5382615073030581
B0005,11,1.8246195526864504,2.541787100317355,-0.005779058653597849,0.0028137126765419513,0.036314582973145805,-0.19221504966273764,-0.06206722602344635,-0.49623450907361244
B0005,12,1.8142019357673917,2.486049323618584,-0.005821705035702645,-0.0021999800206201747,0.024965875288493027,-0.16318990759514848,-0.06961797667915715,-0.45598369393637084
B0005,13,1.8137521577549054,2.431532720546635,0.0024228759564084634,-0.0072087912481735355,0.01640153599543143,-0.13761668709347913,-0.07411586211831998,-0.41766363441067433
B0005,14,1.8134404914735822,2.3811598659257416,0.008310049781811386,-0.010821513729438414,0.009475681990859764,-0.11549453612532601,-0.0761610843604532,-0.38302797213652606
B0005,15,1.8025980036306504,2.33166628261403,0.0017423998802404586,-0.013552184196921575,0.004613455263287608,-0.09716449101722072,-0.0757529801502733,-0.34895447888369435
B0005,16,1.80210690024615,2.2841867923114765,0.00396745123630375,-0.016860372123741682,0.0021362258022324383,-0.08040308687479182,-0.07504866336148233,-0.31587144686478985
B0005,17,1.802579500826209,2.2395352462547704,0.0029207826057267533,-0.016020026527863516,0.0004249045729760799,-0.06737154758352094,-0.07132541641639262,-0.28558444220067897
B0005,18,1.8030683142834096,2.1973782321967676,-0.003372852973361889,-0.011398216868520385,-0.0001390112276518125,-0.0547059346419794,-0.06733819562578763,-0.25735570669750635
B0005,19,1.8027776247196041,2.157447914030187,-0.015631295644629548,-0.0014369458704100039,-0.0002965427647891037,-0.0443020361664064,-0.0623357299435953,-0.2306677390420492
B0005,20,1.8470259949329193,2.1196327160844217,0.015993071291736095,0.009331138876920846,-0.0006239404118115628,-0.03489409355737445,-0.05724366021805527,-0.20516923727752207
B0005,21,1.847417311283644,2.0844731970072274,0.006681936211287658,0.016992238975812892,0.00035216901995721524,-0.027642396748945475,-0.050823944238783975,-0.18261588908772192
B0005,22,1.8361774213478947,2.0512320492703995,-0.0074015601069194635,0.019516220107182083,0.0005138882889533156,-0.02215962547035466,-0.04563299992607691,-0.15989055095417853
B0005,23,1.8257807475776242,2.0210300737135483,-0.01372548536950186,0.015442915334958706,0.00029142374062103007,-0.016490094601254644,-0.040734411974080634,-0.14003367340008008
B0005,24,1.8251136435078368,1.9918611217185296,-0.005183588105296761,0.007303255206657217,-4.582824869737569e-05,-0.013349043242243612,-0.03475268124076062,-0.1207195927134136
B0005,25,1.8255815042203762,1.966033770476817,0.006609992926205799,-0.0037060218631642526,0.0005583840217873552,-0.01067524206876649,-0.0299502009349663,-0.10328917847084515
B0005,26,1.8140311275083907,1.9424152991602441,0.004043174123216469,-0.011269630180723592,-0.00074917313914501,-0.007705534560377292,-0.02599704690340202,-0.08670596111864622
B0005,27,1.8147691941158939,1.9205302229874084,0.011249396685271537,-0.017147588667895564,-0.0005814371170134155,-0.006605336860002354,-0.021650365965677116,-0.07102569707381057
B0005,28,1.813969388710352,1.9018990019615465,0.011696872227080672,-0.0182991115628197,-0.0006198862096257875,-0.005199810288862145,-0.01767853920678471,-0.057829138337374415
B0005,29,1.802765665167823,1.8848346332124963,-0.00716484615721096,-0.010749961654470747,-0.0009652566904493396,-0.0032706141883080612,-0.014013730267011026,-0.04590455920851349
B0005,30,1.804077040117352,1.8697436411347415,-0.017668388813540895,-0.00010702222084019529,-0.00042739074433288156,-0.0023708364832694504,-0.01017106112529743,-0.03492190175208948
B0005,31,1.8518025516704486,1.8562203246084534,0.017834705146794482,0.011358357403970067,0.0009591016522930704,-0.0019032282115631625,-0.006644990965082047,-0.026021718111537293
B0005,32,1.8307038456739428,1.8436207706406589,-0.006781154133852673,0.015568170036393334,0.001404906978979736,-0.0005496391816919964,-0.004927023000620419,-0.01763218580193062
B0005,33,1.8199041089501267,1.832574074110026,-0.013997156996643983,0.013812921260190989,0.0013536168564887829,0.0006724296612127811,-0.0030503366888711973,-0.0114614393825945
B0005,34,1.8093079637028517,1.8222409018704466,-0.015032856691043405,0.007904663815266966,0.0020647956337004887,-9.738630372460061e-05,-0.0003586268079353536,-0.0074135279385952775
B0005,35,1.80460990458052,1.8129908161211385,-0.0072924328354894395,0.0009450540002790859,0.0014369300641886961,0.0006256939729406285,0.0003779541925423153,-0.0044741110573414304
B0005,36,1.7993770651972192,1.8030243966451045,-0.0004777569148431095,-0.0037803094511421396,0.0009353360245822837,0.0007474671294385638,4.507050493560805e-06,-0.0010765754059196696
B0005,37,1.7884432335370462,1.7945975465521018,-0.0017009648167790425,-0.005793183954064714,0.0009336099852113599,0.0004591595961322443,0.00030412131184246464,-0.00035705525114374144
B0005,38,1.7829230484252723,1.7865079701435336,0.0003861867683051796,-0.004159101494759039,-0.0006307032960507131,0.0002611797644125299,0.0005708781686685243,-1.3361739675885954e-05
B0005,39,1.7730337158018288,1.7787657704913806,-0.0034049127633525114,-0.0015206456944245614,-0.0010373544038038795,-0.0006343246839186532,0.0002589253098127996,0.0006062574405059447
B0005,40,1.773037755078937,1.7732460032814976,0.0021524521920507156,0.0012022859854597177,-0.0019320286931279532,-0.0010914525449453498,-0.0003652951830562772,-0.00017421006457272415
B0005,41,1.7678721106662054,1.7679174487788696,0.003096783866795687,0.0020572109230420797,-0.0020066630798452716,-0.0014517368815873473,-0.0008703201744376738,-0.0008706128695419228
B0005,42,1.7623150704093087,1.7638687477010881,0.0043544416819640075,0.00010745365409130886,-0.0027222843700328925,-0.0013857054911999463,-0.0014312805382810229,-0.0004763023283039348
B0005,43,1.7676172924938447,1.7613004949032671,0.01746548652779027,-0.0028518888970499416,-0.004669426998649015,-0.0017901380271892649,-0.0012210132976172084,-0.0006162218194832615
B0005,44,1.762668359743147,1.7607640679105536,0.017403241036228312,-0.007609867549556543,-0.003732157063089919,-0.002154107463393114,-0.0009510056610100379,-0.001051811566754508
B0005,45,1.7517304870664143,1.760851172226453,0.006671029120664942,-0.009537403812324511,-0.0027928322344402704,-0.001612795176249483,-0.0011455813822760503,-0.0007031017698211038
B0005,46,1.7418496047960008,1.7615474521542658,-0.008458856184656282,-0.008407342810796697,-0.0012908625588315642,-0.0012616496259848175,-0.00026220203195832933,-1.693423524027844e-05
B0005,47,1.7360913511847138,1.7627413435435217,-0.023074265955718612,-0.003977841846497034,0.00015098778434829182,8.831852730731742e-05,0.0003929262713504499,-0.00023011722576832098
B0005,48,1.7936240148573608,1.7638303268108286,0.022905030853821166,0.003439024064700264,0.0019132947588549195,0.0007261996844194054,0.0010691443100852812,-0.00025900574182389135
B0005,49,1.7831890223273275,1.7632765918519233,0.005388533627121802,0.008063969911892633,0.0031906028330016484,0.001487979442691952,0.0005737366646371253,0.0012076078850807351
B0005,50,1.7673642076278957,1.7626711284335836,-0.010612097062416089,0.007747272683022706,0.004433935800002555,0.0016299682887100206,0.0013646003873369842,0.00012939899501321816
B0005,51,1.7570177850353066,1.7590098251985504,-0.015359685448471612,0.006497157641512932,0.00298003410611064,0.0018628909825474163,0.0010471792196712494,0.0009803832381927648
B0005,52,1.7468706179837907,1.754412379422961,-0.015143164134807454,0.002483827644970121,0.0024993456189097785,0.0009104757241734022,0.001372593673088605,0.00033515994264774173
B0005,53,1.7417172507457144,1.747901155485194,-0.007397331271863405,-0.0015799356782235062,0.0011623600155378406,0.0002167433104317614,0.0008285347458637405,0.0005857240496406769
B0005,54,1.7364225056478186,1.7405153863239728,-2.547480005660645e-06,-0.0042475163271672315,-0.0002860394319175569,0.00030697592396084487,-0.00020376851856201468,0.0003400150711930934
B0005,55,1.7263217239235826,1.7328375809430545,0.0008545454563024393,-0.005184623107993,-0.0013098943354825055,-9.249139799237811e-05,-8.200725193688687e-05,-0.0007013864633932396
B0005,56,1.7158065389330133,1.7233677777377572,-0.001582974239352295,-0.0037760610259905056,-0.0013798921349662194,-0.0004845243790602445,-0.0005334799392509701,0.00019569283839140643
B0005,57,1.710533351135192,1.7145738473105676,-0.0008761802408679423,-0.0010410873721542423,-0.001155360809865898,0.00013955935089771167,-0.00100478820847294,-0.00010263896761976734
B0005,58,1.706014499648521,1.7062252347399616,0.0007456624263238441,0.0011603683447660917,-0.0011601254508450498,-0.0008846281436111788,-3.64872072880821e-05,-3.552513111334983e-05
B0005,59,1.7003110272642588,1.6984040727790157,0.0022109569323064634,0.0012482520421937863,-0.001173516790715844,-0.00044565265514414943,0.0006960767933818753,-0.0006291619041017824
B0005,60,1.6945798601797895,1.6908580755065565,0.003253495555325412,0.0003557626676922296,0.00010374243531701269,0.00032311993105459407,-8.878127747722219e-05,-0.00022555470298304996
B0005,61,1.6849029086609286,1.683497995096039,0.00041933215841081047,-0.0006228112138456023,0.0007777900745062354,0.0004664451914334766,-0.00010009882359727855,0.00046425611877550204
B0005,62,1.6744741591159717,1.677373934129893,-0.0032017598714972244,-0.0005676031916740881,0.00038983094240891515,0.00033503802355632113,0.00013651876854358164,8.200261028012178e-06
B0005,63,1.6745692479879102,1.6706039137050326,0.003228163298643742,0.00021998198446190992,-7.60219660462737e-05,-0.00014626301535525523,0.0005437760196363904,0.00019569790777378083
B0005,64,1.663716375981405,1.6643027405755337,-0.001767500415046679,0.0007541760848842944,-4.358528721351425e-05,-6.291116254054715e-05,0.0003461275551018755,0.0001873285826393084
B0005,65,1.659013868748246,1.6583440152566964,0.0005121300714382943,0.00012039367154932583,4.907457061169091e-05,-0.00018189570532204573,0.0006261200764978661,-0.000455969238795197
B0005,66,1.6538540573335014,1.6515079840938274,0.0026748815012412877,-0.0008419063329244585,0.0005649228439059147,0.0001584411543694699,-0.0005274260939390246,0.0003171601241690538
B0005,67,1.642653782130131,1.6456559416246828,-0.002610061409921826,-0.0002808051840015591,0.00022585494649758983,0.00014444514015472828,-0.0001364422919558795,-0.00034515073227686633
B0005,68,1.6378578430223698,1.6388728695786978,-0.00047538846081241566,-0.00041037061403010494,-0.0003494759027972218,0.00017425779805066582,-4.866255613554959e-05,9.461314497072982e-05
B0005,69,1.6327350407099108,1.632104419673072,-1.6264471885114255e-05,0.0007349892252100687,-0.00022963268799523838,-0.00013215497929866296,0.0002759292896972097,-2.245370616840393e-06
B0005,70,1.6277528915533617,1.6259567955977878,0.0013754705289733373,0.00014605636051332306,0.00017672418787630914,0.00018225023024077774,-2.6472234912580233e-05,-5.793314622041491e-05
B0005,71,1.622125485521159,1.6198510320079949,0.0020905957791230827,0.0004963468269884234,0.0001605165922866017,-0.0003116908245611634,-5.186645876017881e-05,-0.00010944842805131889
B0005,72,1.6113256603765849,1.6142366905569492,-0.0018586124845036153,-0.00018849647674578352,-0.0006949036995945846,0.0004178308322062806,-0.0004428575581160573,-0.00014399081406065405
B0005,73,1.6065631397488385,1.6083139773320465,0.00016193427788010852,-0.0011575786002781371,-0.00010446793401593674,-0.00036677540114356087,-0.00016713149699328946,-0.00011681844659880186
B0005,74,1.6015142233917594,1.6026958298409786,0.001416037824726071,-0.001808721886542197,1.9928428042308036e-05,-0.0005269032841263829,0.00017056826160328096,-0.0004525158082043079
B0005,75,1.590369231400328,1.5963906997826764,-0.0045998878342795105,-0.0014618991450424733,-0.00020576727136440839,-0.00023974250897575367,-1.1319809216468552e-06,0.00048696034882381986
B0005,76,1.5857889968242211,1.5905282644431677,-0.005249588401464756,-0.00037117167550938004,0.0006498370414355807,-5.0221563147008476e-05,0.0003600385580767399,-7.81615853364983e-05
B0005,77,1.5849430707374117,1.5832997954984314,-0.0030920135636956455,0.0030584222166991242,0.00031987740098678933,0.00048411454669002404,0.0003469445156185629,0.0005259301161281442
B0005,78,1.5955263892495937,1.5769975760647503,0.011054601352088482,0.005598647142390114,0.0008670002719187997,0.00041385463003916403,6.037286054762364e-05,0.0005343369157312209
B0005,79,1.5747301747801037,1.5698773190822246,-0.00440623746145113,0.007537850612474377,0.0010289680708338114,-0.00010259387661905584,0.0005795694050681548,0.00021529894639921892
B0005,80,1.5649019950937946,1.563611153244472,-0.006297500344254839,0.007170659504121523,-0.0002720660341459601,0.0007937078668974182,-0.00044206613125292364,0.00033810699196047445
B0005,81,1.5597659473370362,1.5581705606574479,-0.00047734480502560834,0.002660067678844169,-6.200399446279405e-05,0.00026874314790791703,-7.973062764399048e-05,-0.0007143447133227595
B0005,82,1.5594815668184234,1.553106066888568,0.011409788003926984,-0.0031822688122074513,-0.0009041501151496753,1.0928013559068269e-05,-0.0007375397457641784,-0.0002212574076506547
B0005,83,1.55468935359061,1.5493618582504258,0.016794875367641866,-0.00798108794770458,-0.0016314809778713278,-0.0010316380648328475,0.00036069925087825347,-0.0011838722785445926
B0005,84,1.5488741079890418,1.547045646145,0.018165942133831037,-0.012007634516307859,-0.002013430980634242,-0.000621860252311775,-0.0010427745758379637,-0.0006517799522514648
B0005,85,1.538236598942558,1.5462859516964964,0.011304444693725055,-0.015061600068071283,-0.0021797068348567926,-0.0001498131480970142,-0.0005983698805730636,-0.0013643074980163072
B0005,86,1.527914258251028,1.5460048527609391,-0.0003157232750841783,-0.01479356347553579,-0.0017918689902748967,-0.0010635879442383762,4.884668017542707e-06,-0.00013073546930919108
B0005,87,1.5285252629756445,1.5475484500645167,-0.005088589245685014,-0.011844134726941825,-0.0013227828354530553,-0.00032368921245045165,-0.00030933431260943186,-0.00013465673256775107
B0005,88,1.522647325284378,1.5493658805563215,-0.019927923208563538,-0.007431489973351971,0.0006586672603859158,0.000252652371386933,-0.00029623517820231635,2.5773482662215133e-05
B0005,89,1.5174859938489869,1.5503749146629089,-0.03726539695576509,0.0016534175216156592,0.0009263656745496651,0.00032317436015938633,0.00029121372567279856,0.001182304888824994
B0005,90,1.605818899130659,1.551429678472254,0.03746673332269541,0.012228417330898958,0.002543758901453033,0.0005881389495046509,0.0007534920586184938,0.0008086800776849118
B0005,91,1.5638491446744425,1.5511545528987976,-0.010997163684072667,0.018197111420129856,0.0028743439377850472,0.0014091959575219994,0.0007414472227041698,0.0004696569261344487
B0005,92,1.5480915247767786,1.5482103819599162,-0.02542953364435624,0.01931482169561737,0.002745423511315669,0.0009379604853792494,0.0008795996559608683,0.0014328711258035803
B0005,93,1.5323755631868592,1.5443737247997928,-0.03257792529997061,0.01562356219077581,0.002856640279611973,0.0008044081916573031,0.0003617069589332798,0.0009334460871949679
B0005,94,1.5269528268489705,1.5389521663025258,-0.024023191442329474,0.009218253161782512,0.0017783708634772119,0.0002072847356747873,0.000917248026633277,-9.73047748007526e-05
B0005,95,1.5169573017136326,1.5319157528368668,-0.01603868526902207,0.000989668786814114,5.267656100222291e-05,-0.0002615524688563524,0.0007067217231249271,-0.0004072804270390927
B0005,96,1.5118975960142693,1.5243478477264285,-0.0027665251420806677,-0.007556215398199436,-0.00076189937798695,-1.5284271527522144e-05,-0.0004922439873110905,-0.0008580835031304523
B0005,97,1.5065638960681105,1.5160140987737674,0.00839037300649703,-0.014310462332500804,-0.0011177567174216064,-0.0007632435370875686,-0.0003422178244724206,-0.0013068952659390175
B0005,98,1.5015453526671363,1.5072284134459082,0.014887823810583522,-0.017003919338926133,-0.0018249571728894578,-0.0007720629036657885,-0.0007521093496497462,-0.0002178357868482463
B0005,99,1.4908444050400238,1.4988417843892088,0.008770306201127941,-0.014447576880058339,-0.0016875521181820353,-0.0002931272035355241,-0.00024437026149457767,-9.505904402959101e-05
B0005,100,1.485868384561201,1.4913342908460068,0.003668839480069614,-0.00807831254664598,-0.0018108945591394528,-0.0006275242399580514,0.00013692992311230712,0.0012450557033898155
B0005,101,1.480413677976106,1.4839903578762998,-0.004648248353314787,-0.0010825421534537989,-0.0003252817369290487,-0.0008937528827045799,0.0009535113802407244,0.002419633894474724
B0005,102,1.4752095869031632,1.4759810234085338,-0.012519021204663035,0.005801032341412918,-0.00042735448667729294,0.00010342688424632446,0.0006500965786996097,0.005620383432859202
B0005,103,1.4859035988304024,1.4684717459858354,-0.0033071531573076367,0.010257998659199283,3.431368082910475e-05,0.0005081469106572674,0.0018919911592484185,0.00804655563755586
B0005,104,1.4960918298136696,1.4604013460858194,0.009837709948350183,0.009928700810562893,0.000803642981243302,0.0006250099834359444,0.0028671766348983695,0.011628243409608186
B0005,105,1.4808005946928984,1.4521995138449968,0.001981056511446112,0.006173991073307242,0.001000265803699794,0.00011411807562359354,0.003353378681756072,0.01597827075037204
B0005,106,1.4697543268466824,1.4432339452324545,-0.0005850206332941344,0.002441451692067373,0.0006162413736562496,0.0003784217584140459,0.003921239054955434,0.01974804842255074
B0005,107,1.4539012274845928,1.4329702057463831,-0.007592453730341018,-0.001247269208052207,-6.716454609915813e-05,0.0005935526591100957,0.004581614307641014,0.02466274231842334
B0005,108,1.4541462067235693,1.4214235457424753,-0.0006133897872877482,-0.0029902228620895897,0.0002805529732418885,0.000875582597700234,0.005124675911624472,0.03004546221024804
B0005,109,1.455023751906683,1.4094293466574832,0.005914867974684265,-0.002629852796445531,0.00018767439095100855,-6.494242558849964e-05,0.006706021562014874,0.03548063660546482
B0005,110,1.449042163761236,1.3969465005327022,0.003418176898137843,0.00023470010183444866,0.00013770264893144218,-0.0006173633183709051,0.007976493030343998,0.04094595393268886
B0005,111,1.4386709371480566,1.3825623212525608,-0.002858108739804427,0.002024867015421961,7.564606216656564e-05,-0.0005279528437269125,0.008859386353003644,0.04853477811892973
B0005,112,1.433445432156979,1.3686243102122748,-0.0030975208699070933,0.002798949272332562,-0.00020809322708766035,0.00014247543375163496,0.009404534013932236,0.05578077739492983
B0005,113,1.4333958900838095,1.3542026784189645,0.0034926172620865876,0.0019337687203710425,-0.000556885891962626,-0.00048560924687348646,0.01022483362879579,0.06458448726570123
B0005,114,1.42806487344776,1.3395331399299275,0.004649284819290611,-0.000598660371294348,-0.0008950928600575305,-0.00047768892314944077,0.012571244861438747,0.07328264606768581
B0005,115,1.4229203181741186,1.3243527377240327,0.003983812735105234,-0.001653237271135599,-0.0004642316024961267,-0.0014083734370698884,0.01373239353898918,0.08437721656548455
B0005,116,1.417429032731308,1.3093369633785596,0.001534653927673491,-0.0029390571128001418,-0.0008496900986464258,-0.0009025390352704369,0.015561414013522698,0.09568728773995298
B0005,117,1.412409228794446,1.2933837890264508,-0.002032723690015218,-0.0038928545668143895,-0.0011285081893303195,-0.00026767009336312443,0.01684849770933336,0.10949869868251307
B0005,118,1.412578792940193,1.2771612728171184,-0.003417220297060964,-0.003152017172364671,-0.00022534583116217444,-0.00048691156309831074,0.019399963050449658,0.12329905202054982
B0005,119,1.4075983731469897,1.2606087382374527,-0.011935988409875295,-0.0009935136887617795,0.0003870081514696965,-0.00018976256720730036,0.022366377285627882,0.13735551422514602
B0005,120,1.4333920485221476,1.242706859522947,0.008763226722885561,0.002774003175636997,0.001211866453839945,0.0010275336532129488,0.02457028605435601,0.15233827301254477
B0005,121,1.4382550176792908,1.2234382303413356,0.011982944185052666,0.004287786746858133,0.0019581546954376356,0.0014056204002104444,0.02770747603307217,0.16747480534803805
B0005,122,1.4173547174485526,1.2046892804118932,-0.007480996739018667,0.005369501967335735,0.0020788018610969215,0.0015644175925703728,0.029930145218945572,0.18120356721745257
B0005,123,1.406981663677643,1.1835371668436458,-0.01095144314320745,0.003494443154699317,0.0023794391695262807,0.0001320366000607591,0.0326605941124667,0.19572942702763865
B0005,124,1.4012037783587625,1.1616072860191873,-0.007656495901115541,0.001287844806561735,0.0007882362489310308,-2.5361532385200443e-06,0.03504288192259167,0.21013656150607538
B0005,125,1.3967008232726328,1.1397643834114455,-0.001128597863764039,-0.0016925913507971056,-0.0008919337842189663,0.00017036421737207433,0.03729476288813195,0.22318443584706582
B0005,126,1.391284788852726,1.1169707035940089,0.0033219222123533516,-0.0036623411875699933,-0.0012413011834389,-0.0005406933454656006,0.03987227558509824,0.23656422327319532
B0005,127,1.3862287677978349,1.0938658467287525,0.005327862494254543,-0.0038170643560169132,-0.0016732858612882446,-0.001065570171644123,0.044060510723705,0.24953046833819062
B0005,128,1.3804366761974138,1.0712024320558409,0.0052125453146764185,-0.0036260409769387843,-0.0025666032662472276,0.0005480117681716741,0.047114413468995975,0.26255191793408433
B0005,129,1.3752364150256224,1.048208442846148,0.002974977977993447,-0.0031773305841199177,-0.00103802329665023,0.0010860083295743134,0.05106240734881765,0.2761199325077678
B0005,130,1.3705128024895008,1.0260057482252365,-8.071804250062051e-06,-0.003452522593062109,-0.000683855217464334,0.003944215852918408,0.056390924859759606,0.28831636327275967
B0005,131,1.3705085566270399,1.0035029024129838,-0.0008739006178605705,-0.0021323761621306076,0.0013168578678232712,0.006077954440752895,0.06083573743611311,0.301781381355757
B0005,132,1.3647355108681518,0.9813189037784861,-0.009065271613513523,0.0008787497347917324,0.0014307182389850079,0.010347341144355076,0.0655429571959751,0.3142821124985124
B0005,133,1.375392016895762,0.9593457345701392,-0.00037367806824697286,0.0027690924260767597,0.0034411563110040696,0.012523621024084617,0.07242489234581588,0.3252611983907152
B0005,134,1.3861115151535393,0.9378084751044191,0.009189617263942294,0.004546677193559779,0.0050486524634411915,0.015830364460239246,0.07744307669597149,0.3362446520701465
B0005,135,1.3698500035838939,0.9168211287885544,-0.004172490260986732,0.00388036717305724,0.005978891402463213,0.0186715822433416,0.0842861000306005,0.34438442431360966
B0005,136,1.3647827949260758,0.8956277309783086,-0.003913418312632076,0.0020704045026810254,0.006635715576876983,0.020924579502954795,0.09165025576165212,0.35178752702564947
B0005,137,1.3543220466259964,0.8752902737570515,-0.007972127256718118,0.00046232087707402105,0.006379022822730119,0.024272716109722373,0.09866874089521774,0.3572210995358441
B0005,138,1.3546417018378962,0.8548096455500848,-0.0011482892379052854,-0.0004499334966377229,0.007362147216912891,0.026471690091189246,0.10528853746058034,0.3623079043684289
B0005,139,1.3547039213192407,0.8360405740569048,0.004566088169210427,-0.001777857698173304,0.009361956868808786,0.027816379024041604,0.11505641202983014,0.36364036898334234
B0005,140,1.349314997503458,0.8167540859406706,0.0036483650316623227,0.000404089652606709,0.009148860955833612,0.03031892997949588,0.12381943079212246,0.36522123526862904
B0005,141,1.3441891937970554,0.7985775019711292,0.0032316663113731124,-0.00013024158308373658,0.011538053187608482,0.032453282755830315,0.13328570353867283,0.3652332277357877
B0005,142,1.3389913790695755,0.7818758788009147,0.001623458655026766,0.0004998405317667193,0.014258342732139178,0.033778765023464496,0.14426522764913616,0.3626898658001282
B0005,143,1.3389145230206971,0.764473809334924,0.0069194444968370865,-0.0003678808913536743,0.015612871465337604,0.0365465465313355,0.15559686157333358,0.360132870633324
B0005,144,1.3340066759761655,0.7497950375704143,0.0062856872042884,-0.00194666242489914,0.019197611829996738,0.037557154439304886,0.1682788751738598,0.35483897230882677
B0005,145,1.3286444309174914,0.7350601352233013,0.004137862648083885,-0.0023489236695186976,0.02222819334265032,0.04029708431739542,0.18036457320575333,0.3489055059782766
B0005,146,1.3231708992276219,0.7218223149601696,0.0008276982266460136,-0.0039074417915410916,0.027467931654628353,0.04125457743080171,0.19612004632021443,0.33958577255803685
B0005,147,1.3181691588445197,0.7102044881576046,-0.004799973936808131,-0.0035129455303075847,0.03283400295555378,0.043205279946798465,0.21027334970072403,0.3299649576849231
B0005,148,1.3184664436640334,0.6991524841779135,-0.007732313440217636,-0.002322099790363491,0.039521504928060586,0.04578439986421598,0.2257028277174497,0.3183596403407868
B0005,149,1.318293040102702,0.6897576408867269,-0.013073508825208944,-0.0013360791583974187,0.04977529483410872,0.04514808035522724,0.24392335354348776,0.30409825860066103
B0005,150,1.323872422244268,0.680996923610808,-0.014289660071879758,0.0007454807682875572,0.05980271227351389,0.045465496389255226,0.2629951361250742,0.28815633328017326
B0005,151,1.3601216766554785,0.6739915492682415,0.016284564782775846,0.0011473718393079306,0.07122726430983463,0.045001208189972455,0.2821123343851459,0.27035738399207065
B0005,152,1.3395306867947354,0.667629149243218,-0.005908006742156149,-0.0051988711404675194,0.0866760183227894,0.04213812853826728,0.3034838242419866,0.25071044445381413
B0005,153,1.3290286565120697,0.6631376072631484,-0.013047821667659922,-0.015607936786229876,0.10138672749030485,0.03852199976202268,0.32670661624696445,0.22793146433176753
B0005,154,1.3236741274998955,0.6605818302115898,-0.011840957582304463,-0.031730435415302786,0.11975206406398264,0.03275746137412167,0.35206894554957713,0.2020852194293005
B0005,155,1.318633896753293,0.659500924841993,-0.008259258020206786,-0.05054126998712183,0.13984909619115493,0.025923717375421398,0.37883344410962727,0.17332724237614866
B0005,156,1.3134751321324272,0.659420679425963,-0.0037909345142853735,-0.07182680422121795,0.16286784546887964,0.01633363934965628,0.40831011622173236,0.14216059053814034
B0005,157,1.3132020634442203,0.6607169735529277,0.005549430474448859,-0.09404094021029584,0.18766115390874843,0.004615363398845941,0.44108130538374457,0.10761877707238561
B0005,158,1.3077959946944353,0.6648464771279946,0.008952169466562965,-0.11792443251257877,0.21746307856909364,-0.010918946739619084,0.47639321370302173,0.06898443521939279
B0005,159,1.3030329186405918,0.6696179962490276,0.014979994049786623,-0.145474840378371,0.24989234734982355,-0.029126836444088606,0.5162084089097397,0.02693584904661519
B0005,160,1.3033573559038205,0.6762409002887592,0.028664578005317607,-0.17722630822598187,0.2851303044297829,-0.048818808599754064,0.5585258936735394,-0.01915920352607212
B0005,161,1.3034100438655642,0.6850496089341521,0.044615583715988165,-0.21353149607531133,0.32521276403227284,-0.07368645954986788,0.6060977559375336,-0.07034771298746027
B0005,162,1.2978870806495706,0.6956353324734834,0.058750070835432905,-0.25491819056668275,0.3676641339761574,-0.10084798832243534,0.657339517847604,-0.1257357954493369
B0005,163,1.2980735056918902,0.7077451278394771,0.08337119853941347,-0.3030208467030247,0.4149877949283327,-0.13296147877223677,0.714779383332922,-0.18682767332843986
B0005,164,1.293463613844243,0.7224853251189507,0.10816334540481029,-0.35850222175827484,0.4659407576385796,-0.16768501019920137,0.7769584644793734,-0.2538970466930127
B0005,165,1.288003392619118,0.738942453046108,0.13767379037088545,-0.41960011311329165,0.5189187025785701,-0.2074646741648849,0.8459361739518514,-0.32640293990026215
B0005,166,1.2874525221379407,0.7580138676624861,0.17825094725475693,-0.48992897038788796,0.5782187423920379,-0.25223590304639837,0.9197910373107849,-0.4046571988976905
B0005,167,1.3090153642307354,0.7791506374874402,0.249170245933907,-0.570120884887161,0.6407353831664403,-0.30123398025402487,1.0021091445691392,-0.4907951816462153
B0005,168,1.3250793286429356,0.8021714768995889,0.32200324666365443,-0.6588993216202905,0.7073898310194104,-0.3556227349266388,1.0899935155481624,-0.5819566848106223
B0006,1,2.035337591005598,4.296022547741572,-0.9384770006777101,0.9439921226927049,0.10623322314957341,-0.057309188929484126,-0.41368217190995027,-1.9014419412555017
B0006,2,2.0251402460314116,4.150016859067913,-0.7976867619397905,0.804393743267785,0.08507510873766709,-0.03846821094608306,-0.3832325613766819,-1.7949579309697348
B0006,3,2.013326371345464,4.007726751412239,-0.6754050538009415,0.6823851177195204,0.0657559717351447,-0.024413510373160165,-0.3524743766957412,-1.6902485288372322
B0006,4,2.0132846655407413,3.8687070905816663,-0.5515225654398348,0.5674005936406895,0.053504845425420014,-0.01592876098582886,-0.32264823510904866,-1.5862283027579402
B0006,5,2.000528337624771,3.7359253393126486,-0.4526861558428381,0.4658551625784928,0.041019185461763114,-0.010407747008456309,-0.292687814534927,-1.4864896325224537
B0006,6,2.0138990759931645,3.6079142744152843,-0.3376439594088816,0.37378311351862337,0.0293797724500137,-0.0038349360381506855,-0.26649535215790837,-1.3892038369716786
B0006,7,2.013101105626967,3.4813299209936686,-0.24817756741615388,0.29210334966100593,0.022487011918245987,-0.004168332306248986,-0.23997665973835136,-1.2904966176707442
B0006,8,1.9687898262728398,3.363235844361851,-0.21325798226875772,0.2193911361768675,0.016862598976501927,-0.0021546208461305227,-0.2169202668527182,-1.1983668834426855
B0006,9,1.9681661764334244,3.2488373349092905,-0.1433814182067291,0.1555513286031193,0.011672979530699963,-0.0005755958519373226,-0.19498740658969813,-1.1089510461289842
B0006,10,1.9572307917560536,3.1397460486053905,-0.09560621782758894,0.10358028014877578,0.007183669079685283,-0.0005700052332093279,-0.17437365548941197,-1.0227293276908989
B0006,11,1.9455991514129352,3.035023654775677,-0.05734214053575862,0.05955883554281241,0.004161734315547641,-0.0005439299196591888,-0.1552629667413318,-0.9399960361830347
B0006,12,1.9347505044841131,2.933749000334454,-0.028415843482759218,0.023788446785888297,0.0028976477058837735,0.0002533872070715754,-0.13843693402832533,-0.8590852001924655
B0006,13,1.9232799539368028,2.83995510644872,-0.007647767705992346,-0.0034495688470052768,0.00041968806412357265,0.0011679281691505952,-0.12301947622437108,-0.7841459561176236
B0006,14,1.911889930948487,2.749491434610806,0.004793487986944342,-0.02265651090359903,6.445488755340024e-05,-0.0002920629943888988,-0.10870177341083678,-0.7108090993732603
B0006,15,1.9010667141979305,2.6632625141684887,0.008608130798386723,-0.03357808842862843,-0.0004917842182090067,0.00022432404258557052,-0.09485526300730937,-0.6421031192983448
B0006,16,1.8891989948061458,2.5834933455368816,0.0024712445460083983,-0.03534579695866675,-0.0012342281203753225,-3.39059060677004e-05,-0.08343696383181308,-0.5767147005960592
B0006,17,1.878278372248849,2.509077544763901,-0.01130227896309358,-0.030298620947840162,-0.0007455345273099968,-0.0004873103329303629,-0.07100739296846331,-0.5169580349073069
B0006,18,1.8675697161520206,2.4394544334519583,-0.03196558688256354,-0.01708493435056167,-0.0002060010514591966,8.41015548475465e-06,-0.06261305801496621,-0.46002354728350237
B0006,19,1.8675892574453767,2.3750116747783854,-0.04796749581904429,0.002003152256416301,-0.0009522027181404631,-0.0004306715472406325,-0.052595769279648076,-0.40747943035299017
B0006,20,1.979626548250818,2.315662491485596,0.04882618171849694,0.019338184916145872,-0.0004134576514675048,0.0007877220695388045,-0.04651241709890521,-0.35806215736081093
B0006,21,1.9575499080884022,2.2590309038982705,0.017400364088777275,0.030321382417424606,0.0013513577697312133,-0.0004421386222010171,-0.0396396069587348,-0.31047235466830403
B0006,22,1.9458150170787551,2.2092490580168263,0.00955499920469465,0.02975539228087148,0.00047860845524130797,-0.00014615862992434206,-0.033068717350771236,-0.27000816505695135
B0006,23,1.9242461121680094,2.1632561030553052,-0.00029568468510524537,0.019130003332026982,0.0010473825279704787,-4.615914521133033e-05,-0.027887766309120682,-0.23095776675804133
B0006,24,1.9459811331421641,2.121354682694044,0.03882839975819008,0.004571506773768567,0.00023696500267284513,0.0007433886287109344,-0.023522618714359993,-0.19623119115969734
B0006,25,1.901407930553079,2.0832627778806305,0.010258273260340386,-0.007601784215050358,-0.0011968683367523398,0.0001966175515164884,-0.019135656341841948,-0.16437542938686012
B0006,26,1.878674213680085,2.0496800717521944,-0.0010624402204684196,-0.01817383511201262,-1.6521981252423394e-05,-0.00027539651712070435,-0.01583586044929126,-0.13564180392401362
B0006,27,1.8683061328264219,2.0193081742473655,-0.003924100372738512,-0.022319251796636002,-0.0015764504351537887,0.0007798005813357261,-0.013067390537874294,-0.11089464898780038
B0006,28,1.8560244070082998,1.9906879809289642,-0.013622768168364224,-0.023012574015801535,0.0004127627651096188,-0.001030087037942065,-0.009507384338945142,-0.08790352324775713
B0006,29,1.8451997961855777,1.9651631656466275,-0.030143329513108195,-0.013901460913604221,-8.504510225482189e-05,-0.00033597867626250114,-0.00659248055019149,-0.06890507482435708
B0006,30,1.857228890885317,1.9424872594138183,-0.028557147193333982,-0.0008746052998950312,0.0017839349058346816,-0.0002634606701727921,-0.005761666227827761,-0.05158542416662188
B0006,31,1.9247760889090635,1.9194678735663673,0.03081021660954511,0.014553399367823192,0.0008130458896974888,0.0013462711023661976,-0.00535170812497881,-0.036863009652153104
B0006,32,1.8822317526092551,1.8991526818717952,-0.008051665211981513,0.01768792842797536,0.0020100486455726626,0.0015516541236157055,-0.00353964264114021,-0.02657925274004758
B0006,33,1.855276687885587,1.878671488961415,-0.021610115089671644,0.014345962892490845,0.0027688722819161227,-0.00033796327106143983,-0.001960673855638111,-0.016600884156602245
B0006,34,1.8392508917181876,1.858905786631862,-0.016523712471161658,0.007029815797539755,0.0008475261267158783,0.000686451647164613,-0.0003280433825652912,-0.011366932747728807
B0006,35,1.8185396073994429,1.8396907062642538,-0.011763253675651428,-0.003719415110117474,7.151216576455759e-05,-0.00014890499645910476,0.0005072707320980678,-0.006098308088564611
B0006,36,1.8134770059567056,1.8222667763710432,0.006900961919343214,-0.01212302205599148,8.324619336235321e-05,0.0006851142140501581,-0.0014555127184517267,-0.0028805580727545815
B0006,37,1.7971018450305436,1.8047832007335824,0.008478068351704435,-0.014015775589568324,-0.00039459491187455206,8.825011568020767e-05,-0.0004538486505174224,-0.0013834551180509978
B0006,38,1.7810046294120476,1.78860741235591,0.003755181235243023,-0.010059937142801897,-0.00035819417821227354,-0.0004857137897643572,0.000749782391477849,-0.0012039015529866093
B0006,39,1.7710130422682329,1.774906960829841,0.0001497575600758175,-0.00019884592706282872,-0.001881262087140452,-0.0014321220899021236,-7.727860801709415e-06,-0.0005237182459824869
B0006,40,1.7604712448170943,1.763935453767233,-0.006287769452663687,0.007881413053798764,-0.002112414426427637,-0.001180956714081249,0.0007627245922881619,-0.0025272060880636472
B0006,41,1.7502913788006587,1.7547183530840433,-0.012269198723146909,0.01399784161055011,-0.0014145544747336681,-0.002196904127284926,-0.0021503133347752783,-0.00039384531495352586
B0006,42,1.7394925037732578,1.7498622737566851,-0.013265256255457405,0.01122969001975778,-0.002321096105784382,-0.0023257719899116534,-0.0007167262394780117,-0.0029706094892159363
B0006,43,1.7546766553637203,1.7468642833432388,0.01582856152721295,0.0018997113406265932,-0.00449499344909595,-0.002567123130190736,-0.0005336170029491469,-0.0023201673478269935
B0006,44,1.7659390941842175,1.7477739131093484,0.03802902946813687,-0.010120722673300006,-0.0030999856271197988,-0.0028813176033893103,-0.0015427509461165307,-0.002219071630528696
B0006,45,1.7337887419624838,1.7494418551799207,0.00797295187309551,-0.016087239287217375,-0.0033791932944432926,-0.0022481437382399303,-0.001370695748555865,-0.0005407930964683061
B0006,46,1.713325912040734,1.7533741446052362,-0.020754859433648867,-0.013757075438381717,-0.0034487837395322154,-0.0009502359673864453,-0.00035749422137428195,-0.0007797838304278021
B0006,47,1.7024077813673466,1.757542843523546,-0.04880792182481347,-0.0055495925674902856,-0.0005869430776194115,-0.0003976727646728507,0.000496545887486247,-0.00028947787099394966
B0006,48,1.82371946178183,1.760534620969637,0.05055715109048278,0.008103608372986432,0.0018839080875576724,0.0007268709180580835,0.00078371295317922,0.001129589279748324
B0006,49,1.8081284050314708,1.7630601373476527,0.022892914990711423,0.013305441866958225,0.004021035577584161,0.0028393153890071843,0.0012581193766401525,0.000751440378940962
B0006,50,1.7757610945034283,1.7618425055902707,-0.01358681595532762,0.01574589483672962,0.005395436660884525,0.0032398225763611457,0.0014005798973626817,0.0017236708060520247
B0006,51,1.7447409841836798,1.7574413317120725,-0.037283429651149634,0.012896837965040858,0.004811203453310111,0.0034022262637263714,0.001633741916982571,0.0018390724449462881
B0006,52,1.729207034132373,1.7493903540697406,-0.03723367284560109,0.006702790989063276,0.004782970140152604,0.00250577793282852,0.0017062764352211244,0.001352537338399018
B0006,53,1.7081086552553244,1.7383974661855284,-0.03879995285431214,0.002159086685011669,0.0027876505383813734,0.000839232572519977,0.0020074067405391983,0.0007177653234830118
B0006,54,1.6975954237461768,1.7256107320525773,-0.025728585229263454,-0.004238897318591544,0.0010803044312568469,0.0010338670692230287,0.0004237000967698574,-0.0005856974157843534
B0006,55,1.6820634524029463,1.708155258860796,-0.01812686203883646,-0.006509092493234661,-0.0014870596162739082,0.0010591839696207184,-0.0011853150841154541,0.00015733875118199977
B0006,56,1.6714768322295086,1.690707184500417,-0.008337066354033428,-0.007609270571867498,-0.001778175095338265,-0.0008941512909934,-0.0009289752079898232,0.00031728619971901065
B0006,57,1.6607591387047655,1.673980590331391,-0.0011091524458027805,-0.0074755247126604,-0.0008240609387824718,-0.002621129675998058,0.00023262850839747909,-0.001424212407109261
B0006,58,1.651121015038069,1.6570263724798893,0.006132820060443415,-0.006126021554831109,-0.002240414954960505,-0.0023618582466017808,-0.000762568196817213,-0.0005473145905476951
B0006,59,1.6401349256190927,1.6428866387700376,0.008799938609446356,-0.004855875401387551,-0.0026109404323261614,-0.0005518872849363762,-0.0025900855767381653,-0.0009428631021257274
B0006,60,1.6291999416165441,1.6284658027103986,0.00728036531616346,-0.0029442619047246967,-0.001750630911990172,0.00041051623826791347,-0.0008841705840805363,-0.0013776792802614492
B0006,61,1.6088496302961666,1.6161007125098414,-0.004669456777116491,-0.0012311602599081187,-8.292673192016803e-05,0.00023531690732520152,-0.00039267308145207394,-0.0011101822952759022
B0006,62,1.6035244898969248,1.605602741497028,-0.0022846602565497628,0.0017808282742840225,0.0003853350503321601,-0.0020048387041907726,0.00029267466026935203,-0.0002475906468017519
B0006,63,1.5989712144027983,1.5954241245081713,0.00060862400079354,0.0022001446599942158,0.000802390388978862,-0.00035148661322507643,0.0006465630236575665,-0.0003591455863135023
B0006,64,1.5876273123575604,1.585389024055428,-0.0016762725615248192,0.0018411459453825676,0.000665213127378252,0.001363068867001939,-0.0008153209841767606,0.0008604538918440265
B0006,65,1.5829719744686166,1.5763280468652623,0.0037546230577054866,0.0004954045979706083,0.00011495616625592376,0.0017042506918322248,-0.00034834008021022636,0.0009230331554258246
B0006,66,1.567137636713563,1.5674725836653545,-0.002878845777567049,0.0003636605978418364,0.0017983925527748296,-0.0008397754044054537,0.001252935070771224,-3.1313999280190634e-05
B0006,67,1.5613446139713882,1.5584080194413557,0.002394914332160616,-0.0003168951884270682,0.00019111954713905768,0.0002841774860382634,0.00045586011766798526,-7.258177031416081e-05
B0006,68,1.5511711892790419,1.5502327038783856,0.0008045097688660747,0.0007670169283170008,-0.0009706913701469435,0.0012526723610466108,0.0002749161360503714,-0.0011899384251962074
B0006,69,1.5406741606295171,1.5409666411037692,0.00025752040519317753,-0.0007908407813753293,0.00033984546945623503,0.0003146478617859013,-0.00020981757102045764,-0.00020383585583379405
B0006,70,1.5253138744624433,1.5336361687512667,-0.007206018043696416,-0.00044361496031772286,0.00010725268678247343,-0.000496360223062213,-7.346975932686893e-05,-0.00021008398063203292
B0006,71,1.5301570318067428,1.5264625415062318,0.0047560115816679275,0.00043727288350381736,-0.0007025478280929849,-0.00015593495872423803,-0.0014976923575695305,0.0008573809863692226
B0006,72,1.5246566834474087,1.521097434471616,0.004583624910832342,0.0007473918623406644,-0.0007637946336164337,-3.0815782371030695e-05,-0.0007015015087436308,-0.0002756558638170253
B0006,73,1.5145492986655427,1.5172182385452493,-0.0002154275100019754,0.0005209580783563819,-0.0006150927746851043,-0.001387157903613424,0.0004003530812057029,-0.0013725728381139225
B0006,74,1.509391504602082,1.5115393726508326,0.0010832350160740129,-0.0030559216553080627,0.00017902598899640113,-0.0007101332726259026,0.00012538815529692865,0.00023053773372310273
B0006,75,1.5039974333050705,1.5071652401760418,8.496220770936528e-05,-0.00448532571194972,0.0003129653047536765,0.0002146864998812898,-6.692628023107146e-05,0.0007718311259187523
B0006,76,1.4935201918040188,1.5037194483510414,-0.009513685915310625,-0.0026644471357243787,0.0013521501315011497,0.000904862481395751,-0.0003634056317433549,8.526954408176933e-05
B0006,77,1.4876323024497422,1.4989280034449695,-0.01733789520155827,0.0036487830959407823,0.0012271426741126768,-0.0006460377133176411,0.001331453979510851,0.00048085219365039643
B0006,78,1.5302876214401704,1.4941824418074643,0.02212952780017626,0.011063899686459544,0.0007066414274868028,0.0002421300308114019,0.0014236845792884884,0.0005392961150749986
B0006,79,1.5040760088360112,1.489337919384221,-0.004444418171099225,0.016754247943382095,0.0011444352182156954,0.0012019337530151893,-0.0003679846835599405,0.0004498754088585414
B0006,80,1.4887593608730894,1.4846837602704053,-0.01430512821639436,0.016843280993378663,0.0011234786665057434,-4.766611766116328e-05,0.0008547965407797002,-0.00039316124080697814
B0006,81,1.4782779285546637,1.4794380641019715,-0.013254511581666057,0.012249586930653608,-0.0006599487219154389,-0.00028158177411022887,0.00036279625846382475,0.0004235233685550013
B0006,82,1.478459982215684,1.4769315537793566,0.005564987552003588,-0.002521893390979003,3.837725889019201e-05,-0.0015585646141766081,0.00015455154710064948,-0.00014902988929510537
B0006,83,1.473214844899973,1.4747434404233697,0.015813605750649606,-0.015306289093869344,-0.0001947259284813545,-0.0013451140248034012,0.000580227456763059,-0.001076299654351897
B0006,84,1.4675164935067897,1.4748000934676784,0.022556741989629328,-0.024888286787131758,-0.0016320084366674254,-0.001153186780257234,-0.001967889991856838,-0.00019896992303367595
B0006,85,1.4516292657521335,1.4771055688195562,0.01071081357774031,-0.030812895062387217,-0.002705369695611605,-0.0009862193611137387,-0.000655580349086556,-0.0010270521390703443
B0006,86,1.4519237720967177,1.481573402705767,0.0071688957553719575,-0.0314323267120674,-0.0019062450888465015,-0.0022131411338670746,-0.00026936532676148065,-0.0009974480651023198
B0006,87,1.4471484694777745,1.4880859882320414,-0.007709761164072294,-0.0285327777908119,-0.002135879028755807,-0.001334966079781762,0.0004476211006865204,-0.001671755751854907
B0006,88,1.4468538105659885,1.492956946197798,-0.029114281124626152,-0.015938919988334847,-0.0008361785482858197,-0.0007244990871964678,-0.0009868147326574505,0.0014975578890851543
B0006,89,1.4416741930284678,1.500588501993665,-0.06138985929346063,0.002557238212063688,0.0006210119719576028,0.0006644895141538539,-0.0004396222475756737,-0.00092756708048084
B0006,90,1.5935866593100128,1.5049863543209916,0.0620301305268017,0.02244792907798435,0.002033283717263359,4.97105623292446e-05,0.0014586776611925168,0.0005805734248514154
B0006,91,1.5463902376915637,1.5090151669852312,-0.002914078057467583,0.03459914631900216,0.002132469159449787,0.0022990720797949294,0.0003413525094409009,0.0009171086962955978
B0006,92,1.51470559175661,1.5105359217018826,-0.03864338127204503,0.03731027513337552,0.0018735007770208198,0.0018116773991150657,0.001556805455945917,0.0002607925741073052
B0006,93,1.4989786083335404,1.5087648394300588,-0.046964738862757524,0.03306376133775735,0.0018148169052107505,4.4059730988153207e-05,0.0010583089680739485,0.001197560843259689
B0006,94,1.4831110745410492,1.5042624646116336,-0.0459225439556334,0.020923020349236106,0.001483090860108268,0.0006215946598070265,0.0005137788185563691,0.0012296692227065898
B0006,95,1.4729664825468278,1.4959825745480557,-0.034109980311645666,0.008089255891431476,-0.00015519937461779597,0.0007889686901481994,0.001177096833525801,0.0011937662993323976
B0006,96,1.4627604396099307,1.4884472966624307,-0.01998522553028947,-0.00701444140122379,0.0001278819456565415,0.002290189346636309,-0.0008537835243449176,-0.0002514778554707713
B0006,97,1.4518364681062514,1.478064681350494,-0.008721889764807514,-0.01746055757646111,0.0001554261471165979,-0.0005740126924488183,0.0005400384062421064,-0.00016721772607289934
B0006,98,1.4468670644030392,1.468586540756338,0.004512707154864465,-0.02365323828329883,-0.0003916953480337252,-0.0009328060994949821,-0.0004264789579814877,-0.000827964779565705
B0006,99,1.441380399427779,1.458822701834049,0.011581333387467313,-0.025261812743310758,-0.0017493372671025017,-0.0009281171643326716,-0.000989791887665684,-9.45766893537131e-05
B0006,100,1.431210744960774,1.4495302725206705,0.005910300320087542,-0.02144815734855551,-0.0006304926295093535,-0.00045261168432878836,-0.0008532170461005008,-0.0008453491254707927
B0006,101,1.4260247179525716,1.4412734726150092,0.0001015125186693467,-0.012188399515613723,-0.0016329407293427989,-0.000514253812957629,-0.0002366961775473482,-0.0007779768975624277
B0006,102,1.420487649966195,1.434794095627706,-0.009861879701533327,-0.003570710143646534,0.0006779588066891052,-0.00033951619285014405,-0.00023860783781847822,-0.000973690542065458
B0006,103,1.4207006230355006,1.4286336201917902,-0.014154629568280506,0.0068739631880699315,-0.0007361400565913386,0.0004081725291938757,-0.00025662776115791864,-6.773543732191131e-05
B0006,104,1.452255804330839,1.4242883016069137,0.01730559989754026,0.011275203426482009,-0.00011764716846210712,-0.00032602185561278295,0.0006410150353163048,-0.0008106465736943748
B0006,105,1.431557632772571,1.4187074354671847,0.0004722529719504584,0.009815056379378155,0.001583805290898899,0.00012680335646098796,0.00041119491039782704,0.00044108444218109757
B0006,106,1.415015751158943,1.4144959447963268,-0.007300492475790637,0.006290261335554808,0.0006812917195962861,-8.426228149258361e-05,0.0003926823980115793,0.0005403257192006482
B0006,107,1.4097311506517451,1.4094584117559699,-0.004544530016713827,0.0039003421791543916,-0.0006764245215296142,0.0005099624061000074,0.0003217294134915413,0.0007616594898397771
B0006,108,1.404917318129309,1.4057505986196137,0.0006250270334161629,-0.00012551520175501475,-0.0002874971973710957,-0.0008148214640731875,0.00041860697186916096,-0.0006490805759079555
B0006,109,1.395164296571563,1.3995934057618205,-0.002648357932630883,-0.0023575560369001342,-0.00020185626625053238,0.0004813134135163695,0.000668385294892535,-0.0003710376025210384
B0006,110,1.3945343832614077,1.3922895659360996,0.0019822423311611553,-0.0010730582042403941,0.0004928920081823089,0.00020883234586470745,-8.954788717996335e-05,0.0007234567921346082
B0006,111,1.3893171179312644,1.3866991731858958,0.0024726366172791855,-0.001006166624701814,0.0006155653976073588,-0.0006098184199464703,0.0011872266395338048,-4.149880171266456e-05
B0006,112,1.3838379472327809,1.3811150665399339,0.0006382322085504494,0.0008900917530418169,0.0005920268650999442,0.0007296138893573967,-0.0005875860718988588,0.0004605021135675316
B0006,113,1.3736814238195123,1.376261218013343,-0.00448121874231556,0.0022797501749630654,-0.0010892690705663034,0.0007022959206726591,-0.00013306834881473444,0.00014171594114338845
B0006,114,1.3786059891863676,1.3730462100900143,0.005912487841949175,0.0015514225582903202,-0.000509117648035238,-0.0007654211294411743,-0.001037285994122648,0.0004076935346660976
B0006,115,1.3737600299108574,1.3702978823716252,0.006331429833355833,-0.0009527855087250077,-0.0006778574098894996,-0.0008651342544217883,-0.00026651297034089173,-0.00010699208186457794
B0006,116,1.3682580583942712,1.3707172567085069,0.005379876003181487,-0.0038926692206325973,-0.0006085404088824293,-0.0016070253189625827,-0.00023667791605906142,-0.0014941613818092263
B0006,117,1.3633024037317505,1.370019014735378,0.001302161086484385,-0.005281124987276544,-0.0006932708529936566,-0.00127802129052545,-0.0007641535649456289,-2.201321327061463e-06
B0006,118,1.3580966140172601,1.3729830877437426,-0.005683572884139567,-0.004896582876932285,-0.0026559628718362377,0.0003296455172509001,-0.0010222484516127092,-0.0009577520840976605
B0006,119,1.353269090999531,1.373841055024914,-0.01663482083843635,-0.004428919204741651,6.26947341978606e-05,0.0006800144735530982,0.0006246204967277652,-0.0008755536096475877
B0006,120,1.3841605738237488,1.3744627719090272,0.005779566458944802,0.0007658102892389855,0.001393076984778741,-0.0002624036707294985,0.0010246359713185437,0.0009971159459127167
B0006,121,1.4051467790651473,1.3739930837999295,0.017459977798007138,0.00839666551782915,0.0019132369204154893,0.001307990895010117,0.0007734131915838845,0.0013024109987633623
B0006,122,1.378719022627353,1.3726944378475014,-0.007523039510794021,0.00782556298454396,0.0025337961447976258,0.0009576135182082556,0.0012291732489748577,0.0010014784610290516
B0006,123,1.3682657783199066,1.3683848202669355,-0.011705041257977321,0.006131988539046724,0.0004906553843686334,0.002782887785004523,0.0014380445358661452,0.0007424231377305999
B0006,124,1.3573151296618016,1.3637105743847568,-0.011618079681204277,0.0033249137860707403,0.0013426305079323783,-0.00036999372601873037,0.00045024214927092576,0.00047484231641965426
B0006,125,1.3524934638801596,1.356864322609427,-0.0032050141623360356,-0.0014669933190886851,-0.00021229259139344576,0.0008013145255696805,-0.000263328881277889,-2.4544223396339114e-05
B0006,126,1.3474099151661236,1.3497202868672182,0.004507961796657589,-0.004504792235074995,-0.0004005365776130909,-0.0007543353936754575,-0.0009918202934274863,-0.00016684891859330668
B0006,127,1.3370075130842318,1.343084821585815,0.004125611264147542,-0.005855404903009512,-0.001606113878367722,-0.0011276432428659385,-0.0006134546131321502,-0.0010003030448481598
B0006,128,1.3312352966718526,1.3372832306792595,0.004936308019911263,-0.003847243327112744,-0.003390469175251476,-0.0006731223711600222,-0.002291045130991188,-0.0007823619369982429
B0006,129,1.3259303781727643,1.3328068293409547,0.005528302877302672,-0.006051917960791691,-0.0027857543566490416,-0.0016573469656318241,-0.0010473714403822106,-0.0008623632341227093
B0006,130,1.321578743867529,1.32956854113741,0.0020451040519723377,-0.0063004719435328805,-0.0009382555263500117,-0.001215101251415678,-0.0009015459736374225,-0.0006795265372700553
B0006,131,1.321225074066109,1.3269839634743292,-0.0007686561035533551,-0.003757867751560433,-0.000211920103982374,-0.0003592836236285511,-0.0005030900939490447,-0.0001580716417585481
B0006,132,1.3156485301862682,1.3260567079740908,-0.010497357149298493,-0.0010225153330649765,0.00032348597590639317,0.0004862181238151858,0.00034849925953670837,-4.650857271024392e-05
B0006,133,1.3209025697502388,1.3257348406016136,-0.010342789312217378,0.003809220376082408,0.0011504338971209,0.0005028588560246775,-6.226177501885914e-05,0.00011026719654993565
B0006,134,1.3474328767273906,1.3244314311499001,0.01405893422345007,0.006425414342875601,0.00021013722473495796,0.00048255750145902583,0.0012568756916300748,0.0005675266726995666
B0006,135,1.3260128072353616,1.322272456243513,-0.002977351285096309,0.004251226315094062,0.0009203564067909047,0.00032487792153939823,0.001176528481862129,4.471323954112455e-05
B0006,136,1.3101186784831063,1.3198842672279063,-0.01062913310563038,0.0014353190546662195,-0.0009900460720026134,0.00012971626404689358,0.00021507290652495015,7.348230180282703e-05
B0006,137,1.30521620229393,1.3162209371583369,-0.005570787539994682,-0.0006322855583517938,-0.0043391333620156165,0.0011567043711390877,-0.0005658092811719836,-0.0010534233978530536
B0006,138,1.3004061951355774,1.3118601657829188,-0.0005481691013194304,-0.0031911444354626533,-0.0056442006529940905,9.74962295811217e-05,0.00013377613855687442,-0.0023017287276301712
B0006,139,1.300235735841116,1.307828124161109,0.006339268607170122,-0.002107413564460074,-0.00856931824626255,-0.00033192325052254994,0.0009291164742288635,-0.0038521182420057625
B0006,140,1.2895066722480755,1.303451654188081,0.0007079929738530547,0.0006253671742887659,-0.0089613586921731,-0.0012134721518722036,-0.0009205385459364187,-0.0041829725957550044
B0006,141,1.279253057384795,1.2994927305398436,-0.0035397682595152283,0.00034909519576021544,-0.010096224404011575,-0.0005007603782338367,-0.00032350546903685485,-0.006128509733520565
B0006,142,1.2792078171714618,1.2962075289920205,0.0015364968468469836,0.001002887681220817,-0.012423874869558697,0.0007946073655505097,-0.0009314444237367106,-0.00697838431437268
B0006,143,1.274036760902923,1.294656635109597,0.0023515075654091063,0.0007732660712435215,-0.013368830534931228,-0.0013511557370581846,0.0007560918034767982,-0.009780753266247156
B0006,144,1.2741273923001468,1.2925741980801437,0.008164364138496388,0.00032720172460380654,-0.015564731041754844,0.0008040266059488531,-0.0013364065955862143,-0.010841260503174162
B0006,145,1.2637639426440779,1.2936765158787336,0.003231505556096932,-0.0008712433058310271,-0.01762011090233377,-0.0003028164585222316,0.0008638261584325538,-0.015213734169843113
B0006,146,1.2581373688955233,1.2926339451608921,0.0010132792393404888,-0.0024646262304277335,-0.01700268417158111,-5.2287251650475024e-05,0.0005919708468243708,-0.016582228582980252
B0006,147,1.253259864055301,1.2940570731004546,-0.002065697528089683,-0.002599687549245592,-0.017704432847376324,0.0019568192156460967,0.0004184299975059155,-0.02080264021675894
B0006,148,1.2532313315493426,1.2962390883512367,-0.0040164330084705505,-0.0020517297683253412,-0.014979022049706314,0.0020498817953695713,0.0011561525834155608,-0.025166606237330583
B0006,149,1.2480874960313577,1.2978257441608816,-0.013389010497843006,0.0002142556159603864,-0.011896632869122419,0.0033130787717045593,0.0011183765078781429,-0.029098315539208174
B0006,150,1.2534354284944844,1.3004511445253806,-0.014631344073419122,0.0032496832804727095,-0.006732136154266062,0.0028616020213066444,0.0035829407752216574,-0.03534646176344682
B0006,151,1.2898048773266901,1.304196123069819,0.01895515060341942,0.0016969055645786526,0.0004350306146472272,0.00339176260695,0.0025541671116929626,-0.04142426214212539
B0006,152,1.2635402021758835,1.3072617082456386,-0.0057686616792118105,-0.00618732117961645,0.011688610638065429,-0.0009832205829667662,0.005578652416836584,-0.048049565570118274
B0006,153,1.2479761706842853,1.311318018389549,-0.013737020812296025,-0.021165728570024214,0.02462167142467975,-0.003952161773361905,0.005519376524537505,-0.05462798437986112
B0006,154,1.2321202877943334,1.3158154214109523,-0.01573490246610522,-0.044156467785620206,0.04356183503755606,-0.013238659310316243,0.008053270431167379,-0.06218020939805318
B0006,155,1.2271137666213534,1.322038901632424,-0.003184666329685997,-0.07133041715418423,0.06495514626826637,-0.02611949518001865,0.012863047207444581,-0.07210874969565284
B0006,156,1.2217397581377356,1.328169453186341,0.011294795858558903,-0.10348704535730077,0.09287756693133076,-0.044109818664459094,0.02068267558254335,-0.0836878692699002
B0006,157,1.211102678915174,1.3347448585821204,0.025830918538078885,-0.14196803436894334,0.12624894401346368,-0.06612300866185167,0.027680672499166042,-0.0953116715532485
B0006,158,1.2056159765131735,1.344020820073267,0.04979238234924273,-0.18761771329663376,0.16561536016659995,-0.09338777717488912,0.03773025008619256,-0.11053734555481094
B0006,159,1.2008936262717274,1.354411924921027,0.07987244593551311,-0.23984148218974563,0.21241620161467942,-0.13120779763514973,0.054450838159092366,-0.12920850439601492
B0006,160,1.1905903985558335,1.3664462655938676,0.11471320197180024,-0.3054417185081923,0.2687602558951838,-0.17516074290689956,0.07255898773586196,-0.15128585108401382
B0006,161,1.185179251041941,1.381973658510978,0.16428490550452252,-0.3812187348447022,0.33026652735193024,-0.2290211436668649,0.09903529806627764,-0.18014125973627254
B0006,162,1.1796706818144624,1.3991265662886674,0.224094353754569,-0.4717011269284768,0.4046050117576078,-0.2926298186286438,0.12783717074998383,-0.2116614750331251
B0006,163,1.1745952836753915,1.4203415530493602,0.29747369201328233,-0.5755936306302615,0.4850670683938238,-0.3673052559382609,0.16549766331105623,-0.250885806375469
B0006,164,1.15381833159625,1.4440515603239277,0.3683774149877719,-0.6961628758839851,0.5776644020328359,-0.45443799681117836,0.21020426795937064,-0.29587844085608467
B0006,165,1.1644009557372264,1.4709011361120499,0.48463900761116485,-0.8330801565887138,0.6815879054633588,-0.5549202161368313,0.2634288955020715,-0.3481556160736773
B0006,166,1.1587974947916069,1.5031478639078009,0.6010710380481751,-0.9876195224924327,0.7959533521652306,-0.6703192787285186,0.3254556933961526,-0.40889165135037453
B0006,167,1.1749748834769171,1.5392099783174706,0.7559046994179947,-1.1621047669048696,0.9228697892815302,-0.8001620180891253,0.3965241556760094,-0.4772669540741039
B0006,168,1.1856752327929356,1.581664087552504,0.9235365071764088,-1.357158123452095,1.0629496159402703,-0.9468431408338294,0.47896676064049953,-0.5574404740870922
B0007,1,1.89105229539079,1.8664570181005589,0.013839590438537027,-0.004738370729207679,0.03702210535127025,-0.014341364572580083,-0.008591187944229334,0.00140450459274881
B0007,2,1.880637027686859,1.8662928567899908,-0.002638404008619191,0.0008674175392018796,0.031954085739468514,-0.010190196839578133,-0.006043657617864545,0.0003949259370577505
B0007,3,1.8806626717011388,1.866709824240546,-0.0065997411691539505,0.0054347516146184315,0.027024859298034404,-0.007561256852124752,-0.003990258791576468,-0.00035550678642270767
B0007,4,1.8807709009833444,1.8664630966295903,-0.008107344326971598,0.006889585908061639,0.023143406082825165,-0.004570326448225789,-0.0026374883261444664,-0.0004100286830761399
B0007,5,1.8794508728285058,1.8667315098214066,-0.008882768676079298,0.007260433666157403,0.018933229727283403,-0.002185366061718903,-0.002172343766653421,-0.00023382202835258106
B0007,6,1.8807003517117404,1.86673709279975,-0.0064505997724018955,0.0075304218626356615,0.014810841422756163,-0.00015501541599020357,-0.0011717531933873547,-0.0006006361388631537
B0007,7,1.8799352523566075,1.8662724364307104,-0.004151907620199205,0.006500265747032225,0.011165607823968606,0.0011574821746251909,-0.0009280434543556254,-8.058889193863434e-05
B0007,8,1.8815088124038797,1.865876821277759,0.0012249631100320665,0.004867653299342095,0.008392082629212481,0.0016688394766877514,-0.00033532576929665224,-0.00018622176760209403
B0007,9,1.8696907870385844,1.8646427889647974,-0.006678910677244839,0.003950942591430528,0.005337136738594964,0.0019250585044841015,0.00014449055853783547,0.0003692802176039215
B0007,10,1.870052380139199,1.8638458554869737,-0.0023229126656927903,0.0027330183085937884,0.003890856807087311,0.001370935059477078,7.133831732270236e-05,0.0004632886848313402
B0007,11,1.8700442394188577,1.8625023035319739,0.0017232540206112213,0.0016571787973982462,0.0026364458618436774,0.0009480096542967858,0.0003941215556423493,0.00018292585649081185
B0007,12,1.8596518987766364,1.8615875113450973,-0.005685963767631743,0.0017010036632956029,0.001155186979013066,0.0006619677649362486,0.0006325343977335579,-0.000400341739932234
B0007,13,1.8590746560862206,1.8604037158856441,-0.00205406821108594,0.00037438685916834567,9.560407959733175e-05,0.001088511356841991,-0.0002764604977755889,-0.0005570335199345356
B0007,14,1.8590084577709232,1.8595096662507031,0.002138272573350475,-0.0025960169371846927,-0.0006053567436042569,0.00042419123353516465,0.00016329711831063404,-2.5595857910979905e-05
B0007,15,1.8593622586957048,1.8591467254577467,0.006610795142460515,-0.005370204649808544,-0.0004916304620780417,1.1238493264330575e-05,-0.0009903562973167536,0.00044569087749263264
B0007,16,1.8587355450601035,1.8594597112455085,0.009008508555827572,-0.008192136936354462,-0.0008560892558546097,-0.00025247725002240466,-2.1766320549932716e-05,-0.00041020511200460017
B0007,17,1.847817291322145,1.8602198817362008,-0.0023032930724362958,-0.008142508390264987,-0.0008287648085345574,-0.0007589892537228398,-0.00018262997522246262,-0.00018640504062436607
B0007,18,1.8485252916137047,1.8617356205320907,-0.0047812600464549595,-0.0073055180284931935,-0.00031961674847605034,-9.126312812510795e-05,-0.00019735789649469917,-0.0005153131975328684
B0007,19,1.848378951850034,1.8632563826738635,-0.011582815205591146,-0.002224147084004449,-0.00018825691631135026,0.00013136337902573743,-0.0006196852896492728,-0.0003938898343988116
B0007,20,1.8807805437609766,1.8645904968133058,0.011722771848837117,0.004104609777513966,3.133678615909617e-05,0.0006163743651543518,-0.0004146453026615445,0.00012959932537654853
B0007,21,1.8814721597443598,1.8656351412535999,0.0048692263156828435,0.009136661062874014,0.0010284460829808996,-0.000464774068240777,0.0008095716315192394,0.0004578873182214259
B0007,22,1.8810954313244785,1.8669194733845729,0.0015183858485849572,0.011176839828141532,0.0009773234993068723,0.00014943852857451326,0.0003875618569603198,-3.359176915004462e-05
B0007,23,1.8710089649779995,1.867654214837746,-0.00819148239342008,0.010538228855997644,0.0002887966329247853,0.0002308283525759198,0.00018526533292467816,0.00030311321804872733
B0007,24,1.8701995151941375,1.8678813661970326,-0.003986605702061519,0.005741668961734315,0.00016277771304649714,0.00031132188087036003,-0.00014944502569276736,0.00023843102851065103
B0007,25,1.8706715362800985,1.8679371681175319,0.004206764104079347,-0.0010796820265876457,-0.000379521223357711,0.00021072422140412696,0.0001570446252109607,-0.0003809616791739938
B0007,26,1.8596124644020169,1.8671722454502253,-0.0006915334746852652,-0.006012442179428337,-0.0002343919982736168,7.056546868140976e-05,-0.0007781230860295084,8.614408742689518e-05
B0007,27,1.860033909718346,1.8667947098599933,0.005354310592756762,-0.010495872610727488,0.00021674347643284246,-0.000942115651318513,-0.00014136716491365968,-0.0007524989182399451
B0007,28,1.8591653109160768,1.8654485974204027,0.007052448520590438,-0.012276999350281412,8.003760448898245e-05,-0.0006734201333648275,-0.0004729640370602858,7.6107574799513235e-06
B0007,29,1.8481398178778288,1.8635689555715156,-0.007406173000289641,-0.007686429187896486,-0.000346152091151753,-0.00042922257246357334,8.905699323597141e-05,0.00034978203792810264
B0007,30,1.849201702126164,1.862230099354982,-0.01361181831024212,0.0006467305706086975,-0.0005031089114158237,0.00019227925661198834,0.00018415985155586164,6.336018645096998e-05
B0007,31,1.8834677437950846,1.860595994519065,0.01386544736116932,0.008091472407376697,0.0005120303368861122,0.0005380728719733597,0.0003955912885328404,-0.0005308651388845047
B0007,32,1.8628211117905844,1.8575133921189435,-0.006501504139391865,0.010306079416068942,0.0007897435204168173,4.85113609747669e-05,0.0005676190269022783,9.72703505704047e-05
B0007,33,1.852085039652352,1.8539946349594718,-0.011093098930302867,0.008002023231826381,8.710601648225739e-05,0.00024016216898596558,0.0005337501907250093,0.0003204618857544061
B0007,34,1.8469504648208708,1.8494484574407402,-0.007020568803626184,0.0033427335470935845,3.7139242255577155e-05,0.0005507467688844548,0.0002613300396655106,0.0003306264596482372
B0007,35,1.836828431169018,1.8440404447808851,-0.006193690850625982,-0.002386049573795273,3.212603026862013e-05,0.0009753167976236174,-7.85277094844923e-05,0.00043881157424466234
B0007,36,1.8371619619672275,1.8388770585161276,0.0037412274559279514,-0.005548499253414226,-0.00010508930673604799,3.665503869782297e-05,0.00014436525864835122,1.62441378664847e-05
B0007,37,1.8316722583718854,1.8325757802530722,0.0058630904067278325,-0.006905108803657773,0.0002033697844350686,-0.000224210249245396,0.0006079843143185448,-0.00044864745045354197
B0007,38,1.8211470951317783,1.82591504591841,-0.0009515705952604183,-0.004079784858250999,0.0003958139137329224,-6.773636304923148e-05,-0.00013447775150444836,6.980475757084371e-05
B0007,39,1.816506091511515,1.8199011478231846,-0.003299967296244415,0.0006480305098744758,1.8270292102625053e-05,-0.0008211157224522721,0.00033011438246131826,-0.0002703885846489909
B0007,40,1.8113815601504555,1.8141185513626412,-0.005679562340555968,0.0036060888736984113,-0.00024741728400236844,-2.8418928247530837e-05,-0.00032928538737483725,-5.8396249747611116e-05
B0007,41,1.8116056333939583,1.8092568754923433,-0.0017910095908163924,0.005496034247211867,-0.00019273724789565898,-0.00033963329934583674,-0.0007867592865114512,-3.7137025211174965e-05
B0007,42,1.8060548955557403,1.8050944222871383,-0.001968675154973338,0.0042009156850945275,-0.00036174455657524444,-0.00010032592914341015,-0.00028680459463764174,-0.0005228922818876747
B0007,43,1.8132041826994056,1.8021590800324352,0.011499401804681139,0.0012080245836455102,-0.0003857497978768942,-0.0004767872350849058,-0.0007857668036759827,-1.4019989898362096e-05
B0007,44,1.8062641938283535,1.8010252223923044,0.010334999829268908,-0.0021629119753846615,-0.0009948030280671192,-0.0005037210954028606,-0.0010207065847521173,-0.0004138858104683013
B0007,45,1.7958310249900458,1.8000475288638382,0.003171298146761133,-0.005171184451183274,-0.0012109567401206933,-0.0003785454910522305,-0.00039595617228336145,-0.0002311592602673874
B0007,46,1.7858852600390451,1.7994750854285433,-0.006063701730943305,-0.005844287351934905,-0.001299999613588096,-9.373534107181292e-05,-0.00016168130309837458,-0.00012642013701735685
B0007,47,1.7803268604502753,1.7992651629188865,-0.014935396888266912,-0.0036354990751323053,-6.824475569180266e-05,-0.0002524396010363709,-0.00010811279450856754,6.139056133303818e-05
B0007,48,1.8150756899575577,1.7987445842460998,0.014072732651558298,0.0008693473793684062,0.0001850352866225416,0.0006563211882950072,0.0005632172377950578,-1.5548138527633857e-05
B0007,49,1.8157025154845838,1.797211746731627,0.011320153707651092,0.004042338137325957,0.0015253967762288905,0.0006911904301488614,0.0004642998656593005,0.00044738972920585387
B0007,50,1.8002432178056673,1.7943699569373472,-0.0033466224332231423,0.005382594430502477,0.0015322132261799087,0.0007291180320653721,0.0011495183998017752,0.00042643911589063474
B0007,51,1.7904476205609308,1.7909897215899786,-0.0076979836898223315,0.004015685960931538,0.0008415945135797876,0.0011593529010023947,0.0004664334263687486,0.0006728157678933511
B0007,52,1.780343032300132,1.786246271764604,-0.009292809857922826,0.0019132496404542084,0.0010073579088149755,-0.0001160938921614655,0.000686458600191327,-0.00010140194855012454
B0007,53,1.775328769596812,1.7796014545888057,-0.0029603322348588203,-0.0017942802012987154,-3.730606723449997e-05,-0.00016845621564423312,0.00014652648100182898,0.0005411631644636757
B0007,54,1.7702629734732853,1.7719584346035162,0.002627468621932922,-0.004257573386831686,-0.0007794690510165394,0.000338598826340021,0.0001330718960698583,0.00024244188485426885
B0007,55,1.760081061854204,1.7649296546768933,-0.0008002146731890574,-0.0030636207074138154,-0.00042361932409091895,0.00016817379624568747,-0.0007412927456394854,1.1980759322969238e-05
B0007,56,1.749647593537689,1.7576855765338388,-0.00490971770164238,-0.0013083251207168566,-0.00012965680422901346,-0.001179663054838181,0.0003656330647821065,-0.0008762534450790347
B0007,57,1.749650075059311,1.749914298541507,0.0004902837737371581,0.0007995237864640373,-0.0006574247390794588,-6.331315253016044e-05,-0.00018761502706571805,-0.0006456781892970215
B0007,58,1.745028739214683,1.7422500229605065,0.0020769230462365364,0.0012006430983551612,-0.00013796926613179032,0.0002314304433362669,-0.0008195725456246984,0.00022726141530997164
B0007,59,1.7396457455286727,1.7354480181040475,0.0032702416778923353,0.0010057485405210382,-8.040152211076927e-05,0.0002479183382334677,-0.0005914562068958223,0.0003456765376442353
B0007,60,1.7285642277717963,1.7293592657856776,-0.0010188820603576792,-0.0003915369462846548,0.0007488716273071178,-0.00016053189589006333,0.0002513017017311722,-0.00022426049282228764
B0007,61,1.723900324588418,1.7231998333783407,0.000133443884821668,0.0003415937185876497,0.00033414759898612873,-2.1168657578307406e-05,0.00019896359794438224,-0.0002864889822129413
B0007,62,1.7139788776485192,1.717613663877351,-0.003569833575631008,-0.0003014676733416743,0.00018757140885668013,-0.0003128287891966665,0.0003217491621436569,4.002319499146387e-05
B0007,63,1.7139701997004613,1.7117354016210082,0.0025858472902048728,-0.00044863780673439646,-0.0003105691564746133,0.0006045347341241505,-0.0005298020165006353,0.00033342499149320755
B0007,64,1.7036521173638766,1.7057734505350068,-0.0025711154647457793,-0.0001356704261473152,0.0005963719423724143,-0.00026888871990384135,-0.00012329085587090965,0.00038126031625463047
B0007,65,1.7040137474382486,1.7006283607355024,0.0031657873913562267,0.0005031964518809743,-0.00044274576500173793,9.797934267239718e-05,5.274856234029662e-05,8.420682362180732e-06
B0007,66,1.6935716157343033,1.6950306234390542,-0.0013203354097881615,-0.00024156272332445593,-0.0001381155313315469,-0.00011149588456666372,0.00044427336688932406,-9.177155325818354e-05
B0007,67,1.6876577363877656,1.6894641017485257,-0.001548720052995686,-0.00010735464943148847,0.0004614285007235594,-5.557159591977579e-05,-0.0005950834242611533,3.893583418097583e-05
B0007,68,1.6830744356583152,1.6841253322713206,-0.00021740018983659325,-0.0005163425228415382,0.00019542043466234352,6.183158749505848e-06,5.624992736909708e-05,-0.000575007445195488
B0007,69,1.6779270142025482,1.6783084780959883,0.0002730969525726274,-0.0005901062683265802,-0.0003622347459949006,0.00031121591615481444,-0.0003664778959152755,0.0003530421271897499
B0007,70,1.6732060275966172,1.6735503914841763,0.00021190613283153032,0.0006898275744507837,-0.0004495734333509396,-3.7736262826041034e-05,-0.0004787701760055094,-0.0002800177405964507
B0007,71,1.6674367208253988,1.6674370772339633,-0.0004127068768724332,0.0001962837609576915,0.00028553356991560373,-0.0009191823883631271,0.00021521900595278013,0.0006344965055026109
B0007,72,1.6622662630667526,1.663039672132576,-0.0001384355081025733,0.0003196613978213854,-0.00046805948384950907,0.0001249378808701317,-9.209125712401689e-05,-0.000519422106559166
B0007,73,1.6574243065763063,1.6578783443352665,0.0001312309984448913,-0.00010117483904480186,-0.0006868185878683214,0.00026750234238157413,-2.714653935102797e-06,-6.2063027041324e-05
B0007,74,1.652538684928734,1.652704908921047,3.8297838522749624e-05,-0.0005589545469568081,0.00045919337037443516,-0.00018930214905109034,-9.877955135948126e-05,0.00018332104109868006
B0007,75,1.6472174627573322,1.6470385280470494,-0.0004860356692940798,-0.000137106401595637,0.00014435887095227601,-0.00023982029089533393,0.0005497140926375728,0.0003478241067356297
B0007,76,1.6364136810898071,1.6411097830581995,-0.004802235849821207,-0.001719227466974156,0.0007855300857742598,0.00012250628844354377,0.0005546973143768783,0.0003626276647984758
B0007,77,1.6362554312048496,1.6354213983313801,-0.0005055506831066064,-0.0010456714359729947,0.00081911670157542,0.0009090946499760309,0.0006841579901602286,-2.7114344073812995e-05
B0007,78,1.641119179218384,1.6294005762047246,0.008294630281562599,0.0013444220718729712,0.0012237322403123555,0.00037543975534866104,0.00039222500796627635,8.815365865436759e-05
B0007,79,1.6315700789656966,1.6242356189390992,0.00234730558120374,0.0046050706902581295,0.00037780300026419986,0.0004245821315788645,-0.00020306544684136195,-0.00021723592185750494
B0007,80,1.621213282987236,1.6191979659388938,-0.0031362331325872094,0.00625291053812409,-0.000657577522379158,0.00043380285158579716,-0.0005488965240188703,-0.00032868914791984755
B0007,81,1.6164273214762122,1.6147016845563693,0.00031639791951200283,0.003103575835248463,-0.000505479241749411,-0.00020366574307749015,-0.0007628019756941071,-0.0002223898569516877
B0007,82,1.615823510161921,1.6122764342854832,0.009149589862647148,-0.0012264470916216357,-0.0017911444489240292,-0.0003109324026400139,-0.0013576706427291866,-0.0009163193824731313
B0007,83,1.61672418029789,1.610394949071228,0.01752879828098398,-0.006507500488137878,-0.0020994710568100596,-0.0009269028835687061,-0.0007891789769381499,-0.0008765136316070302
B0007,84,1.6108655863730026,1.6107822375169896,0.015664461347705928,-0.00957092744238765,-0.0028094430916460558,-0.0014237805753599805,-0.0012385973047839454,-0.0005383640566044013
B0007,85,1.6006603374309376,1.6124911942040339,0.004391909178144664,-0.010476235880778778,-0.0032024969098423724,-0.0004130279429178193,-0.0017646752916795991,-0.0003663298987518345
B0007,86,1.5959174487005663,1.615661229415694,-0.00486887715641516,-0.010294796031019425,-0.0019324661568843567,-0.000952604601633502,-0.0009020888743200175,-0.0007929478646291993
B0007,87,1.5962179519462243,1.6186118355120716,-0.013020006665877933,-0.007625761979960367,-0.00114264082473216,-0.00015815260949649266,-0.00020866303130938127,-0.0002386584244321539
B0007,88,1.5958065114633972,1.622083129928003,-0.02479124351012743,-0.0026106094622856675,0.0004367661872445131,0.000335434840348115,-0.0002072328872955441,0.0005602663978055765
B0007,89,1.5906507821480704,1.6259033339177575,-0.04256253210029792,0.004005489801298372,0.0018653860104867672,-1.3536976894875342e-05,0.0007704225078695212,0.0006822190213590838
B0007,90,1.6888211161855506,1.628596311781541,0.043530017718237835,0.011699968954825531,0.0026458035957215792,0.0005678803399749504,0.0011687440258704757,0.0006123897417108895
B0007,91,1.6259938279733204,1.629438830777808,-0.023919615772755663,0.01394976566999102,0.002985331961967996,0.0014758261869439097,0.0008635260311644152,0.0012001631296841664
B0007,92,1.6157433862812898,1.6285678849553793,-0.031255043832979605,0.011291622121557765,0.003418124724019326,0.0009816410646588485,0.0015976554124546767,0.0011415018540706994
B0007,93,1.6056626764846538,1.6265179582302587,-0.0335208502995429,0.007831858525060353,0.002157665910676341,0.0008776045760171051,0.001346665181225306,0.0004517743851119358
B0007,94,1.5949746921524348,1.6213322638451448,-0.033371265708314383,0.0029675373085490033,0.0012755064545573297,0.0005724260490044316,0.0007914468151340814,0.0014067774191730538
B0007,95,1.5904102438871945,1.6163377667963623,-0.025742421574615367,-0.001385819346825457,0.0006333419299461971,7.386894527241517e-05,-0.00023388610038486558,0.0007273932710972823
B0007,96,1.5853517062988178,1.6095657867398272,-0.017910110837209503,-0.005425201839492286,-0.00010873298195780653,-0.0006533436433441064,-8.119053286580304e-05,-3.550056932947322e-05
B0007,97,1.5799737147242376,1.602182451224059,-0.012478888793048627,-0.007151020613603476,-0.00102148909300144,-0.0007116915433638549,-0.0009399687806169496,9.432236397457522e-05
B0007,98,1.5752185465278068,1.5944911382255471,-0.00815489411196941,-0.008018362553737937,-0.0014298647651635518,-0.0005695418247911194,-0.0007194134718874555,-0.00038051492706590753
B0007,99,1.569798484648868,1.5868435106147762,-0.0059524902155541825,-0.007888925539373749,-0.0015025622616258302,-0.0003590021040550424,-0.0006721355509592636,-0.000669910247837772
B0007,100,1.5702565375950357,1.580777180727523,-0.0012290694488303843,-0.005650612629249877,-0.0011379076060627484,-0.0005381671133152214,-0.0004442063665124825,-0.001520679922299511
B0007,101,1.565249873909438,1.574233624751884,-0.004325996704772526,-0.0023963967120365585,-0.0008177863515102849,-0.0006962713753400444,-0.00019459124524797268,-0.0005527084042015714
B0007,102,1.559633933561147,1.5689863715963153,-0.00787822664174257,-0.0003887791000657338,0.00012405659776924786,-0.0009761903560409722,-0.0002335965602727746,2.980780214281395e-07
B0007,103,1.5649820533392105,1.564908797896395,-0.001270483291931303,0.0017026953365137374,0.0003180667093499664,-0.0003889338638999252,-0.00010481799142175174,-0.00018327140629122098
B0007,104,1.57497949984227,1.560963760209762,0.011220525724900265,0.002479605226697914,2.0301031173274615e-05,0.00019963449117141197,0.000522410174220692,-0.00042673697238159575
B0007,105,1.5652811168780458,1.5575620929352392,0.004812773712692936,0.0024549924513073873,-0.0003782492895108029,0.0008999250045624564,-2.9252424543305307e-05,-4.1165462384399835e-05
B0007,106,1.559755497470126,1.5541637379335587,0.0032570524840212583,0.0012976385322556725,0.0005343632185116669,0.00016068143470847064,0.00017982364157043183,0.0001622002782607143
B0007,107,1.549897685670499,1.5505149413296462,-0.0027148518521908386,0.0008745569988470012,0.0004160034425989196,-0.00027859147441767443,0.0007026578359145374,0.00038296944900492996
B0007,108,1.5438771531345021,1.546911114642639,-0.004576499367460002,0.0006061850230301065,0.000335898868792539,-0.0004434176610231954,0.0006540230685252784,0.0003898486226540966
B0007,109,1.5450187488690073,1.5433391475931548,0.00021625939174335312,0.00034241226005816684,-0.00024464234222824617,0.00047031491137718666,0.0009609562653298219,-6.569914848331737e-05
B0007,110,1.5445940154102908,1.5394481107618652,0.004259602586147767,0.0001359166451485477,0.00044800374385527283,1.9935730743696542e-05,-0.00021081818178845401,0.0004932641865281089
B0007,111,1.5343086721758876,1.5352675864831211,-0.0017307907401701889,5.4734283521412166e-05,0.000417112981540869,0.00043770511764059826,-0.0005366728369621228,0.00039899695581467186
B0007,112,1.5287603942958483,1.531863020191036,-0.0033458997422000356,0.0008494605736753894,-0.00037595952860147616,3.971766522804509e-05,2.1556567654428086e-05,-0.0002915013588677812
B0007,113,1.5289260249179843,1.5287404486368343,0.0009198345869857269,0.00020660326272859525,-2.787144185411518e-05,-0.000827070520524975,-9.552316325682664e-06,-7.636721788668937e-05
B0007,114,1.529091650133123,1.5258902391202886,0.005706817805846326,-0.0011081502637615265,-0.00042594350216168563,-0.0001957226167025357,-0.0006856732439579246,-8.991709455841566e-05
B0007,115,1.5239059324661248,1.5246921211124993,0.003496298383735254,-0.00134572739055846,-0.0008626518633603041,-0.0007771842927966857,-0.0004397892222072192,-0.0008571341860858898
B0007,116,1.5186675419100615,1.523563359439374,0.00022938560162767053,-0.001946632584448209,-0.001520625490828692,-0.0007789552947873022,-0.00017697442420876262,-0.0007020152583016112
B0007,117,1.5136482266426952,1.5227832124871516,-0.004165089323420716,-0.003261409008178733,-0.00044645754298617093,-0.00046423744677283807,-0.0008587120431432202,6.0919601538705936e-05
B0007,118,1.5136050185229033,1.5225510213520823,-0.005520905655777523,-0.002953798213124606,-0.0004612844797658023,-9.103230856338266e-06,-0.0004966312041163917,0.0004957200359820269
B0007,119,1.5139470614867965,1.5228464676551288,-0.009142484065579002,-0.0004944167922016367,0.0003309044218860666,0.0002685692161791515,0.0005211171528925094,-0.0003830960202021082
B0007,120,1.5339599193158786,1.5223658148777712,0.006991691756790755,0.002388816760700718,0.0009184203999068175,0.0004646423125384377,0.0006319122310300486,0.0001986210459766403
B0007,121,1.5391372798653098,1.5212357062282005,0.009498852192618281,0.004912150371698709,0.001031020332262299,0.0009094220243759414,0.00098857050513127,0.0005615582766324633
B0007,122,1.5236247972838737,1.5196034979119943,-0.003885995204525219,0.005124910333782717,0.0008055547422058365,0.0009482806826681304,0.00039937290494780695,0.0006291759880764951
B0007,123,1.5135813035589147,1.5160720774970422,-0.008407155361625783,0.0027852952254144255,0.0008348940935369601,0.0015867754795441005,0.00035395393433892557,0.00035546277219920515
B0007,124,1.5077850749847914,1.5123543863147149,-0.006564705612102234,0.00030670453719852534,0.0007170355648212972,0.0002692834268560795,0.0009230000512961637,-0.00022062921284605634
B0007,125,1.5031960676037333,1.5076433925204042,-0.003824935529001622,-0.0013770349388145977,0.0011699920950116389,-0.00029471958938708843,0.00020946993902785355,-0.00033009680550017637
B0007,126,1.4978220596995881,1.5024416241356557,-0.0009022394294679033,-0.0026323832765424984,-0.0006549035394627617,0.0002199824944650794,-0.0006963543875677714,4.6333793864154296e-05
B0007,127,1.492848534633516,1.4975474348989906,0.0011111407903725877,-0.003477788080009511,-0.0005712276094700617,-0.0010930168434841014,-0.0001699991338957352,-0.0004980092945324288
B0007,128,1.492414389867026,1.4928977745762169,0.006463945500934318,-0.004053735378068351,-0.0018035964153495462,-0.0005934756773940063,-0.0003355085111018575,-0.00016101413348570203
B0007,129,1.487482776538081,1.4884946122547205,0.005052660209177589,-0.00416961166641977,-0.001367628565611224,-0.0008591105871797159,-0.0003752541986782706,0.0007071091898709143
B0007,130,1.482535148640411,1.4841144195753118,0.0017432680738306845,-0.004106053010189939,-0.0005412563691592558,-0.000648865624314615,-0.0002766611020133499,0.0022502971978279654
B0007,131,1.4827874322228984,1.4804939327073507,0.0009861433815470432,-0.002657456085145065,-0.0008271990425846695,0.0009483104892980042,0.00046502083289162634,0.0033786800402657415
B0007,132,1.476971179775059,1.4765204701436832,-0.007829517981375596,-0.00016221978345351196,0.0006240755622321422,0.0009166393464017202,0.0007844271591159553,0.0061173054328046905
B0007,133,1.4819015554137276,1.473634204787827,-0.005885749836024966,0.0030711049430924755,0.0009105745912227747,0.001702826280620271,0.0010197039146352337,0.007448890833631903
B0007,134,1.4981366198874824,1.4692845835898565,0.008563596205382135,0.005516953021078606,0.0012573721435878195,0.001603525836016203,0.0019725783034934895,0.009938010879227452
B0007,135,1.4820775214392872,1.4642178088561946,-0.004951779797158749,0.004257335755915905,0.0013243581375149511,0.002039052750538821,0.0022281276718866833,0.012962618165562241
B0007,136,1.4771155312812152,1.4585142585998798,-0.00467689912907161,0.002428701961589355,0.0010086615747853776,0.0011388213726956592,0.0021981182433548174,0.016503868762241285
B0007,137,1.4720772783056488,1.4513052107835451,-0.0039057627658863727,0.0005520384563604073,-0.0004799897100060158,0.0015615251082525571,0.002782523908957551,0.020261732631824778
B0007,138,1.472248013656454,1.4447907242781985,0.002281193637491859,-0.0011294956699125268,4.482173722273132e-05,0.00024253863822992858,0.002801799324726823,0.023216431817789502
B0007,139,1.4670106672274665,1.435963330520043,0.0024695817627474067,-0.0013131928973618768,-0.000984694675738127,-0.0004629101619340425,0.0032394524664786936,0.028099100323788116
B0007,140,1.4617672495335379,1.4260137736525795,0.001333555028518146,-0.0008412736659083334,-0.0013947065396908763,-0.0001060619693270357,0.002764687059376206,0.033997276081814326
B0007,141,1.4566952670489708,1.4159732028588274,-0.0004858550503639007,-0.00013190104387681816,-0.0006032294927313997,-0.0021865327449089545,0.004373020270445216,0.039756562368564036
B0007,142,1.451354972758956,1.405627546749348,-0.001456347644025385,-0.00010666581776483275,-0.0011821480238914377,-0.002462982928857605,0.004623799209833523,0.04631177133462647
B0007,143,1.451615926257375,1.3936746662253559,0.0033155344062522226,-0.0010127792321728427,-0.000965891689446543,-0.0032505695931623396,0.004666099012300436,0.05518886724839805
B0007,144,1.4468161332173683,1.3823010249295344,0.002399805751359037,-0.0022540677927979868,0.0001503149229476853,-0.005065832406142418,0.005887467687674014,0.0633974202479346
B0007,145,1.4467570607768785,1.3697907204045026,0.004934003022450627,-0.0026223525058797457,0.0005054009397179628,-0.005419781044585261,0.0064018513008192775,0.07316721878303101
B0007,146,1.4413797481446793,1.3561578732150328,0.0019083716576642766,-0.003934945795421443,0.0024004919382199243,-0.007267422128040426,0.0083064395607029,0.08380893982305009
B0007,147,1.4362456252208178,1.3419928140461477,-0.003307071674191557,-0.003865026657728269,0.004774877244565673,-0.008818654812802508,0.010119950333520686,0.09534873687103441
B0007,148,1.4368154153924828,1.3275016754833322,-0.005198744446928304,-0.0029818601620699736,0.008724038898084601,-0.010874576874420243,0.012485077074186637,0.10715980554967124
B0007,149,1.4362945145860047,1.3105088482379528,-0.00975951514678591,-0.0013669020154555693,0.01449662891673841,-0.014920598316783487,0.015654993299507293,0.12168105974052895
B0007,150,1.4418575315878015,1.293206744986137,-0.0090957172015928,-0.0004574157749242192,0.021650713944322376,-0.01867038234352958,0.019332521384989306,0.13589106671863044
B0007,151,1.4672063484781797,1.2745521847973857,0.012392671911019209,-0.0019029555429348785,0.031150156569351373,-0.02415418089346891,0.024226549853120925,0.15094192189414063
B0007,152,1.4518640367848885,1.2553659118068092,-0.0035927971932001317,-0.00749646006734712,0.04333750519527124,-0.0332081788797443,0.03204607380651838,0.16541198223657658
B0007,153,1.4471379752748499,1.2352444051690847,-0.006200271123090917,-0.01672256442494467,0.05659029393835762,-0.042311890340853676,0.0400885312991852,0.1804494708800521
B0007,154,1.441790586562399,1.213776171956956,-0.006473827791934252,-0.030163025387336083,0.0743643774012722,-0.05710422174694505,0.0524164015108965,0.19497471074576267
B0007,155,1.431630947911111,1.1922137170722928,-0.01002274015581129,-0.04679980148755984,0.09353838163623196,-0.07256023975426486,0.06680024780176808,0.20846138293105815
B0007,156,1.4318084249673686,1.1698123152765176,-0.0005000438170660669,-0.06793420168400532,0.11737680098575029,-0.09255796180105856,0.08410406042833056,0.22150745571139366
B0007,157,1.4262562585106868,1.146351011019381,0.005747317113347685,-0.09351758979281269,0.14514050346358087,-0.11608813795726447,0.10425024343366733,0.2343729113667404
B0007,158,1.4260877528924913,1.1233995792379576,0.019176074555034305,-0.12298847159125963,0.1777431664053436,-0.1440940927859724,0.12918778753607343,0.24366370967137285
B0007,159,1.4212633510031694,1.099458952755143,0.03220629642662526,-0.15869448360826924,0.21478958136963475,-0.17749695407046845,0.15888780845932196,0.25211214981024677
B0007,160,1.4163272748795108,1.0757700871805844,0.04909480687785577,-0.20137882044343328,0.25656395814196425,-0.213500747256522,0.19307738175105316,0.25670060877014916
B0007,161,1.4165781829175994,1.0522609872488133,0.07612169346836754,-0.2510590851378994,0.3039766762748619,-0.25608309420491776,0.23118121974672398,0.26017978566363403
B0007,162,1.4108401729425177,1.0282599818509284,0.10358481418154329,-0.31014978618309186,0.3571589138954442,-0.3041216694008292,0.2761514321831074,0.25995648656097553
B0007,163,1.4109949628347804,1.0052501329851502,0.14464994246795293,-0.37963534880224764,0.41678723792480693,-0.3585502951378414,0.3258157176594829,0.25667757588294027
B0007,164,1.4061714290398801,0.9830622221830349,0.18798121659414385,-0.4597393582116682,0.4828854691191655,-0.4186998882791591,0.38169503449335895,0.24898673328947385
B0007,165,1.4063358479692922,0.9606511669293148,0.24598452632656673,-0.5523482070988817,0.5552684679415092,-0.4859182224643995,0.44524217094629576,0.23745594553725405
B0007,166,1.4004552399066514,0.9393065637134906,0.30665266925766266,-0.657821602089586,0.6364940250899773,-0.5606470452771224,0.5146940791843241,0.22177655017993675
B0007,167,1.4217865046055154,0.9192795994800634,0.40622256423982833,-0.7778734973425793,0.7235325127780514,-0.6415307334251431,0.5917578077960834,0.20039825121794994
B0007,168,1.4324552720625434,0.8999691486264544,0.5066021021072842,-0.9140620845426752,0.8202779887335818,-0.7308012194787834,0.6763398922458818,0.17412944450289033
B0018,1,1.8550045207910817,1.848088166238807,0.018142654426901945,0.023410084123008566,0.0017633669062125349,-0.0008565967098656507,-0.02080849784191905,-0.01473465654474658
B0018,2,1.8431955317089987,1.8432165978807058,0.007788053767586756,0.02160694132455182,0.0012163981136454256,0.0002495027314594994,-0.014665020883116999,-0.016216941410863016
B0018,3,1.8396018424355423,1.8377351888859295,0.005786544868789862,0.019591720560670885,0.0019922364993649458,6.989477197169338e-05,-0.012578791880142364,-0.012994951453742703
B0018,4,1.8306736044962053,1.8333959561349196,-0.0010194789268811566,0.01887894566365458,-0.00042618993026687384,0.0010847781002209008,-0.008873126221523604,-0.012367280500832238
B0018,5,1.8327002069419656,1.8294794264195398,0.00337952876969582,0.016326211026618423,-6.815586799120947e-05,0.0003715849150332254,-0.006526065632976095,-0.010262322866181886
B0018,6,1.8285288846046388,1.824565843262669,0.0013566192476123105,0.013431782555582448,0.00014433498690087973,0.0015476292729206525,-0.005527094586262501,-0.00699023031030816
B0018,7,1.8212011895697924,1.821849435229084,-0.002325323983830547,0.010169611754453566,0.0001941772334288016,0.001156138182442702,-0.002671411213647757,-0.007171437802913277
B0018,8,1.8151700106433282,1.8177473319062583,-0.007427287527096937,0.00900922719130461,0.0007651869132379365,0.0015421359244490564,-0.0009886420724670773,-0.005477941859224022
B0018,9,1.8042980520967649,1.813921741848453,-0.014531584790911243,0.00870111579971031,0.00015150711034901036,0.0007996764537728104,-0.0020270124379342764,-0.002717392046494957
B0018,10,1.8231002302844226,1.8103498128180668,0.007207469833486861,0.00729084433801452,0.000560086471027616,0.0005348076680107402,-0.0002471067068957362,-0.0025956843092940747
B0018,11,1.8121253520255494,1.8050590185470603,-0.00016363605070827877,0.006332011671086183,0.001611751274532216,-0.00013056704069391785,0.0012089374575258245,-0.0017921639981458746
B0018,12,1.8046916382117766,1.7996135666412358,-0.0023498675330244174,0.006718748541851531,0.0010853774338936534,0.0008049614160898205,8.999054078425173e-05,-0.0012711389891293052
B0018,13,1.790844349786295,1.7918882969078858,-0.009403057011992786,0.006216777708223511,0.0003576932092900011,0.0008821308492562496,0.0012004723586969477,-0.0002979643861655304
B0018,14,1.783470722841926,1.7834813943611818,-0.006925337228798447,0.00369693986882245,0.0011274354291561782,0.00123996244357029,-0.0006798636069484152,0.0015301914286202046
B0018,15,1.7809386125310702,1.7752326987010016,-0.0008202550300751983,0.004110736070419483,0.0012359706587120702,0.0002135890480221201,0.0006767066316715329,0.00028916630663769716
B0018,16,1.771209039672698,1.766216000105782,0.00025644006261144915,0.0030825592127694842,5.045435887252472e-06,0.0010124821068405955,0.00029407473036172424,0.0003424378800703549
B0018,17,1.7686303996707076,1.757088891414253,0.007976346054355262,0.003512325464760834,0.0006670260805268683,-0.0003856090190982819,0.0003833221240551671,-0.0006119025848490611
B0018,18,1.7536304801917124,1.748109491658039,0.002391127211596633,0.004006057340157356,-8.77523830151344e-05,0.00021945304809007767,-0.000577309089042243,-0.00043058772109583616
B0018,19,1.7462197416415093,1.7410221639812153,0.005976534093174261,0.002318939643223858,-0.0011038063117930106,-0.000370719368215234,-0.0008940311959713878,-0.0007293393223039402
B0018,20,1.7376647337053737,1.7351856000501358,0.009443196838870517,-0.002446947206965781,-0.0013513838540171676,-0.001470855882434058,-0.0007431034763679749,-0.0009517728804826058
B0018,21,1.7315166735475835,1.7306338482554022,0.011041428242395472,-0.005091977227986466,-0.0018988765159319875,-0.0018076512184802044,7.278514160408321e-05,-0.0014328832420698846
B0018,22,1.7085949894470602,1.7281008122807622,-0.00790288287770955,-0.006047596056131854,-0.0026064409696527333,-0.0003170008937932311,-0.002142956274694941,-0.0004889458595144646
B0018,23,1.711469957068211,1.7256583887744148,-0.006986425155681482,-0.004318055902872296,-0.002262113460082741,-0.001233103698637707,0.0007878276546135217,-0.00017656124320111421
B0018,24,1.7075021373272627,1.7250237521184522,-0.018249837214306112,0.0010429063816784318,-0.0009110756759706019,-0.00043406691539874876,0.0005422435203957284,0.0004882150153252352
B0018,25,1.7492382064360228,1.7240632026928255,0.018303782862932005,0.004663430356294796,0.0011168550359985934,-8.65798036418928e-05,0.00039826160436954596,0.0007792535631084691
B0018,26,1.7327697147429955,1.721817835416037,-5.8253048841034433e-05,0.005995160364742849,0.002337792171978359,0.0024552772938920987,0.00029397758240226515,-7.207515067836305e-05
B0018,27,1.7222313328292376,1.7171144829901042,-0.006219314081806396,0.005936089959802912,0.0019571669832141037,0.0010796979019618122,0.0010095754761260342,0.0013536334932023196
B0018,28,1.711846298984729,1.710735984069664,-0.007247445120796546,0.003729020786160776,0.0014945507795101178,0.0007180734383552276,0.0013926245722524612,0.0010234903596809035
B0018,29,1.699267835126687,1.7042460177581533,-0.007899204990319545,0.0007804066638147302,0.00012185560033868845,0.0010705825262517857,0.0005636940488114272,0.00038448342788674787
B0018,30,1.6940366439243106,1.6957845718159645,0.0001660269764637466,-0.0016194180522533202,-0.0007646636350309102,6.816920998641224e-05,0.0007601799984752507,-0.00035822247765462126
B0018,31,1.6819027078768087,1.6854010823108556,0.0007025025640685308,-0.00353923106277361,5.2400396848488946e-05,-0.0006706449841050193,0.0002795529055812936,-0.00032295433416204463
B0018,32,1.6769770618433686,1.6755354242483822,0.007811691807644824,-0.004029046441148974,-0.000995571161810285,-0.0004215499745297161,-0.0014739747606571472,0.0005500880481845222
B0018,33,1.6655229306478936,1.6672169431759054,0.0055269450950106965,-0.002742851685149961,-0.0016049280962878668,-0.0016423648008231856,-0.0002390522435630833,-0.0009917608670780387
B0018,34,1.6571924575832084,1.6579857661464537,0.005586069535117907,-0.0038168656154453293,-0.0009006646087048085,-0.0007627379344051204,-0.0009007299877451038,1.6199834565816155e-06
B0018,35,1.6482241555294048,1.6502286674664306,0.0017955072887236793,-0.003122441584722298,0.0003165084176543804,-0.0011178840072360722,0.00027924819573595425,-0.00015545030584988528
B0018,36,1.6387701497987262,1.644872639368701,-0.006516732546500843,0.0010838662036207467,0.00035626275467790116,-0.0003959783381461963,-0.00013859340072916706,-0.0004913142954384382
B0018,37,1.6276486907262062,1.6401493626996688,-0.017715457699994417,0.004081593287320412,0.0008741725234151885,0.0003909119564632466,-0.0007837724130920043,0.0006518803270916248
B0018,38,1.62215370227252,1.6385311749741167,-0.023376556853519557,0.007018813634944835,0.0007790126324501958,0.00019947746957211179,0.0004010161322970869,-0.0013992357591132863
B0018,39,1.6140066510467586,1.6363139622811569,-0.029318798962123693,0.006785025114151001,0.0004569609395337046,-0.0003931641546153582,0.000308082940905862,-0.00014541714874179878
B0018,40,1.6760516154424623,1.6373345851083567,0.03882601161625914,0.0020489244218013414,-0.0008891817943346326,4.844992823235204e-05,-0.001018691281817252,-0.0002984826327387393
B0018,41,1.649300642552199,1.638778942841306,0.016636735419700826,-0.004087754667830385,-0.000720940163414086,-0.0008332834533236396,-0.0009105047057353433,0.00043744722212952467
B0018,42,1.63238299185809,1.6426721627938898,0.0027538822856381325,-0.009259059579238586,-0.0008272085387764846,-0.0026697203682290974,-0.00025218539549413705,-3.487938810128088e-05
B0018,43,1.6164159719025777,1.6473842991739154,-0.014654282243253448,-0.012773972370857353,-0.0015130172316313198,-0.0005749299318466126,-0.0011919599879058969,-0.000260165543896497
B0018,44,1.6109028378249377,1.653216708914274,-0.02687323213538024,-0.012632210935179605,-0.001732692395027314,-0.00022152739703396122,0.00036997477498919003,-0.0012241830361846432
B0018,45,1.5954638693695657,1.6582594641138098,-0.05530163063255843,-0.00815076676801406,0.0004985175853987377,9.710512572000727e-05,-0.00011539818532442571,0.0001765781060598035
B0018,46,1.726707440085764,1.6626389510509776,0.055916447138628846,0.005679231778719092,0.0003512962185356872,0.0006407437104039753,0.0004748114358031873,0.0010059586431622628
B0018,47,1.7165673917429753,1.6675617276808894,0.03004998248104124,0.014966526289250945,0.0019129756810290451,0.00179736798261242,8.987728744088862e-05,0.0001889342377497316
B0018,48,1.6958235570934848,1.6689374892754585,0.0037262002313114898,0.018653884931751925,0.002152582400085454,0.0008365112005489076,0.0013933083338709886,0.00012358063093990693
B0018,49,1.6777783190792557,1.6693613728887806,-0.01052087898227905,0.015344583477377287,0.0018495538423724432,0.000472488516813778,0.0003868822001771645,0.0008843170581909938
B0018,50,1.6606586897774192,1.6683965768091673,-0.01358296546404834,0.005065900666003997,2.1543512080501118e-05,0.0004392822341204843,0.0008506734699373656,-0.0005323215165693691
B0018,51,1.6664109274827466,1.664647530289574,0.01146702028115379,-0.009368071583179694,-0.00042564838948219296,0.0002789790962063016,-0.0009610976598267841,0.0007722153778457832
B0018,52,1.6468336174407805,1.66039811409919,0.006389896847849325,-0.017365255388951072,-0.000895581223506581,-0.001382858734238822,-0.0005370731547487816,0.00022637493741946204
B0018,53,1.6257639928779952,1.654983081329952,-0.008185745304053976,-0.01762294642498136,-0.0008107065494399111,-0.0014484290677555323,0.00034987702852101385,-0.0015011381783589606
B0018,54,1.6121577411874595,1.6483986947368539,-0.02272874463392768,-0.01044533789151139,-0.0017392868149353094,0.0004612784515334924,-0.0005051489079098345,-0.0012837137879373422
B0018,55,1.6057366823755344,1.640250927757188,-0.03368911029194678,0.0003280669580857617,-0.0013553105255287986,0.0010591958508905527,-0.0014280383906132477,0.000570950986326715
B0018,56,1.673645314879889,1.632659752032581,0.030764077692321118,0.009726622380145645,0.0006872929838705839,-0.00038732509821009115,0.0008654115776266554,-0.0006705167635896324
B0018,57,1.6404348572349936,1.623564638306711,0.001943414092222085,0.013622918424103948,-0.00031251848901938284,0.0004057133262596683,0.0004099701317367207,0.0008007213893595437
B0018,58,1.6132653317422077,1.6134670893226912,-0.015183472780354009,0.011711621472650988,0.0016774591751460427,0.0006991140854817779,0.00015198882615411794,0.0007415316044259555
B0018,59,1.5920964324686278,1.6019895980247933,-0.019339564010931246,0.006454380047712153,0.000619224937536378,0.0005338129618451459,0.0010217292008281077,0.0008172512845520207
B0018,60,1.5866011820698824,1.590994038555061,-0.0072554999707050505,0.0009983258307196125,0.0006045722528185943,0.0005875323626953068,7.463606049307943e-05,0.0005975769600695839
B0018,61,1.5800766490336253,1.5777478045548758,0.005698622071251958,-0.004553820652669675,-0.00024708633450038343,1.9738911732234926e-05,0.0011936766299568554,0.00021771383847670042
B0018,62,1.5641732953289167,1.5652062949597234,0.0034952818336593623,-0.0053355327029334515,-6.413053152950219e-05,-5.9808027369745e-05,0.0010413700593962755,-0.00011018026622452458
B0018,63,1.555618272193922,1.553663117464903,0.005020132634802302,-0.0018666314533361775,-0.000573771978273398,0.00041847547710171373,-0.0006739601247324115,-0.00036908982519318577
B0018,64,1.5402045278637397,1.5423704154132223,-0.001005922675706023,0.0012627110553671246,-0.000661317167644017,-0.0010604569196461554,0.00010800799542786657,-0.00080890982594193
B0018,65,1.5321613015959863,1.5332905482648034,0.0016977183811887732,-0.00044442907203926966,7.21814533947108e-05,-0.0009875802066465266,-0.0012763400059889187,-0.00019079720217377098
B0018,66,1.5316232403693415,1.5253040366264847,0.010628083622617667,-0.0014778829248292145,-0.00038938018668870566,-0.0013463074485102573,-0.0006192671751323693,-0.00047604212769951435
B0018,67,1.5222595950771978,1.5203760840414335,0.007485876052862163,-0.0026920153480843455,-0.0007439536035807221,-0.0016220034930912145,-0.00016129487201650325,-0.0003830976773555929
B0018,68,1.5065267126851283,1.516767626427508,-0.0027363851220476984,-0.004902443674978892,-0.001716897731504737,-0.00047579609914577905,5.503721173388886e-05,-0.0004644282932706405
B0018,69,1.5014219556532926,1.5147172397091748,-0.0074380080847521795,-0.004184992489515201,-0.0008680858410862269,-0.00015940986182365582,-0.0006393781377995473,-5.409604431125872e-06
B0018,70,1.4963534117486457,1.5125893073335848,-0.01621123087553481,-0.0010549619998418804,-0.0003122817733511237,0.0003099449045747422,0.0002939105957148962,0.0007387236032583188
B0018,71,1.5334262000312422,1.5114578892875556,0.016331601438818073,0.0027275950244202755,0.0016455581835881754,0.0010384751903604367,0.0009183628935803904,-0.0006932819713484817
B0018,72,1.523845267514426,1.5079939982497805,0.007013297891519031,0.004604686467676306,0.0019011772957511798,0.001002817178582815,-9.043686872483804e-05,0.0014197273217828761
B0018,73,1.5011920994261239,1.5039042279776156,-0.011041321635889787,0.004266388456870347,0.0018406126194411739,8.13632716436495e-05,0.000806016704173727,0.001334812068892573
B0018,74,1.492417671450291,1.4987949105388805,-0.009611504840285655,0.000272009421899007,0.0010260817299731458,0.00044787557704139213,0.000702475617829693,0.0007858234472629519
B0018,75,1.483323851940123,1.491136577745907,-0.007745490727921105,-0.0008285631274885483,0.0005181044039459647,0.0003337659472573569,-9.321044540557277e-05,2.6681920318920067e-06
B0018,76,1.4807376792294196,1.4810951136145474,0.0005727373889417578,-0.0012325750857993731,-0.0013408669853508452,-0.0004164865696598968,0.0013552809669184834,0.0007044759497020518
B0018,77,1.4735077809902477,1.4739839011887232,0.0025402418978646892,-0.001260557342879647,-0.00025180603167277327,-0.0007383973339008649,0.00033446390440298193,-0.0011000652377242308
B0018,78,1.46801928526661,1.4638182841877798,0.00527315669554753,-0.00021008555456659666,-7.025740077126168e-05,-0.00011997641222416808,-0.0010341203959500999,0.0003622842049174816
B0018,79,1.4580923557119019,1.4554365413031156,0.0023633143922729897,0.0010706190088748983,0.00020090139354551323,-1.339344523040299e-05,-0.0007819946591027497,-0.00018363221701752318
B0018,80,1.4478660988891399,1.4499037627241664,-0.001272019981617869,0.0008787209054714459,0.0002651632788590391,-0.0007571911472942763,-0.00024679092560310093,-0.0009055458936578537
B0018,81,1.4527808777541982,1.4454558031677163,0.009833911497496847,0.00018106683618975754,-0.0010523539125574573,-0.00034787474650361855,-0.0001999076249215719,-0.0010897673952232323
B0018,82,1.4425356364492432,1.4427519068175068,0.005596455096527949,-0.002900597756228049,-0.00014040341766360112,-0.00115272549945509,-0.0010842590718496772,-0.0005347396449563417
B0018,83,1.4392712877203313,1.4414286056356036,0.004115453717685576,-0.0035926362339273443,-0.0012711486936754538,-0.00024027075455221864,-0.0008199968544398218,-0.0003487190196087593
B0018,84,1.4286475681888218,1.441263513063932,-0.010452328753290446,-0.001140379909772468,-0.0005095861843328472,-0.00029360075412000357,-0.0004594694564264378,0.0002394202664715569
B0018,85,1.4249026750004896,1.4430124917379048,-0.019191737353777886,0.001335090236089521,0.0006609968900241307,-1.5890792921417194e-05,3.4742325049055234e-06,-0.00090174986326783
B0018,86,1.4698115324524124,1.4434670477686071,0.020904008787651796,0.003572794807528555,0.0014938425772344035,0.0005825732667629978,0.00020240429981778222,-0.00041113899822915544
B0018,87,1.4525819651050202,1.4438636442527664,0.0030958145715962223,0.004265081062230731,0.0007668606072687748,0.0010554905031370178,-0.0006571132205003358,0.0001921873966490729
B0018,88,1.442834198908794,1.4428597081984034,-0.00223700934880962,-7.66449219840088e-05,0.0006995527146924748,0.0003080366790432903,0.001306494931200294,-2.593926930651241e-05
B0018,89,1.428376058807949,1.4415011481400894,-0.011870915194233856,-0.002301128969881807,-0.00019032550869367397,0.0005631430471632942,-0.00013709428208844682,0.0008112316594095418
B0018,90,1.4154547844370715,1.438691669943558,-0.0210189728270198,-0.0016270361972318085,-0.0018739677385731012,0.00041875444928667,0.0003721026225694825,0.000492234276672101
B0018,91,1.454576670077708,1.4347148633954159,0.021382429090660286,-0.0013823277188443324,-7.877340788103731e-05,-0.0005077391165106919,-0.0003807193369748417,0.0008289372386776731
B0018,92,1.4283179548274056,1.4304874287270959,-0.002100948138857653,0.0006998189099388876,0.0001756352375961584,-0.0008133582853976368,0.0009147409813320696,-0.0010453625204488986
B0018,93,1.4197026883204058,1.424083526397442,-0.009220996617718549,0.004542582877001307,0.0001082469210940978,5.975562707425542e-05,0.0004382819590241034,-0.0003087087540748304
B0018,94,1.4155606630306516,1.4166018163150738,-0.006545698167345649,0.003698923237428942,0.0004588215362387654,0.00010831435724661478,0.0008353835072846532,0.00040310233684581146
B0018,95,1.405680035419228,1.4092110437115999,-0.009232124109099977,0.0042818068024865355,0.0001110242811819599,0.0007715994725113732,0.0002423080036511258,0.00029437735542204435
B0018,96,1.4084461071166137,1.4014350175275296,0.0022799726958362045,0.0033078675729431095,0.00032274838654711336,0.0011414329270046767,-0.0017110891636904321,0.0016701572671755814
B0018,97,1.3968547782872414,1.3945869759645755,0.001590111934359591,0.0006465919832190345,-0.00013633699660968226,-0.00012590275661384268,0.0011291423671052343,-0.0008358041045500543
B0018,98,1.3935670371440676,1.3880760581034095,0.008248126765200392,-0.0028117351619854616,0.00044426726319227796,-0.00032658806629043045,0.00021757479858881788,-0.00028066645167226003
B0018,99,1.3893644292809475,1.3835297615223618,0.012916303749754516,-0.004791704436253537,9.704000472370447e-05,-0.0003975908586798416,-0.002256478318237577,0.00026709772637736656
B0018,100,1.3785651415666713,1.3803417524676391,0.010498230251106301,-0.009589388782054106,-0.0010368390431633847,-0.0011366645694568832,-6.532779945604754e-06,-0.0005054158613561421
B0018,101,1.384901110085747,1.3798225638582664,0.022258603367169283,-0.013812913658786395,-0.0009309183042253185,-0.0014285272428264954,-4.0956044371797956e-05,-0.0009667417774869962
B0018,102,1.3703251814242443,1.381181481666147,0.008008303669494673,-0.016051547343731255,-0.0020568666419950657,-0.00046448934077321705,-0.0012692904562582885,0.0009775899927989661
B0018,103,1.3733464385229082,1.3859266886243777,0.005740192726179143,-0.015507954824710325,-0.00038665262361064297,-0.0015371340970816967,0.0005436405887048544,-0.0014323417514706313
B0018,104,1.3679487285504814,1.3925438618903052,-0.010508621177887187,-0.012845308665379064,0.0003088679972822754,0.0007926702607972075,-0.0013699958833421236,-0.0009727457483162586
B0018,105,1.3567141087089647,1.3977449216055655,-0.03977638524422185,-0.0027084315952899383,0.0008169951928280539,-0.00035099868428646694,-5.461890080865744e-06,0.000993469454709953
B0018,106,1.4604310209194575,1.4059341275915196,0.04076620999232341,0.011900166830809189,0.00103882920109812,0.001422206987980001,-0.0002497532294061046,-0.00038076639182593616
B0018,107,1.4500998937104097,1.4120344512161236,0.011642617634481477,0.02329799567743029,0.0015648883591166422,0.0003441950158901165,0.0006474418539130832,0.0005683040231907682
B0018,108,1.4381406901824496,1.419067161496237,-0.012457132212269824,0.030244495085265683,1.0324988798398806e-05,0.0002024195990157527,0.00041818295208985223,0.0006552383507999322
B0018,109,1.4283681980964316,1.4242164179149268,-0.0248998747346294,0.028053567752608134,-3.1838990338810256e-05,0.0011671694570107062,0.00036760809858961944,-0.0005048513179148659
B0018,110,1.4147874517552432,1.426905352640504,-0.033933069179175476,0.02107149953187119,-6.0107981007874604e-05,0.00024799030429128305,0.00012377046010759662,0.0004320160712748922
B0018,111,1.413889163393182,1.4279189598587707,-0.02232150365270043,0.010424628710174948,-0.0018797854230392793,-0.0015641103379891435,0.0006034369268478619,0.0007075374043219428
B0018,112,1.3989331662177225,1.4284941000263205,-0.022549047494771157,-0.0030365366172111987,-0.0033626627945334293,-0.00044942597425898505,7.811161481626027e-05,-0.00024137243974205747
B0018,113,1.3953322584033976,1.4266563989042138,-0.008719722044656876,-0.0166349268242433,-0.0036537080323199474,-0.0013556154467147495,-0.0007546434895792305,-0.00020552455807077376
B0018,114,1.390046129540245,1.423006370183043,0.005197442584001789,-0.031393872673075474,-0.0044971447974257546,-0.0033068542974381008,0.0003630770412802651,0.0006771116085164642
B0018,115,1.3860271454209647,1.4202577092035664,0.01775918087246258,-0.04204365012522182,-0.006693971117834486,-0.0026572377570856236,-0.00029905838151578223,-0.00029582716214464295
B0018,116,1.388215260193751,1.4170247393052982,0.03234764664864317,-0.046691079102713876,-0.008834630508122951,-0.005717489028644613,0.0007037988634546536,-0.0006177258743196715
B0018,117,1.3761826562394497,1.413778609168237,0.023696485871397582,-0.04335145071059478,-0.012018800122356437,-0.005499908092609945,-0.00034343267074856066,-7.884708623294812e-05
B0018,118,1.3647168898640165,1.4100532588375623,0.009373202971383072,-0.03267817665173753,-0.013910705409625497,-0.008869656881988755,0.0007041723200539586,4.479480344223664e-05
B0018,119,1.3589854739373584,1.4079359523588648,-0.006060235638304062,-0.016460599111408875,-0.016593545988275952,-0.010739925296683078,0.0006537037628560042,0.00025012397909720353
B0018,120,1.3462308764008801,1.4061945336309287,-0.03345078033132975,0.006386881409568997,-0.020331553719443774,-0.012998775458048884,7.13100049151459e-05,0.00035926100134355617
B0018,121,1.4268427818454643,1.405932602090696,0.0328452302524893,0.028466535655165996,-0.025066652498770135,-0.015399396223139688,0.0006144776455887565,-0.0005500149917565722
B0018,122,1.4064481483279663,1.406341893399739,0.0010074966893427115,0.04629778543822868,-0.028552274683096082,-0.01927702643375941,0.0016237217258264836,-0.0009934477102879519
B0018,123,1.3934907492075153,1.4075131379995531,-0.017541891477355766,0.05787048822111122,-0.03342323963743607,-0.022226115445413853,0.0021530940745970325,-0.0008547244211156877
B0018,124,1.3882493512249316,1.4081116063161319,-0.019114849233876352,0.05951171222634008,-0.03765617206454943,-0.02613867449579406,0.003221633961367773,0.0003140946251335506
B0018,125,1.3701878338420928,1.4104454918640337,-0.024956442931533953,0.054754100354893545,-0.04620469138109515,-0.028496179842602026,0.004945642150329216,-0.0003000862504052214
B0018,126,1.3796951665608619,1.4146324905474148,0.00777991353490814,0.03552620262975804,-0.05178079660924472,-0.03250714665683538,0.007428311146400461,-0.0013838079161737446
B0018,127,1.3686586323935683,1.4172226766167395,0.031844448664075445,0.005981672381606061,-0.05746756056611902,-0.03778740888266719,0.010091268015071833,-0.0012264637126197405
B0018,128,1.3627371779096438,1.4207583495893552,0.07485451889376968,-0.040327229276284376,-0.06459823146158576,-0.03842262258197532,0.013263208267166229,-0.0027908153944457377
B0018,129,1.3634051133928073,1.4243539711011757,0.14346861189150903,-0.10538951164477191,-0.07056226406195866,-0.04184814184921749,0.02057735366891029,-0.00719490558691619
B0018,130,1.3518646035305233,1.4297474633917724,0.21953270351418716,-0.19192661482380233,-0.07450937242557913,-0.04237590496996783,0.023039028441335273,-0.011642699464019446
B0018,131,1.3547969729652622,1.436277932266955,0.33479889844235633,-0.30428507938211397,-0.07867489842865594,-0.04233572088529057,0.028017825697341712,-0.01900198461382798
B0018,132,1.341051440640485,1.443556661207487,0.46045314152573624,-0.4443454265099235,-0.08135481311200468,-0.04025500499806718,0.031924615461608775,-0.028927732793941088
B0025,1,1.847011162956716,1.8259705250687501,-0.03171822090459207,0.050074020568804,0.002081883134499746,-0.00202255559022036,-0.0009076495219607784,0.0035331600620923443
B0025,2,1.8485654344528386,1.8260869492667724,-0.009493452686328788,0.03035991191968748,0.001380722219766318,-0.0011536149730872452,-0.0006568059955703526,0.0020417245551548804
B0025,3,1.847111177186175,1.8260143998155915,0.00327551142675391,0.017112766842466008,0.0005980922920164988,-0.0006211612964931339,2.9765043230480658e-05,0.0007018029228097113
B0025,4,1.8489837601535537,1.8254128038769986,0.01368505356499547,0.00905870323075627,0.00036241384960549865,-0.0002851492384336239,0.00014343590560129136,0.0006064988156752503
B0025,5,1.8370120718560439,1.8246144203658874,0.006288928520889264,0.005211227273001643,0.0004976338084891327,-1.4418790691198822e-05,-0.0003467693745357331,0.0007610499593421109
B0025,6,1.817549211247137,1.8239490778565428,-0.012178866664818277,0.005295723176704152,4.94976729512781e-05,-2.3624517597851037e-05,0.0003022101824793849,0.0001551935361322597
B0025,7,1.839863822522073,1.8231773498597137,0.009123659034949421,0.007051403426388605,-0.00038333409450554715,0.0004484769892553297,0.00035804259076868125,8.822460881295475e-05
B0025,8,1.8430595619731431,1.8223284084658444,0.010040079671789858,0.009957711655365891,0.0004014547383651253,0.0002435394904943968,-0.000139848241052946,0.0002282160710467391
B0025,9,1.8401871729536057,1.8217371608317603,0.005329023740303151,0.012858930971162086,-2.937005589521594e-05,1.9832006574263868e-05,0.0005107443094234787,-0.00023914895788938753
B0025,10,1.8281265632888257,1.8207744423296217,-0.0068668221783439115,0.013795103893057586,0.00016611949864925305,-0.0002534878027344516,0.00012683733747910633,0.00038437015802964117
B0025,11,1.8253563336445804,1.819629337811723,-0.007301353587658644,0.012652233687425584,8.53292238697615e-05,-0.0002631351152461652,0.00010917204087654591,0.00044474954317958343
B0025,12,1.8214180552626154,1.8190273331605826,-0.005837932748132521,0.00838142847847312,-0.0003733719558688465,0.00022842108794868913,-0.00012243189643169645,0.00011460911362555043
B0025,13,1.830315627968932,1.8178090554271475,0.009427240038015929,0.0033170530667162943,-0.0001702360228658623,-6.501107021743545e-05,0.00017591968695436052,-0.00017839321988665231
B0025,14,1.8175491643824844,1.816819437638023,0.0028152558342120163,-0.0020423379295970395,0.0003628965486099666,-0.00016933020217683737,-0.0001885726044458894,-4.818490688379211e-05
B0025,15,1.810901200296979,1.8159041752705882,0.0015425291570423712,-0.005725871786020015,-0.000386079527524373,-0.00012620258189572465,-7.022049527287558e-05,-0.00023712971430975166
B0025,16,1.8083032603084233,1.814458359455251,0.0025050237525786265,-0.00851564017725254,-6.177394316458648e-05,0.00018329807396601997,-0.00010638352448677308,-0.0001596232909707226
B0025,17,1.7928016149381065,1.8136137155622722,-0.010762727972623705,-0.009811525009029683,0.00017325760641628192,1.3652530690902789e-06,1.2351173767639676e-05,-0.0004248215674468027
B0025,18,1.812563150045885,1.8126784592384328,0.010860015828194038,-0.01025491923456028,-5.861003521009624e-05,-0.00014618801457043986,-0.00023775045292060784,-0.0002778572654445035
B0025,19,1.807772607491239,1.8117302177872567,0.007172832105639897,-0.010160452480111166,-0.0004925927838131716,-0.00015819121415353019,-0.00013664315878343007,-0.0001825627248742416
B0025,20,1.8048055175003972,1.8105655055602041,0.005529707588739664,-0.010935924260788373,1.9762427117384715e-05,2.525102991684551e-05,-0.00020818168127856464,-0.0001906031100362633
B0025,21,1.800538555899242,1.8098638118570958,0.0012661968175615296,-0.010105651158013153,-0.00030119238696510713,0.0001638647475764452,-2.6270172668340774e-05,-0.0003222037323736369
B0025,22,1.7942356098033032,1.808857187481589,-0.0067876838186686165,-0.007317062347672018,8.637602996794822e-06,-0.00041318061600788606,-5.7112940025616095e-05,-5.5175457141453265e-05
B0025,23,1.807409052434889,1.8080689144025797,-0.002045839581367322,0.0017666009843667321,-4.5349212921477144e-05,4.6872849756049334e-05,0.00010931730532540417,-0.0004914642712669921
B0025,24,1.7902504816962075,1.8072160929740502,-0.0326928973130866,0.016543924053493347,-0.0003431859597233497,-0.0003686398502386009,0.0005372986463927055,-0.0006421107347066662
B0025,25,1.7961223845359495,1.8071477096560293,-0.05038538541627145,0.04085614080239485,-0.000339019170035227,-0.0004579222853493889,0.0008902267786461382,-0.0015893657363174503
B0025,26,1.7912236690350776,1.8060666756324446,-0.08861084782081073,0.07495427103321653,0.0003977500650994961,-0.0007891190832182469,0.0009519355102395803,-0.0017469961863661378
B0025,27,1.7854822365303245,1.805985420469339,-0.1406193059306495,0.12238453950242602,-0.0003244375529578852,-0.0010496357096540087,0.0016566139117433233,-0.0025509580181646966
B0025,28,1.7677890780323617,1.8060369483360186,-0.21914939657971733,0.18372761942461252,6.160766089684672e-05,-0.0012147590190357905,0.001971394879222662,-0.0036443364470449776
B0026,1,1.8132504303869899,1.6581412659653567,0.20684438269870176,0.15072337124467938,-0.25938276942611704,0.09879106214407964,-0.08505742207549184,0.04319053978940253
B0026,2,1.8149760087078302,1.6782354495460032,0.2608437592479336,0.04738607564204565,-0.19611024110974012,0.06551815404034379,-0.06252151259917693,0.02162432389189742
B0026,3,1.8135354175561993,1.6839808522246846,0.2931742195903492,-0.032107647204404205,-0.14572016223674167,0.04234181546752743,-0.04570138179824719,0.01756772146629805
B0026,4,1.815149273310334,1.6958803143000676,0.29827599631925533,-0.07664730324667123,-0.10112648463097752,0.025375090603652197,-0.033170287965674845,0.006561947881943766
B0026,5,1.8142913014068198,1.7063433654588689,0.2883159306973501,-0.1010769259991414,-0.07369632088579312,0.010802703896502097,-0.01938802673885348,0.002990574930214168
B0026,6,1.3863373424430125,1.7145509406331383,-0.1753172407000469,-0.09833478436854999,-0.050586365383922284,0.009993370040485392,-0.013488105892603604,-0.0004804714012591868
B0026,7,1.8165277958816064,1.7236834566513972,0.20121714354195286,-0.07049577254254236,-0.033556335907035745,0.003280302534483307,-0.005990855464005699,-0.0016101429830954396
B0026,8,1.8085638576011063,1.7335817989686841,0.12945340920000833,-0.03021373764324002,-0.022903757234636304,0.006111719928185677,-0.0073910146199325285,-7.456103851675881e-05
B0026,9,1.804936077644182,1.7424772382330311,0.057268946831317454,0.017134772054720294,-0.0077423607952872425,0.0017795346519594545,-0.005925309972548012,-5.674339505583034e-05
B0026,10,1.8049315924982108,1.7528014262309422,0.0070504598989907215,0.04965931573473469,-0.003097566707725836,-0.0016795127057284936,0.0013348193805238714,-0.0011373493695655812
B0026,11,1.717679232699393,1.7579881176253627,-0.11386321713238219,0.0704456191296195,0.000450741926606842,0.001072743658663898,-0.0011003069831694652,0.002685534547097875
B0026,12,1.809804813280106,1.7662893614792379,-0.026434130587413993,0.06926778179654926,-0.0013078166231653096,0.0033622990389574657,0.0036507997749217957,-0.0050234816410775224
B0026,13,1.806556213274488,1.7677492349759358,-0.021374996751401233,0.056919631210363114,0.0007483274495308707,-0.001684971582434838,0.0013433407202654102,0.0028556472141700695
B0026,14,1.7938155707698507,1.7724793357131412,-0.007195039043056053,0.028511237938490832,-0.002344079373726208,0.0056656249232128865,-0.007670492750677093,0.004368983340241875
B0026,15,1.799304949381792,1.7736726845096573,0.03090493081030356,-0.008380800995512085,0.0031984065110977106,0.002096297616199798,0.00038477355343098397,-0.0025713426524312712
B0026,16,1.7842197448470132,1.7726301960842954,0.0319995234993441,-0.019436859016979828,-0.002841328065946526,-0.002484458429396896,0.0009298192645775644,0.003422851500822669
B0026,17,1.6818819918515189,1.7783487202034893,-0.061469771722923595,-0.03298224715514172,0.0025449549099380115,-0.00589166669264991,0.0009181658641637645,0.0004138365615414157
B0026,18,1.8007519383961936,1.7801353436448557,0.04409585328987727,-0.020415758377265242,-0.005479867182451563,0.002129084355938044,-0.00010079286010552682,0.000388075494500477
B0026,19,1.795972684272296,1.7824088300578578,0.021204547874489846,-0.012061378502665383,0.001477674456977107,-0.0011711769427825735,-0.0019460748194820995,0.006060262122997027
B0026,20,1.7931026940553298,1.7881392772286007,-0.0008556032868300437,0.0032071319897204425,0.0004722878509515951,-0.002348182608918898,0.012062101512988477,-0.007574318652519556
B0026,21,1.8010267542068712,1.7890689252903074,-0.0020164191138680224,0.0018711330131908036,0.0003429463895489091,0.00489038311418533,0.004862777514283078,0.002007007968037614
B0026,22,1.7824572301269948,1.7959793434219575,-0.024165247661062848,-0.008588691328561158,0.009307176737548647,-0.004991082522971181,0.016307474090917193,-0.0013917426189394059
B0026,23,1.7959303030608789,1.7956362008785358,6.786273394050017e-05,-0.032585427536213844,0.008913726784039684,0.0037160298785195185,0.025354912778767464,-0.005173002481561949
B0026,24,1.7783142127341003,1.7996829700610846,0.0039015057827903083,-0.06819524645567888,0.01054744019900865,0.0007114839260060349,0.04259544397505458,-0.010929384757121635
B0026,25,1.771719092984802,1.8077138334617786,0.026944903938227613,-0.1165516505100304,0.030874491943534366,-0.010056190897883314,0.05233495292094596,-0.019541247866530654
B0026,26,1.7790749489536772,1.8063718810278218,0.07824169653886578,-0.1798731843306634,0.03799177078480453,-0.012939576601157814,0.07234777864333783,-0.023065417113233636
B0026,27,1.7733229782464675,1.8121462090971434,0.12861380201670436,-0.25756170092467706,0.06500733793073167,-0.030691159992301438,0.09234890215364021,-0.036540412031526734
B0026,28,1.768754111010884,1.8186946446443273,0.19449850946475544,-0.35547892585314655,0.08911622799714351,-0.04632040884451199,0.12449430846429137,-0.05625024485304958
B0027,1,1.8233077742149364,1.8143544861181922,0.07635418188570485,-0.06912199810031848,0.0033565131877719583,-0.001907337266757278,-0.0002667011574488694,0.0005386294025991639
B0027,2,1.8142384651167962,1.8135586413011042,0.04457983733983007,-0.045222790532266195,0.002052076801428428,-0.0008316340811988594,-0.0006566781928856858,0.000759012407067635
B0027,3,1.8128596793130867,1.8132591143474754,0.02797994284115883,-0.029003818678074767,0.0013385884508200863,-0.0007264556810454128,3.957474387782583e-05,-2.7266773975514422e-05
B0027,4,1.8144242446739973,1.8125232066916668,0.019890196626019412,-0.019022072506397928,0.0009215965824295227,5.21794628148635e-07,-0.000289653920213784,0.00040044933068446954
B0027,5,1.812800333853042,1.8121644758176034,0.01244723651016165,-0.012242277424791987,0.0002885119836630693,0.00028427743801811537,-0.0006041784107690708,0.0004622878767744214
B0027,6,1.7946038703195293,1.8116303740442248,-0.009499328251799525,-0.00767753195430846,0.000572634945430107,-0.000833818123282312,0.0003177146432231705,9.382509706778196e-05
B0027,7,1.816519171293833,1.8117997716591994,0.009010197677389887,-0.004117935357079014,8.275498371473787e-05,-4.4771704203232486e-05,8.991125565346152e-05,-0.0003007573125334543
B0027,8,1.8198335565190242,1.810933228191362,0.009337043724662666,-7.588139004271922e-05,-0.00042353700707092434,0.00015691761554800622,0.00012974219532139,-0.0002239569285683606
B0027,9,1.816980986440728,1.8105618635319203,0.005253727404202859,0.001162194202060777,1.3787635305525181e-05,0.00015483357874191618,-0.00032788669127769486,0.00016246668444363732
B0027,10,1.8047602710768988,1.8099583517167575,-0.007309743086293226,0.0018343500055143132,0.0004693640743514222,-0.00016515834290171082,-2.5978595953079167e-05,-9.146935939543874e-07
B0027,11,1.8021778881408677,1.8091648408414736,-0.009491977123686776,0.002560909400670885,-0.00014855428586492327,-0.00043563429060021686,0.00020291592212927085,0.0003253876980802074
B0027,12,1.810054375611175,1.8089301165206821,-0.0016456980050110234,0.0028902133323022608,-0.00021259216730810864,-1.5541962156763012e-06,0.00023741164806566448,-0.00014352156208125458
B0027,13,1.8191618703574552,1.808041744004656,0.007807967503679693,0.003483203562078213,-0.0006259668112253366,0.0006274861330815499,9.399141219672483e-05,-0.0002665555595300906
B0027,14,1.806344581230731,1.8070513936948827,-0.005428279548578459,0.004580270540372407,0.00012915700544808886,-0.00036428603804272773,-0.00017463824063846566,0.0005509638057836308
B0027,15,1.8120006378747944,1.8063421395402428,0.0041271255036156,0.0015698561390980218,0.00017762264193555362,-7.609976674043783e-05,-0.00047207894186516975,0.00033207270242800475
B0027,16,1.809238569578753,1.8054235640641063,0.008077167825711235,-0.004158665442908748,-0.0001164644354469406,-0.0003132037900782425,0.00010850469011367557,0.00021766663294389596
B0027,17,1.7820717716005336,1.8043801322026403,-0.015318852607191819,-0.0074773530543016395,0.0001681490895630449,0.00045820293539669115,-7.745565753342404e-05,-6.105112824620795e-05
B0027,18,1.8145504562341046,1.8040697344809573,0.015787208456437062,-0.005206080968540394,0.00015300576688932684,-4.153880259645202e-05,-0.00010159976723583755,-0.00011027300798178656
B0027,19,1.809153485164282,1.803076102469011,0.0068712388689062395,-0.0011144293350556222,0.00023909848123007777,0.00011505170021076348,-7.513131148224169e-05,4.155425782085788e-05
B0027,20,1.8065551508093707,1.802990407246678,-0.0018635314154693162,0.006369417477275981,-0.00038156802359560734,-0.00013966426867538683,-0.0003642516129442322,-5.5658607062047015e-05
B0027,21,1.802401655959492,1.8021821217000795,-0.014370701228755712,0.014845279735629083,3.0059854238425677e-05,4.829520868070734e-05,-7.66425905465289e-05,-0.0002567567002626348
B0027,22,1.7964331683322998,1.8016690424020847,-0.03283961310712459,0.027735350178308995,0.0003759280872451995,-0.0007546343187319854,0.0002463613111816394,7.338459451838316e-07
B0027,23,1.8088036930508289,1.8017447823807862,-0.039474778081305464,0.04722887382814855,5.242048276974828e-06,-0.0008509360749708908,0.0005630331555074652,-0.0004125242364983572
B0027,24,1.7915527748749653,1.8012829764311482,-0.08354576658191312,0.07431084749501164,0.0003292324217399955,-0.0016817935601067095,0.001070286452620196,-0.00021300767846260183
B0027,25,1.7853375192239571,1.8011113522714335,-0.12635139377874993,0.11065616099974018,0.0004831929754336068,-0.002042189183560282,0.0013117658047390845,0.0001686302889763197
B0027,26,1.793209210325309,1.8006702670516275,-0.1653593755896505,0.15707747024418056,0.0009371899413791431,-0.002686602288761473,0.002688117996196689,-0.00011785693764516207
B0027,27,1.7873097711102113,1.8004484749178329,-0.2283205511922118,0.21377659536790117,0.0015739769509712613,-0.0035137802538922694,0.0037840244265679767,-0.00043896896844606903
B0027,28,1.7700926253324452,1.7995606247511033,-0.31492917627049205,0.2823965318899388,0.002625604769445067,-0.005483128994779553,0.006103521316801105,-0.00018135185536911506
B0028,1,1.8046847720100736,1.7835526847872742,0.004212766010654159,0.0024949479008699676,-0.01678626750483743,0.035456662717729355,-0.001866556674221381,-0.0023794653798897584
B0028,2,1.8047833214525881,1.782959527696022,0.009167064766752383,-0.002996851107673824,-0.011907363430137256,0.030752963682560207,-0.0011294985217164277,-0.002062521786147405
B0028,3,1.797618668222458,1.7824042804982163,0.0051485494957451425,-0.006122883380993768,-0.009151885252120965,0.028360211381719697,-0.0011815332952946843,-0.0018380713461885476
B0028,4,1.7929913687761174,1.7819069070474634,0.0016726610943036384,-0.007881678809683539,-0.005469884279081623,0.02485443581347228,-0.00017534670177599858,-0.0019157254895763266
B0028,5,1.7919180081592216,1.7811930109834377,0.000932846352166365,-0.007925326452752431,-0.002917450777855501,0.022432281460376634,-0.0004019451649310982,-0.0013954083374885977
B0028,6,1.775026135903797,1.780137740117625,-0.0166272934087097,-0.006524419779923321,-0.001153531523347098,0.01978363943574809,1.962677927864884e-05,-0.000609625738749668
B0028,7,1.7920487852223415,1.7796969869173889,-0.0012184443666028912,-0.004111363263707313,0.0004264784395758399,0.01839811985601428,-0.00022663617024002775,-0.0009163562869318221
B0028,8,1.790475801581265,1.7784260650098809,-0.0038914953377081406,-0.0016734561184415704,0.0018121675324610116,0.0164447151947073,-0.0003607520423651947,-0.0002814427471861467
B0028,9,1.7868365091987264,1.7770216734539521,-0.008057525096321206,0.0016594050855546446,0.001569318127524783,0.014779824995587706,0.000182568327794279,-0.00031875576925510243
B0028,10,1.7871529619962185,1.775795664488444,-0.00770150617255379,0.004295535564405933,0.0023194521697841378,0.012656634206298114,-0.00010801336291698844,-0.00010480497252575868
B0028,11,1.7816340617009505,1.7742643523753063,-0.010704574560445525,0.005331324737818158,0.002328238755083634,0.010508738485355315,-0.0001085265733192406,1.450843017492443e-05
B0028,12,1.7850235136604733,1.772698366036892,-0.0028143050713923,0.0059162837756680095,0.00118219603970858,0.00761359282120967,0.00033721484105504474,9.016515142789511e-05
B0028,13,1.7803865429693038,1.7709484094281505,-0.0012066310641452426,0.003840284528157707,0.000930194451715767,0.00554097738062726,0.0004137727240108996,-8.046452469585531e-05
B0028,14,1.7789060856417256,1.7690737204913933,0.005452310516262616,0.0009741705380421332,-0.00010002950162537196,0.003186105482345873,0.0002339197873569598,8.588828898727924e-05
B0028,15,1.7738387518973049,1.7678177657435639,0.008033967933157827,-0.0022699213863454594,-0.00046653490131624023,0.0012658964265865138,-0.0007090147754167811,0.00016659284042955163
B0028,16,1.769682881523146,1.766169148601969,0.010501701459794548,-0.0046764818457144105,-0.0010163830920111832,-0.0014601749201421216,4.044247898973013e-05,0.00012462884191759976
B0028,17,1.7408787283206992,1.7648663683557115,-0.01416315881290662,-0.005056442367563427,-0.001328922777813822,-0.0034038820449489885,-2.2167869534005223e-05,-1.306603373193132e-05
B0028,18,1.7648189744011906,1.763946559455781,0.01120919470694104,-0.0036136121073114176,-0.001988583757534434,-0.00428367107548674,-8.405372308721772e-05,-0.0003668590750334173
B0028,19,1.7617857390844023,1.7628460968497062,0.0074353199521181666,-0.0017418805985779022,-0.0009009063489695969,-0.00611732632239062,0.0002980539995586882,-3.361841060559745e-05
B0028,20,1.75770610357021,1.7622042104256068,0.0020033441797999403,0.0010784540149974626,-0.0006786629968715369,-0.0066958777812563056,0.00017434504850303672,-0.0003797092661655073
B0028,21,1.7519375960601256,1.7613036333610683,-0.00443403882357476,0.0026791922114805197,-0.0010391458485117424,-0.00656005090048954,-0.000371133980378629,0.0003591401203404148
B0028,22,1.7521244035832177,1.7612779439588715,-0.003174081598506219,0.00170284566384036,-0.0005291541363280642,-0.006628254181926701,-0.00029390652311614933,-0.00023098952063062766
B0028,23,1.7597714133989641,1.7608620456950614,0.006294259680553692,0.0007967373664687921,-0.0004451528781909072,-0.007656782898573984,0.0002254478432643819,-0.0003051413643110908
B0028,24,1.7483011320324189,1.759726703799461,-0.0035560091171100636,1.4347212155316911e-05,-0.000999156638007725,-0.007552719952894479,0.0003724457556996334,0.0002955210689397135
B0028,25,1.7411482627836237,1.7592281672562564,-0.009449914330850349,-0.0009706536762178525,-0.00045750946289782097,-0.007943712971045954,0.0002704848900533687,0.00047140120565219957
B0028,26,1.7363833316311177,1.7594513415688444,-0.013160349130004875,-0.001488298427548146,-0.0006702695105831743,-0.007650555603173538,0.000263070365051676,-0.000361607483157051
B0028,27,1.736559066269527,1.7596822969304844,-0.011714213339297588,-0.002131617485573935,-0.0010883295965546241,-0.007963322655949026,0.0012397404851860932,-0.001465487921230758
B0028,28,1.7172335652295245,1.7601051655635338,-0.028742034517292573,-0.0038262822331779378,-0.0008260186312074371,-0.008294641294520575,0.0010131277056550834,-0.00219575113081679
B0029,1,1.697507332205763,1.772060896802174,-0.21003038013395636,0.1599439087788049,-0.04102501258287654,0.011399276043320935,0.003829952291039992,0.0013286910523251038
B0029,2,1.844701206961174,1.7704576105040886,-0.04278842654673885,0.1319086530907414,-0.02877854735969339,0.008103889760467617,0.0037810612104334012,0.0020169661142166143
B0029,3,1.8254376674722927,1.770225786030788,-0.04281675088480358,0.10644992707376848,-0.018365877149869494,0.005449934309664494,0.00219963886388376,0.002295009071660073
B0029,4,1.815750429913437,1.7704225758407557,-0.035473603309364686,0.08445570965879862,-0.009492640348817407,0.0022599115115079895,0.0009378962904052638,0.0026405801282669084
B0029,5,1.8132993337127028,1.7691407465660167,-0.024792159545083087,0.06902605172713742,-0.006046284176688254,0.0034289691433017806,0.000517874167422647,0.0020241356925863444
B0029,6,1.8151647619660576,1.7673753564405246,-0.010968137761400197,0.05528705774288495,-0.002364730222874731,0.003744648675105735,0.0005337029166480122,0.0015568640342106504
B0029,7,1.8143317955190057,1.7666861498113775,0.0014558342732432057,0.04200592137008696,-8.907164056777088e-05,0.0030882394762482895,6.54791777718072e-05,0.0011192429112040004
B0029,8,1.801343601809866,1.7645633674750647,-0.0010614569443384324,0.03265650419792254,0.0008432540073834958,0.0035258420310842566,-0.0008386322452538531,0.001654723168897274
B0029,9,1.7881558802945825,1.76327026111974,-0.0042036388998653775,0.02417302180016995,0.0024574170723917887,0.0017967930739979192,0.0007135666981914807,-5.1540668298233604e-05
B0029,10,1.7760714604539518,1.761956942239515,-0.005660234827147264,0.017055729795170536,0.000632381178346422,0.0032017138011968377,-0.0004720603710163032,-0.000643011441261744
B0029,11,1.7852807447597443,1.7593544348877572,0.014008916578926736,0.009431041845081697,0.0011836049008488495,0.0009129847162480721,-0.0004316298276227511,0.0008213915647952979
B0029,12,1.7698116401111978,1.7580850045805927,0.005501515751676122,0.005765881826180701,-0.0015183540275890057,0.002448903161622896,-0.0005991631745012362,0.00012785192396459923
B0029,13,1.7565231680521758,1.7574393325743853,-0.0030929891151048466,0.0023268815323485253,-0.0007804527183315459,0.001884920485679558,7.049177671475965e-05,-0.001325016531756576
B0029,14,1.7543413277348154,1.7557840884202254,-0.0021528887356525466,-0.0006628807616579805,-0.00041474926774865225,0.001852887795296398,-0.0005128483834594227,0.0004477186230212309
B0029,15,1.7392875506998715,1.7533455393585704,-0.019084662656691447,0.0026362344406342755,-0.0015157318536809321,0.003246225720619268,-0.0009785968374182758,0.0016385425068486791
B0029,16,1.7797845109331345,1.7520896354966498,0.019126328370529178,0.0036896219702342347,0.0021903774467374503,0.002602163760780437,0.000499600674034301,-0.0004132168708498201
B0029,17,1.7657088508465202,1.7487735728882516,0.005783919948739603,0.004767728449824713,0.0010015790890536551,0.0029876304489874325,0.001316592905986199,0.0010778270529129645
B0029,18,1.7523941408724169,1.7467346908339199,-0.005242118384411885,0.006310322260299636,0.0015536939201910237,0.0013527619700962538,0.0012080586726113329,0.00047673155799835454
B0029,19,1.7380191225603105,1.7431997920803866,-0.013023063294130879,0.005325488690796397,0.0013034353012936592,0.0007485256035127679,0.0012365887579816298,-0.0007716445985135547
B0029,20,1.7312214443143976,1.7385117121168,-0.008723457524928905,0.0010475826066292996,0.0006463876965657928,0.0009382430434426525,-0.0009256223074154645,-0.0002734013249317606
B0029,21,1.7379128985265808,1.7355621264637648,0.008925220027147308,-0.0010412469734987562,-0.0006617993705657228,-0.002885986882943586,0.0003073012133132528,-0.0022927159694524934
B0029,22,1.7224270683625882,1.7318962936197422,0.003813299335092051,-0.0037143124591412615,-0.0024207765432718914,-0.0030665746919064747,-0.0018250615845081177,-0.002255799307749766
B0029,23,1.7184213765608034,1.728704066545946,0.008059378062104444,-0.004029674313036949,-0.0027218946819359225,-0.007607579870137589,0.0010592818752428084,-0.005042201045377557
B0029,24,1.7010220930648232,1.7240062084509455,-0.00632393932703335,-0.002586164110419014,-0.0010784264355133014,-0.01055270720334273,0.0020300485251793427,-0.004472926795481501
B0029,25,1.693698739563104,1.721715952895654,-0.010118718870050909,-0.0023594191327791364,0.0014249454402839687,-0.014779689080096223,0.004652642451941864,-0.006836974090758726
B0029,26,1.713072721286705,1.7198686510140766,0.0111271206401107,0.0011663737679240083,0.001970127635390545,-0.019942646589403954,0.006958073236314537,-0.008074978397248841
B0029,27,1.6976972688567131,1.719527629264453,-0.0005497640385655825,0.0017493649841448802,0.004797331887722649,-0.029827560611038115,0.015153767505527974,-0.013153500090762922
B0029,28,1.6899314034061208,1.7192886688896771,-0.002018376845865559,0.00021158880585654853,0.006273546747221881,-0.03705434326066241,0.021544259818944,-0.01831394069200358
B0029,29,1.685023551367069,1.7208904154298974,-0.00017256520127358256,0.00018343244494090587,0.007639556281397582,-0.05121914267045053,0.03481455711743866,-0.027112701970074274
B0029,30,1.678389965463405,1.7242846217373051,0.00043839437704173127,-0.0006076593824480189,0.011367457617097345,-0.06872940546158271,0.050634560816710555,-0.03899800416542376
B0029,31,1.6737947494868326,1.7292228913001726,0.004361366558371952,-0.0006007216949918654,0.014156269400002744,-0.08891363525186113,0.06967497059861814,-0.05410639134091902
B0029,32,1.6687898927884715,1.7382330771652206,0.008073398867891742,-0.0014491784629964992,0.018594896831534317,-0.11462745694235014,0.09650275750096436,-0.07653760208131875
B0029,33,1.6492566306631427,1.7481902536227463,-0.0048208419387153175,-0.0012498084192707043,0.022575551288435036,-0.14084244550521774,0.1286834493706744,-0.10327952763415142
B0029,34,1.6409676757039668,1.7609918687185726,-0.005973306520432225,-0.0015736004388499623,0.029787459322940774,-0.17455386653217847,0.16860043186826323,-0.13631131057988558
B0029,35,1.6456360229757092,1.7779190866042591,0.0030429993493275268,0.0023476932956978565,0.033720882289569876,-0.21231387230187207,0.21927224911922621,-0.17835301525341687
B0029,36,1.654547743574037,1.7996377619963615,0.017112309096462552,0.0016536457902080538,0.04478787637626644,-0.2564936106118577,0.27661911316973425,-0.228769352130146
B0029,37,1.6461201520877546,1.8240447254271448,0.009091872120174609,0.006309821260182237,0.0538802928622769,-0.30586221663923957,0.3454503408172051,-0.28679468363367244
B0029,38,1.6275119188151763,1.8523557592806092,-0.007039226932432072,0.008285440348328009,0.06554378184102747,-0.36050381609174326,0.42392553363325086,-0.35505555310812537
B0029,39,1.6200530533464497,1.8865066651432505,-0.014043580832576447,0.012530761572855736,0.07829193451484441,-0.4239374709280879,0.5143460999885373,-0.4336413559448424
B0029,40,1.612079811711934,1.9267053935243745,-0.023000411948710366,0.018246802172887207,0.0915811809906715,-0.49427336393751814,0.6191790696954362,-0.5263588586050689
B0030,1,1.6560706096175404,1.7509627067754445,-0.143064293337054,0.04306123235840075,-0.007840647825784777,0.02325755095282987,0.023035889895852174,-0.033341829193874926
B0030,2,1.7815548749509116,1.7401956710098443,-0.004107143726038222,0.03615263393787362,-0.005573205979465441,0.019592575876085913,0.017990481954877388,-0.022696138322529598
B0030,3,1.761969227822918,1.7312239368640239,-0.012401980469072607,0.03031870193097541,-0.0024682839028903622,0.01650011814466346,0.013682894768985368,-0.01488615968148222
B0030,4,1.751755031874225,1.7228598699671303,-0.012295108356187683,0.02590331741680059,-0.00037950431619973417,0.014127766849726605,0.010174986216785213,-0.00863629605457089
B0030,5,1.7381688070362076,1.716029715882437,-0.01721809757349823,0.02578167533245684,-0.0015556819830397457,0.01387498361432228,0.00604744897459238,-0.004791237339224987
B0030,6,1.7506745293461339,1.7100428616078311,0.0036304234427341586,0.023004611964750517,0.00021000671995110906,0.012197831415301265,0.0038546672231208026,-0.002265873176500057
B0030,7,1.7491047649061158,1.7054834573599347,0.01015669460824139,0.021082363208551422,0.00011554311031115592,0.010774798521028806,0.0024543791622368845,-0.0009624712105246836
B0030,8,1.7252544028765475,1.7002930460885073,-0.00574817668749306,0.01916359080752699,0.0016485679337008207,0.007916064057235536,0.0028767705977832034,-0.0008954600274135341
B0030,9,1.7112621367644252,1.696345320607407,-0.009189493809190373,0.015219623344779139,0.0009411706057009463,0.007499663366602425,0.0013080414641914813,-0.0008621888985127837
B0030,10,1.6990418392711273,1.6932538527921388,-0.011205172693402729,0.009926728136080917,0.0010191542608167625,0.00695957052546628,-0.0008665457300294386,-4.574808308212822e-05
B0030,11,1.7185770039532977,1.6907889983571385,0.018581747588008034,0.004001214176667656,0.0006091580880617232,0.00529495660999377,3.910530193147008e-05,-0.0007381762641068966
B0030,12,1.70324722921867,1.68827772458169,0.010142043536366262,-0.00039724072621016664,0.0015496999682639314,0.00450141398388915,-0.001318003890327474,0.0004915916948707395
B0030,13,1.689458044662304,1.6884118247304494,-0.00042095975108189085,-0.0029308720668520896,0.001638526108756317,0.004186628369194876,-0.00018647128770284203,-0.001240631487671757
B0030,14,1.6756136292719177,1.685501629093652,-0.014776430193379217,-0.001588898936764038,0.0012488612688815956,0.005140760055017389,-0.000977302872976584,0.0010650108332820969
B0030,15,1.6718407140871654,1.6855177114104727,-0.02272128031808329,0.0026774129167693767,0.0008575132060927975,0.006138359508464495,-0.00018240224358589843,-0.0004466004108992817
B0030,16,1.7233056681204446,1.6833490815827803,0.023701413440944515,0.00827615733474547,0.002257510592069103,0.005613663102330669,6.830577420501985e-05,3.9536189907615555e-05
B0030,17,1.709207290507283,1.6811008094762772,0.008271989552770823,0.01132796231930426,0.0020477856202162103,0.005704982205126063,0.0004909807865379848,0.000262780467018126
B0030,18,1.684001734344571,1.6774835326136586,-0.012670083657067632,0.010876713003245013,0.003200147385819241,0.0037056882885210373,0.0005270605598834102,0.000878676112366959
B0030,19,1.66898698813004,1.6737175310953274,-0.016367005262236615,0.005550952214810678,0.00255939374809319,0.002506449908617135,0.0004923480791757167,0.0005273183330605506
B0030,20,1.6620689362837142,1.6679527583268334,-0.011367129905400439,0.0022779679028004395,0.0007595160907748603,0.001788470806718243,6.0100466213015104e-05,0.0005972525940793727
B0030,21,1.6687049625248174,1.6640583312792925,0.010592872891490034,-0.004146223839413106,-0.0019856816191298424,0.0012549656423799518,-0.0007047836690706944,-0.00036451817345480004
B0030,22,1.652762183550463,1.6585971817109164,0.006125369111949986,-0.007578320732421963,-0.0017486050638991413,-0.002239194367938088,0.0004087918358244143,-0.0008030389301975437
B0030,23,1.648481366235244,1.6537461314703124,0.008376310605077916,-0.007216166603836459,-0.0013732048760505184,-0.004089986257948844,0.00025429526656238195,-0.0012160133479873748
B0030,24,1.6307406443132095,1.649055547724687,-0.0068504077890805,-0.0055426768944547835,-0.0015577318991327038,-0.003246933773367127,-0.0009831610691772353,-0.0001339919358974111
B0030,25,1.62323023017929,1.6450870856418038,-0.014660916871821899,-0.0017311933484468584,-0.0011079236459715094,-0.0044469991187258365,-6.904057515561925e-05,0.0001592181604569777
B0030,26,1.6541906540394393,1.6427043234156538,0.015345415697556956,0.002170472443995437,0.0003112424956071711,-0.005479019122595682,0.0004116210616863344,-0.0012734019410672016
B0030,27,1.638514396616985,1.6388492694746082,0.00330524015098789,0.004047104538555355,0.00012359026289887143,-0.008301879218635483,0.00044810151348072133,4.29699325386469e-05
B0030,28,1.618847673357618,1.638379777153151,-0.010459100806830468,0.0019314991418334499,0.0007483669789283793,-0.009645898640952931,0.0002556986812916633,-0.0023626690796707452
B0030,29,1.6134212267751404,1.636687109469471,-0.0076177110553900754,-0.00028744418055226046,-4.8454454994230755e-05,-0.012514625271444549,0.00016352827708724445,-0.002961175929886535
B0030,30,1.6066443601761986,1.633401350249314,-0.0044831901296470585,-0.002276500196377396,-0.0010373302252265236,-0.015501398274188397,-0.00040817997748907714,-0.0030503911797745333
B0030,31,1.6138387876938998,1.6302663507252835,0.01293094301498398,-0.004635528458647125,-0.0021278284848860653,-0.019761914595979358,0.00032608806518750913,-0.0031593224935863753
B0030,32,1.596329501327274,1.62911140966381,0.0023541669581863853,-0.005406909769680526,-0.0004529618998453681,-0.025512325540580232,0.0003169994132636003,-0.004080877390325653
B0030,33,1.5890785867406987,1.6288609089663513,0.0015253161540869785,-0.00483878704883642,0.0006159035467648836,-0.03159631861708501,0.0006018944398307433,-0.0060903305808094515
B0030,34,1.5805481432309574,1.6259671709683625,0.00041596602072007624,-0.00680997932993368,0.0019586031369397306,-0.037490043104954594,0.0021579841565088345,-0.005651558482904824
B0030,35,1.5846131054270807,1.6255887661768944,0.009314358190917396,-0.0044247681933790375,0.003692427419928715,-0.04580559208590965,0.004756845736674724,-0.008508931691020774
B0030,36,1.5936651221220735,1.6244976105320716,0.0242313428804068,-0.00496866528212403,0.005577432197621686,-0.054651343086725285,0.008327593207671968,-0.00934884821486725
B0030,37,1.5849874126960888,1.623636723750198,0.022996409527434696,-0.0089668076526798,0.012529941414112556,-0.06610857509826937,0.014268759270500305,-0.013369038388804586
B0030,38,1.5787064969416462,1.6230081983631404,0.023585993831443688,-0.011106496654808314,0.016192730113799417,-0.07786095344271754,0.02153570971059486,-0.01664868484296513
B0030,39,1.570705516096967,1.6234613710361672,0.027158403300115087,-0.01978566560873317,0.02304697724033883,-0.09293304819093641,0.03494687672194759,-0.025189398251794597
B0030,40,1.562780404428482,1.6238785558816196,0.032426037166780074,-0.030757147172138153,0.030918437601616455,-0.11041606176433823,0.049610636621086564,-0.03288005374283615
B0031,1,1.6666751942525773,1.8056675510740947,-0.17499340473339367,0.06204223697176698,-0.0628073786628009,0.07244611707163853,-0.05924073870506316,0.02356081140826189
B0031,2,1.8328583629543174,1.8058176868767968,0.019112040249059686,0.025825158606982427,-0.041953703462531265,0.05413252623479198,-0.04272226013803145,0.012646914385760395
B0031,3,1.8139835002945137,1.805092740671238,0.014848876564442646,0.008017851804729538,-0.03115364886041288,0.04296738950520644,-0.03034213891223175,0.00455242936246502
B0031,4,1.8044387333514835,1.801971641085093,0.012704246490455038,-0.004570056780067058,-0.019268757277333595,0.03275275949953341,-0.0199021234541853,0.0007510236503585866
B0031,5,1.802147684291295,1.799202814042359,0.011895970814040759,-0.007909180040686189,-0.010291743765830518,0.022798839435561682,-0.011931349807441372,-0.0016176665191900209
B0031,6,1.7715647509798835,1.7961718160256035,-0.022521849591664107,-0.0031797050299306718,-0.007540389372673429,0.018932765095023528,-0.007143184297680351,-0.0031547019125560995
B0031,7,1.8139928165779542,1.7917774752019524,0.0192597730576513,-0.002286689017768191,-0.0017685945995324953,0.011285084109227182,-0.0030762792162196263,-0.001197953116454108
B0031,8,1.8013261041198854,1.788205725586564,0.005820620620253286,0.0023724002307406815,-0.002421462096070185,0.010952337730774133,-0.0023947195163645314,-0.0012087985666475042
B0031,9,1.7883722583933568,1.7835569686659078,-0.005883812566895266,0.005119810824822274,0.0004792691243809502,0.005087389458959385,-0.0007262732110340029,0.0007389059956876238
B0031,10,1.7765401657373159,1.7805412443215183,-0.013005678619535777,0.004636747394867326,-0.0008264931593410441,0.005979945987103292,3.0399032744014018e-05,-0.0008159992949811939
B0031,11,1.7856209131823229,1.7756658075617302,0.003634671603525152,0.0025695639724971613,0.00011479256929135869,0.003483400824618572,0.0005294180649580668,-0.00037674150964320507
B0031,12,1.7813634036685941,1.7700190791551793,0.009151404854824024,-0.001402329306058257,0.0010792939531356213,0.0021782908721597535,-0.0004022103814524021,0.0007398744350272301
B0031,13,1.7684898383971241,1.766663262177842,0.003988564585826252,-0.001862587270712797,-0.001527773114195421,0.0014524845705122939,-0.0003330567496453729,0.00010894414064531514
B0031,14,1.766505238291406,1.76314898258398,0.008751300043510168,-0.0032156266963945038,-0.0016642603105627264,-0.0015178346046180794,0.0002492885549256603,0.0007533886681730369
B0031,15,1.751740527921767,1.761454611663318,-0.0025307530995664126,-0.004467890690020619,-0.0016959915687309406,-0.0016976496099117755,-0.0004971009322952812,0.001175302139758172
B0031,16,1.7352349314055016,1.7601846686406841,-0.01895666176341703,-0.0032384101788498027,-0.0005103645207789735,-0.00045555297351933466,-0.0012334141525647616,-0.0005553336281802559
B0031,17,1.7782778274549178,1.7588301311252514,0.019019206941220796,-0.0002809986037934773,0.0005892773332180154,0.001283717326411169,-0.00043619355981944837,-0.0007273131864163988
B0031,18,1.7649894859707393,1.7571174752519372,0.0034639841831823944,0.0018366500666842827,0.0008784772854704677,0.0005859389204561628,0.0008957882170498968,0.00021117199697251414
B0031,19,1.762591283533551,1.7562190727784088,0.0007020746961432034,0.003598981525221833,0.0015461317522957932,3.47352984804184e-05,0.0008396949762880384,-0.0003494075368847982
B0031,20,1.744314576121582,1.7537944308845044,-0.015942572582609043,0.0030391840668597923,0.0018860799731986717,0.00048522794030772553,9.776920859147308e-05,0.0009544566281991612
B0031,21,1.7628373753518478,1.751313064046298,0.009898887300875311,-0.000249983429144329,0.0005734204113168116,0.0004999610434397221,0.0010152291138731838,-0.00021320317896156329
B0031,22,1.747857930947971,1.7484757992471984,0.002987088126129986,-0.002345425209258654,-0.0010163555636514446,-0.00100044203077517,0.0005296337878174037,0.00022763258001877706
B0031,23,1.7441167338864993,1.7429722463466535,0.004340085188661848,-0.0029467385110028203,-0.0009057240581542748,-1.4976675045324186e-05,-0.000831985630147274,0.0015038272234485638
B0031,24,1.7268422932817387,1.7400173158660657,-0.008681880064743139,-0.003554077473674927,0.0001525742132260295,-0.00014720669315255978,-0.00027990031660955945,-0.0006645322126420223
B0031,25,1.7203093493042265,1.734952628955624,-0.011482191376493306,-0.002990010060162725,0.0011517930178934718,-0.0007984092282017392,-0.0017237806138909832,0.0011993186608681924
B0031,26,1.7394245516699778,1.7322489577207127,0.010934566758809756,-0.0034100219699684632,-0.0013904910535261295,0.0010197690144031824,0.0015989504110819795,-0.0015771792030771109
B0031,27,1.7367384416372014,1.72820442691429,0.01283003925122679,-0.005164073716750258,-0.000210085861185782,0.0011434815054408099,-0.001146547767757554,0.0010812013264314391
B0031,28,1.716963468448543,1.7257519938068495,-0.0013210706731381033,-0.008141768989331832,0.0011292574726584827,0.0003689433632704886,-0.0008926263792074113,6.873990637058931e-05
B0031,29,1.7127773558366357,1.722949273669922,0.0006583304642422607,-0.011165842975770161,0.0003990878375548644,-0.0009859714215529494,0.001359573578204313,-0.00043709524762962446
B0031,30,1.7061083466554066,1.7217294542590467,0.000886167034234848,-0.015653350151526444,0.00014371459360458056,-0.0009527794053546024,-0.000254657769738983,0.00020979817846075241
B0031,31,1.713732696207521,1.7196397043277059,0.017592800293244667,-0.024246519330767134,0.0004099814249779149,0.0009870799852729512,0.0001331671854575638,-0.0007835176121824937
B0031,32,1.7093475797926974,1.7174173831903945,0.02373681874438965,-0.034671593250369635,0.0011252292466377477,0.0005179045348796637,0.001074722828007644,0.00014711457479936308
B0031,33,1.6901000454115587,1.7165275838635876,0.013861918859726758,-0.04681896703223126,0.00688232413003081,-0.00045017173428241533,-0.0005683860970910397,0.000665743541109377
B0031,34,1.6946883343387664,1.7165856435315505,0.03084551899025873,-0.06082191399452097,0.009970604546741051,0.00018328052905325492,-0.0013074112927472475,-0.0007673878625877844
B0031,35,1.687010991299212,1.7160346342154469,0.03283430274636446,-0.07567274982263322,0.017245386597987456,-0.0016437375083566581,-0.0009265834179712235,-0.0008602613853935743
B0031,36,1.6957069027070075,1.7149259238673542,0.05374508315491799,-0.09290152899506866,0.026837292009124925,-0.006100925643618148,-0.0008561564392324028,5.7214860221959255e-05
B0031,37,1.687696889615565,1.7132698225405507,0.05915924174880307,-0.11548894103137376,0.040354581298874204,-0.010905360460162541,0.0008955276656287102,0.0004120179779358331
B0031,38,1.6819617127259294,1.7131279642739812,0.06775713028743216,-0.14087193599347544,0.06156082402487216,-0.023619173396005697,0.004495685774240878,-0.0004887821075377062
B0031,39,1.6750033888978846,1.7105349144701427,0.07723753573634068,-0.1705610504809682,0.08606676319205962,-0.0405414640850346,0.012326229438569265,-5.9539220011406155e-05
B0031,40,1.6672987794846676,1.7076539943584463,0.08676826276491673,-0.20434814602805423,0.11949475669623741,-0.06611990423472591,0.023399802203571386,0.0004500138948018326
B0032,1,1.7048641073512139,1.8549818876355746,-0.2465755407351536,0.1654100977460962,-0.06195146939628883,0.007814109700792571,-0.017961367091385287,0.0031463895649307123
B0032,2,1.8940319526948572,1.8444986826565055,-0.03304952411447504,0.13220862401154068,-0.04405249046933281,0.004423180442241261,-0.013868965469159618,0.003872445431640867
B0032,3,1.8747686491853095,1.83623221703288,-0.029101747207170015,0.10496641519338806,-0.03275781298334921,0.001796242215631043,-0.009772244454250812,0.0034055792107204634
B0032,4,1.8654947184112376,1.8267865182434824,-0.02062770849597188,0.08535782563704747,-0.025607448674799187,0.0016409305111587547,-0.004644558579962489,0.0025891596065128852
B0032,5,1.8527398169018068,1.8207727925831798,-0.017816079450109306,0.06881684539500825,-0.018156035181500257,0.00042798233044987654,-0.0030424116139822323,0.0017367226938194977
B0032,6,1.844174397003866,1.813484008284552,-0.01038377600473256,0.05231865038888839,-0.013025957410497686,0.0010938610718376125,-0.0015782590029457379,0.0022658695444672423
B0032,7,1.8430238477512753,1.806619733182098,-0.0004155822961914902,0.04312963236842558,-0.00935355104405746,0.0008573138333584944,-0.0012916984502148645,0.003478000027258727
B0032,8,1.8302818174911863,1.8023031708653503,-0.0008096241993020741,0.032873158110900746,-0.005926342583540103,0.00028445566981592037,-0.0002874594038752147,0.0018444589200481741
B0032,9,1.8173838456081814,1.7983266212562827,-0.005892976441268611,0.026566889609724156,-0.004822159818781857,0.0015927174403760494,0.001612516970575665,2.3649852458189337e-07
B0032,10,1.8057992981104682,1.7946651352458143,-0.006129132689506917,0.01710998556139167,-0.0021813719850946366,0.00047072307498480286,0.0008985686962712785,0.0009653901309602348
B0032,11,1.8149829605049186,1.7926410372567507,0.011509944593079274,0.012209138227201618,-0.00244673240514577,0.0018144704720518122,-0.0008590555592646927,0.0001141578310410109
B0032,12,1.7995150369321797,1.7898146326897921,0.00449988285247477,0.007238213660654723,-0.0015509188450251324,0.00047645690376964494,-0.0015518756517924185,0.0005886452559351796
B0032,13,1.7866516942518147,1.7876568083665565,-0.002980712368044813,0.0020273054712375716,0.00043617305567921307,-0.0012357606134633017,0.0015097838162842032,-0.0007619035238165761
B0032,14,1.7735550719416031,1.7857203816177936,-0.012368703055201772,0.0007295561780408612,-0.00015537953121987687,-0.001147206078266886,-0.001500171083524069,0.0022765938659325543
B0032,15,1.769995333364443,1.7852592562025764,-0.014359795349045969,0.00048686099976041187,-0.0002359663008157828,-0.00010223573290375952,-0.001480065682522677,0.00042727920460037546
B0032,16,1.799526080374287,1.782912631051565,0.015451910720102551,0.0009454390203452228,0.0012759958610580433,-0.00045833495525787575,0.0004754250925310845,-0.0010769864824442055
B0032,17,1.7968530684449833,1.7789702814339,0.01286836367102743,0.0032224307564765755,-0.0007581588347132741,0.0009052592849594389,0.001135361456662586,0.0005095306142294058
B0032,18,1.7838265504081745,1.7747420069836681,0.0026953821395525584,0.0018458708948592595,0.0024387318381610804,0.00033159298847422735,0.0014873348712791804,0.00028563064896855304
B0032,19,1.7696444491040102,1.7712587351848237,-0.0051875388294565184,0.0018193614948322455,-0.00028372151569834255,0.001506063183888187,-0.00010107556987000087,0.000632625133215056
B0032,20,1.7512940457049684,1.7637593218057996,-0.01549892431495693,0.0005850540167673286,0.0011337393918870095,-0.001119362943392261,0.0015853839964650672,0.0008488337572112853
B0032,21,1.7697554297961993,1.7602705236256369,0.011510785102706502,0.0014045940653327573,-0.0021223481990253865,5.885722108584037e-06,-0.0004204249008823077,-0.000893585642117517
B0032,22,1.7547726933914918,1.7527954635251937,0.0075962466175819926,-0.0018930380699180805,-0.0037456517755059832,-0.00037530579204273406,0.0009953969586087613,-0.0006004180727482953
B0032,23,1.7389166355812984,1.74828960257372,-0.001497834928459139,-0.004430887393349917,-0.0007153346433477612,-0.0007000027635115605,-0.0007050434764330571,-0.0013238637642357931
B0032,24,1.7337200518764075,1.7447353730410335,-0.0020290067615027414,-0.0018414888151250905,-0.0017880549540731825,-0.0006825982716735582,-0.00027445562320399216,-0.00439971670829188
B0032,25,1.7150972597500092,1.7372498911183822,-0.01695318108330924,-0.00014920071926921336,-0.0021820363016151747,0.0001504705112188273,-0.0005341203675565531,-0.00248456334959527
B0032,26,1.7462926148815636,1.733896492562219,0.018456818858769614,0.0009585878145682084,-0.0015107466003874553,-0.0002248378912733734,-0.0007485500553807528,-0.004535149794755613
B0032,27,1.719149261914565,1.7300523527249356,-0.004200617157168125,0.0015270463785883196,-0.0026466140590148124,-7.429874218270856e-05,0.00011047162523364153,-0.00561907880356209
B0032,28,1.711582246191498,1.7276496310303262,-0.004816032987199092,-0.000910613735994779,-0.0020724519659639736,0.0015195756261791452,-0.0011673409234528255,-0.00862052078896136
B0032,29,1.6951051195225901,1.7247733173559219,-0.014977763208147228,-0.0004114103599475145,-0.0024574193485067675,-0.0016800803430170213,0.0014232792815158828,-0.011564803767470502
B0032,30,1.7005124371100973,1.7223900684424196,-0.0009666223144201492,-0.0022121698113237846,-0.0036011294797193287,9.471051517695522e-05,-0.0012938551425825226,-0.013898565019677173
B0032,31,1.7080989351250158,1.7215783457161813,0.014278778446900554,-0.0021354096002350995,-0.005275372758734278,-0.0011706000166535923,-0.0012426199754820306,-0.017934186618383873
B0032,32,1.691435430587127,1.7220051834211219,0.005031350762176856,-0.004524468223894466,-0.006734755617019616,0.0005128278649800693,-0.00039813853534175284,-0.024456568991720055
B0032,33,1.6844494328889932,1.721959948624598,0.0019499056102517654,-0.0036345602161209564,-0.006301557546445834,-0.0007356274839072346,-0.0020259974294289883,-0.026762678566465005
B0032,34,1.664037581688075,1.7239302446416085,-0.015243167300866299,-0.0018124557101180103,-0.006632646592021157,-0.0012872062993856896,-0.001103633561745387,-0.033813553355776384
B0032,35,1.6686372014231974,1.7255017383178322,-0.008757572724812956,0.0005247777027036929,-0.009922859644042823,0.00044153303672752605,0.0003450806978738629,-0.03949549583625347
B0032,36,1.6899344075625968,1.7293042789210666,0.016754071607832197,-0.004504909686022002,-0.007529310241475237,0.004103200457971993,-0.0015409579128140927,-0.04665196548857103
B0032,37,1.669431712846442,1.7342988536823476,-0.003518230443757924,-0.0021022522602304463,-0.009014044908417063,0.006210264496561645,-0.0008879313326012163,-0.05555494626180297
B0032,38,1.6634226761839213,1.7400501807342958,-0.00739835265196967,-0.003883935979083503,-0.00930447835383684,0.010940117662728776,-0.0013100203068711065,-0.06567083478681407
B0032,39,1.6436152195947373,1.7469583441752523,-0.026873400856877262,-0.004492044598086516,-0.006939796698100632,0.016498962032519816,-0.0057197362978062705,-0.07581710799839628
B0032,40,1.6358000873538245,1.7550341464450312,-0.03253243577489038,-0.006508544168652137,-0.00606085476841889,0.02465185280933711,-0.010516992462150205,-0.08826708455112764
B0033,1,0.06842572240601812,1.5027376328898079,-1.3984714349259981,0.5682778580279289,-1.1048627950013097,0.8318460396288185,-0.5846922716803211,0.25359069394089595
B0033,2,0.6895699007862814,1.5222880980992273,-0.6536484673237813,0.2873694614684443,-0.8668240533263023,0.6440595926038091,-0.41817063609646465,0.17449590561570338
B0033,3,1.1610848192311252,1.5406152752264843,-0.12883450254227485,0.0908672466489406,-0.6564624207823828,0.48727478287712633,-0.28389130382191197,0.1115157417129119
B0033,4,1.2529393053824995,1.5511801354728882,-0.054051591137525355,0.0029395955567475813,-0.49879456110477355,0.3729944763637964,-0.1909970371199949,0.06966828740667746
B0033,5,1.302918002447558,1.5627732157283067,-0.059518545243603345,-0.04061533033882084,-0.3518214507814574,0.2663447490665188,-0.11358089881406422,0.03933626286833707
B0033,6,1.3218773211472525,1.570176099884862,-0.11543200892742693,-0.04224824691555304,-0.23962405084626873,0.19490425476403378,-0.06328123795946464,0.017382511178030635
B0033,7,1.2884694418301417,1.5734312362028187,-0.2310315834091806,-0.017923968526904435,-0.15690679342459493,0.14353914121059813,-0.03503995406555156,0.012401363885719961
B0033,8,1.713169326386719,1.5781173848695356,0.11490929294955404,0.016305379003919207,-0.09393265950770004,0.10590448882452183,-0.013614136532923624,0.005479576672529356
B0033,9,1.6560966776720512,1.5909487501976949,0.012326288667743726,0.033336250855241265,-0.04914035514943896,0.0804059230569803,-0.011832915494893213,5.273545160419098e-05
B0033,10,1.6197297341990775,1.590098976845841,-0.036299480777281096,0.0291620930358819,-0.018346413587068906,0.06111540093718339,-0.004604641743856839,-0.0013962005858923672
B0033,11,1.604655812282729,1.5919504196856753,-0.040436564955917104,0.012599919133928264,-0.0013533703258202037,0.046760700342415897,-0.006179557055717152,0.0013142653892192196
B0033,12,1.6255699769029337,1.5978315188793464,-0.0007595906160002345,-0.003969398951288683,0.0025618376958686582,0.025080732283458695,0.010551614871450376,-0.005726737336235342
B0033,13,1.5900967306245992,1.597172769730914,-0.015709381539631678,-0.016674487847622755,0.00396424540913146,0.02116546517345739,-0.005603938169636973,0.005782057804186652
B0033,14,1.5739402299623984,1.6024068250057248,-0.027543675073566688,-0.012510948998584313,0.00029349794741216357,0.009430095931816438,0.001777691245089875,8.674384641300855e-05
B0033,15,1.5711303351557309,1.6022771099373152,-0.030316989530677862,-0.007004632102304938,0.0011384717096773699,0.010196874913399765,-0.0075649134722696335,0.002404413643490616
B0033,16,1.5897706153457416,1.6046718922277887,-0.011985709047892498,-0.0005135576546756238,-0.002625904262526384,-0.0021111595841610117,0.005156129252212358,-0.0028210756486899743
B0033,17,1.6257378771074,1.6074185958368579,0.01719423306267312,0.005012778465756103,-0.001506727427037614,0.00032356936999965207,-0.002267969751716442,-0.00043660252552584384
B0033,18,1.6523506333962537,1.6127784629349458,0.042418181202224396,0.0003115227947386109,0.0005907668716963717,0.0021334596189239996,-0.00043982400932253044,-0.005441936102748434
B0033,19,1.6143816761595386,1.6157916877314358,0.0004584432863632569,0.0027895607648573515,-0.0035336377159610344,0.0015123485348960553,-0.0012952410712309171,-0.0013414854432028125
B0033,20,1.58697453394504,1.6229217988529527,-0.02821446523884633,-0.007625023445234002,0.006922243459994866,-0.008304315278010335,9.4315789951717e-05,0.001179979741533365
B0033,21,1.5818355572787333,1.632661033163834,-0.04436730154422475,-0.0066065517991178374,-0.0063837230317799944,0.0068632639506324145,-0.0007624795678637711,0.0004313160463705661
B0033,22,1.6919769406371152,1.6438905882448978,0.04275355265661828,0.0017190724242615932,0.005096123071618369,-0.006733617962284305,0.00759192270178359,-0.002340700599575401
B0033,23,1.6879483800354476,1.6458832568375896,0.026362283658811717,0.0072900655405421224,-0.00665190690112417,0.008628299125220807,0.0028396109344863973,0.0035967707415489546
B0033,24,1.6586223007531458,1.6500202292135895,-0.007666195365053959,0.004780006555333813,0.002822146644667127,0.003044760611983773,-0.00024600757350835443,0.005867360578122536
B0033,25,1.6420179032789863,1.6525624609890943,-0.02100815713872462,-0.0006028287752367188,0.005842795330586877,0.0012410600941988052,0.003306257326864783,0.0006763153700579016
B0033,26,1.6381810791118743,1.6520086828635192,-0.013579627867789266,-0.00973939677353371,0.004548176598416589,-0.0008729846018914131,0.004659062437109152,0.001157166375254264
B0033,27,1.6422892507912386,1.6483872236520238,-0.004100418838061074,0.0033256463173901153,-0.00416693428359062,0.0004073448074463353,0.00020138217165354417,-0.0017649931178644167
B0033,28,1.651270876264092,1.6410967618050474,0.013982417284534294,-0.003263344762577803,0.0008264607704391034,-0.00029401717505293893,-0.0038880247850030135,0.0028106230412909246
B0033,29,1.6326559297917211,1.634307146928154,-0.0005138295580758736,0.00037572283584715965,0.0014023880513266641,-0.0011543322864318666,-0.003387227310113241,0.00162606105217686
B0033,30,1.6260888111680731,1.629989028547374,0.004336317526111433,0.0004895208944879378,-0.0008387283837684329,-0.002143341190704577,-0.002883610613112393,-0.0028603756888318905
B0033,31,1.6079292963823688,1.6270926554030953,-0.011417634184824558,-0.000982142706939199,-0.0013938520005747968,6.153603741600111e-05,-0.003515624700570673,-0.0019156415353347282
B0033,32,1.6125361114907395,1.616199531647371,0.00024879790078382544,-0.0010846876995299162,0.0005167484812889765,-0.005668584330839021,0.0006030519946615067,0.0017212534252741853
B0033,33,1.6218384168987892,1.611149880264497,0.007029487857683343,0.004103395214784096,0.002105038315773919,-0.004130440646692811,0.0030433584941269745,-0.0014623026763988332
B0033,34,1.6145443029101134,1.603625526204033,0.00996461512191051,-0.0007910455091829007,0.00022980740530942703,0.00449331668740524,0.0035110869645029615,-0.0064890040363034624
B0033,35,1.5953958917107596,1.5906884348952137,-0.005577135665101363,-0.0008160933435842473,-0.00037324044019964285,0.007090434695590101,-0.0049793061632279045,0.009362797666395403
B0033,36,1.5877243027113057,1.5879044320127829,-0.007208064353162533,-0.003886157850433485,0.00237876364565559,0.0028854945303788512,-0.001104374822773656,0.006754209485895111
B0033,37,1.5811840578305605,1.592201215125638,-0.009807065910734297,0.0027215807986898295,0.0025101671542933877,-0.004993001861590237,0.0024720645934642855,-0.00392090212985264
B0033,38,1.6128422608267754,1.5878407310234819,0.02364707513935458,0.0022296155918945806,0.004026630139036699,0.0020519585473090453,-0.0010358002573641976,-0.00591794942877434
B0033,39,1.61998606328022,1.591615219179563,0.02909747444552995,0.011921009580004312,-0.004448264476819886,0.0012581006131169852,-0.007338050650841364,-0.002119425484694
B0033,40,1.6099381853611876,1.5990536136651405,0.01959765005939719,0.003987958512737837,-0.006071166174113165,-0.0045829843390859295,-0.006145768445831682,0.004098882012131708
B0033,41,1.5770977539565159,1.6175858345378242,-0.018019965031321063,-0.004919972665898452,-0.009021938757726188,-0.007381538530398132,0.0051580665990013244,-0.006302732254174486
B0033,42,1.5708599066554392,1.640317287645025,-0.027020010540333192,-0.02574967881628449,-0.00202393553608442,-0.005857914211243444,-0.005010290841185102,-0.003795551101459884
B0033,43,1.6261581345348248,1.6598288215324466,0.008809353753398206,-0.02802681124444687,-0.009583988678596028,-0.0006221572042744573,-0.004242592254839275,-4.491445404916864e-06
B0033,44,1.6348129972245726,1.6699707162618806,-0.03295367067181864,-0.014813495424200155,0.0016815459053133072,0.004789463425710528,-0.002110407407748606,0.008248845055836203
B0033,45,1.6117053637342613,1.6880271587716995,-0.11186248289365075,0.01613018364831919,0.008705908041273027,0.00024849547393691266,0.00859551475513794,0.0018605858661100126
B0033,46,1.8851401699720662,1.693972341371765,0.12202269144356323,0.0401850442129014,0.011676137583170694,0.009461068233276174,0.006369305227687772,0.0014535817316621103
B0033,47,1.6584957887780232,1.6934715645850145,-0.09432739661360168,0.028877514716490145,0.009403571689816377,0.012662069005815698,0.001725193592705126,0.006683271713816345
B0033,48,1.62418934644937,1.6838240007323555,-0.08686042722267595,0.007242005845781511,0.016964338321525354,-0.002819522647852951,0.0011096170739721407,0.004729334270418213
B0033,49,1.6041720988563641,1.666207789483711,-0.0633950141615107,-0.005189451576935696,0.000920315371775448,0.004993070502468907,0.0002025101887510518,0.0004328789793300442
B0033,50,1.6080016740907346,1.6514503260749245,-0.011374469204079305,-0.014480411961216551,-0.0033990501618588725,-0.010567974963702192,0.002215968232139557,-0.005842713995599402
B0033,51,1.6256752138435595,1.6266678900379248,0.043154503378140696,-0.022856830614198527,-0.01564745600977783,0.0030857187543367848,-0.005317234418868097,-0.003411377360369433
B0033,52,1.617632765910718,1.6067225056391399,0.049787455623778745,-0.019448241611092792,-0.009975297744016768,-0.0031848262206690247,-0.001956724701982006,-0.004312105147969939
B0033,53,1.5973191489094263,1.5923473609123844,0.028144106889154197,-0.012358864578150747,-0.001289373473424662,-0.01101721509376455,0.0017593243976886763,-0.0002661902108140021
B0033,54,1.5875852250170606,1.5838928408718145,0.00425940982950753,0.007788093365569238,-0.000652519115713093,-0.0023241802769222264,-0.003923994868733656,-0.0014544248513756416
B0033,55,1.5802530015403684,1.5827157294602316,-0.01630222398208641,0.016362643458829765,0.0022488955126505816,0.003305569864874032,-0.0037727143863843524,-0.0043048984480701675
B0033,56,1.583036530487776,1.5731149582444486,-0.013109677937688103,0.012793808436562751,0.004135420993534252,0.0067675662624343165,-0.00045621738900622483,-0.00020932818381648745
B0033,57,1.6027138832797037,1.564555262827466,0.012518242932434908,0.002722128067767098,0.01184213130545769,0.0038725684919537428,0.0005590284369224556,0.006644521149443034
B0033,58,1.5930709154513834,1.5668823697681469,0.014399751371887058,0.002089417262502978,0.004180390475411441,-0.0001775851101805846,0.008969417782296362,-0.0032728461635327484
B0033,59,1.5448888685020246,1.5605328541038914,-0.02095962046051982,-1.8275604428775467e-05,0.0007678487915996988,0.0002928734012292264,0.0009416714671123076,0.0033315167553110933
B0033,60,1.5352188565640517,1.5535241338422512,-0.01759680493047426,-0.00037698791019687736,-0.001263069735280934,0.0031404152816650426,-0.002707629668873095,0.0004987996405477976
B0033,61,1.5252677314227332,1.5490235373332502,-0.016695418829017046,-0.0021316401015098645,-0.0029359957638505495,-0.0007389336224014222,-3.64220814018171e-05,-0.0012173955532333793
B0033,62,1.5559492005453626,1.5457652073221566,0.01657413232745239,0.0025128312286901385,-0.003246078807043619,-0.0036377229123722237,-0.005411052088871484,0.0033918834236137895
B0033,63,1.5648029438427147,1.5494618164154832,0.03167738116170694,-0.006824358706359218,0.001533342669531873,-0.004645818779410337,-0.006919275390464171,0.0005198564173615429
B0033,64,1.5518620461881205,1.5504554243194935,0.015936676470395008,-0.004621409260924353,-0.0006281548774752834,-0.0009863435933540985,-0.0013718255220648537,-0.006922321398242253
B0033,65,1.5144550545105004,1.5525227962483974,-0.031360275540370144,-0.003704888668554759,-0.0023934166939607524,-0.0009552903301381048,0.0006004469548564031,-0.0002543174968066021
B0033,66,1.5051936202146428,1.556875008780042,-0.0530316505177489,-0.004816478543072502,0.003313061596420953,0.00047255964062192194,0.0028385300182785745,-0.0004574107937043169
B0033,67,1.605823969917045,1.5648954264443067,0.033531491083123796,0.0006218111375034016,0.0015131334753791324,0.006097443839249988,-0.0015817850647449573,0.000746448932869222
B0033,68,1.6249005195877049,1.5719278088207989,0.04104540959294364,0.006735123358454543,0.001589135032030356,0.001725250570727958,6.314250959813383e-05,0.001814649627054135
B0033,69,1.589785130036615,1.5698768167284571,0.009117496585467939,0.005594836865104559,-0.0014046776031313905,-0.002864528052510572,0.004287359403978431,0.00517782604555777
B0033,70,1.5552386152299904,1.5751136831076689,-0.022852427310375605,-0.00301515659983929,0.007567117887099775,0.0028868457031656193,-0.0026093368710247756,-0.001852110738189934
B0033,71,1.539756404636803,1.569619375569808,-0.026001374839122085,-0.005024212107924405,-0.0018611386818269233,0.00977249495559219,-0.009456676863876199,0.002707936558136393
B0033,72,1.5293174002138357,1.5656545089928118,-0.027024165764028423,0.004180961031541261,-0.0054238511447727645,-0.0060492509611087064,0.005269846388388321,-0.007290648371323577
B0033,73,1.547680553576876,1.551598308376307,0.0037206562729083298,-0.005554386416980843,-0.00026794893771243185,-0.00204307033500677,0.0011932753805990316,-0.0009662808120537053
B0033,74,1.5659920939439786,1.5423072562062494,0.023920694759828064,0.004983843480608266,-0.002651278953630905,0.005178989800929305,-0.009391406865656177,0.001643995460365709
B0033,75,1.5416252851780505,1.5287806186220378,0.013329817479271974,-0.0002823508716145079,0.0050187702557562795,-0.007667391161574799,0.0021002681605996206,0.0003455526468979126
B0033,76,1.517590655990168,1.5210814064877218,-0.0013974284029647044,-0.0009414880265189204,0.0017455368622766427,0.0006768591312683874,-0.0007208978166987736,-0.0028533322831013007
B0033,77,1.5075202042593092,1.5094112520700558,-0.0033300893629179644,-0.0015560576615838827,0.0019765467876816743,0.0034175760737410253,-0.0010973836583606559,-0.0013016400239336155
B0033,78,1.49549282626034,1.4945185666983842,-0.007745499829395956,0.002049188613926694,0.0020999299540589975,-0.002705298011974398,-0.001266784299156207,0.008542723104118934
B0033,79,1.4997618811573148,1.4933284861071883,0.006540510812837777,0.0017492272155578718,-0.003552495644312758,0.0009486813110894949,0.002283259019271305,-0.0015357876962032045
B0033,80,1.4906966807803954,1.486552415855847,0.006979865537785709,0.0008851797339703209,-0.0002749013766037838,0.0004752888210928878,-0.0018079116370929014,-0.0021132561832869117
B0033,81,1.4800999425051866,1.476084525893717,0.0018272919677988532,-0.0024006120808769673,0.005537888296407277,-0.00012791634667332243,-0.005519310577090565,0.004698075326964889
B0033,82,1.4676091496100632,1.469837017735431,-0.006003575204228437,0.0017090379337731311,-0.0032418379640729664,-0.0018699289634833377,0.008020236035657727,-0.0008417999835402051
B0033,83,1.4729818491920503,1.4657756563361743,0.0024315638562471898,0.003916095185096817,-0.005110682510306465,0.007909535926637148,-0.002514560838799249,0.0005742412145758872
B0033,84,1.4742872137206404,1.466345466555677,0.006352290406818445,0.0028551244346613413,0.0022201118571318736,-0.004895552897552347,-0.0006587933065364748,0.002068566647554878
B0033,85,1.4635162808346138,1.4654676282114416,0.002999247184224095,-0.0014957592193921216,0.0049245842386193926,0.00047791885689402446,-0.007001329295893795,-0.001856009160359874
B0033,86,1.4527095680488362,1.467125521137844,-0.002457228632593648,-0.0035006599632919407,-0.0011501069489996902,-0.002836895039615692,0.002012086294039446,-0.006483148813808555
B0033,87,1.4557303847230247,1.4611687344691031,-0.0013215131469147697,-0.001738773005099228,-0.004764612738569548,0.00012674976114574732,0.005260225034822993,-0.0030004256677931274
B0033,88,1.459740099618568,1.4598334870034335,0.001874119512702226,0.00034960146543145916,-0.0029675806049385607,-0.0011699363536356935,-0.002343213922760191,0.004163622500589055
B0033,89,1.448711504158192,1.4617638510512077,-0.010292267860909997,-0.000541321963738483,-0.00199517751632755,0.0010773333535087628,-0.0014689112685142187,0.000167998349115874
B0033,90,1.4666759762884336,1.4573292356241576,0.0020132682332586836,0.0014514654325152873,0.000501992678779327,0.00291913524784292,-0.0033544165378028975,0.005815295589485975
B0033,91,1.4689502109504418,1.460469871471754,0.011655003003813249,-0.0016605897882162935,0.0020469566903306598,-0.006227168424171705,0.0031515914321429547,-0.00048545345621139034
B0033,92,1.471116588522042,1.4508761781996622,0.014750763099286713,0.0027990140502380163,0.00020320433052567922,-0.00018653511933235358,-0.0009750707412182716,0.003649034681114565
B0033,93,1.4473012364654927,1.4559154653220305,-0.001926224316794946,-0.0027133716813926914,-0.002582481280718668,0.0002117518545611464,0.0005992659019285863,-0.0022031693474729008
B0033,94,1.4205315547561643,1.4460491698731146,-0.022253107667584867,-0.005310703700873052,0.0028325201229193486,-0.006791846313884331,0.0018915161411459933,0.004114006297432597
B0033,95,1.4241466094817417,1.4451198016219815,-0.013092770298441771,-0.0028255010731987685,-0.003878936708880354,0.0022052674309888044,-0.002511190446503639,-0.0008700610493752812
B0033,96,1.4412820083364295,1.438650111491568,0.0036903256794284943,0.004597513088007441,-0.0005715398664915554,-0.00015076167012111421,-0.005768831196771552,0.0008351907995848294
B0033,97,1.4448965388921615,1.4376185245330009,0.012363205724935909,-0.000616492456410086,-0.0011396897600742333,0.003732524286277423,-0.008178981162111108,0.0011174477140406009
B0033,98,1.4540256354795746,1.4361654815080147,0.019571872031537478,0.002479157840018698,-0.00013337002452430547,-0.0010970317339786685,0.0017803991891480724,-0.00474087334636874
B0033,99,1.4226030447542912,1.431898550401993,-0.005242540571304214,0.0003125003060457988,-0.0029697543198854296,-0.0036315242643883746,0.001602009282029344,0.0006338039151752254
B0033,100,1.410196954589097,1.4300054444850552,-0.012867899108748916,-0.007200396887340238,0.0001510423116247347,-0.0028732119053863163,0.0004360582850027586,0.0025459174086472237
B0033,101,1.4144881298999457,1.4301975767214905,-0.00843706738734677,-0.007568835125348994,-0.004797769936605702,0.00698654030419802,0.002469699874675659,-0.0043620145528758675
B0033,102,1.431360032946153,1.4185962691877467,0.002365128903669069,-0.004602263688311532,0.002258480511962554,0.008277832640790324,0.0009222335230436288,0.003542351859532734
B0033,103,1.4515133236517528,1.414685252581581,0.021216389940029085,0.0075855276107851775,0.006925904679327258,0.0011008301276839495,-0.0002628299621401881,0.0002622486596468133
B0033,104,1.4230376757726733,1.3975309134983909,-0.014098764208845881,0.01974941802355302,0.013168230836373527,-0.0015458395163592245,0.0050911348956441905,0.0031425822391374877
B0033,105,1.396298696255913,1.396830034748893,-0.029262475241287417,0.024221499963825537,0.006932827404787696,0.0004544045522531146,0.00052629227674127,-0.00340388744463257
B0033,106,1.3979060730399124,1.3871234569516357,0.0016763574452671806,0.01516974549653149,0.0008426325709108579,-0.0016408278471169448,-0.003794837519448583,-0.0014704540537676563
B0033,107,1.4011347560096767,1.3890567105329992,0.035328135716850756,0.0014135592396476778,-0.014160253947288176,-0.0009260837645708353,-0.0070239537158116256,-0.0025533580491912417
B0033,108,1.436782528945267,1.3999229722094935,0.09579256146157014,-0.021101680327353555,-0.015454802597233561,-0.005713744000801772,-0.009240822748440642,-0.007421955061602494
B0033,109,1.4370006879546382,1.407643455401414,0.10188457466817048,-0.0382501433194488,-0.016020670454723388,-0.011629202397124798,-0.0029637019434873902,-0.003663624009874264
B0033,110,1.410355528453481,1.4343962722901114,0.04271253564880683,-0.03733543538583377,-0.013457153891902622,-0.005760718334323494,-0.004681219977722399,-0.005518751895953582
B0033,111,1.382633397996189,1.4522097544382249,-0.05017409904624989,-0.01909228698958477,0.0015024756117755166,-0.0022856755610859473,0.0018435319566936657,-0.0013703024040890317
B0033,112,1.3699403583067564,1.4749662270288562,-0.1314319864966053,0.0037366432050883578,0.012086703382247866,0.0037818812711530644,0.0016631849165597214,0.005137705013436506
B0033,113,1.3786129327882322,1.4933077032899587,-0.1901771004000383,0.02423622651414785,0.029987674899168378,0.007473598562272122,0.008672197419049956,0.005112632514589397
B0033,114,1.8035959863147193,1.503191478644679,0.1976630121307821,0.05059728857334217,0.032578961038145476,0.009613069528215149,0.005346920814034589,0.0046052554462904845
B0033,115,1.4234424290662009,1.5014624204204474,-0.1583909774762749,0.03120367387068348,0.0274610349578891,0.008872019439941418,0.008722288308451589,0.004111969540140443
B0033,116,1.3946003892958663,1.4874771679988497,-0.12060803481938587,0.002410989975083572,0.015549611840828776,0.003929940315271102,-0.0017838111694685307,0.007624525159955129
B0033,117,1.3961613987822286,1.4664226838159704,-0.04206358066334557,-0.029396352743925862,-0.008647046651844934,0.009873426815183245,-0.0024615550752163954,0.00243382329012361
B0033,118,1.384968608315797,1.4319661766071754,0.017358380238325127,-0.04591210602947825,-0.020299370239131403,-0.00471974828245433,-0.0007189953195547933,0.007294271349585722
B0033,119,1.3715114742475478,1.4074885865533857,0.0363793720215211,-0.030902927505148725,-0.031775263002451766,-0.005470525807145981,0.001981989761149886,-0.006189757760337621
B0033,120,1.3616865084879255,1.3872731367035736,0.04331289709893092,-0.014021045656829816,-0.03338422019775624,-0.004263023926212877,-0.010288919235895137,-0.006942316280988878
B0033,121,1.3796301360966086,1.3642943006326962,0.06138481297838381,0.01291144792389712,-0.03819661172124895,-0.012175169441091106,0.00031645078072936903,-0.008905095046201225
B0033,122,1.364231776003204,1.3505361411583308,0.03783706480551405,0.028952917837537718,-0.04069177661864541,-0.00848511899007125,-0.004413386890846932,0.0004959347173820336
B0033,123,1.3418414512081456,1.356592740643339,0.005330533624694048,0.03597178791478606,-0.04030450437678691,-0.007485255341080653,0.002116512130779384,-0.010380363363678067
B0033,124,1.3552215695792247,1.3597971229110566,0.015219553191452522,0.031341838327020935,-0.03486133317214581,-0.010802512555435215,-0.0012925152964455477,-0.004180583807098784
B0033,125,1.3403860264029774,1.3733636293297222,-0.00141243214799403,0.015192464820945585,-0.03132688853579771,-0.008315584129001638,-0.0016374782645079194,-0.005477684645967695
B0033,126,1.3594078914195438,1.3908459776810642,0.01536687065191211,-0.011055804005230346,-0.02511434563881148,-0.006286068099651084,-0.0009004687602249159,-0.003448270391813784
B0033,127,1.3457100861355502,1.4057381285943022,0.008623859659416377,-0.0488779874001409,-0.01962254297298052,0.0004429897586557518,-0.0038833412755014955,0.0032889797943392684
B0033,128,1.3477611420854358,1.4218992363013239,0.01305849263521405,-0.08003320851171643,-0.002754469112691913,0.0003539537590774665,-0.0065887361439583075,0.0018258731800029735
B0033,129,1.335482103134067,1.4189085213669457,-0.00452826265741182,-0.10860374209763504,0.016734658276391128,0.001795430053107788,0.0062667593898463065,0.004908738828976905
B0033,130,1.353154941842234,1.4237545487980516,-0.004140997984031003,-0.10590888549335999,0.032437809004922685,0.008487070256273158,0.003790592922013414,-0.005265195641725754
B0033,131,1.3709677706044292,1.3950348153731054,-0.01427231160350484,-0.07753464400111515,0.0441997671716876,0.008698507707345104,0.009411532812479171,0.0054301031580488825
B0033,132,1.357426672491866,1.3638104179241413,-0.06622526289392963,-0.024970585677725966,0.0587483782712922,0.018167156525949725,-0.0016501509405826749,0.009546719301122032
B0033,133,1.3443678821106904,1.3022374207122134,-0.10448129055730411,0.04241648964009115,0.06810197043758193,0.023697444557081702,0.0026698916584480307,0.009725955685592902
B0033,134,1.33005823859453,1.2294756526609183,-0.137135341892618,0.1331038275516027,0.06643252806769395,0.01803991051946274,0.015279342929475935,0.0048623187860646466
B0033,135,1.4033641858066626,1.139488543145507,-0.03961355433689827,0.20267538623866704,0.0684800009841834,0.02339950308351912,0.0023895255549893093,0.0065447811388661
B0033,136,1.3865570950229378,1.0289641456677003,0.01446132679203923,0.24883278087427968,0.0630960673851733,0.01305317825179627,0.003912710388417487,0.014236885671640737
B0033,137,1.3704138176872631,0.9236687959260059,0.12309052272718515,0.2591377614044329,0.04237696872555434,0.014557187304343966,0.0038478612852193067,0.003734720328334077
B0033,138,1.325319393635713,0.8110504499718725,0.2559988783220507,0.22784959007939343,0.022696637916455972,-0.000472447061899792,0.0038089758610152583,0.004387308576569494
B0033,139,0.8439684993200656,0.7044333053656581,0.00566410133507341,0.13702838725328242,-0.0003858002067927222,-0.0010488261260758018,-0.0020315473274170257,0.00030887922614264435
B0033,140,0.29866180371583506,0.6108731937437033,-0.29283199258063586,0.023400742404748442,-0.03156661054700526,-0.008049602193639711,0.0009425187017239492,-0.004106445420597801
B0033,141,0.2344867974702557,0.5437432990373302,-0.11350518909388116,-0.1169636802260988,-0.04859841098663836,-0.016599950289883002,-0.00392025113362004,-0.009669019421818255
B0033,142,0.20256330380725823,0.5013594351101534,0.039287510289723215,-0.22740175686613337,-0.06637073546949218,-0.02268317887166957,-0.010001395083785185,-0.011626574875124338
B0033,143,0.23531995654070248,0.49322988176433935,0.1793859853215693,-0.30741584743909767,-0.07942633255439682,-0.025659118996258237,-0.013923100349325972,-0.010871510791286938
B0033,144,0.23550427837482876,0.5233344908354126,0.18784894867052498,-0.3407603548873683,-0.08155574206957907,-0.031676440668028306,-0.007247774286353467,-0.014438848805003991
B0033,145,0.4304242256752923,0.5867818688298958,0.2652090667952845,-0.3017718000639203,-0.07368791829760879,-0.027617357301036892,-0.011332998498317573,-0.007156635443094097
B0033,146,0.46436333202696434,0.6784243416549949,0.047127179616868596,-0.17735555695800043,-0.05114318026902546,-0.016636872984436356,-0.005683024738409996,-0.010369553961107253
B0033,147,0.3994839380247729,0.7883578092753394,-0.3557050310020348,0.0014287163635753877,-0.021631854842518346,-0.0017118579146954474,-0.005769017816881682,-0.005484825681170021
B0033,148,1.461469789426299,0.9090696122260868,0.34992501573433643,0.18087496028294844,0.013909162010323441,0.001808667274424407,0.0010486517577320041,0.004833720122089873
B0033,149,1.4150999545382532,1.0370099400731432,0.03854380793025428,0.2849126311442595,0.032925630710903445,0.014954460262155057,0.002509389875591859,0.004244094539970811
B0033,150,1.383632373873956,1.1580902206027077,-0.1624261524935567,0.30071957865666316,0.051023532864650376,0.02565438122911203,0.002424146973200778,0.008146666050321119
B0033,151,1.3705402893609833,1.2642523802980206,-0.23994684117501375,0.25353678410654323,0.052056660948701636,0.018885424732406206,0.013095542231414957,0.008660338232678482
B0033,152,1.3557042566115398,1.3585460133470513,-0.24121161551501955,0.15066632203942726,0.04953756265644175,0.01992743467009952,0.008154557742627055,0.010083981689922129
B0033,153,1.3578385793919763,1.4210087806333322,-0.1648327585134944,0.0238806406200222,0.04025187446922167,0.01832059608402416,0.010296370470677753,0.00891307564644821
B0033,154,1.3609083979571395,1.4713092887538655,-0.07495714905369218,-0.09288042224530328,0.03148332372249864,0.01385662286848407,0.004679473087493087,0.007417260840964676
B0033,155,1.3495626547684758,1.5000668435753775,-0.0176487922440913,-0.16504575919189143,0.01770332221673695,0.006594091957089328,0.0026422212995669825,0.005250727176867242
B0033,156,1.1888877132486642,1.5086633155761824,-0.1511244612677774,-0.18108012469200266,0.004752608328632861,0.008410217682609054,-0.009255687238165557,0.008521844937131305
B0033,157,1.5041493934608645,1.505791795840559,0.14887884321410733,-0.14065824631364154,-0.008528144812477299,-0.0005520757844088102,0.001843449096441929,-0.0026262278131522236
B0033,158,1.4899088638712767,1.4865591145729036,0.0967291737269152,-0.06965462994892925,-0.01776580064195077,-0.006315730157984251,3.183164121011729e-05,0.0003249046507072718
B0033,159,1.475330178643193,1.4676418052155595,0.04839977784238761,-0.008586578690370494,-0.023672365199034758,-0.01170221595696289,-0.0018852882741800178,0.005135043682539599
B0033,160,1.459830765413703,1.4564475767663476,0.006904088258225273,0.03351050939728898,-0.02569147311240642,-0.005325415184114183,-0.003869607245870532,-0.002144913483546077
B0033,161,1.4474169057725728,1.4425253126072688,-0.0024969356570400682,0.030420801577167037,-0.006440175483906885,-0.01009699131798275,0.0017152413915981987,-0.00821034735792408
B0033,162,1.4676323674647154,1.4256472244839646,0.014434723426183165,0.04138979206046795,-0.0029336516771983133,-0.004412790168930841,-0.009895627874421822,0.0034026971941159057
B0033,163,1.441552493165527,1.4180727331860934,0.0045785426553597445,0.013897568422671308,0.004987266569257589,-0.0016834213340857877,0.0040334133993258576,-0.002333609744415686
B0033,164,1.418392873584403,1.4146600366264372,-0.009313962412291439,0.004659054750051436,0.012935923424004783,-0.008920067379725685,0.0024790745726162456,0.0018928140001720863
B0033,165,1.4031824838852518,1.416237829306107,-0.010839287175792231,-0.004780365721793786,0.003920968448217693,0.001912140282468766,0.004817400283386642,-0.008086201535106807
B0033,166,1.3911104661211642,1.405368589585632,-0.025868921656501818,0.0017951835992129146,-0.0005601493749990054,0.003425224481079224,-0.000762517214135975,0.007713056707377381
B0033,167,1.4086019958134537,1.3965178851675097,-0.0051310885195834715,0.0050142614546886954,0.0011348229490227854,0.0036796976180715033,0.002472348676782818,0.004914068467282337
B0033,168,1.4137708903948947,1.4011090287214207,0.014245651328651202,-0.007436672448030691,0.004859626292724988,0.0006800635778981425,-0.0020958974392903907,0.002409090360015365
B0033,169,1.412472234540845,1.3959039642274602,0.017714488160756405,0.0037395929710436235,-0.006475599521940453,0.002506735970866515,0.0014422516164431442,-0.002359198884831167
B0033,170,1.3831900026575588,1.3898129899210516,-0.0031879214717071957,-0.002157560271096509,0.00013907520890525427,-0.0027741077531098133,0.002690037472745929,-0.001332510439931634
B0033,171,1.3646098107432565,1.3882726238287713,-0.013459860514150287,-0.005327162152352882,-0.0006724399508686037,0.00029382439494947366,-0.0008770288971942929,-0.0036201459500350593
B0033,172,1.369751365782437,1.3811721728216944,-0.008033462925849194,-0.0008802249425310911,-0.0007542476631339935,-0.0011971760028610095,-0.003714762044341811,0.0031590665535062815
B0033,173,1.3867946911071662,1.38458382650439,0.003239946855698653,0.004736251029842488,0.001993198823732213,-0.0028378301267807183,0.000998464685092312,-0.0059191666567833
B0033,174,1.3918615875742792,1.3754487869469765,0.018826520874208687,0.0012714402805246263,-0.004501853635107937,-0.003996327706119556,-0.00020110933557503698,0.005014130155607042
B0033,175,1.377162352180965,1.3721148038025848,-0.0022193615370601377,0.003346637443587121,0.0024298654125173196,0.0025249563166253155,-0.004876538813355749,0.003841989567494818
B0033,176,1.3599525359390852,1.3726320668130887,-0.013790260199438392,0.001808824554362428,-0.0014805133640449176,-0.0006373222195635803,0.003533349140376373,-0.0021136087681868183
B0033,177,1.379779043170725,1.3719334375865444,0.009067266447022316,-0.0028218753679626644,-0.0033653187190332604,0.002875323774218945,0.0073559047447913535,-0.005265695284352044
B0033,178,1.3631373661966442,1.3674497432169224,-0.0036646588933066685,-0.002913101876910146,0.0010639754466248586,0.0015154365452681052,0.00012847464920588713,-0.00044250287477680183
B0033,179,1.3652295228794809,1.362054277689357,0.005114911222242279,-0.002221544946696338,0.00016280255595636813,-0.0017421036863456412,-0.0031752325962262477,0.005036412656837694
B0033,180,1.3498620694059131,1.3622622533270852,-0.007297275150219583,0.0009289440407992377,-0.0022429871946404102,0.002362058501443493,-0.0032561042820579114,-0.0028948198154232522
B0033,181,1.3529504172332432,1.3531426588682576,0.004991005262631503,-0.003177655909266888,-0.0012467412518716897,-0.00013730622986325385,-0.0015574547832904872,0.000935911296628807
B0033,182,1.3535740542605128,1.3486897163033786,0.002169293647537499,0.0025505139323379286,0.0021136196857317654,0.0016831976261743558,8.028367947506877e-05,-0.0037125705943603627
B0033,183,1.3432225183905024,1.337084855824424,-5.5440971002527835e-06,0.005240315487015569,-0.004754514470553858,-0.002580043311412126,0.002366077085066205,0.005871371896482304
B0033,184,1.3412081769053426,1.3324229238435226,0.004677269553872836,-0.002174673883627751,-9.763626236470507e-05,-0.001261411827487913,0.0029451628669404087,0.004696542638618103
B0033,185,1.3277389969987805,1.3306919190561035,-0.0034329555363911534,-0.0022116111116777188,0.0005770096200783265,0.0021587906626255866,-0.0014846198087397542,0.0014404641456712724
B0033,186,1.329778900445409,1.3338721034668974,-0.0038853757460841415,0.0032341438843025427,0.004632156929972971,-0.0027268312037188173,0.001233606883230458,-0.006580903741022382
B0033,187,1.3356045028702495,1.3242146771852876,0.010691150140680693,-0.001220988377106664,-0.0009471083217100326,0.0009606405653841179,0.00011887227207690965,0.001787259431747585
B0033,188,1.3177489685711123,1.3241396291911758,-0.0036901326042260906,0.0008913760779126381,-0.006132747354779264,0.005526637783431832,0.0022875035401583622,-0.005273298030141739
B0033,189,1.317605472474197,1.3199439370985109,-0.00368701989774591,0.0008099798888144589,0.002996685027587527,-0.0007724679252849557,-0.00293283610264418,0.0012471944174289296
B0033,190,1.3185279522072382,1.3177471270064538,-0.0005998366293182087,-0.0029448507472683836,0.0057056315784459735,-0.0040582766639379216,-0.0001645369819005028,0.002842694676907364
B0033,191,1.3215397269813982,1.3213205203276246,0.001008221186160807,-0.0010255225997317634,6.948906270641542e-05,0.007251267631100204,-0.005319370300154869,-0.0017648782952273338
B0033,192,1.3046615372928705,1.3249338716223449,-0.01667462624586597,0.004313275808071772,-0.005013682704645246,-0.0043161029176963205,0.005396769859843318,-0.003977968092139105
B0033,193,1.3280324770208678,1.3290760996713875,-0.00361319866687982,0.004435228798055433,0.002716370125844497,0.007724732167675878,0.0015320812866451807,-0.013838836333074839
B0033,194,1.3634549770713926,1.3309165988718221,0.035042534426423785,-0.0017688829653419653,9.251553311687357e-05,0.00958585083220363,-0.0026360392871147696,-0.007777600323445781
B0033,195,1.3291316747402466,1.3337075504877869,-0.012099292044920428,0.006672968759858598,-0.0022192687290761874,0.01614783678961864,0.008169025167698976,-0.02124714566232216
B0033,196,1.3124201086917682,1.3344051887953268,-0.03135122326144936,0.004084742591882247,-0.003516392841915255,0.027249585587909,0.007669233236265245,-0.026121025381948722
B0033,197,1.3152825503676357,1.3391896264186351,-0.024854059859453232,-0.005368391258907578,-0.0031688633314130355,0.03659125927875961,0.014079833455772479,-0.04118685430246708
B0034,1,0.7459302957645664,1.4780108242190246,-1.0528734862615932,0.8022514447006119,-0.7001544146097148,0.2946941193573671,-0.11508084346916315,0.03908265244893947
B0034,2,1.6623217152845853,1.486298152658959,-0.06254217649886261,0.6524934048883679,-0.5729364535034888,0.21329676015902732,-0.0712934418466807,0.017005469159379658
B0034,3,1.645087369694532,1.4862989279494916,-0.012656172951462786,0.5140137732388725,-0.4649407035090517,0.15772786942852862,-0.0411115026728285,0.00575517795981401
B0034,4,1.620729289277574,1.4861686730134582,0.013722806596229119,0.4064391766114214,-0.36810269758916,0.10665513441827977,-0.02196403245411471,-0.0021897715460837287
B0034,5,1.5967402025126005,1.483078392777364,0.03565668158680834,0.31450964176234275,-0.2972927259607265,0.0730704899963016,-0.01001684427177119,-0.002265433581995827
B0034,6,1.4856500618812698,1.4822329805909908,-0.03727781745125474,0.23856807899812552,-0.23557374333256845,0.045220676984801964,-0.002706251955978165,-0.004813862049380489
B0034,7,1.4866702197497013,1.4759748796561667,-0.008503394012624062,0.17941173920657028,-0.18925009985231814,0.028210249924921434,-0.0012694642726705518,0.002096309002132946
B0034,8,1.4701330958405268,1.473893693665533,0.0013987242540759333,0.12473018178419841,-0.14866685806133653,0.01914113554719014,-0.00011288164731020924,-0.0002508997833074828
B0034,9,1.4565041801019636,1.4716156444946866,0.006490344665483465,0.08302774631008601,-0.11685613565771114,0.01685224173062617,-0.0009107103726699338,-0.0037149511368029012
B0034,10,1.4418961035576472,1.4670549047927401,0.0009482548033194593,0.056298501896760104,-0.0894623309732259,0.010226975115678981,-0.005408750411144225,0.0022385482794215128
B0034,11,1.4370949588970292,1.4655259414327895,-0.0015083024489191679,0.03973033944768129,-0.07087193539084277,0.004381342273284772,0.0010225774268723276,-0.0011850038932772577
B0034,12,1.4458703624967404,1.4607643080940564,0.007777092604396508,0.028243067476675734,-0.06036498813367643,0.009311628516567689,0.0007358948741813269,-0.0005966409934127333
B0034,13,1.4321040545618373,1.4606085793034977,-0.013718286679819152,0.022911117849748985,-0.04463039019448214,0.008127194778122467,-0.0015170332800918996,0.0003228727402611321
B0034,14,1.426720633302465,1.4577265789555456,-0.02717348659032318,0.024947992479540767,-0.032651023350091436,0.004296314531578895,-0.0013300508000781426,0.0009043080369134924
B0034,15,1.4230846885129826,1.4585787067358682,-0.031087918011786765,0.02100850771349378,-0.03004171859835173,0.0007509245335584219,0.006780360188271259,-0.002904174083922823
B0034,16,1.4409479522418907,1.4602175129037738,-0.009228722350489464,0.012111929659132992,-0.02318699336619162,-0.0006384806746038565,-0.0007107277921289322,0.002383433809220243
B0034,17,1.486901544051865,1.4666060944973036,0.039952486067223694,0.006400725805606137,-0.022713288022610082,-0.0031016218553657953,-0.003375881883144877,0.003133029345105082
B0034,18,1.5245313226850703,1.48209677928192,0.07930600358587002,-0.005636901772989374,-0.02401059987492687,-0.0016854077822691673,-0.0003739094562966865,-0.005164641430481067
B0034,19,1.4629049605190707,1.4949426548971478,0.01104152691320898,-0.014024615201526574,-0.018704738000836368,-0.00031137730315230463,-0.00370988342929163,-0.006328607430952591
B0034,20,1.4230794508549893,1.5021007916798803,-0.04880236705415385,-0.011902771172277763,-0.01575392633488086,-0.0021521398501227517,-0.0033152880579585702,0.0029051516086553825
B0034,21,1.4051040863603435,1.5178322849092218,-0.0974246583673825,-0.006702405917859598,-0.009557443640640912,-0.0021153040723283665,0.0024956098464587735,0.0005760035844608131
B0034,22,1.6329463925070862,1.5312079742282982,0.09737126701265493,0.004940280590192516,-0.004166707186717963,0.002561054233241064,-0.0011297105534824187,0.00216223394350677
B0034,23,1.5687138208259117,1.5328397678571464,0.009479037463419939,0.01025047735011348,0.007605989046404191,0.00047436356010116987,0.00500172622428141,0.0030624591473500506
B0034,24,1.5149520966053402,1.5374122710828393,-0.050730328289615254,0.01652688679660689,0.003996774817525463,0.0035079783066775463,0.004710885319550359,-0.0004723715531968227
B0034,25,1.4855182940634626,1.5277678784694897,-0.06928907535372021,0.012858593748530541,0.004596843259600679,0.004802538368432639,0.002947445499571319,0.001834069975152504
B0034,26,1.480771929049074,1.5129384780827364,-0.04227051623157054,0.001791407943676905,-0.0023453589664179223,0.003112410940166006,0.0033825894117628856,0.004162917776918233
B0034,27,1.484026357317059,1.5007143314486169,-0.011386706164693668,-0.003578720486346886,-0.007777808629514415,0.0037900641799703937,0.00010625311144601684,0.002158943762622148
B0034,28,1.4922153055506522,1.4868035512371052,0.02477666983269177,-0.011221867609819603,0.0006391290110679888,-0.005735096281952376,-0.002482547161372798,-0.000564533579968645
B0034,29,1.473312924099279,1.4687240188304602,0.022420086537648796,-0.010197296711282194,-0.0008631878987208083,-0.0020555711175573553,-0.004468623149678188,-0.00024650247615907935
B0034,30,1.441593178980006,1.4545864818960952,0.0002303101342892422,-0.0019253751186791629,-0.006461533088311941,-0.0025406662448275276,0.0008672849921219757,-0.0031633236444851345
B0034,31,1.4225873198015788,1.4416144556078914,-0.01414680334813607,0.0036252473910955633,-0.002682983692655426,-0.0024829214275980203,-0.005020299159196174,0.0016806243948074675
B0034,32,1.4266489379486664,1.4332016418844125,-0.00999757240618861,0.002431842039061699,0.0052269146022953785,-0.0037445296500683697,0.0014172873791819635,-0.001886645939337309
B0034,33,1.4596775560238577,1.4253131500665401,0.02428252892939072,0.006465316060764867,0.0006564375194778394,0.002012437955838845,5.35259214763888e-05,0.0008941594990258974
B0034,34,1.4396159938545154,1.424396825353046,0.010480090610325486,0.0006757892149988527,0.0023207430781583237,-9.302177941071093e-05,0.002508425511244147,-0.0006728581857323381
B0034,35,1.4195512657848512,1.418455533005068,-0.007692876926724842,-0.0015296723196599033,0.0022866030589226054,0.005547005601978307,0.0028823410286732054,-0.00039766769583157144
B0034,36,1.4118101714470452,1.4207445799552543,-0.012750781255627968,-0.00488186847434383,0.002179645802086355,0.0007718137293645928,0.0018498916849160935,0.0038968899804781416
B0034,37,1.4044196701845313,1.425360326805444,-0.02737293721665006,0.001297294720789632,0.0016424221649159099,0.0034208706409652257,-0.0003685675691401441,0.00044026062045715006
B0034,38,1.4735059098606866,1.4321273386693842,0.03254083959827943,0.011265390318085638,-0.0012417895214725055,0.0037990829022382386,-0.00518582262085686,0.0002008704302734829
B0034,39,1.492658600645149,1.4455417354729125,0.041680776336552906,0.012453709053909757,-0.00188835467852851,-0.0024291814626255437,-0.001431759969370665,-0.0012683242110322647
B0034,40,1.4820260149945934,1.4651296798495963,0.021679572108323292,0.010392530784190926,-0.004076317439420679,-0.006331463707655492,-0.0017853220345919142,-0.002982664658867333
B0034,41,1.423575357658995,1.4883964506896017,-0.03718249649948847,-0.011486262818101925,-0.0051813418151051985,-0.006471864730101681,-0.0036730721733872216,-0.0008260550307506048
B0034,42,1.4038252197245347,1.5176013816698368,-0.06064276881498763,-0.03337129499640488,-0.007855684925273108,-0.0034040250482372356,-0.002683286551284199,-0.005819101626288046
B0034,43,1.5363173478836125,1.5475490848561213,0.04499130698199057,-0.04018736395357797,-0.007955698044781936,-0.003585158523812007,0.0012562901268010265,-0.005751113704802852
B0034,44,1.5440367168176732,1.5689299208358782,-0.008890442086654486,-0.023999082837348522,-0.00029321883497141643,0.005776492572360413,-0.003747481668104011,0.006260528683351672
B0034,45,1.507892155360249,1.5906860083933423,-0.12156308657941375,0.02265348861401744,0.0013052821060587569,0.00409382370683313,0.006511915531748143,0.004204723469557413
B0034,46,1.8203060058691092,1.6072389425739393,0.12719082373496912,0.054344967082043553,0.018601274864842525,0.0068493448243844715,0.005765864150725377,0.000314788217095675
B0034,47,1.5936575758226643,1.610660550548058,-0.09563926669350307,0.04749358443283839,0.013510901784767356,0.009264131803291203,0.00668797476256915,0.0016796989833556951
B0034,48,1.533070464968097,1.5992560421051378,-0.11116932876976714,0.023030422472645223,0.00975624082807592,0.0017194739233924786,0.004754595992475311,0.0057230182736120625
B0034,49,1.4862143093107285,1.582750383742945,-0.09579886708414447,-0.01136072390571002,0.003666658087582075,0.004499336436756876,-0.0011288917354187573,0.003586413671637166
B0034,50,1.5029318848267783,1.5602110215008973,-0.01206487898186139,-0.039938718726920855,-0.004708629157955199,-0.0013400934053611837,-0.00026678377046313614,0.0010399672551481148
B0034,51,1.5202185406928062,1.5357229144187228,0.0544847634310899,-0.050588298771419286,-0.008678072428707575,-0.004574135612335666,-0.0036061795319690107,-0.002542450942635479
B0034,52,1.5118194735004464,1.5071977161607102,0.06956376337297014,-0.045092161979433866,-0.009260025515252502,-0.0042394245750569754,-0.002495886290547244,-0.003854507794857837
B0034,53,1.464601301820905,1.4840555542152505,0.026911002851381635,-0.026512978332940928,-0.007504546184718829,-0.003451289251714714,-0.00791018953106279,-0.0009862520214083369
B0034,54,1.4546140961511749,1.4654666036060195,0.001414181567217961,0.0012538586409425539,-0.002025935810751613,-0.0029299957028200534,-0.0026621921392424417,-0.005902424076623093
B0034,55,1.4333400490204142,1.4467048612448679,-0.03316686906655896,0.019936725736625093,0.0030009186057522916,-0.0004522604178197916,-0.003220087021648458,0.000536759893397246
B0034,56,1.4493262346396159,1.4369648034558602,-0.020157040543212188,0.03142647237470012,0.0011624552395797674,-0.001583531633771945,0.0033305732171697877,-0.0018174975320134348
B0034,57,1.495199821798908,1.4280685381810243,0.032767812184067664,0.0286431729122925,0.0008859433003929693,0.0014449833431177863,0.002866726445455448,0.0005226453267619259
B0034,58,1.4720590241846008,1.4162851524373201,0.018955894302572586,0.020387758507521957,0.002232779603783812,0.002387003075070194,0.005565921767224149,0.006244514407756363
B0034,59,1.4097383014648728,1.4158895167329613,-0.022012016977428193,0.00616912363167149,0.0025479251146745857,0.007722034393776046,-0.004173335858513147,0.00359505440482266
B0034,60,1.3861944181384176,1.4117862837447288,-0.03222741173807131,0.0012062394952510338,0.003594189323454538,-0.002397285011736276,0.004789016641912476,-0.000556614317194868
B0034,61,1.3624125407550536,1.4115967218671883,-0.04237440161173434,-0.0032412066592581246,-0.002347118718526698,-0.0011367358152163164,0.002689696413600538,-0.0027744146980075543
B0034,62,1.4471377445077278,1.4132209250445138,0.05128267802783752,-0.009221300221271479,-0.000920243921465766,-0.0008007938829090416,-0.0036988400493942054,-0.002724680548764062
B0034,63,1.4554483390450048,1.413704724401931,0.061667082685699835,-0.006471004639306948,-0.005308581288755592,-0.006522643801692844,-0.006225879657972945,0.004604641277861222
B0034,64,1.4423952167302958,1.4276224457205648,0.04036734438846416,-0.010488683056865641,-0.0025090847313663867,-0.009025837915186274,-0.000358250228204325,-0.003212717501691832
B0034,65,1.377541945989605,1.4339408278816048,-0.040802811614951695,-0.009548798162397754,-0.0033590081863174542,-0.0006140502814309217,2.681831985600833e-05,-0.0021010319584393463
B0034,66,1.3539935892900532,1.4469613519158087,-0.08956549776454627,-0.0006996461655182596,-0.0018270248012134214,0.0005167696340113151,-0.0018529544760394067,0.0004605909787081806
B0034,67,1.5509038861664448,1.4561539400447183,0.08383028786930331,0.003378030809198915,0.0042693995807107895,-0.00024868340909147367,0.0031244172955162087,0.0003964938162670818
B0034,68,1.5562932697752867,1.4635373634478128,0.0739478894623638,0.006538592543875858,0.004123078341977019,0.0030856679393856004,0.002212032147085404,0.0028486457277375997
B0034,69,1.5067526605064707,1.4691959522843063,0.017038182021148474,0.007097541629497625,0.005355075093975779,0.0026501488925952787,0.0030954658885342635,0.002320294579412765
B0034,70,1.444138733302766,1.4697378241817034,-0.039361867814143664,0.005442163223935283,0.0024461284172052366,0.003235078615982448,0.0022822678430385063,0.00035713877877247734
B0034,71,1.4144103811292437,1.4645060875400604,-0.056101977171282555,0.00130185300610387,0.0005525576871448063,0.0031571360513765593,0.0009573655298509456,3.735845855020892e-05
B0034,72,1.3897574212362729,1.4524175882249808,-0.06495093584009859,-0.00017096284303386137,0.0007246141366924546,-0.0029538591462939224,0.0012918420297411465,0.0033991346707559194
B0034,73,1.449968311475299,1.4423929949998184,0.012686352732035467,0.0006058764259021128,-0.0015578761308264674,-0.003145455261574046,0.00040236880951288783,-0.0014159501614957172
B0034,74,1.4678653068012166,1.4263322954858428,0.05285383610844617,-0.00831958659313175,-0.0001665636441984422,0.0030016789230333956,-0.006822081066678792,0.0009857275086190694
B0034,75,1.4290644310445066,1.4060581360662576,0.023388557977037386,0.002966728250118869,-0.0019541408166993735,-0.0005063099415002944,-0.0016517393351584138,0.0007631988027988734
B0034,76,1.376744834668327,1.388696383495309,-0.01657116157262137,0.006229201767878418,-0.000572524793628329,0.00024221244546607134,0.003371311315246904,-0.004650587980231977
B0034,77,1.3515813262521057,1.3698079781332684,-0.021666005956621257,0.0028822583373796255,0.00013716324431982613,-0.002736006012926979,0.0005385790638953457,0.0026173594762879462
B0034,78,1.353993472828928,1.3573193332903926,-0.004372333740899434,-0.0015458972247518689,0.0031997180789714503,-0.001971996773652196,9.341519607430553e-05,0.0012712340339509503
B0034,79,1.3577165116893766,1.3485969960256852,0.009147799409529343,0.001512647347527819,-0.002014483114232717,0.003180153889757371,-0.0068811078852633835,0.0041745060439198275
B0034,80,1.334169315351027,1.3452232443549477,-0.004110171967595716,-0.004291954525518548,0.002902265146363759,-0.005361242600720079,0.003109505978190129,-0.0033023309842553417
B0034,81,1.3372147888783987,1.341817403075043,-0.003949305585778701,0.001595496316507095,0.0006475114539642127,-0.0008324670516457537,0.001949473181422752,-0.004013322463682671
B0034,82,1.339045224276927,1.3383578226494508,-0.000458115099679989,0.00045793430505915574,-0.0018109099414573143,0.004642215402893046,-0.0043947244350880064,0.002251001441405138
B0034,83,1.3439244604756322,1.339839036406211,0.00367767046263249,0.0016962141729479946,-0.0012112103814271343,0.0005227714836184672,0.003157486200975695,-0.003757507828402715
B0034,84,1.3454786192090245,1.335370478167365,0.0036232829980238804,0.0002148540365053015,0.001243908664525778,0.0019068185123369554,-0.0028624539020675748,0.005981730771751199
B0034,85,1.3482263029682544,1.3425053373791027,0.00556408856924,0.0004427752977866716,0.0022029614448508066,-0.0002688708333490266,-0.002289442326243266,6.945347361773624e-05
B0034,86,1.3373192299576058,1.3437343913127304,-0.003460782637225908,0.0004870012791541255,-0.0026148045321941287,-0.0038610329511940644,0.0030371885205551755,-2.7309868901913853e-06
B0034,87,1.3402523341553034,1.3445117342961161,-0.0001855079934815763,-0.003686175705553313,-0.0020643375517151465,-0.0003090541681180268,0.0017739247938205285,0.00021175052871975295
B0034,88,1.3290965682379121,1.3479740481054838,-0.016784534392484663,-0.004842319858724128,0.00326110080975879,0.0014563489721003808,0.0002578110843941671,-0.0022258864273114938
B0034,89,1.3323485655766352,1.349710136555405,-0.01882581729349233,0.00717802453892062,-0.005632733879427898,0.00030107704467824663,-0.0003920738185034944,9.952481205861244e-06
B0034,90,1.3501541310555516,1.3471121774425334,0.0024864272036796142,-0.001562116461271708,-0.0016706564995510886,0.005031197261059864,-0.0029309152403670232,0.0016880173843500134
B0034,91,1.381523441054128,1.3482628114558985,0.03108284677484349,-0.002994107079204963,0.00496619641473239,0.0001393638666871796,0.0031244042470697205,-0.003058074621441388
B0034,92,1.3835971952817807,1.347137285631869,0.03085834827029763,0.003502676375917089,0.003250519998725058,-0.004871224682357392,0.002619474330218641,0.0011001153595564246
B0034,93,1.3301161862080901,1.3472930625703499,-0.01918574545559677,0.0027248603361672294,-0.002311005580753187,0.0012704473916144475,0.0015048602816897837,-0.0011802932810655125
B0034,94,1.3176982121703233,1.3409635031669256,-0.024598324078130097,-0.002574554713636113,0.0005275746717377636,0.0013251115718759905,0.001011959816784883,0.0010429418011251618
B0034,95,1.3063657719651272,1.3409654470829346,-0.034587887740833934,0.0017716553554769474,0.00023534178488070646,0.002660752738168731,-0.002761491656966118,-0.0019180455211829284
B0034,96,1.3381567383793782,1.3397097429620615,0.0016372885990767775,-6.546559332451948e-05,0.0007528712458242277,-0.0029422825643110858,-0.0019182692266323286,0.0009828530032012343
B0034,97,1.3563258092165067,1.339588244884423,0.024930445525083837,0.001078963517011105,-0.003729509381491204,-0.0016240713646461307,-0.00047123999289919985,-0.003447023942078962
B0034,98,1.3648997529550058,1.3367830773055163,0.03161032327343845,0.0011538456736556392,-0.0018095961248840154,0.0007035164171606806,-0.0019060994788560103,-0.001635314090445294
B0034,99,1.3337639975535058,1.3382080759445254,0.004914501380038191,-0.004370323029398886,-0.002305613755745206,-0.0003357415237763596,0.0001774137893937272,-0.0025243152007531303
B0034,100,1.3060123668658763,1.341593388955252,-0.023680651771331884,-0.010286706638771664,0.00178286748180738,0.0007893415490012393,-0.0009206186571040799,-0.0032652539752830684
B0034,101,1.3101868361375808,1.340751784017643,-0.025965491797350006,-0.0052956307166819845,0.0001433231276051503,-0.002219051211865113,0.0033102756810639558,-0.0005383728891892721
B0034,102,1.3567668941696103,1.3310515903965812,0.009657902132717364,0.00046807425690963367,0.004438451557353931,0.00225883031614583,0.0038936734383606237,0.004998372100009492
B0034,103,1.3916857433587717,1.3333136353564463,0.03345858747808058,0.012714109595670396,0.006010386702670225,0.002662603827729797,0.003040631242466532,0.000485789150308691
B0034,104,1.3629935079344777,1.3332971835488514,-0.0035615411131217057,0.024987779859482265,0.0065879641906164904,0.0013415620967974688,-0.002145040302784491,0.002485599677065022
B0034,105,1.3211711973900628,1.3280232389157764,-0.041409517109223117,0.030804088913096318,-0.0015877277743792757,0.0032019798445471416,0.0012693146637218259,0.0008698199995148377
B0034,106,1.3074869015593356,1.3326085888951897,-0.032801775051364654,0.013341124407992747,0.0004968870488422718,-0.0030712737209581823,0.0003887121167773368,-0.003475362060880235
B0034,107,1.3105881895483489,1.3380289866646966,-0.001984895245912614,-0.009544548910380458,-0.005764940874155801,-0.005005092019446049,-0.002361851865412617,-0.0027794681277846134
B0034,108,1.376312668196664,1.3480099971418003,0.09065455948835634,-0.03917814679859422,-0.013896726055096901,-0.0017344987409172385,-0.004948310994047143,-0.002594205835326193
B0034,109,1.391764929132287,1.365605366855,0.09851886706085788,-0.04668082155719239,-0.014862368053429451,-0.0016514373114600344,-0.005292392810831976,-0.0038722850561327565
B0034,110,1.3649746353453525,1.388440712634227,0.03700072967903248,-0.0456069635014692,-0.007304045384287952,-9.153057712195809e-05,-0.006853995173046163,-0.000610272311474507
B0034,111,1.3219093937291897,1.4167339809773671,-0.06579189040056065,-0.024209937578139478,0.0008007247714972321,0.000835351276352279,-9.718088166715377e-05,-0.006361654373384324
B0034,112,1.3090033888073913,1.4377865590091274,-0.14068611547087198,0.0009959731929272,0.007390506127882888,0.0019619863096704175,-6.241698602013966e-05,0.0016168966994681805
B0034,113,1.3327005721973733,1.4576096681963635,-0.1815401343880276,0.03659347453373124,0.009764328764694583,0.003247042753515344,0.006451671254568184,0.0005745211343372137
B0034,114,1.7423975189669398,1.4659224595051166,0.18826473710522743,0.05781465095759353,0.014299130748716447,0.005903395397421358,0.006370602634009813,0.00382254227330738
B0034,115,1.37734756281946,1.4641136541353736,-0.15565899805631261,0.04397776397861557,0.010549540426324793,0.0048513597641336,0.009501341985483133,1.2900594349071986e-05
B0034,116,1.34875988767775,1.4492120554958194,-0.1325205368117884,0.015026999818716894,0.006034847238162001,0.00422543131565813,0.0032774367448892595,0.00350365391252633
B0034,117,1.3501504559881146,1.4256776100555557,-0.06801082625054851,-0.018090272906914222,0.004494658526435459,0.0001629126598679167,0.0005356008321262322,0.00538077310647696
B0034,118,1.3387814875085953,1.4010578754949166,-0.022314895157753773,-0.03188621980007503,-0.004382226375264335,-0.0004870616209182047,-0.0027170803214276625,-0.0004889046649708257
B0034,119,1.3253371210402685,1.3739392628441531,0.007377758507225961,-0.03576151456854149,-0.00800497781886978,-0.006510837262034518,-0.003385892839432379,-0.0023166777632815188
B0034,120,1.3308160596334049,1.3461893999526713,0.038859831920961124,-0.0262875313692351,-0.01559096716796261,-0.00458807534052162,-0.0017589146495507353,-0.0060076836593203654
B0034,121,1.333083376618503,1.3215009686803307,0.05139367774946649,-0.017806814769894562,-0.0071984141958264525,-0.0059767132351095905,-0.003687726029348996,-0.005141601529676554
B0034,122,1.3333226534895923,1.3041841736506339,0.04914278328850322,-0.005838630880858721,-0.006561664927764701,-0.003923226088253511,-0.001350473118838078,-0.002330308382623874
B0034,123,1.3264281097516475,1.2949215519139305,0.03295006486588938,0.0015226403583681733,-2.9941599809058812e-05,0.0013791343468820415,-0.003783689890032135,-0.0005316501856886324
B0034,124,1.323971040986857,1.2971253472132247,0.016384531235101685,0.011022084132193775,0.0021338534990871295,-0.0002886347860178378,0.002703333193041506,-0.005109473439498031
B0034,125,1.3249364225071156,1.2986566976413423,0.010630476115784486,0.009988798813983043,0.00048143515734660255,0.004613599469266017,-0.0007291373653197603,0.0012945527340524725
B0034,126,1.3283067675570923,1.3078804289727837,0.006030262553990301,0.010134090590853812,0.0015216430240523118,0.0008458462079597981,0.00606015152010822,-0.004165655256585065
B0034,127,1.314584348909226,1.3136865949229057,-0.01009446750446447,-0.0026634407962267334,0.00550856481548286,0.0032054786055471657,0.0009929786622745842,0.003948640273086532
B0034,128,1.3166841798543303,1.3240870207950581,-0.011314509928013276,-0.0024088590040610334,0.002460795278285063,0.0002334568440274531,-0.0014120557124295543,0.005038331648806795
B0034,129,1.3041727649654073,1.3309943032313076,-0.029539385477524337,-0.0018670333709251638,-0.0030230017241391237,-0.00013230009998768983,0.005620245747767821,0.0021199367383861385
B0034,130,1.3534450073572306,1.3425380078813585,0.014297779936520823,-0.0027081874208224003,-0.0005466390785379264,0.004909322202764071,-0.0025778688574838787,-0.0024674072748788137
B0034,131,1.371294082513786,1.3405285158345683,0.02418168290067591,0.004246763576414137,-0.0034954913909574286,0.003027806645908155,-0.002037574817428367,0.00484237977898349
B0034,132,1.357699321922511,1.3481322573404673,0.014090078596597706,-0.001958304752967009,-0.0009973567034584241,-0.0015809939711849158,-0.001160911763449176,0.0011745532040691176
B0034,133,1.3286903090919502,1.3520311579438764,-0.021846349923372702,-0.0016730346720446882,0.0029654755813922607,-0.0003187688708051406,9.768387410548228e-05,-0.0025658547855027434
B0034,134,1.3143943268181724,1.3523133142384558,-0.0360415379881459,0.00026028058635092495,-0.0023037812140387455,1.072800029456968e-06,0.0026127450974110034,-0.0024477666323261082
B0034,135,1.3866783030110723,1.3494446187147517,0.0337438817052782,0.0032287161215894585,-0.0028019036917250615,-0.00027639394240695574,-0.0011020911386178816,0.004441475241660155
B0034,136,1.3868330458429208,1.350794399638614,0.03148839903957249,-0.0016267756101600904,0.007675323764768698,0.001703579841861145,-0.0015527525660897514,-0.0016491282663384727
B0034,137,1.3548037379291014,1.350979056514115,0.0034074087933260258,0.0007780645037466438,0.002495800977397375,-0.0017174766132923432,0.004009533253900523,-0.0051486494697200935
B0034,138,1.3255787669951669,1.3442340037058271,-0.021751051599647568,0.0021311373121212294,-0.002057899148515571,0.0046776048754273315,-0.005904369658307696,0.004249341566978683
B0034,139,1.3119728676377553,1.3408535416293499,-0.025447060557512124,-0.001030744885898827,-0.0036354117297827874,0.0020157280579303554,-0.0003565138391313244,-0.00042667096528710674
B0034,140,1.3064487948795198,1.334400252012777,-0.027031721749099735,-0.0013110190271793287,0.0007679301694238735,-0.0013126149547279156,0.0011463263787910673,-0.00021035787319479798
B0034,141,1.3418431880549024,1.3373606224439987,0.011725371574507083,0.0012810109218268665,-0.0015153700039764776,-0.0009265154768826318,-0.00014784070115348436,-0.005934090660475509
B0034,142,1.3609210170759327,1.330604725312763,0.0347222409847758,-0.003784388627623539,0.003958465709028572,-0.004468369797797864,0.00014088638451947245,-0.00025254286529385536
B0034,143,1.3299603677394973,1.327325111957833,0.0043353891418533574,0.0021166831993232665,-0.0060523394687723876,0.0033587145450550667,-0.0026219360060375707,0.0014987444247094872
B0034,144,1.299069387625936,1.325082522705542,-0.026342320144449868,0.002594111986999874,-0.0007976099425797827,-0.0012959888511268525,-0.0005398472554858863,0.0003685192114640711
B0034,145,1.2984544371955695,1.3267070110310704,-0.026066223255198747,-0.0027702670601628125,0.0027021331618556177,-0.0002213457694284489,0.0025594533489319256,-0.004456324176474527
B0034,146,1.3176486091610087,1.32113835625236,-0.0059867478879078,-0.003507060879021047,0.0025349773805819977,0.0005462376990489427,0.0004948732402154523,0.0024279734221390875
B0034,147,1.3360648564106594,1.3159358099757787,0.008850619850375932,0.005573581506496487,-0.001413704956520848,0.006106748133071892,-1.3027297844612625e-05,0.0010248292478481494
B0034,148,1.3635797361860138,1.3121702033271272,0.03901849508972417,0.0036601255718629075,0.005797264020014983,-0.0014617275061939348,0.0036602070693152328,0.000735168636023374
B0034,149,1.3333112541544827,1.3032655977525924,0.01402296916155967,0.00757773340304805,0.00025769703248705085,0.003448250427828361,-0.002674028313984729,0.007413034742168908
B0034,150,1.3023273463118925,1.3092249531940738,-0.008503823228972803,0.007303411768139265,-0.0040827778106683485,0.0010717868133285147,0.0032028046329216743,-0.005889008975661932
B0034,151,1.2888728444455875,1.3131797965311771,-0.007884082854025956,-0.004570212436519084,-0.0011318088694360722,-0.004605441743297717,-0.001155535860676758,-0.004959870227317257
B0034,152,1.2902746194203034,1.3158372766926432,-0.006232416121860271,-0.005587429578941618,-0.005445080465973977,-0.0035391380002562285,-0.005060298345286328,0.00030170533293601484
B0034,153,1.292407565676824,1.327610519934875,-0.009079508194191553,-0.008629979903296257,-0.01066697908566274,-0.006476145993485875,0.0001221385086284166,-0.00047247949915450835
B0034,154,1.2954091505102339,1.33977374319321,-0.025852170285229965,-0.011689521673011474,-0.003160364240069167,-0.002773813520478009,-7.4667303879471355e-06,-0.0008812561458221347
B0034,155,1.283229881592695,1.360200976755123,-0.06852840360589516,-0.0019090558825538336,-0.00522712470257919,-2.9451657856434e-05,0.00048616778527224797,-0.0017632269990259047
B0034,156,1.4557454024367817,1.3769581001406834,0.06816462277095105,0.0027723370687267133,0.004279044370525706,0.003022940437997094,0.00032639144654465703,0.0002219661338237307
B0034,157,1.454676342673242,1.3927297808350807,0.03570695200107417,0.013225713062937353,0.009057748998697922,0.002055944679704467,0.0003330183271066004,0.0015671847021484838
B0034,158,1.423427718198495,1.4000188363821648,-0.0062764720492835425,0.010998279074907566,0.00824477805010123,0.0071754098831726155,0.0011839661455327498,0.002082920675714357
B0034,159,1.392551210363313,1.4010519310928617,-0.03671888042679973,0.007626056700203931,0.007646993191980662,0.001786533866869575,0.004142749870890234,0.007015826061068056
B0034,160,1.3765732493746907,1.4034625511666456,-0.036896638200274105,-9.256467246728024e-05,0.0066873334197431735,0.0042560706137438845,-0.0015708467042768787,0.0007273437608344144
B0034,161,1.3810190828982352,1.395936771460671,-0.011989083318634252,0.0009196462800051065,-0.005447489297625494,0.0018935651748138596,-0.0004537043264045116,0.00015937693035575568
B0034,162,1.4007568321672863,1.3805000336533737,0.030209280082711547,-0.008019405556926996,-0.0005992009721912387,-0.007240242027801559,0.0032656937692393233,0.002640673204684485
B0034,163,1.374645303479972,1.3725999116814787,0.01835190739728704,-0.006903534138078621,-0.005671772623850412,0.0013068487215943368,-0.0017490111020270907,-0.003289046445303973
B0034,164,1.3345924114397838,1.3573441771429795,-0.006392305348303045,-0.009052868956610699,-0.005597652087575414,0.0011309400781140133,-0.002611377083642182,-0.00022850225520388328
B0034,165,1.336396621564738,1.3500848240345298,0.00042107256270504406,-0.003963381794446812,-0.0031746065115402316,-0.00029066834651508865,-0.0005283441528999177,-0.00615227417887025
B0034,166,1.3069152971756248,1.3377282678572178,-0.02791826417280523,0.003215059104557449,-0.0005246933214723534,-0.0011196866684232564,-0.0010436163961326452,-0.0034217691504990883
B0034,167,1.341539456674081,1.3313038114650528,0.0052537938879860845,0.003140301120646782,0.005048830052722137,-0.0007534228948873029,-0.00209138413149104,-0.00036247278271178793
B0034,168,1.346388970161922,1.320209279079641,0.013437994767008085,0.00849736871800823,-9.931393834520518e-05,-0.0006201942134267125,0.0006239166994216207,0.004339919088148368
B0034,169,1.344989807277774,1.3220384582655447,0.019051806869629533,0.002995650180991625,0.0025609939109943513,-9.490205738796814e-05,-0.0031521943038729243,0.0015899944517648388
B0034,170,1.3158760805047784,1.3223596839411695,-0.002181753026520534,0.00052540637123884,-0.0022396535509127246,0.0016704471683146017,0.0009807015070381641,-0.005238751837422327
B0034,171,1.2972766889740088,1.317617820039957,-0.012279453340501078,-0.0034653050205676705,-0.004053538897030261,0.0014474461378666099,-0.0009004134359177063,-0.0010898664236319786
B0034,172,1.2851255211005648,1.3188674499974011,-0.024420506952637568,-0.00618352893036786,-0.00020766889137364278,-0.003133216358246201,-0.00019673381224186693,0.00039972614598211587
B0034,173,1.3190209156530253,1.321995007533149,0.00908737763357652,-0.006383419176984799,-0.0006731805341433208,-0.0027003599082285937,-0.004941098612917069,0.002636588783650366
B0034,174,1.3410097849290994,1.3226639804956113,0.02149383217520581,-0.001777443531796139,0.0029422259883014894,0.0009329679581438036,-0.0029167936613251092,-0.0023289844512913056
B0034,175,1.326126983882746,1.3242606139139441,-0.0022929000609292335,0.00557162855074654,-0.00010226857814235805,-0.001194703113421992,0.001193286970199699,-0.0013086737414658737
B0034,176,1.3091442679990724,1.323201837973278,-0.019976190074189958,0.0036672523007922975,-0.001026900615543539,0.0034161824131416587,0.0009516893494237215,-0.0010896032731738281
B0034,177,1.363001289617145,1.3229178140827362,0.029592825694264326,0.0035127155554357387,0.004951112121104673,0.00203278883433158,-0.0015488089580331888,0.0015428423097269472
B0034,178,1.329285701687194,1.3174685871311602,0.0007276033503699692,0.0010325795345445526,0.0039394371572905465,1.6644501601893483e-05,0.0004932089980444054,0.005607641069303628
B0034,179,1.2969085930621855,1.3147706015367748,-0.018224185237433587,0.0003883230537773519,-0.004925541594851268,0.0008540993726897467,-0.0006075879593398818,0.004652883977091577
B0034,180,1.2986285924941396,1.3089806461256381,-0.006426837368902388,-0.004486229633236503,0.0005361462470915449,-0.0029061094922902837,0.002234719276180858,0.0006962574245133292
B0034,181,1.2840657611821942,1.30496642152983,-0.013828922602340359,-0.0056230192448997905,0.0021675882759740065,-0.004669838770148806,0.0023148334917585255,-0.0012613013990001927
B0034,182,1.3021015914136362,1.2961846896335352,0.006428768938862846,0.003488488254767291,-0.004385147269295205,-0.0011848644847447395,0.006312096094673709,-0.004742439672676232
B0034,183,1.3089076351731335,1.2909565123483906,0.021918484012090535,-0.0023250847532072833,0.0022851030557799897,0.0025636448089298306,-0.006169238377027167,-0.0003217858469374046
B0034,184,1.2722519696513912,1.282314370992289,-0.010958626931891879,0.006368336585825409,-0.00631091997859331,0.002519059173100249,-0.0018934326691787777,0.00021318259027755746
B0034,185,1.276011534360331,1.278233886882536,0.0006396340759255204,-0.0023103204471028416,0.005950540560529287,-0.005440279241221242,0.0015667370271305091,-0.0026286643906752926
B0034,186,1.2605053003103004,1.2725874982096874,-0.008427059387660234,-0.0023370660079515305,0.001782864991963482,-0.0022223726250835373,-0.0005053745952731714,-0.00037319015355205147
B0034,187,1.2660681251347115,1.2706617814828562,0.001678953585717042,-0.0028360698922625656,-0.005995695998870712,0.005054059075378459,-4.320748681263224e-05,-0.0024516955148595927
B0034,188,1.265829016865281,1.2620640001185341,0.0003841245724019467,4.539840028601836e-05,-0.001768151209978054,-0.00403702840955576,0.0037114295464208908,0.005429243963838596
B0034,189,1.2655873898206993,1.2663301281555162,-0.0017716906082226958,-0.0006250629778255112,0.0009240350376677004,-0.0011052605653916118,-0.0037059994403048895,0.005541240336161115
B0034,190,1.2663598323027554,1.2632421707412187,-0.010249418231909148,0.009938586523676882,-0.002599431421251321,-0.0035968941018330674,0.003273039081133113,0.006351779827872008
B0034,191,1.2868479432728903,1.2638835161958761,0.00129736650605587,0.012208644163968963,-0.0003053778806588894,0.0015449577642826142,-0.0004934408029466018,0.00871227742259302
B0034,192,1.270026164613209,1.2658126317038325,-0.03283600235169491,0.020866212938946707,0.006507565164138716,0.0052533265057557975,-0.00514427174893398,0.009566702513759948
B0034,193,1.34598253292492,1.2692477743434105,0.029628197578448708,0.03317182595826524,0.006989323371701911,0.00792341179093737,-0.011011023231217498,0.010033023152301201
B0034,194,1.3286875315413778,1.2711998947119434,-0.0056284977347120175,0.04866787603611473,0.003534066708075987,0.012660785289361215,-0.015473934995843805,0.013727341582139719
B0034,195,1.31203071983408,1.2720028527928238,-0.035034478698870435,0.055825987729842444,0.00857976000867661,0.019150904850681667,-0.03233229969286001,0.02383799291564241
B0034,196,1.295125492961198,1.2740792243921948,-0.06769750092510277,0.0687459585740899,0.011532616197906582,0.028360383756241548,-0.04990259320748298,0.03000740426160335
B0034,197,1.2802601605963335,1.2691082674726732,-0.09460052986222267,0.07484824374874287,0.01847151339229263,0.041414749087642706,-0.07538157714337046,0.04639949400324538
B0036,1,1.001982588175331,1.8420984240397107,-0.8662979763829596,0.09552988905978332,0.00010964395723603181,-0.0939703873422029,0.05495133997234295,-0.030438344408693207
B0036,2,1.8011007566288924,1.8277728659072574,-0.04479922967856098,0.06642873313717339,-0.004865434880385165,-0.06343581600528127,0.03284902596239489,-0.012849387918609253
B0036,3,1.8044229856020628,1.81850515492214,-0.023329253827235844,0.04113598364654001,-0.00304311094343917,-0.036300252265183804,0.012172004179906685,-0.0047175402189973915
B0036,4,1.804388833772829,1.8080563228032114,-0.01160710552617411,0.02800476834142405,-0.00037276132099999047,-0.027099253427394276,0.0016520675294472477,0.005754795265017768
B0036,5,1.7989248871784247,1.8033404628129515,-0.0022667407097667343,0.009601539142260985,9.036400886845936e-05,-0.01596241423298905,0.0010925942653203815,0.0030290817891216377
B0036,6,1.792996521672392,1.797897554819003,-0.004848682254591189,0.009950977285231189,-0.00047037651776483,-0.012230373772054813,-0.002482795055480504,0.0051802170715104625
B0036,7,1.7885507985621891,1.7937517228443087,-0.0033273322401128178,0.004255534212704843,-0.0005424717953223643,-0.0067575941465564,-0.00230536438531777,0.003476303980534846
B0036,8,1.7890856930727703,1.786823080890016,-0.0008166470883734918,0.0005717725629823604,0.0010845265068355637,-0.002400636126203103,0.0016491381660056594,0.002174458069005024
B0036,9,1.7893137312833287,1.7936968663757933,0.002007430852429792,0.0035804826432994557,-0.003502135545643515,-0.0009885835880841431,0.001037750733519851,-0.006518080280723497
B0036,10,1.7860759459480868,1.783631931256423,0.0010725554926174993,0.0003117496317272568,-0.004050215987228525,0.003940882798427268,-0.0015516717541063192,0.002720714420830763
B0036,11,1.7836324249650817,1.7848351769769768,0.0003554239093561216,-2.7583620934497054e-05,-0.0013088394969561154,0.002695679507978879,0.0013487100362497063,-0.004266142434462943
B0036,12,1.7829728738072719,1.7821238493512652,0.003537239119599294,-0.002724236855786729,0.0010295708578500831,-0.0020058925943214822,0.00012178094532180502,0.0008905628971505905
B0036,13,1.7813775963259668,1.7810739748731204,-0.0036661376255509,0.003320175713144336,0.0012951125908664436,0.0014034729337639002,-0.0026953523374711468,0.0006463500935472519
B0036,14,1.7785359545932946,1.7807175078019035,0.0009589473464220131,-0.002962267026338037,0.0011757267764204928,-0.0008641901224949714,0.0024113027664530886,-0.0029010730306850267
B0036,15,1.7759043090943398,1.7819061667099725,-0.005182286025523678,0.003204583231481083,-0.0028265164762133785,0.000447804347295451,-0.002178599442746635,0.0005331566711772168
B0036,16,1.7780426649905914,1.780046642878734,0.001049660168730646,-0.0016135170349019768,0.0010442569212056256,-0.002259171989802245,-0.0012528180865003507,0.0010276120520211706
B0036,17,1.7830029333591655,1.7761856109180219,0.0013716559955220709,0.006913908604399189,-0.0032033662712083596,0.0030319057673880642,-0.0030231340057743743,0.0017263522645929847
B0036,18,1.7883000424613877,1.78064636037601,0.010750313752934504,-0.002387743411385317,0.0034715023656922395,-0.0019528094134386557,-0.0027263509984018714,0.0004987696982853961
B0036,19,1.779294712578026,1.7781281538101181,0.0006076098441031547,-0.0007433772377996741,-0.00023251982331826351,-0.00023530668276369615,0.0034854239846396616,-0.001715271399349979
B0036,20,1.7709235500451854,1.7781203862483625,-0.0051961795278867955,-0.005222417153482781,0.0007479958346813432,0.0019338104515799425,-0.00018179016445059884,0.0007217442826250646
B0036,21,1.7659050180801104,1.7838548388070186,-0.010978247303475632,-0.002954597003333852,-0.000678442674011015,-0.0029566475575814534,0.0004941632047796345,-0.000876049461862664
B0036,22,1.7826929241469245,1.784424457679295,-5.56751760714867e-05,0.001368207887770731,-0.003276286271636828,0.0014759332024110558,-0.00026312151323430575,-0.000980591747513676
B0036,23,1.7964662072920203,1.7842952451341092,0.011328146609477818,0.002094563785890665,-0.0021234234329774657,0.0006531405797565858,0.001586821488603516,-0.0013682869729598804
B0036,24,1.7909083533422898,1.7828472399406654,0.0006132455701604403,0.0032703670519106747,0.0036965486238186443,0.004783160041860779,-0.0061584288818773425,0.0018562209013679002
B0036,25,1.78518002808874,1.7839439430569497,-0.003664745962997753,0.002115597106947097,0.003925102331285953,-0.002595020497350891,0.0034105826385776323,-0.0019554306731426985
B0036,26,1.7811343176546524,1.77752080816622,-0.003071032046688853,0.0023598148518871763,-0.002345918045860722,0.0005434816023870205,0.004551056971998895,0.0015761060704134484
B0036,27,1.7755577789223567,1.7808441422177297,-0.0035890893096414264,-0.00010034848921105216,-0.0014577452047602956,0.0010050875792953747,0.0016893207679742842,-0.002833588717569552
B0036,28,1.776885870616115,1.7767410616059653,0.001450674923033685,-0.003092327893430472,0.00028063925599023634,-0.00025788902641916457,-0.0015525121112400428,0.003316223782304942
B0036,29,1.7713083410378214,1.7738028396818712,9.33192257197137e-05,-0.0008251787119644782,-0.0012020702816952168,-0.00350001302245044,0.0026989798307689517,0.00024046424141786865
B0036,30,1.7713348840874137,1.7714800887772895,0.0022074269000920744,-0.0018053521061173572,0.002158731621781957,-0.0023481370100098447,-0.0015715651506381782,0.001213690980834545
B0036,31,1.7660842866405053,1.7670858073445364,-5.959184031859886e-05,-0.002372579107361255,0.004095649131523898,-0.00292895252352974,-0.0016466600537676241,0.0019106136206603782
B0036,32,1.7592793663412327,1.765046776767274,-0.009615984829140119,0.007232822772369446,-0.0017311739531122223,-0.0016554243383011254,-0.0006356431819245864,0.0006379930423290082
B0036,33,1.7610368813762423,1.76105138785093,-0.002396612929261455,-0.004057602880487984,-0.0017450280187082737,0.005793868724061372,0.005059625866137897,-0.00266875729998153
B0036,34,1.760242767365706,1.7506808241797658,0.002969702720868423,-0.0021092011825194217,0.0005829225029988245,0.00034243711838926195,0.0067909702143729945,0.0009851117490973609
B0036,35,1.7555899416034397,1.745764907138485,-0.003213814763096572,0.0014389865579218294,0.0039014963117641986,0.0018164125290684942,-0.00024843555627997117,0.006130389327646342
B0036,36,1.7545602176655593,1.7424611352368389,0.003097069877229668,0.005077517629653423,0.001302473926272929,0.0023527240635003157,0.0008636802173838607,-0.0005943833421874265
B0036,37,1.7499108336094897,1.7394767134921538,0.006606604274658095,0.004970213311584233,-0.0007145416609995378,0.001916320300575815,-0.0015803288247946206,-0.0007641473357569685
B0036,38,1.7610225525303758,1.7435589053898897,0.025998557092092846,0.003177895701346129,-0.001695891271725498,-0.0018655216397576314,-0.004243323655033846,-0.003908069149973448
B0036,39,1.7624094574337117,1.7438120126702799,0.03019230651668008,-0.0007783015909868535,0.0016062481692504394,-0.008427330192085922,-0.005370312301246127,0.0013748340968511717
B0036,40,1.7536170397120676,1.759380892280569,0.027820022064491533,-0.011918709923890915,-0.001521136851950543,-0.007067410367503531,-0.007288443494761049,-0.005788174050780851
B0036,41,1.7462044775191679,1.7642064953834269,0.008679799422059473,-0.010103464864502192,-0.009027502997729878,-0.007167839966001532,0.0010422744619564537,-0.0014252839682847003
B0036,42,1.7406176172769725,1.7854270055892785,-0.013367553250616587,-0.014386476141689288,-0.009346270541156209,-0.0025334699982282366,-0.0037338082412717304,-0.0014418101818209545
B0036,43,1.750690404425682,1.7998840190019412,-0.03812302269537953,-0.007033824654680199,-0.005467595070551939,-0.0007675077978364773,0.0002817871945758172,0.0019165483947396545
B0036,44,1.765112055153915,1.8131797486757713,-0.056359257044689796,-0.004913922303389797,0.0044416923221290575,0.0027938311137422492,0.005344616266639568,0.0006253460559541563
B0036,45,1.7631888267564881,1.8251664572662132,-0.09756466739572627,0.017839926598098424,0.009059504801682777,0.0022885711204824253,0.005800560065183129,0.0005984742347810515
B0036,46,1.9854929528970957,1.8257164851566725,0.1079798857385424,0.026730136996248977,0.010266330997683381,0.008665301502773334,0.003036892257275864,0.003097919952680267
B0036,47,1.7653557308133239,1.8236496795145953,-0.09310098495664945,0.013209618158849808,0.009473526293303992,0.0076840560353139045,0.00042470361207893324,0.00401513208782141
B0036,48,1.7571880383127276,1.8123064362640224,-0.06467605145014814,-0.0011317498293566047,0.0025218898459799625,0.006233462991466014,0.00196637754058886,-3.232710940476636e-05
B0036,49,1.7573770661844437,1.8001062684512872,-0.026409479306227005,-0.012128740786024961,-8.945651947659461e-05,-0.003559343278750677,-5.627368315968109e-05,-0.0004859087529795535
B0036,50,1.7617376127979814,1.783060734483174,0.013545758729778869,-0.021717173590463417,-0.006058503593807478,-0.006206990029073164,0.0027012985317293446,-0.003587511797632291
B0036,51,1.7606892547636663,1.7674570146823132,0.023059445108574862,-0.01011360512940495,-0.010638836460504607,-0.0013386289694047651,-0.005895083722608391,-0.001841050808492575
B0036,52,1.760669562156983,1.7515388736844115,0.030059192281421808,-0.004668887991638206,-0.00516066203526704,-0.006815050390321551,-0.0035080222160733332,-0.0007758812387233274
B0036,53,1.752963802649152,1.7413329734236276,0.015859732000640128,0.0005219614716061833,0.0007432029093994356,-0.0019962147179078673,-0.004768081402069595,0.0012702289086363868
B0036,54,1.750535708024147,1.7369888465643901,0.005931066889015328,0.00567908299518839,0.0015372503781898156,-0.0005375293497700602,-0.00379050284828585,0.004727493342705456
B0036,55,1.7500761995337284,1.7425599479548706,0.001898544879763069,0.005469493937700945,0.0026647240366402696,-0.001051914522054657,0.005856905863667052,-0.007321502669098299
B0036,56,1.7465957802278385,1.740801150330204,-0.004162909150756744,0.001261094971956225,0.0021591812277847316,0.006412506298528128,0.0006871611670765248,-0.0005624046656019181
B0036,57,1.753614286788707,1.741055189475478,-0.0006112583394175528,0.0006541946719852012,0.004634599559300063,0.001236194207014025,0.00542159279158294,0.0012237743668730532
B0036,58,1.750725029920349,1.7448424635009685,0.0007680216428187088,-0.0007479756581021725,-0.004352550307738765,0.009287862833556359,0.0008158954350664558,0.00011131242087063411
B0036,59,1.7433053490810113,1.7428536755446746,0.00047630788037320503,-0.005218950456330693,0.001737320466965936,0.0020429866527734556,0.0006507940652776889,0.0007632148820258796
B0036,60,1.7336625052776187,1.740232337390011,-0.00780143750352243,-0.0025898277859445333,0.003278678032524866,-0.002040363480360563,-0.004233939741987294,0.0068170583315989375
B0036,61,1.7319207051538927,1.7430304241319474,-0.009147668209247242,0.00020160827172229694,0.002186831522607534,-0.0023956061726643795,0.004209920871515301,-0.006164805295488912
B0036,62,1.7428604522751463,1.7408987142002421,0.008843641103304309,0.0002263412817973018,-0.000330344685013334,-0.004502628116908678,0.0006906109205481231,-0.0029658824736155066
B0036,63,1.743306971099712,1.741402706567117,0.010159237586255972,0.003602105620976554,-0.00883486080082859,0.005127612653466736,-0.0050776640155031205,-0.0030721665570254157
B0036,64,1.738524506272696,1.7377011532645303,0.0037111852510536072,0.0035400251847996244,-0.0032871260278305573,-0.00474385385738296,0.0012015482024946905,0.00040157421471440107
B0036,65,1.7295622663746972,1.7401120388061861,-0.005546184810738721,-0.005720179725098606,0.000927224252505637,-0.0031185890399761124,0.00046994900999816635,0.0024380078507541566
B0036,66,1.7273036765742085,1.7426740875884816,-0.0152992703560049,-0.004284554539860748,0.003956073048190767,0.0007570795009175373,0.0010530130641527248,-0.0015527517604039818
B0036,67,1.7449370491071912,1.7457750574343156,-0.0028014048089273374,0.001829454333344916,-0.002326087469411309,0.006159692307283254,-0.003034228480301075,-0.0006654342560480986
B0036,68,1.7642432071133693,1.7418853891647963,0.01629304784598049,0.001231314770492356,0.00029463468271431943,-0.0010989955646607992,-0.001435354767299808,0.007073170914484776
B0036,69,1.7504882032049596,1.7457261206119652,0.002718676630888784,0.0003696197287103802,0.00027167772258628406,0.0015557164792263346,0.0016875315816081754,-0.0018411396026902821
B0036,70,1.7442710815479923,1.7432293037833253,-0.0025728421187515772,2.0440636012923575e-05,0.0010691812041395625,-0.0011283317912144516,0.0020135330609894774,0.0016397967272430824
B0036,71,1.7365413923373951,1.742990486449793,-0.007918047639560062,-0.0025366425748936,0.0019300733029323411,0.0011551641963474136,0.003358755388484905,-0.002438396823978691
B0036,72,1.733223093105756,1.7439320507511296,-0.0059798044677218205,-0.0021032561465492592,-0.0028164744277124985,0.0012246667221355641,-0.003537808311064765,0.002503718950694044
B0036,73,1.73860622908762,1.7356237016566212,0.0015187730270872968,0.000696955607518416,-0.00043832540452483647,-0.0031621742692575848,-0.0005333756659239773,0.004900674095698563
B0036,74,1.7432134953746192,1.738366600073845,0.008259054049433842,0.004852705893513214,-0.003172171145365167,-0.002996804682239142,0.004387855397132562,-0.006483744256857407
B0036,75,1.7332698214832971,1.730518198474114,0.0033063030539080187,-0.0006367738240530542,-0.0008971182423952429,-0.0009015900494524546,0.0032411175317006743,-0.001360315495418017
B0036,76,1.7298906291663272,1.7283961766158333,0.00206048334972293,-0.0010417557207079578,0.000500273964615155,0.00036774006366896563,-0.0018032578954523372,0.0014109687572416592
B0036,77,1.7204403348841348,1.7225435143333687,-0.0068751741119982964,-0.0017185847091810726,0.002992708074123843,0.0011396264909170647,-0.0007855305105624686,0.0031437752958153333
B0036,78,1.724420729012913,1.7280474718261545,0.0016646461122828725,-0.0002979630922556868,-0.00155411295008895,-4.473425479286867e-05,-3.640847902719509e-05,-0.0033581701751195566
B0036,79,1.7214872814061166,1.723746011994597,-0.002946423220194831,0.0054571535944946,0.0012083423478181717,-0.002804342147682521,-0.0005576737905105635,-0.0026157873951374645
B0036,80,1.7197448773569262,1.7208791454589218,0.002410200943984837,-0.00024222473644798135,-0.0006298035169836198,-0.0019306066833211899,0.0018284663004754322,-0.002570300430636953
B0036,81,1.7164304142145894,1.718817731175354,-0.0018990269602524137,0.0010380634546371702,0.00022506216294221622,0.0028843096254567934,-0.006189070329950415,0.001553345068889173
B0036,82,1.7112029253299619,1.7139446043002087,-0.0014818879315537,-0.004400207565764814,0.0020943451043733624,-0.0011121761022970444,-0.0021542695861167397,0.004312517098994715
B0036,83,1.7102343231599222,1.7149576829012907,-0.0029710287474487914,0.0011861131858882865,0.0015909828317278343,-0.0008784766309199212,0.0009471749268283463,-0.004598125318562016
B0036,84,1.713096882151029,1.7111858999722391,0.00501900563538723,-0.0024283499904136484,-0.004090897902529829,0.0038705848981188005,-0.0013237164138447902,0.0008643559379999949
B0036,85,1.7103708617208135,1.713007691795465,-0.0016153329583527326,0.0010729669912188826,0.0037259555791996344,-0.005408678967286518,0.0028042298336419464,-0.0032159705643314915
B0036,86,1.7064617296121434,1.7062038800499064,-0.0007247134615005798,-0.0017616488218710378,-0.0009528297425604049,0.0023397414993620996,-0.001856691112708085,0.0032139911942909247
B0036,87,1.7029429979110946,1.7086922930661088,-0.0021100191963436175,0.0012987197397607087,-0.003267022603779275,0.0020118361651413944,-0.002065787751380907,-0.0016170215120046476
B0036,88,1.7072612643840062,1.7062745749215469,0.0009854082249247588,0.0010239573019931996,0.0006055117670368606,-0.0031225130307055656,0.0038565408407238884,-0.0023622156495630305
B0036,89,1.7038637196766078,1.7048344428943867,-0.0003361115349683889,-0.0038728173291732943,0.0033767720127220284,-4.836608473548424e-05,0.003406062424716983,-0.0034962627108831835
B0036,90,1.7079617948422274,1.6996234677463693,0.0020723528171719225,0.0013413174432545325,0.002841947859738384,0.0024819491626505968,-0.007625376800935636,0.007226136605206132
B0036,91,1.7113022833627787,1.7000564103680342,0.005055146149366513,0.005003907349507293,-0.0026990444921643616,6.261654686695474e-05,0.0004950243682923012,0.0033282230606556423
B0036,92,1.714122057472244,1.6997518090069355,0.007482111748421671,0.005010786465428264,-0.0020228118947847287,0.0016754588042506302,0.0021210980187809764,0.00010360530808128896
B0036,93,1.7053324925701605,1.7036517877846948,0.005020397863579278,-0.004942187565602453,-0.00024743090743466304,0.0028764940742195505,0.001290980220177189,-0.0023175489055317655
B0036,94,1.6934609472531408,1.704943508751168,-0.006541589751034091,-0.0012324691314688147,-0.0007150465127589877,-0.0025893688407233385,-0.00022426914041279508,-0.0001798181154346251
B0036,95,1.6905244127230223,1.7065858483980338,-0.006170022444320701,-0.004296157478194742,-0.0015066395564823482,-0.006217267223502839,-0.0023625840131369603,0.004491235049851492
B0036,96,1.7007774858498304,1.7089479285953562,0.005137060642761615,-0.008601685988563729,-0.0009222640979230725,-0.0015221205168172356,0.002171501733491971,-0.004432934519832432
B0036,97,1.6971104467944576,1.706526864685166,-0.0034170889350402735,-0.00046017061911379385,-0.005319028040251909,-0.00020561624757866465,0.0018386789564754352,-0.001853193002771329
B0036,98,1.6997924522951837,1.6989631659936248,-0.006313120959970461,0.00032517801482925867,0.001193957824749569,0.0013962515069529382,0.0022929793249080346,0.001934040589749174
B0036,99,1.6912704773954121,1.6961376909195147,-0.01598044676159441,-0.001050170530901504,0.009575448180407018,-0.00013672665870142616,0.001195686669637074,0.0015289955855060738
B0036,100,1.6857127009469863,1.6828398925913037,-0.02422422744376304,0.00805753897722831,0.008732922011102354,0.0071439820313359895,0.004500075384906098,-0.0013374825909355636
B0036,101,1.6832093771286156,1.6674838322969658,-0.023238507751265774,0.022825184592111646,0.011259209227663517,0.0029820914338767666,0.000101489743834241,0.0017960776022047324
B0036,102,1.692886364169521,1.649524822304916,-0.011498678321111741,0.04609647742766103,0.00357861017775798,-0.0006991903512815614,0.00405224286728938,0.0018320800710775868
B0036,103,1.6984668174144633,1.6333794684954182,0.01148946225913381,0.055562994375357264,-0.0008221211347641081,0.0011364457054297997,-0.00338967146047135,0.001110239175387431
B0036,104,1.6935813413828429,1.6213274956101416,0.031787974905271514,0.051262434613310426,-0.006176630487421584,-0.0005188325970075972,-0.0030680569783500676,-0.0010330436770312028
B0036,105,1.6830951253781283,1.6153036127227838,0.06159960227190217,0.02386373665242626,-0.0017857582842594432,-0.006600073772731064,-0.01015208758307639,0.0008660933879763033
B0036,106,1.6850462226942986,1.6255672697877679,0.1164611903044625,-0.021183105750395732,-0.012359377610771485,-0.008097068127332603,-0.0035084321582704568,-0.011834253736282042
B0036,107,1.6803098840017598,1.6390609874423976,0.15526148922785515,-0.07270599216802083,-0.020816770238287412,-0.005952928827330166,-0.005044358084532051,-0.00949254333055437
B0036,108,1.6944038437227715,1.6688955353853214,0.1907519005437621,-0.11946413979521527,-0.01627114668716315,-0.013521837820454925,-0.011255714437373308,-0.004730753460884094
B0036,109,1.6955686127180103,1.7022855044653968,0.16784397199834328,-0.14018350421529988,-0.014808717064526652,-0.006975010998774648,-0.009166316102879409,-0.0034273153602301723
B0036,110,1.6841854728350405,1.7423401208287304,0.06274374165033576,-0.10822788647278787,-0.01115028797775398,0.0009966333800517663,0.0007135147619730828,-0.0032303633197407365
B0036,111,1.6722180144870118,1.7819683363732777,-0.07756610628334171,-0.041755786790083675,6.474336156305147e-05,0.007333757773976865,0.0019381827218164216,0.00023488735792310343
B0036,112,1.6675976965747183,1.816025792114444,-0.23360563782736804,0.05481312141359096,0.0128664247164732,0.006295993821205059,0.006592950777631072,0.004609051591630661
B0036,113,1.6781873787039017,1.8412040181378135,-0.3424438264129236,0.1289840083417589,0.021370020546357664,0.010674956005514526,0.012741914522559525,0.005656287584779881
B0036,114,2.4440624320786557,1.8537888852681295,0.3617260841144834,0.17121769077167937,0.021205150336452386,0.01248566365529232,0.009876341707346777,0.013762615456752137
B0036,115,1.6913403148932205,1.8486757281763222,-0.34515972467787265,0.12916927997935698,0.02366064731283679,0.010492232799433858,0.016285164600348557,0.008216986711177899
B0036,116,1.6802787096613283,1.8272292179586505,-0.24071461328044474,0.05031336587005072,0.017662755417991054,0.007465271703516642,0.014206561297928327,0.004116150713436152
B0036,117,1.673147301023026,1.8003280917578015,-0.1070831676038218,-0.036199091818877545,0.006519739106472002,0.002118672869882771,0.003041604377750614,0.004421452360979249
B0036,118,1.6704292090032429,1.7626991008627253,0.021470613245933783,-0.10584143710385004,-0.0056377039976368915,0.0009636880811496008,0.0013754382351209614,-0.004600490290233859
B0036,119,1.6659903350115992,1.7189822791331602,0.11088190498604679,-0.13835139305087904,-0.013611312403144702,-0.005024801507736816,-0.005400030109707584,-0.0014863120015920705
B0036,120,1.664241575272447,1.6797303310971825,0.1566885882608953,-0.13780284960733552,-0.011537601001035078,-0.011987118692041922,-0.0010098265597957492,-0.009839948189069934
B0036,121,1.6668450767774965,1.642343618941905,0.17284749576019104,-0.10687005710235811,-0.017867301408214863,-0.006970570722516627,-0.008621226860017029,-0.008016881797827608
B0036,122,1.6594501560667536,1.6164314645629785,0.13243273610976086,-0.055812670131587375,-0.007407476695923615,-0.007464755490112284,-0.016319164526289315,-0.0024099777207752557
B0036,123,1.662412523067319,1.5988756928227186,0.09750016177958593,-0.006414733983556549,-0.0075322588326746116,-0.0026636017943328927,-0.009345575125517896,-0.008007161760663203
B0036,124,1.6603526083225701,1.5907147530169508,0.05099666596786295,0.030798706443104236,-0.0016386797555762956,-0.005624414488462869,-0.006476142597421131,0.0015817197764789828
B0036,125,1.6610231379633236,1.5945785728657262,0.013981797699346148,0.057833114694150645,-0.004708780688975718,0.0011010202040477913,0.00239148048570474,-0.004154067257001983
B0036,126,1.6575187557321613,1.6004451269569595,-0.005955507097097009,0.05340226141233076,0.002417583983782325,0.004995943862877997,-0.0005063569678182582,0.002719703624417418
B0036,127,1.6507877959674548,1.611309752777786,-0.023114761682896355,0.04482072321042188,0.006005274525389062,0.0039785568732855344,-0.0014780955910180587,0.0092663459047253
B0036,128,1.6532570062110141,1.6321643554207872,-0.024560927645428773,0.025489156397698543,0.007928408280752369,0.011843165958130212,-0.0004141518301033198,0.000806999676867748
B0036,129,1.6494214846772686,1.6449809825479116,-0.02883012872956957,0.020189360881911658,0.005372406267056013,0.0008903339226590788,0.007119884535091683,-0.0003013546961431859
B0036,130,1.6678591915666705,1.6588745979223922,-0.0049751940203887025,0.005303608814611591,0.004143752902711221,-0.0018232877761353832,0.003683457655926511,0.002652256100171734
B0036,131,1.670862764324967,1.6657080696675133,0.00597810895080276,-0.003836076898518005,-0.0005877666117974085,0.0005483244493010597,0.005036054599379855,-0.0019839498021958966
B0036,132,1.6658118164053368,1.668999360995454,0.003110099389157467,-0.004395481618239843,-0.0019838869577738466,0.002368925438106307,-0.005159202372953038,0.0028720015663176125
B0036,133,1.6532998517617,1.6685401502730963,-0.006609631335168917,-0.007889874489959092,-0.0014781085077645324,-0.0030274179068310878,0.00047801163578822364,0.003286722140184678
B0036,134,1.6468787023528522,1.6698704325148082,-0.017965384741925678,-0.002045447586537947,-0.0018085582038366527,0.0015685499941836844,-0.0051405864163046894,0.0023996968467383914
B0036,135,1.6718953249703756,1.669294543056146,0.004810531024072763,0.0011951852195605855,-0.0025780305586287143,-0.00027221148627208267,0.0026537965162813744,-0.003208488772331487
B0036,136,1.6807743463585727,1.6700859717036345,0.01368812431753222,-0.002243355669567263,0.003451831622813101,-0.0010124852113333272,-0.0010162044200799226,-0.002179535965137907
B0036,137,1.6737717086703074,1.6657740370606375,0.004216488078249942,0.0040738711616967035,0.0004600030720686728,-0.0003006917652394733,0.002851097156932845,-0.00330309606752265
B0036,138,1.6605773762487392,1.6613597128296704,-0.00930558897210336,0.00318183891914443,0.006317763951160728,0.0004554321821121888,-0.0028916125997340923,0.0014598299786233433
B0036,139,1.655987781146086,1.66043965854895,-0.0050839733234036635,0.0027865677198383714,-0.0004022586403577194,0.0005010585245967179,-0.0042714593191912455,0.0020181876805249383
B0036,140,1.6468623183898439,1.6539537026860134,-0.00975753079887332,0.0032625895282925883,-0.0001322952724059952,-0.0023904220607600564,0.0012091532033751643,0.0007171211584920705
B0036,141,1.6574621175432847,1.6493531327624151,0.00841043118381153,-0.005212648136446335,-0.0007284124579067333,0.0031808890327115385,0.001218553197388637,0.0012401720046605483
B0036,142,1.6603991175216894,1.6531079558172666,0.013552899739591787,0.0020400444421796657,0.0007623098557330243,-0.005226590586113907,-0.0012245416802871608,-0.002612960026362175
B0036,143,1.6460789092837111,1.6462181601554136,0.0029476089564547257,-0.003506114082185399,-0.001973108608814702,0.0003641313478263073,0.004781011181304648,-0.0027527796111893412
B0036,144,1.6408366462659327,1.6438824405966275,-0.0031540288041586938,-0.0013148915689423016,-0.0014516454591264204,0.0007428129777369785,-0.0012836935913319101,0.003415652175636844
B0036,145,1.6344408920281601,1.6481999547683974,-0.007605215901997372,-0.0014817569716725938,-0.002265047634675269,0.001292580778098562,-0.0033416996619426266,-0.00035792328093747
B0036,146,1.6374039186504212,1.6463400990288524,-0.006297854509214345,0.005056047278774773,-0.006748198774383009,-0.0032763763521375614,0.005341187432792414,-0.003010985390211115
B0036,147,1.64738207540524,1.6432808713317109,0.0009275516576868129,0.0015357207732491004,0.0034869600914474194,0.0012093256295292161,-0.003908518052924467,0.0008501640282946169
B0036,148,1.6545646441622355,1.638052306933595,0.010940644004698746,-0.0007341109207200243,0.006307879570928171,-0.005135299444832422,0.001895450430109715,0.0032377736347964756
B0036,149,1.640896560729935,1.6360505800770537,0.001423348084936048,0.0028222325571858136,0.0014156545025982368,-0.00016924393630154822,0.00010081601229673876,-0.0007468265073865568
B0036,150,1.6265229979339635,1.6322906239614,-0.004955954939923417,0.0017943039988980226,-0.0009451983357017698,0.00414803731025958,-0.003816995654342612,-0.0019918183313433636
B0036,151,1.6217349144630457,1.6280033236593556,-0.0008425888009046808,-0.0013852693243560617,-0.0019322547323570762,-0.0015678349366164623,0.00027262080637513545,-0.0008130821282261206
B0036,152,1.6248200059639546,1.6275338787105182,0.005435520370947444,0.0007084130323642192,-0.00073244375294221,-0.004381562574739344,-0.0007840818527983912,-0.002959717892354867
B0036,153,1.61880119736137,1.6283964380749334,0.007830985549313095,-0.009432970859751512,-0.006731596449329436,0.000458999214536189,-0.003198408625571325,0.0014777505404923164
B0036,154,1.6137350490334217,1.6317014736233637,-0.010257888148057484,-0.003976551706642604,0.0010671931833214285,-0.0023781910742551927,-0.0009356654639597197,-0.0014853212918669366
B0036,155,1.612012823654141,1.6367613176431013,-0.02478703161244117,-0.0029986301686478604,0.0004570034054645242,0.0004518584275239203,0.0012873271324943668,0.0008409789169048919
B0036,156,1.6671032556887178,1.6500643592931117,0.016834778371974907,0.002187103315392673,-0.001849398843577318,0.0017886847332217169,-0.0005481610068126998,-0.0013741101411944073
B0036,157,1.6850133383886254,1.6546856320018561,0.021948282081886827,0.0014047753174373273,0.0014097071291109162,-0.00046565291348066377,0.0036894632044427874,0.0023411315822854752
B0036,158,1.6786654987614698,1.6654293018615407,0.004458726034352078,3.0120009413134514e-05,0.008138909303449756,-0.003540217042421819,0.0042911110903400785,-0.00014245247373892466
B0036,159,1.6729763502191373,1.672299456816566,-0.009078376793307592,0.002653675831632736,0.004612120178997609,0.005448008474706424,-0.0004869800409083127,-0.002471554221212579
B0036,160,1.666489034299654,1.6707733664184403,-0.013550993741569648,0.003916065015199031,3.6672200248160277e-06,0.0036544348446867266,-0.002493100934864629,0.00418559551177006
B0036,161,1.6698420840710908,1.66885426931104,0.00023370983914949685,-0.0033910757763041424,-0.00013836937912518126,0.0024149926979454787,-0.0014277648543201498,0.0032963222632774783
B0036,162,1.6746744228027035,1.6693423883741978,0.004995396382703423,0.0039592485675260915,-0.00037751504325327215,-0.001534516483948235,-0.0007630102546883406,-0.0009475687142495026
B0036,163,1.6665045335145643,1.665982724389009,0.008723128887588989,-0.00369500825778298,0.003236695629261586,-0.0051315320887362695,-0.0020565038675715735,-0.0005549711431877747
B0036,164,1.6522220848347273,1.6586742378712622,-0.0020403554255436847,0.00052365331575666,-0.004217994502403245,0.000948796169493463,0.0005040557627181923,-0.002170308307798228
B0036,165,1.6462718275099526,1.6578618779992902,-0.006431396723881273,0.0012219387960775792,-0.0023904277589447487,0.0020650680148430753,-0.0039276818634228616,-0.002127550899109742
B0036,166,1.642399234692521,1.6460113425405283,-0.005601176602219936,0.0023614452838689845,-0.0024700666680511282,-0.0006381143829417024,-0.0035888494207723556,0.006324654001005302
B0036,167,1.651178607099992,1.6479976475625615,0.006149253637903173,0.0002662238993405515,-0.0003897283971356541,-0.00021931531454826833,-0.0018499831526534677,-0.0007754910856406868
B0036,168,1.6481683120281931,1.6467982421626666,0.002629303768581882,-0.003135245146810839,0.0010850746571643582,0.005215795713299228,-0.0005126402510822564,-0.003912218822683595
B0036,169,1.6478887725428397,1.6438260778950038,0.005201781708478657,0.0011113151797430393,0.001819314014922153,-0.0027233861073020513,-0.002423424847819546,0.0010770947530443769
B0036,170,1.635843650915682,1.637011967950556,-0.004343597929645958,0.0002686825017507943,0.0024583659837536694,-0.003274701261305443,0.0028753198937005145,0.0008476138425351565
B0036,171,1.6332362811945516,1.6417412845338122,-0.0026516265457058137,-0.0014765481452560258,-0.0030169806669405118,0.0004441574960075379,0.0024275963650803875,-0.0042316017740923854
B0036,172,1.629926467682987,1.6402491937914099,-0.0048895999658097305,-0.0038472676112542266,0.0008788832087240035,0.0008930191255394597,-0.0038218206045675957,0.00046405981071523264
B0036,173,1.6387862629287224,1.6362773698212,0.006018332556550527,-0.00040768975469661155,-0.0072776625079834355,0.004386085929008852,0.001965739626677416,-0.002175912679408794
B0036,174,1.6359654863840773,1.6359037491194626,0.0029584686436269574,-0.0019587821416903275,0.0007554514321765372,-0.00035081711503149026,-0.005062455016628815,0.0037198715276989193
B0036,175,1.631137043967566,1.631346484625825,-0.005213751416392386,0.0007857151534510744,0.003290501487751487,-0.0008440944163588439,0.0022012218528273254,-0.00042903324901692616
B0036,176,1.6220189720888463,1.634156683050184,-0.009238738883022957,-0.0012291483390810673,0.003770472240360091,-0.0027208862621458927,0.0023185947542361226,-0.0050380043917523775
B0036,177,1.6416044978422155,1.6290821049823347,0.013778696642279866,-0.0012436869396183952,0.001874592736284401,0.0001312080855802618,0.0018262943590351623,-0.0038447119639637498
B0036,178,1.6253090231457805,1.6208866678830647,-0.002582893786659532,0.0027589954115988906,-0.0012274474548546748,0.004457734586080459,-0.002776413110283313,0.0037923796933698162
B0036,179,1.6196134522239483,1.6201645800926647,-0.0025162770906786117,0.0005548127222842195,0.0016839493757984296,-0.0031968636790378952,0.0009275742324217424,0.0019956766529100212
B0036,180,1.6124236174774371,1.6166417097009416,-0.005615065793692173,0.00034015961813134004,0.002636299813268417,-0.0048544643991733916,0.002865214780964247,0.0004097638468323071
B0036,181,1.6077701029913394,1.6151239066439305,-0.00541329521059256,0.0012429810651939427,-0.0017741720657005779,0.00101205167802733,0.001560869345176054,-0.003982238370057076
B0036,182,1.6088077531981582,1.6081101052639355,0.0021440871252623806,-0.0035480490489349877,0.0011665527950102156,0.00045867101350504107,-0.005108793464582289,0.0055851796075293515
B0036,183,1.6083556258734268,1.6082143361292593,0.0022221216369763194,-0.00022759690539497925,-0.0010085192499581523,0.0034639895111002817,-0.004180878809430598,-0.00012782634509165175
B0036,184,1.6068202519011539,1.6057786989359928,0.0009184825002887128,0.006582873733136952,-0.0016967731559009015,-0.005006858733133668,0.007134557201247996,-0.006890728484859629
B0036,185,1.601770977206713,1.604959711596714,0.0010982879343600573,0.004616548404166532,-0.004465626713926091,0.002629420931185799,-0.003835835079897342,-0.0032315297650600595
B0036,186,1.594911734692208,1.5933478779853516,-0.0013818817064855655,-0.0025115236519319584,0.003884785868474855,0.0019209232128291815,0.0004996443539775705,-0.0008480912620982385
B0036,187,1.5938139125387372,1.597076115113323,-0.005104283406526917,0.006552145913956171,0.0043149243117751365,-0.0011407024171366013,-0.002730663703430166,-0.005153623164180842
B0036,188,1.5920273129504596,1.5983146959396932,0.005911400178357401,-0.0016619191835267066,0.0003378603891548482,-0.0013534972016202775,0.0014345422989220098,-0.010955769359634323
B0036,189,1.5847361549778751,1.596542819905669,0.0024331194828828735,-0.0015214069503349903,-0.0022487735628953644,-0.0004922631628486771,0.002393430688964607,-0.012370771305150248
B0036,190,1.5763429363936798,1.6016109003775534,-0.004738614015351063,0.0009685847107894145,-0.003430539186317413,0.0006883380443504036,-0.0024697308192428895,-0.01628600259102713
B0036,191,1.5720229174642286,1.6089328407196257,-0.006988709166097707,0.0006088094674848823,0.003594225977241835,-0.005197697774490924,-0.0026093332370809687,-0.026317218390920515
B0036,192,1.5729874285512353,1.6151746153982633,-0.002445762328482699,0.002567280945537877,-0.001853998098364479,-0.002688678674856266,-0.009475065738790358,-0.028290962821533927
B0036,193,1.596985400389019,1.620115613940651,0.020889608165613992,0.007093120651609895,-0.0036787399582726434,-0.005242061404131872,-0.011455719246832684,-0.030736421653849315
B0036,194,1.595726023703856,1.6282500701492044,0.017793736339068257,0.012017800385997382,-0.002899636067773169,-0.008667349678046636,-0.01428386019787827,-0.03648473711964695
B0036,195,1.579500338340559,1.6350584249760312,0.003061757506943004,0.015454993589733932,-0.0041897336808053385,-0.012532836861915852,-0.02005573511175018,-0.03729653195386158
B0036,196,1.5629469877520186,1.6370396462889238,-0.011630872059403243,0.014459377511409867,-0.004199463298645683,-0.014760310437430984,-0.024715630796476602,-0.033245759315457576
B0036,197,1.5591129431541175,1.6400471442839537,-0.02445676726591053,0.024550417541558903,-0.0009072937184759736,-0.019803994705646612,-0.02398628691943558,-0.03633027591706808
B0038,1,0.8980573709676724,-1.0753093075069016,-2.21831853727496,5.717177705842517,-7.645658728036964,7.676882463188907,-7.167285073493204,5.610568848459845
B0038,2,1.1026236331914077,-0.6588376495037189,-1.373451075023461,4.479049843594259,-6.645378713954666,6.726869592752712,-6.225668832267211,4.800040467740955
B0038,3,1.0885801879473431,-0.28440128170316115,-0.849759141455158,3.397927355715591,-5.734705857916962,5.864229484415897,-5.372378423395231,4.06766805243823
B0038,4,1.0613249847591086,0.045535896390441755,-0.4581258544444414,2.483452496849569,-4.911099225817399,5.0862656564354545,-4.604074106119706,3.419370121625592
B0038,5,1.0347062057983545,0.33479249375516806,-0.15903672492847726,1.7226901467321398,-4.1799767306462945,4.378760279359669,-3.9128079736671193,2.8502847153620134
B0038,6,1.0269978594353013,0.5894450375627844,0.06106884249965923,1.092970682145814,-3.509324628268177,3.745805981884194,-3.297229003845307,2.3442609476274936
B0038,7,1.0785019710989419,0.8087496499961614,0.25262836946550726,0.6060247893374702,-2.9231437305522556,3.1729703486037186,-2.743825235102655,1.9050977795060149
B0038,8,1.0638897478802845,1.0012736630246912,0.28880760602080796,0.2416317986429463,-2.3993950199993,2.6690967303993687,-2.2601569149376766,1.522631884889046
B0038,9,1.0366551223324423,1.1624746193892144,0.2313893675392634,0.004078288872781905,-1.9445728783664995,2.2288164293165593,-1.8482341263715627,1.2027034221208197
B0038,10,1.030941327482094,1.2975455351989305,0.1287684169480308,-0.13436613830426775,-1.551936619872677,1.8447074659273002,-1.4834934229093772,0.9297160906640788
B0038,11,1.0140084541034655,1.4112371155637706,-0.05639279658956582,-0.15826106926815475,-1.2111278048763465,1.5023285723871107,-1.170578062395691,0.6968024994575731
B0038,12,1.008516095994519,1.5021811951999702,-0.2699519140051912,-0.11704494575592587,-0.9238930457982398,1.20971343363164,-0.9028896917532685,0.5104010646524862
B0038,13,1.7419245088095903,1.5702003892135408,0.25226035997012264,-0.037299058210520514,-0.6866865078425635,0.956662932541438,-0.6790340237984592,0.3658204168831508
B0038,14,1.779741859708433,1.6275927995537476,0.10011539863690588,0.04260724762999183,-0.4910873646256428,0.7554625194223601,-0.5039386362230854,0.24898989524942336
B0038,15,1.7815666306452766,1.6751077465154067,-0.03391771012602596,0.09449569724137487,-0.33805271007759824,0.5809819223371611,-0.3540591318459835,0.15701081653563745
B0038,16,1.7834859577156017,1.7009968450185595,-0.10822080463912069,0.1137557094425121,-0.2221105171207193,0.44333557644779775,-0.24511598164830045,0.10084513014896694
B0038,17,1.7864411650415675,1.7197876732453987,-0.13017816469181442,0.1058283106394971,-0.13451747737354666,0.33360117603502265,-0.16964611973832136,0.06156576685849976
B0038,18,1.7859997608067948,1.7350781939837239,-0.11439993527057979,0.0671171881631618,-0.07619481661822247,0.24006303820095082,-0.09497200723189335,0.029308099512960525
B0038,19,1.7769523773001608,1.7410531176019666,-0.07765798070422888,0.01534861526875912,-0.03081794089574436,0.16862328747291286,-0.054559608249445564,0.014962886742082784
B0038,20,1.781428917321899,1.7483430562259523,-0.03326520475708946,-0.01558144107092679,-0.018773556211237715,0.11926294316068647,-0.028862991672853534,0.010306111582106526
B0038,21,1.7859452772697197,1.7523924334183278,0.006863586067229915,-0.03515546403076472,-0.01543783294034526,0.09016862317110275,-0.017897645962006895,0.005011577479499758
B0038,22,1.785208429691551,1.755979407519255,0.0228903835797604,-0.04420948284237574,-0.0003111051141967341,0.05304563182161872,-0.0042094032519087825,0.00202299791295268
B0038,23,1.783596609584544,1.7613996185264147,0.023765273341796917,-0.030143432851785324,-0.003034746379750884,0.030102939655636606,0.003434543747405083,-0.0019275865211135649
B0038,24,1.7796783152744713,1.7589953923076336,0.015401834533662938,-0.014091434044587351,-0.008573439365437528,0.025523800852266208,-0.0015167631812709782,0.003938924107491953
B0038,25,1.7841102592788645,1.7687138961669513,0.013123864927987394,-0.009246319824937817,0.003879267902287812,0.010443769722835314,-0.0036833364328476737,0.0008791167504869013
B0038,26,1.7833032331592193,1.7716021322253832,0.008700095755227344,-0.0016318111668576498,0.002800149311920604,0.0035577530198087565,0.0018318897142720518,-0.0035569757663834714
B0038,27,1.7796186141356956,1.7751356863769896,0.0015002991320612054,0.0030153564951614768,-0.0006634443368897704,0.0037049910977590725,-0.0006857650677425587,-0.0023885096263373605
B0038,28,1.7816592334352586,1.7768363656768758,-0.0015420490801152174,0.0038107249144498723,0.0036531810276546448,-0.0004922143402559756,0.003768801144223677,-0.004375575972907504
B0038,29,1.7775911304124035,1.784593046821139,-0.009659574510742666,0.0049817416230841195,0.0003935972692149329,0.002351688266830487,-0.005825798717356473,0.0007564295961755043
B0038,30,1.777701881971679,1.785184244124841,-0.00789775317780258,-0.000645221223261645,2.7561035674687982e-05,0.0021202988131175677,-0.0014323008043507109,0.0003450531393677361
B0038,31,1.7789547618270618,1.7850961342993155,-0.010480125237932658,-0.0007887973501288612,-0.0008151846305964232,0.00039332284209488464,-0.00013531741186190613,0.005684729251685572
B0038,32,1.7807753731135043,1.799969778200948,-0.01766203966798774,0.0038002253949250223,-0.004199068244676406,0.003114223378477143,0.00311248803798105,-0.0073602340512190145
B0038,33,1.778415319026661,1.8000326386849113,-0.025618843865718544,-1.5887616837242385e-05,0.003838871923317509,0.0008578244700998399,0.0021877633302859697,-0.0028670479637145346
B0038,34,1.7789773899108463,1.8048168371746942,-0.033296739482795726,0.006966690673778106,-0.0009795192959407087,-0.00026870694231908703,-0.0001137927536009815,0.0018526204725376012
B0038,35,1.7792479347236045,1.8093301800675308,-0.044923800797532734,0.017393018245060683,-0.009055842890250018,0.004091775309385682,0.002789720337424485,-0.0003771156125918429
B0038,36,1.7779204573685081,1.8131783980964897,-0.06249294928379139,0.018782658889306664,0.006826263606922376,0.0016040752353164176,0.003010011171174865,-0.002988000411072086
B0038,37,1.779227040224144,1.8165434607021675,-0.07466274247972468,0.032219309064700045,0.001213574351895964,0.0017289437273623083,-0.002265729766218676,0.004450224559390296
B0038,38,1.7760634320079352,1.830130406443169,-0.09428012086784254,0.047816188879564125,-0.0030285553039110687,0.0013280388229820086,0.0013678646108475244,-0.007270390640453501
B0038,39,1.775103937963957,1.8291237768189137,-0.11491928428542951,0.06716603304110709,-0.006799971738768759,-0.00016661114606467874,-0.0022319528913715735,0.0029319481022919086
B0038,40,1.733064100138742,1.8346845475032758,-0.17724490678220148,0.09986477466913282,-0.024396553799930467,0.005868954264332789,-0.0023231937364421003,-0.0033895220295300545
B0038,41,1.7394892806215223,1.8346384426615923,-0.200271717300873,0.14415828161179894,-0.04857096128490969,0.006287536962047189,-0.0011775351308436386,0.004425233050592109
B0038,42,1.7378064360392924,1.8375125017525158,-0.22971205570350728,0.19958913124105984,-0.08288990323622777,0.008384051051081191,-0.002510291828036071,0.007433002710815969
B0038,43,1.730028145799833,1.8466524726044673,-0.2669923713822905,0.26053343741823337,-0.12232370639767413,0.008578720597980819,0.008785071411877786,-0.0052054785019148035
B0038,44,1.7290404566542985,1.8531912219866682,-0.2920602098138297,0.3364296247379986,-0.19275081575594594,0.02626673466312772,0.004793889357273372,-0.006829988569837564
B0038,45,1.7286072907068815,1.8659979092631436,-0.3185630725909305,0.4283697688546696,-0.28218740123244673,0.038935704036577916,0.012082945750244318,-0.016028563423084563
B0038,46,1.52573884649634,1.8743317956292973,-0.545071624403601,0.5370892361835836,-0.3943519601857725,0.061865319558556627,0.019446029064639807,-0.027569949335497473
B0038,47,1.5301475534434217,1.9002243829831698,-0.5721539155977617,0.6667614993659778,-0.5282810882609549,0.08821958897936549,0.0248444391750124,-0.04946735318790238
B0039,1,0.11903831859341765,-1.7296136888753908,-2.815408761053239,9.38334745819676,-14.975937986170331,13.018019484559279,-10.758453422530748,7.99708523468395
B0039,2,0.4729861500927512,-1.1980343809333307,-1.6266853367157967,7.410873492400752,-12.979043686785891,11.329089846986177,-9.294481575433132,6.83126779072991
B0039,3,0.16280793829202067,-0.7284895173792092,-1.2632716613755455,5.70513832902527,-11.174053422860696,9.815666942699648,-7.995132057131593,5.802949325523474
B0039,4,0.4787632853388766,-0.3098112378630937,-0.4352359442650257,4.2594337565631495,-9.533720438880692,8.414934791328934,-6.77759175996689,4.860754118577439
B0039,5,0.4711383364607152,0.06196109550594198,-0.055616031139917546,3.034987237642411,-8.060525139903717,7.1795077809435055,-5.7401431072375715,4.050966500806318
B0039,6,0.4668172561120673,0.3785843264114708,0.20055376169965167,2.0243334379789952,-6.736986393962998,6.057933366272829,-4.784311478772762,3.32671023664188
B0039,7,0.4699932676625547,0.6608849819667976,0.38093440205130275,1.1793659337532192,-5.578754555136798,5.092015342910347,-3.955851512823588,2.6913986750977266
B0039,8,0.4627052684317185,0.900382604762717,0.4376445142310145,0.5390336607650307,-4.55503544552184,4.217957420069482,-3.2148158708400545,2.1375383851230767
B0039,9,0.46049447826560974,1.0924292879657795,0.38465536240496895,0.08443598595420766,-3.6552615684534495,3.4601646462811346,-2.5870503310759565,1.681121095347012
B0039,10,0.4412227248835694,1.2626879637094297,0.18863939612067473,-0.17500826881863144,-2.8847299133966064,2.803990503425632,-2.0424539984764385,1.288097042480914
B0039,11,0.44354421943965844,1.394307818993652,-0.0922322932670097,-0.25159982680645815,-2.2278653391359757,2.240174832589375,-1.59536923937327,0.9761282666003501
B0039,12,0.4126655541164234,1.514124871772765,-0.4856407713325633,-0.20510289391516817,-1.661948756264187,1.7520469424529128,-1.192751592766448,0.6919377543354325
B0039,13,1.7461791006389626,1.5977866969741856,0.4546805162353203,-0.058641449064741925,-1.2101149384503382,1.3616402850643425,-0.8888568765846863,0.48968486640166625
B0039,14,1.7695250734505363,1.6743308654383808,0.15352526413406772,0.07568339885229398,-0.8389603049525515,1.020619510005408,-0.62301475655274,0.30734109645844443
B0039,15,1.7715391419501945,1.7202539999852848,-0.0669739746961408,0.15355976132997531,-0.5493414455509473,0.7580342755697361,-0.43454940940129066,0.1905559346459978
B0039,16,1.770625483958279,1.7496925033655732,-0.19687850333419393,0.18990480414974417,-0.34366155284133426,0.5462201948934625,-0.2790030516409828,0.10435108929858795
B0039,17,1.7704040639447296,1.7768281100124812,-0.22795330147123247,0.15902804545078125,-0.18646408188942845,0.383511980557203,-0.17767947103587434,0.04313278225341561
B0039,18,1.7695081788801759,1.7830997883236892,-0.18349865457667225,0.07870387763937152,-0.08746917172889257,0.2660059848070885,-0.095078913983634,0.00774526833199571
B0039,19,1.7638356274269416,1.7829110847120246,-0.12106994056571944,0.022004741832832832,-0.03654494774089925,0.16178356670909122,-0.043751165423235615,-0.0014977121634061515
B0039,20,1.7715725869786123,1.788422621057604,-0.03678493295402356,-0.03606626812965587,-0.00810083321812646,0.09143778808975027,-0.01855458037203264,-0.008781207562488432
B0039,21,1.7701196454489683,1.7727815548043564,0.018001144252319204,-0.0689843654995976,0.002594725782402,0.05731497316320422,-0.0117888416493006,0.00020045452824954873
B0039,22,1.7667569752860521,1.7793512738322907,0.042633543022773834,-0.06657079015967567,-0.006084310143501142,0.03366532011075801,-0.0009579877440632213,-0.015280073699286642
B0039,23,1.7648743629092642,1.7791254417144675,0.038063732307529616,-0.04041041111889959,0.0008755166442126559,0.0028676338877395473,0.0024917601181007375,-0.01813931071031831
B0039,24,1.763838685943225,1.7649731860602946,0.02720000076742363,-0.025250742393157367,-0.003136007600674063,0.0020960653265586987,0.004384390976742296,-0.00642820726021669
B0039,25,1.7657225752056789,1.7695536673757564,0.01512483469643971,0.003369585865588135,-0.008609448529663992,0.00047969215398402387,-0.010946268796453742,-0.0032494876265495498
B0039,26,1.7645632809383045,1.7608593377964334,0.003438268560279175,0.0040654838197152895,-0.0006953079624451998,0.00015177017606248498,-0.00915744775219005,0.005901176234070759
B0039,27,1.7608991948479125,1.7571551379523844,-0.012703898641105113,0.019728733187350144,-0.0006281890709387474,-0.008341565043334139,0.005716808985415446,-2.7832587607389606e-05
B0039,28,1.7598362095817717,1.7605918604835302,-0.006634706003079055,0.0038731018157436084,0.0013960860025068922,0.006439062597798584,0.0005966103535914293,-0.006425805733884918
B0039,29,1.7590955400143164,1.7597871706106654,-0.0010870800318322155,-0.015661421309430892,0.01813575686563735,-0.004169165096516544,0.005170911478158841,-0.0030806325678030145
B0039,30,1.7560495443976523,1.7530146801010487,-0.006847335631639968,-0.0012056876385433072,0.002126895490368592,-0.0001207329420175259,0.011208618788801682,-0.002126893835279015
B0039,31,1.7571677199949287,1.7619739616022685,-0.0017780602516881954,-0.003628125901993155,0.00020465161568979358,0.009309864984030662,-0.0066862882366357755,-0.002228283881848609
B0039,32,1.7558911269459976,1.76180322732559,-0.007465788596902308,0.0015210435778132854,-0.0036755465938562502,0.010378870232715384,-0.001949658219590728,-0.004721020844657581
B0039,33,1.7533419072229914,1.759029616321044,-0.00013571443064566135,0.005133463676216387,-0.005755837711405008,-0.00390871653779995,0.0027358041572350593,-0.0037567083161005165
B0039,34,1.7506673845335168,1.764936147568262,-0.006590502852513611,-0.0008165391849127478,0.0015643786794559901,-0.003492929650074483,0.0010695443404384786,-0.006002714431125383
B0039,35,1.7510006664162403,1.752317582734582,-0.008101590136248536,-0.0029351178832212684,0.002715405378296559,0.005241312022740587,-0.004885998012121164,0.0066490722481680475
B0039,36,1.7496058853847873,1.7512914253256953,0.0011720592454937196,-0.008075283136420409,0.005828158140261982,-0.006982630243447931,-0.002456659917213744,0.008828815906614447
B0039,37,1.7477359172183355,1.7504115564808165,-0.004387694700256293,-0.0006874870464579603,0.005081822215866625,-0.003962220110413585,0.0055929046407164435,-0.004312964325418314
B0039,38,1.7444225468099093,1.742655148806615,0.010210225639725184,-0.010772898720584559,0.004081238659808661,0.011148103268385673,-0.007497633663270881,-0.005401637243681725
B0039,39,1.743308366083936,1.7316781272114377,0.02467941215140916,-0.009601696103649901,0.0006964033424881074,-0.0006469381857776884,-0.004825869005258871,0.0013289266105675438
B0039,40,1.6556691733888471,1.7068534861085773,-0.03520329662604401,-0.016339851742590523,-0.005472708927673705,-0.00475561261808739,0.008749858974531524,0.0018372981724990051
B0039,41,1.64297669457593,1.7147624730095277,-0.021283436181879528,-0.03154728087649035,-0.0025334997750478118,-0.0012965335435513035,0.0012908949230500688,-0.01641592302512885
B0039,42,1.6343822729361266,1.691490476988923,0.004644588568449698,-0.04741012353318789,-0.0031873207811128072,-0.008140890938683202,0.0046580132705921675,-0.00767247068282522
B0039,43,1.6265067062165601,1.6944159924446442,0.03302249740809192,-0.07729430697038338,0.0035924741362695243,-0.0031587610870045532,0.0021867443947311284,-0.026257934152404013
B0039,44,1.618865991735961,1.6861020068663226,0.06794420384338296,-0.10799103434377039,-0.003551612543172159,0.0015004084853349922,-0.005632388167265994,-0.01950559244617111
B0039,45,1.6114968339209264,1.6845329189469558,0.09870014740498849,-0.1378059411273281,0.0041484802190549595,-0.0053137812699442215,-0.004145923975206631,-0.028619066317625595
B0039,46,1.3240805773461226,1.6820691743422735,-0.14040840864234272,-0.20004610457069769,0.014876684065281691,-0.005192992188502357,0.025145640307378713,-0.05236341595782798
B0039,47,1.3153386221697692,1.6776319725018947,-0.08195279090595389,-0.27797585433254385,0.035338466653662325,-0.0039523583419535345,0.03330741956976203,-0.06705823296415317
B0040,1,0.6734628137095633,-0.8388972894195028,-3.1834260529173157,8.139329279741709,-10.47092806396331,9.181602061437369,-9.16328714198938,7.009070020981522
B0040,2,0.7913062105760345,-0.40349311385504616,-2.1272029613590466,6.392835847725571,-9.110367371749811,8.00445970419203,-7.819279274349643,5.854353380107951
B0040,3,0.7865824034601745,-0.022824706063923283,-1.3750304660862376,4.887905069208535,-7.857084474972315,6.9396769514635634,-6.642120128084151,4.856060158131698
B0040,4,0.7795871426061582,0.30654097318601825,-0.7636132762695275,3.595167906481662,-6.711614027771068,5.952634694185533,-5.5821558716019775,3.9826267445340306
B0040,5,0.7628241523125163,0.5888324703703821,-0.3243948838615234,2.5293048242618736,-5.694246090837849,5.085517795940396,-4.648775906431161,3.226585943012546
B0040,6,0.7405021514606399,0.8258189326100809,-0.022981188531165857,1.6634863528195776,-4.7851522373969475,4.310022120342736,-3.8238829072220932,2.5731910789854413
B0040,7,0.7783970881100656,1.0358244799216396,0.2233363602944084,0.9668262895770804,-3.962124695104407,3.6100430207589413,-3.1066927188031297,2.0111843516043035
B0040,8,0.7733165409025605,1.2024444347550092,0.3175193173164737,0.4438160901226964,-3.2540686162315526,2.995299320593198,-2.476128550743978,1.5444345452305863
B0040,9,0.7589575236409498,1.340290193507918,0.2789628420383149,0.08771796190919534,-2.630684001590139,2.479435472206164,-1.9546238011118842,1.1578588568243668
B0040,10,0.7407399462256391,1.4553256046228322,0.14996456197057031,-0.12089851689150757,-2.090521287071778,2.014854259726344,-1.4980179902221449,0.8300333142382603
B0040,11,0.7446218752617147,1.5496468905888423,-0.05947984796615378,-0.17996219002775482,-1.6323195616975397,1.6172008965284257,-1.1322651097163563,0.5818007976983467
B0040,12,0.7149875629820736,1.6092535137429236,-0.36302763060879734,-0.14438021772195786,-1.2376031435716637,1.2844354271194351,-0.8244178383842307,0.3907274525588865
B0040,13,1.7075144448533202,1.6642171645946682,0.33687231637333703,-0.026634514426908708,-0.9246272361333429,0.999063218326137,-0.5873526039205753,0.24597609997727754
B0040,14,1.730880859428193,1.7041562074096923,0.12768891014302022,0.05066829963173965,-0.669306474009991,0.7925171419471124,-0.3982297309950254,0.12338650523385002
B0040,15,1.7328212845233328,1.7112943440426132,-0.03469919864598624,0.10819060779880194,-0.4606416405771478,0.5843642608307931,-0.25678846665420935,0.08110137766025236
B0040,16,1.7317734323431513,1.736664977272608,-0.12570299433860666,0.13548084594402615,-0.32149777598418994,0.43777425805077363,-0.16259172944228753,0.031645850772839476
B0040,17,1.7341296392350067,1.7519124712969771,-0.13896330494999956,0.0934714748014782,-0.1873412758161815,0.31933164748991577,-0.092970726142874,-0.011310647512808452
B0040,18,1.7334756929990074,1.7384063369297467,-0.12028653060353461,0.06370759345509505,-0.13144505616786473,0.22835750684986456,-0.05331474184663256,0.00805058431397555
B0040,19,1.7243057179457875,1.7406242960364475,-0.08485431486165045,0.012842553907964266,-0.0813712503066147,0.16366564541791728,-0.02442863881311885,-0.002172573501526446
B0040,20,1.7318975861687205,1.7330566432279502,-0.028093727399708668,-0.02372620918786793,-0.05698576033826624,0.1118764224791998,-0.002178499764122686,-0.002051282916479047
B0040,21,1.7333691208377457,1.7343574500472803,-0.001889688982795122,-0.03552188462314537,-0.040188791360384585,0.06733776355181338,0.0055961748069028655,0.003678097329740119
B0040,22,1.732175650153278,1.7424042157886268,0.015387271523922124,-0.028133493816264565,-0.02965456724373593,0.03175790757589871,0.0014754054450678124,-0.0010610891883125612
B0040,23,1.7334832776102866,1.7391377983632483,0.0204166075885866,-0.016576022522183778,-0.028360258329817485,0.020755195796528497,-0.0066035397271228995,0.004713496372688296
B0040,24,1.732372495746513,1.740509336661329,0.015434708866719028,-0.007696868020234069,-0.017285509001115317,0.011915902577098413,-0.0029187339181473856,-0.007586341487254735
B0040,25,1.7338175297202416,1.7426663457814373,0.008768869973963997,0.000696713274152855,-0.007698225825847249,-0.0003376324436000667,-0.0005972981052025197,-0.009681243003094347
B0040,26,1.7329630786357868,1.7287148796567748,0.006209700965796802,0.00242809112006193,-0.010412490615923487,-0.0030267728830964393,0.002687545418100579,0.006362124905826347
B0040,27,1.7318839084573339,1.7323015750491761,0.00013465930009248816,0.005936683756967621,0.001413107511342088,-0.0037489991267699997,-0.004153114820790747,-3.280696036886507e-09
B0040,28,1.7306960059812662,1.729590125978691,0.00020868460027411985,0.0010253441304977843,0.0030386357988136763,-0.0007246448585972121,0.0021612216620114505,-0.004603361398179258
B0040,29,1.7296011601947467,1.7313540205147329,-0.006011137206153332,-0.004705776284706812,0.012556645434699617,-0.006990443365123049,0.00010344763373032728,0.003294403400049995
B0040,30,1.7296187381064656,1.717293658187434,0.003271821760237992,-0.004134696162202864,-0.005845308184632323,0.0050368572180539035,0.005774279749087952,0.008222125470965827
B0040,31,1.7307198617163877,1.7281128540502366,-0.004685370651110176,0.002537764568748637,0.0017998114301167303,-0.001375192140981164,0.005682574970493823,-0.0013525805788765879
B0040,32,1.729274556175907,1.7277899186320653,0.007786697321736061,-0.011758852249771447,0.009039626397110714,-0.0006880117631051112,-0.0032636713770518265,0.0003688491474769846
B0040,33,1.7297962212599596,1.7277668924387415,0.00041938323088606825,0.00233778445302156,-0.0008644173631482655,0.001498079121687565,0.006218393591307492,-0.007579894280095649
B0040,34,1.7268942069037494,1.7143102573753268,0.0020185550185349106,0.0017317912041236018,-0.0008162286735361456,0.005825693173714944,-0.002502957635459471,0.006327096374114565
B0040,35,1.7272191689306016,1.721354502611048,0.0054908409239676804,0.0016985040820110347,-0.0018606072718250792,-0.006061511556288588,0.0021518755353381594,0.004445564539349762
B0040,36,1.7285674981160106,1.7340085182142049,0.007441133534358641,-0.0039009013853352173,0.004899100344219994,-0.0013579153174830137,-0.01027440164221297,-0.002248035699034654
B0040,37,1.726636381605547,1.7316029047171277,0.003544154486521176,-0.010009199558326819,-0.010582969353099396,0.005924922863681961,0.0069818940351225696,-0.0008253256523543916
B0040,38,1.7262424141835067,1.7342057977743475,-0.008912767170396955,-0.011509988088593643,-0.0068408626110327804,0.010696020492479,0.0009492641056115393,0.007654949614303247
B0040,39,1.7252725927602899,1.7529199668202373,-0.032952411228988836,-0.01871152401332428,0.024990256833185565,-0.0017595967304779717,0.009682813686438637,-0.008896912673358903
B0040,40,1.6668026877455053,1.7574547065479285,-0.12925820235169694,-0.0023163511620808157,0.04437445881317055,-0.005016282465637278,-0.0019539264611043643,0.0035182847710276467
B0040,41,1.666754853762041,1.7575283221868905,-0.14634233636477448,-0.028838467455470244,0.08942583212975877,-0.015896927154456807,0.008307321670298507,0.0025711086959069045
B0040,42,1.6583274448761054,1.762793713597403,-0.12968989501836245,-0.10980625102967331,0.15512397914668888,-0.03856012425088582,0.019524236250620264,-0.0010582138717451235
B0040,43,1.65032263550715,1.7664167910145105,-0.025746374952835004,-0.27112073584329144,0.2140420111322673,-0.05279944208520413,0.024082535221146464,-0.004552149029767766
B0040,44,1.6493406341242296,1.758075830374717,0.17531789880555299,-0.5555627122767658,0.33629229335117733,-0.10442219725748439,0.03918632354464484,0.00045319753227655206
B0040,45,1.641919055037739,1.7530488765368908,0.42544206118140965,-0.8981704037625211,0.4704108431575435,-0.18566699823723004,0.06522384742499532,0.011630828688149243
B0040,46,0.425812451177779,1.7619566069514958,-0.4975078829743019,-1.3073158983373965,0.6568301895100318,-0.2684785262847027,0.09162410100504258,-0.011296138477154763
B0040,47,0.5569902643736575,1.7532999404639176,-0.02783449437678192,-1.7553240545952875,0.8586745860678061,-0.4197692141227115,0.16029595696831578,-0.012352455844814165
B0041,1,0.055620243768194036,-0.009392177652868983,0.18025250788696884,-0.10314355068895964,0.01355257742607095,-0.024965493858209557,0.0215697196926207,-0.022253338962694328
B0041,2,0.05569747261227687,-0.009222348574614847,0.14954211011044863,-0.0786999704277385,0.008747889146009317,-0.015710687450165243,0.007125123664590176,-0.00608464378153617
B0041,3,0.05583901629185397,0.00026035489758269303,0.11984262848985007,-0.049894250044532545,0.0010240518760341562,-0.011396157194396728,-0.0028291523064031977,-0.0011684593515960333
B0041,4,0.056148059974053,0.0015352557886324503,0.09768413241050301,-0.03679956331196932,-0.0009105155207521783,-0.005204960369663909,0.0031229772245203926,-0.003279266172602984
B0041,5,0.05647053159913906,0.006901769817149461,0.07055693881640179,-0.021436586531872172,-0.001744533677832442,0.00626638678359157,-0.003161249416667036,-0.0009121941170906126
B0041,6,0.044092291840801906,0.013172095542136442,0.043805829050896826,-0.019473245572721364,0.005413425963312436,-0.0015471186361573595,-0.002715184665587112,0.005436490236265331
B0041,7,0.05677191308141789,0.022070000101727827,0.03749543216991975,-0.007054486510509514,0.004442760670902292,-0.001434060573219935,0.0007849244207651289,0.0004673428763056579
B0041,8,0.056938376500757296,0.023777501645724952,0.02948828950152608,-0.008348077211379179,0.004008104034943045,-0.005037103463316359,0.010534472841942259,0.00251518922575206
B0041,9,0.04440148411312257,0.0326993707651117,0.010828732565231187,-0.004922276649690291,0.011866548477787705,-0.00991928047309985,0.0011308001478152563,0.0027175893572401583
B0041,10,0.04463435818491618,0.03712563649244627,0.010195387285695436,-0.0017314080510899745,-0.004537853685638469,0.0036003149364170995,-0.004300343971754194,0.004282625256060617
B0041,11,0.04479872243657484,0.043456118177346625,-0.001513611318115183,0.003848303241794908,-0.005209510801099544,0.004867041043779732,-0.0008185118617611096,0.0001688940318128147
B0041,12,0.04670898780785478,0.045456295130412105,0.005551994070958982,-0.0043176128117290505,0.0008439016567173429,-0.0014197320742439887,0.0017667227242943026,-0.0011725808118039603
B0041,13,0.04495371533089529,0.04647558015398251,-0.0036910837360324507,0.002263988003316889,0.0004512258546208223,0.00047250926498669304,-0.0006860607331400718,-0.00033244339969087006
B0041,14,0.045219329019542696,0.05089552529599228,-0.007342892611578584,0.0035398475478118107,0.0029869127687745588,-0.0011672261084533302,-0.0016399621890509056,-0.002052875606864945
B0041,15,0.04540222414694979,0.04719599364729238,0.0006260859647345301,-0.0014137585387169079,-7.651139510984942e-06,-0.00022484023437485738,-0.0008041203182739544,3.0514842846363137e-05
B0041,16,0.04567901224974174,0.050969831485409955,0.001163670702168266,-0.004809823713136752,0.003933005726454836,0.0020344337633499136,-0.002943691821995997,-0.004668413815524441
B0041,17,0.04552080257033988,0.045938813112753774,-0.0005269169508258677,0.002950686866089042,-0.005777252455032393,-0.0003540475517900858,0.003522537492992561,-0.00023301786682730627
B0041,18,0.045728541460242564,0.043657747537141245,0.0009228769000219812,0.0003422937016524587,-0.004478194020032712,0.001794159164662366,0.0016544460899734388,0.001835212163796758
B0041,19,0.045860512192502,0.05055915119747745,-0.0012928221002890018,0.0007608950029479702,0.00035899309314934164,-0.00016546018204165858,0.0024506387781327832,-0.0068108835199318166
B0041,20,0.045983556030275076,0.04751527046318116,-0.0013658017252037428,-0.002657280644032664,-5.290069322772385e-05,0.005177476934481233,-0.0032163477074173374,0.0005831394794093666
B0041,21,0.04612876296673401,0.04732999650433023,0.003970876083148975,-0.002126761746912116,0.0006816318715768002,-0.0022392979714215377,-0.0009511646422047001,-0.0005365170549013211
B0041,22,0.0463714545530443,0.04483238110978677,4.456669979907007e-05,-0.0005183571651484697,0.003922276535430481,-0.004149371611901438,0.001023742797243169,0.0012162162646621438
B0041,23,0.04642385425314327,0.04793537711581575,-0.00064626722020675,0.0008123013055306743,-0.001202752903356192,0.0031010917396194155,-0.0060965557379732815,0.0025206600305292424
B0041,24,0.046579469530564604,0.05551922755730321,-0.0003166522763084271,0.0025889919903147414,-0.005719361902632705,-0.0005726376062686724,-0.005733832172445268,0.0008137340173820935
B0041,25,0.04672600894839656,0.04888760001802983,-0.001138886962055972,0.00011481403190893637,-0.0007775306276834125,-0.005002679460611353,0.001877676200025782,0.002765015825529915
B0041,26,0.046863472432443716,0.06160120047281725,6.346485372517672e-07,-0.006825897026689606,-0.001804768713561152,-0.004169838811103161,0.0038460459573680652,-0.005783904018208943
B0041,27,0.047123070484888584,0.05679288836787755,-0.010232089261330728,-0.004376573279948644,-0.0026340626460784043,0.00196140091020917,0.0015985039224951018,0.004013002548321842
B0041,28,0.047089685801538064,0.06682514189362115,-0.013941754398907245,-0.011901970024601506,0.008723526387189167,-0.005069858253890725,0.007821105861847156,-0.005366505587055071
B0041,29,0.04716816990682447,0.06114424739326518,-0.033777214366044604,0.00986829643943546,0.005900971686590403,0.002045202597681617,0.0005981076416874546,0.0013885585908560872
B0041,30,0.047416623395846624,0.06380783081047703,-0.03605047731662,0.030311489467640937,0.002020542346467676,-0.01131928307333378,-0.002035966086470692,0.0006824873242763738
B0041,31,0.04747365818614322,0.06515339585431268,-0.03811814055167434,0.049423913956924206,-0.0023929928186064067,-0.02112665422767486,-0.0056559461953707285,0.00019008224481060094
B0041,32,0.04767107168829607,0.06348312486561225,-0.029008140663472154,0.06458770241876972,-7.351958853979725e-05,-0.04723246239146763,-1.7711595288025935e-05,-0.004067921280785071
B0041,33,0.04775614866793622,0.05799397979994392,-0.0013002812921761792,0.06183835733995261,0.0038659665171251077,-0.06908233888043899,-0.007949419464755816,0.002389884724799513
B0041,34,0.04783369052905227,0.059265735224575455,0.04367372485592166,0.04830906748444763,0.008961798373016819,-0.1165702634111868,0.003505704682788878,0.0006879233959851074
B0041,35,0.047922817158937946,0.0625379586659901,0.11404935813708075,0.00135431762709352,0.027300384643655876,-0.1816745705282427,0.03931159984395449,-0.014956231154117774
B0041,36,0.048108024971614455,0.05232096477628234,0.1837316410988361,-0.06389493649407263,0.06177225531635766,-0.2556457226229703,0.08354511658358872,-0.013721293609973194
B0041,37,0.04808782735825877,0.054211219883195216,0.25035191836409976,-0.12898739037656687,0.11153828201683615,-0.35261965285963115,0.1422461501547388,-0.028652699747974145
B0041,38,0.04842261926326617,0.048470160043868005,0.2763525840270487,-0.180561867536375,0.18980656477793095,-0.4734678424085301,0.22871227927191684,-0.0408892588362301
B0041,39,0.04798649525462829,0.05408080448113545,0.2247034230153728,-0.19237708405946952,0.31856556239954814,-0.628285094778662,0.3453353646048205,-0.07403648033165527
B0041,40,0.04822175200495124,0.05482383581805422,0.09614286477900663,-0.1356432258637011,0.4620331995186553,-0.818752865918957,0.5034089903669533,-0.11379104661865151
B0041,41,0.04787731566765343,0.07290718068894053,-0.12523008942835007,-0.03126550650838628,0.6718486081830305,-1.0605878586525586,0.6970196241553839,-0.17681464269392003
B0041,42,0.04829032055579415,0.10444985278208263,-0.41733017415438894,0.11525391365198571,0.9206727113761558,-1.34460490817719,0.9320738443714727,-0.26222491921793056
B0041,43,1.2156494086360898,0.13146134266241416,0.42312591731058635,0.25240178200786906,1.2362152528201775,-1.6948198234600418,1.234737368945629,-0.3674724318383783
B0041,44,1.1476416320946565,0.18256549883890444,0.08163945657885219,0.29185601373947195,1.6126275851419984,-2.093188882462489,1.5692112424255953,-0.49706928234011755
B0041,45,1.1194574527298193,0.25424009832766703,-0.13501708363381923,0.1972714355574852,2.066484276863089,-2.56935805480799,1.9825662949263947,-0.6767295146690687
B0041,46,1.0841325641850128,0.3484277641262919,-0.27595288031575366,-0.032641530120789755,2.593771739344265,-3.1112179001667224,2.4514767458798628,-0.8897313747202065
B0041,47,1.0607784232892656,0.4663973493677507,-0.3288262110298598,-0.392776869328954,3.2054538921972355,-3.7422078380617583,2.9920597656788734,-1.1393216656868017
B0041,48,1.0170312865626592,0.5990997396742445,-0.31923735426646765,-0.8894868333238237,3.8954888905780916,-4.449607540792338,3.6204872238161925,-1.4397128392661174
B0041,49,1.0000374999808574,0.7722348005091679,-0.23875513305221974,-1.5032290561575827,4.697544724320906,-5.2697486582443895,4.337768019940648,-1.7957771974747037
B0041,50,0.991506494786248,0.9759885470723222,-0.11170550978648154,-2.211990335509302,5.578248867053401,-6.152082984442276,5.118085691389736,-2.2050377811282527
B0041,51,0.9655644425371017,1.200524339662373,0.01868070855571706,-3.0134459818598094,6.578103436045996,-7.152363145887019,6.004166931672952,-2.670101845784336
B0041,52,0.9383311962439673,1.470927893279163,0.1458832050582373,-3.8888995477127386,7.6868095971314325,-8.263275301113694,6.984164580332262,-3.197279230855758
B0041,53,0.9298903389240268,1.787168821735956,0.31401581825370856,-4.8641139838204435,8.913063267898204,-9.487509871078645,8.073654750433104,-3.80638846462101
B0041,54,0.9072117399448598,2.1343679665526896,0.4890962079979659,-5.944348506000691,10.27429749292958,-10.839675702601141,9.269290275836287,-4.47581599488785
B0041,55,0.9176870676937323,2.5313598403900612,0.7306939739088236,-7.136062574337227,11.75148087605414,-12.29908157845664,10.565248930338525,-5.225952400324342
B0041,56,0.9157430721963028,2.9790684713247306,0.9900483858242346,-8.458069126134893,13.382730562374055,-13.915186958570292,11.99804099811907,-6.060889260860554
B0041,57,0.9111662690050432,3.468328943408222,1.2901997409263928,-9.913747183726612,15.138271192309185,-15.650446274455112,13.542471446181104,-6.963911595757054
B0041,58,0.8968901443572698,4.021495745868803,1.635839855741084,-11.513446943606201,17.046424263162805,-17.54384071137441,15.23090951128511,-7.980491576835607
B0041,59,0.8862133472800153,4.639211825496246,2.036826511630803,-13.266779026164503,19.100454859216335,-19.57606434194121,17.04717466980083,-9.094611150871755
B0041,60,0.8931124136187014,5.302461261287693,2.5078177581636765,-15.18444666870924,21.316166509608188,-21.755311932108004,18.995530055519534,-10.289104570257972
B0041,61,0.880898507091054,6.031763001045028,3.0324784851927347,-17.27733163208558,23.706527963877082,-24.1132700560509,21.093631098969684,-11.592900353969055
B0041,62,0.8798879382023741,6.825864289887962,3.6395148114267477,-19.556443651650948,26.265422609067986,-26.64015953995369,23.347896064945207,-13.002206645632727
B0041,63,0.8682347537115443,7.69522742013291,4.29438402248664,-21.995832195636766,28.985118350918885,-29.345552035408318,25.770786175343126,-14.535896984234128
B0041,64,0.8443569490395516,8.624515695504199,5.013337982378128,-24.646084759346763,31.907592586818055,-32.22514918030171,28.32922261362241,-16.159077989738552
B0041,65,0.8657093203148538,9.630171314807317,5.858160918829489,-27.498842567276427,35.01354341292429,-35.29128393325134,31.075556460661865,-17.921596286488967
B0041,66,0.848696904019178,10.7111145050952,6.732696963730606,-30.537058783749814,38.30610895061097,-38.556167150855984,33.99426694426667,-19.80226452518325
B0041,67,0.8364948433646345,11.86950806318891,7.69953200964116,-33.805571656139136,41.80799245545478,-42.014070001860475,37.089439063705605,-21.810335090728227
B0042,1,1.7287126633755356,1.7640117005764786,-0.05165775597269749,-0.032704373354160036,0.04151452325062485,0.03495636707534957,-0.02451111940118586,-0.0028966789038397532
B0042,2,1.7314706281853145,1.7571597024587822,-0.02943271894003138,-0.04411804978206734,0.05328763805600251,0.01844924168212983,-0.010865770820943412,-0.013009414573897047
B0042,3,1.7282350363146088,1.7369295925056965,-0.026084665867230492,-0.016409565695391416,0.02496618138127356,0.017631646548305055,-0.019214889552871813,0.010416736889926781
B0042,4,1.720344742291621,1.7272772297790422,-0.012852486861210731,-0.03203778471411427,0.0348292244480582,0.00018626667961417682,0.002585358822565788,0.0003569340338343763
B0042,5,1.7221734367707637,1.7188730236079377,0.00040397693948181554,-0.027943566340246292,0.02549366141360787,0.014777633869824319,-0.0030194846878456505,-0.006411808136075258
B0042,7,1.708669577331945,1.703904273356274,-0.006678162914506628,-0.010425273175375192,0.003618081711855854,0.0009291893623074129,0.006611651795107864,0.010709817094033255
B0042,8,1.7036476485918646,1.7075258040540613,-0.0028507664077045964,-0.01731638665064705,0.013648312308822061,0.013743051027934414,-0.004780193267520316,-0.006322172574649007
B0042,9,1.6958375743577971,1.6881627686748881,-0.002651716778411848,-0.007700287869626051,0.01497527791224128,-0.0038968722518212995,-0.00485350546686302,0.011801910036880891
B0042,10,1.6949064846676911,1.68668584618038,0.0012918737512882868,-0.0003341257273545234,0.005884296792139259,0.002892055396376086,-0.005675257119173528,0.0041617952936529755
B0042,11,1.6874768094352455,1.6827083770606095,0.0026863629049281067,0.00041969765618737437,-0.003851060659319594,0.002705435035181632,0.008256119337786421,-0.005448121999503535
B0042,12,1.685989172917945,1.673616312566373,0.0038091451993522286,-0.0017281637739931751,-0.0010471728870689728,0.002983888480577377,0.009291459106331152,-0.0009362958728004523
B0042,13,1.6782864747774933,1.6652766134689416,0.003830149126244493,-0.0013633961819827936,0.01062295755842178,-0.006961246235899336,-0.0017803529341717556,0.008661749877809547
B0042,14,1.6739647640901527,1.6708193366847452,-0.0004574264480628564,-0.002998189325280819,0.006948247286374255,0.007213536936443134,-0.005571066969990214,-0.0019896741716199816
B0042,15,1.6722378801237066,1.670944675239361,0.0069128779388956795,0.0008999583192772589,-0.00972374436394228,0.011670332384505303,0.0015366355816040182,-0.010002855073304227
B0042,16,1.6759897900491967,1.6750242002054359,0.005762845274675436,0.0035359195788488905,0.004725597431371817,-0.010783427808625656,0.0014088633365080265,-0.003684208066836
B0042,17,1.6618247672847988,1.6664235740246203,0.000513645774835283,-0.001471715594864544,-0.0028356807636923773,0.0028211138217143117,-0.006624707382400663,0.0029985373086884367
B0042,18,1.6606710352566112,1.6689664331841039,-0.00046323216785974417,-0.0063830810319792635,-0.0017656487743405846,-0.0011686701918381026,-0.003605131069508565,0.005090365212291802
B0042,19,1.6530644874507203,1.6673029988655856,-0.002590142098596826,-0.009529066436292585,-0.00237849993624171,0.0001269085533273873,-0.00012699399657585178,0.0002592824048036212
B0042,20,1.649953986270456,1.6662786536664824,-0.021991131336765394,0.0055155383889553935,0.0004388444964599627,-0.0041597698738190985,0.00412928790012998,-0.000257437065276377
B0042,21,1.681297805444492,1.6585248383019036,0.0015971659611148756,0.01030785100321933,-0.001381550772296902,0.002356413298662277,0.00875926501896352,0.001133822534387345
B0042,22,1.6700520424481298,1.651962362004677,-0.007961557885371843,0.008581840455565405,0.010383748325305643,0.0022813465179224077,0.003941763358429387,0.0008625395745881236
B0042,23,1.667181860354792,1.6453155366958372,-0.007401494857051588,0.01686920035091268,0.004171679018202137,0.005703359264667635,-9.234462026469008e-05,0.0026159244058643876
B0042,24,1.6568865613275168,1.6387545102146495,-0.01469726297654023,0.022120113546204218,0.009217860792552865,-0.005605798498366938,0.008292759727708805,-0.001195621573920133
B0042,25,1.6449819446579936,1.646025566916265,-0.0036716543038351965,0.019910037729942775,-0.0008182307336758452,-0.003708902190827779,-0.007863779287308859,-0.004891093566181008
B0042,26,1.639214585000014,1.6445349334331463,0.00699119540828086,0.027157536790962337,-0.02500475475205042,-0.004854575363321683,-0.009493693951044437,-0.00011605665879222207
B0042,27,1.6410599890208055,1.6493802857797326,0.030077532007929817,0.017497976646950835,-0.035500615347915966,-0.006061056970440866,-0.021893043131094272,0.007558909942560041
B0042,28,1.6432696512198481,1.6769352464768794,0.05582923791742715,-0.00040755286568814513,-0.05313989698165283,-0.019944004961695464,-0.00026213017904172406,-0.015741248279762917
B0042,29,1.6298673102402295,1.682461122340813,0.0656941590875395,-0.04543723621730172,-0.053701258025205804,-0.011410171268063712,-0.013585065057762571,0.005845759288644601
B0042,30,1.6238536344658807,1.7162658010301652,0.07359150826629672,-0.09520546901820728,-0.04233688910670057,-0.013808856390007198,-0.004442090302719462,-0.010210370103697571
B0042,31,1.6186308887044174,1.7310498812673285,0.0688287542971603,-0.1384722969411963,-0.027532180772688358,-0.007115620094599401,-0.009783683863428747,0.0016560347217987113
B0042,32,1.6193418112441196,1.740560055899187,0.04528132849626061,-0.17886531668410052,-0.0014167898155226487,0.006276210865244749,-0.0018129412309913075,0.00931926362390298
B0042,33,1.614593271326993,1.7420995716368488,-0.01309565881248986,-0.1735912079401535,0.030497116028023442,0.00813584429049256,0.013672105565680695,0.006875500469095538
B0042,34,1.6072040891927848,1.7255025420870316,-0.1106566324404001,-0.13643191356530712,0.07610012723491573,0.023499005588399898,0.016770576659089764,0.012420383540561407
B0042,35,1.6012663590062357,1.6690513183505173,-0.20896714375166817,-0.06320524587991165,0.1107815683397969,0.03999568274370932,0.0302684035005196,0.023341775615583583
B0042,36,1.5940407410631041,1.609351283335124,-0.3208554728861212,0.058419239413321444,0.15340912622141686,0.039412034046294384,0.03006393379273654,0.024240597053622998
B0042,37,1.5946888289374477,1.515973399703042,-0.3689545782182871,0.18506751974000327,0.15063567237133385,0.05826065287037528,0.03841362299126853,0.015292539392914702
B0042,38,1.5882100957302596,1.393342027854561,-0.3300464189201487,0.2693384862779388,0.15272181459328227,0.04358413369422498,0.038213805529891065,0.021056246614591302
B0042,39,1.587985558077698,1.2495889935782638,-0.16286193973847846,0.27666206301839885,0.14216896193971093,0.03942254831833583,0.02820606299231933,0.014798867883259485
B0042,40,1.5799165406650344,1.0873390666823624,0.1301363092242406,0.217758438352859,0.08924235648107216,0.023284349193666995,0.019813337646799736,0.012342682999238946
B0042,41,1.5655946193652834,0.9216251254859816,0.5112797448503914,0.0859923377374318,0.026274178684999264,0.011858572577323801,0.005901942170111037,0.0026627177761915006
B0042,42,0.07070127737340176,0.7442265345480206,-0.50937513017746,-0.1046057260263944,-0.03271401863247755,-0.021447284420622114,-0.0033239350357615162,-0.002059162762104463
B0042,43,0.08416878530139071,0.575334816136698,-0.10281815489661468,-0.2386405101275956,-0.09453035772204504,-0.023902301047595532,-0.013581799469403612,-0.017692907454079785
B0042,44,0.08443785621465827,0.4228571981879312,0.16594040637613428,-0.27897579043139564,-0.141108506886296,-0.04855889916450635,-0.014261136507418866,-0.02145541524185375
B0042,45,0.08478919060590338,0.2775988293306286,0.3083199554068522,-0.24998134185613818,-0.16238541295666853,-0.04028428123493271,-0.030660115777042196,-0.017818442188906877
B0042,46,0.09334258183442584,0.16355799078061417,0.3446847552488562,-0.15848470620573132,-0.16297838968070852,-0.042342325545114856,-0.03408869116731327,-0.017006051479447275
B0042,47,0.10603180131397782,0.07835510035367488,0.29849264550775695,-0.06531354403974864,-0.12350630724453497,-0.04194532193739146,-0.025428146343787403,-0.014622624866982315
B0042,48,0.106505866207118,0.024457286688740587,0.19973044054553296,0.05359811524519461,-0.09384010592026973,-0.03410010216775173,-0.02653392923730582,-0.016805838832077653
B0042,49,0.09439111585512952,-0.010833843104059104,0.08240181936124677,0.1263010049782337,-0.0557608013813589,-0.020396575556146074,-0.011004626485912048,-0.01631586184028742
B0042,50,0.09450595927387112,-0.027259135584113192,-0.0015476714558818555,0.1642451338615834,-0.02054398550627162,-0.012810036069330982,-0.0037766211424565886,-0.003801724713086179
B0042,51,0.08211456108215626,-0.020154822334401468,-0.07371013436411213,0.16975109495947296,0.0118625321273421,-0.005839246623879512,-0.0018125678252370332,0.0020177052612229338
B0042,52,0.09518470631946747,-0.0024121147860070025,-0.07243614913535816,0.12517329806909128,0.034530421237804844,0.007171034412682173,0.00665140170166706,-0.0034931850639331723
B0042,53,0.09539129998659052,0.013233429012157516,-0.06014731328274259,0.05814200643607494,0.05532853489751145,0.006928435097494728,0.005075906990361051,0.016830300952185046
B0042,54,0.08289664565854568,0.0460933549252579,-0.04377232166748501,0.003573631581456483,0.046877583693592274,0.01800687007676258,0.010060470219479324,0.0020570569476276884
B0042,55,0.08343199036452603,0.06135922538628236,-0.03236336854760029,-0.015026284885997346,0.03836789458880982,0.016542584489457824,0.008305131548743124,0.006246807902903526
B0042,56,0.09624772156495698,0.0877944030589487,-0.006974925358676465,-0.024105566154841784,0.01621264752067647,0.016801473102496158,-0.0024332157400426746,0.008952905252732023
B0042,57,0.0871279249656989,0.09075089167157402,-0.0003499352033540668,-0.029125713887515968,0.010861031795180538,-0.0029944373907796825,0.00679683848207069,0.011189249616095385
B0042,58,0.09681912182757578,0.10485962782585134,0.012108408540301083,-0.020715841500262663,0.00403959701017681,-0.002106979737700457,-0.0009712064791493079,-0.00039448371538282166
B0042,59,0.08440054891345107,0.10034208367040731,-0.0019180468763850469,-0.005057201656539559,-0.009634950387228784,0.0011047030440357955,-0.009785625542233624,0.009349586779336692
B0042,60,0.09770121716674529,0.09496077363565014,0.017561441233763773,-0.011455399480344552,-0.0005513958468860592,-0.0044680505067397494,0.007153060497934741,-0.0054992122504943786
B0042,61,0.08517426476572666,0.09167552277143831,-0.004506205460055881,0.008308991237668,-0.012860687739125383,0.008309090230184283,-0.006013734309615797,0.00026128815306997183
B0042,62,0.08471993544879124,0.08093847557847345,-0.00507976353947289,0.00908190050056487,-0.004692375277886657,-0.00017643279287012586,0.000370856790655791,0.004277274307225163
B0042,63,0.08548836969893649,0.08324539655456453,-0.002434882456411781,0.0023470730244281738,0.006304467243048393,0.0019890727766450306,-0.007343548558639421,0.0013807912330958043
B0042,64,0.08577749933433501,0.07540969939128772,0.0018860232621754707,-0.0012067925766204263,0.0016113275696589943,0.002942084281903483,0.0033814312852441207,0.0017537262384405992
B0042,65,0.08595553255245832,0.0856005882335601,-0.004834618546932689,0.005738343485897643,0.005315312922900902,-0.007985050582036609,0.0036443005762779803,-0.0015233434194781956
B0042,66,0.08614796979658328,0.07589300725318726,-0.0001016983108965869,0.003116838608758635,-0.0010682892415707897,0.006569988233577331,-0.004337921491564294,0.006076044862796693
B0042,67,0.08652450808993331,0.08034865289398574,-0.0020241378975036925,0.0029789696402781735,0.00032174570783489174,0.002804141894225553,0.002526428902695741,-0.00043129293392920573
B0042,68,0.08676036428685732,0.0848514607915839,0.0054663407645227455,0.002733025849412444,-0.003179768039141246,-0.0024212517545973418,0.0003378366362216039,-0.0010272798435232184
B0042,69,0.08662025389371077,0.08908962167504109,0.0066188859415305815,-0.006695330060316377,0.004657627545707601,-0.003918606480478509,-0.0041347037943598765,0.0010027591842269225
B0042,70,0.0869802394927499,0.09074815912524459,0.012089029821349809,-0.003821076839019263,-0.00855867546855502,-0.0038746966201418393,1.6909580082821113e-05,0.0003805900113808661
B0042,71,0.07387787113473963,0.10196995878898818,-2.348964077219799e-05,-0.011665513580796032,-0.0063120329276140094,-0.0070882063849195005,0.002100128870361089,-0.00510297387113975
B0042,72,0.08775865702231889,0.10052654467556399,0.010987315677780817,-0.0285101843982063,0.0013843833975445221,0.008719083945622257,-0.0005000621313069334,-0.004848424027193109
B0042,73,0.08790576300272998,0.09623425686522291,-0.009928074822566364,-0.01809613825819058,0.01192749019705844,0.003540591414033134,0.001026045791601608,0.0032015919330373663
B0042,74,0.08808784882200178,0.10376052895863619,-0.026195364831613548,-0.011708485065238068,0.02176941110535842,0.007191744953811496,-0.0016478755187579815,-0.005082110662753001
B0042,75,0.08834250268158712,0.09258061013105978,-0.04518524072461514,0.024718591693993066,0.016782062433827714,-0.0024068967276647097,0.00593999123186232,-0.004086615239468813
B0042,76,0.07463055332745072,0.08476648741268145,-0.08870256194256686,0.07791266850387034,0.0010801321351987163,-0.009888135391173341,0.0062802081495673965,0.003181754579139266
B0042,77,0.07485698665122698,0.08325255073895932,-0.08824326040184702,0.10972418931145383,0.0017435438773201137,-0.026219555039001557,-0.0035481713701675088,-0.0018523103462546955
B0042,78,0.07527573643141765,0.07418435020674252,-0.053550538646653094,0.10556161402229199,-0.0023900087153950283,-0.04855349251073768,-0.0010682314453846513,0.0010920436397324617
B0042,79,0.07532351860488727,0.07147732291462172,-0.003182775160527783,0.08156896235119558,0.01427758608328007,-0.09412915021486716,0.013055707912076936,-0.007744135161719992
B0042,80,0.07553765302367196,0.06930637142346086,0.0819746328223326,0.02632604962168381,0.028290635341430302,-0.13755311178123025,0.011355970957104248,-0.004162895241966459
B0042,81,0.07584285606128259,0.07073571878300633,0.1864626775582166,-0.0652391083065889,0.05774132359762274,-0.20258363480849842,0.042548544170903285,-0.013822664814277215
B0042,82,0.0759921803489148,0.057234477804359196,0.27923311155572716,-0.16041350129603932,0.11995876921779534,-0.2862193956970313,0.0822898993187832,-0.016091180435597787
B0042,83,0.07621652609591999,0.04866916536539534,0.3199302354958972,-0.2412752197563678,0.2268352472940087,-0.39445563020894214,0.14076913858797613,-0.024256410562996256
B0042,84,0.06216923141552526,0.0568706156189599,0.27776206789004804,-0.26493966413283326,0.3483860106808832,-0.5297477734122362,0.22814070160437575,-0.054302726712716805
B0042,85,0.0759822277461493,0.0673940974097238,0.15251759850066388,-0.22442492534144207,0.5496801806292125,-0.7185136927455841,0.3521992983735588,-0.1028703289609006
B0042,86,0.06227013548943564,0.09484263401833293,-0.11810231419726658,-0.1020040118952908,0.7929592502675699,-0.9352048068449401,0.5139947315655837,-0.18421534730361175
B0042,87,0.06259446608798445,0.12236989290265687,-0.47195020934562,0.08381872703672599,1.1005539615920925,-1.2118586049417794,0.7295576351655707,-0.2898969362007643
B0042,88,1.4377344766079456,0.17241300041962304,0.47315124024255406,0.2806638858607161,1.4956243821212007,-1.5381712270090895,0.9892818665322237,-0.4352286716248024
B0042,89,1.5246019289244055,0.2325882784537645,0.18318165149683044,0.37855328406593214,1.9583496705938912,-1.9249789249721045,1.2979195163548967,-0.6010115471461006
B0042,90,1.5215273965539478,0.3287167899592649,-0.09236242150025938,0.31829537327885576,2.515832792402978,-2.3941054687243106,1.6829120579529344,-0.837761726892394
B0042,91,1.5155323631175952,0.4370658779134773,-0.2677051364305522,0.08924397781376074,3.175773878619999,-2.948423596598623,2.1453833933546944,-1.1158060316312275
B0042,92,1.5044249661534554,0.589273171446801,-0.33389438132799015,-0.31022008158429365,3.926948803792582,-3.5801910189809454,2.6858007647291586,-1.473292291996418
B0042,93,1.5001507149498807,0.7594703095857438,-0.29108658862092723,-0.8933313742131558,4.800944644051347,-4.310829342306256,3.316424387054434,-1.8814413206752847
B0042,94,1.489011227320312,0.9708203681459863,-0.2045026750855413,-1.5856054278335046,5.774671387202972,-5.143462409505419,4.049936758710321,-2.3728467743869732
B0042,95,1.4810149357562845,1.2199382490769155,-0.08540968911085876,-2.392321237738602,6.901550105547327,-6.087895822974679,4.8728090892579505,-2.947655758373155
B0042,96,1.476262027748574,1.5070503906222417,0.050310204341566196,-3.2827380149116347,8.141959169260051,-7.148176283802569,5.803365649720131,-3.5955090875519558
B0042,97,1.4662551025438961,1.8392467082703643,0.1798056464348469,-4.280321211191818,9.551662537333158,-8.343454013432229,6.855370831085245,-4.336055396025058
B0042,98,1.4593282593817019,2.221161946021002,0.30439260901187287,-5.350031628982941,11.090715516488524,-9.66475542745086,8.037886164692647,-5.180040920466991
B0042,99,1.445704157754381,2.6475277935904913,0.40991342692881666,-6.505470387219891,12.797192058551104,-11.124513091767053,9.342641216167564,-6.121586858563253
B0042,100,1.4400686089389023,3.1201926490830383,0.5464167251670237,-7.779574764408745,14.663538578654318,-12.739487880042596,10.808964727847913,-7.179981427427885
B0042,101,1.4290313659547842,3.652924725718852,0.7067898475771724,-9.185895612665625,16.69717882827189,-14.500213481180259,12.412458481996737,-8.354211423828325
B0042,102,1.414172188151386,4.24068949988995,0.886393322658617,-10.728774843197911,18.910703983862827,-16.41698231835734,14.16265840646205,-9.640515863229133
B0042,103,1.415603079129078,4.891722267222318,1.1160633651624539,-12.420080491460805,21.330199210374236,-18.50954744893825,16.06845151742474,-11.061205340718134
B0042,104,1.3994410223300702,5.610629003578613,1.3588310373833719,-14.254478327311675,23.934775548680783,-20.788749972192036,18.16094209913412,-12.62250836700344
B0042,105,1.3959635285794907,6.396361214025999,1.6532496932471812,-16.262108900088506,26.743947757869513,-23.226976810897373,20.410137567491798,-14.31864699312898
B0042,106,1.3929784652630588,7.232927392408234,2.0065743851939843,-18.44302642727213,29.760738810169425,-25.86640180797407,22.840015606583933,-16.137849493905772
B0042,107,1.3740772023800918,8.153187825950878,2.391619064738283,-20.794517503567114,32.99751320844748,-28.72118647392514,25.47383586301652,-18.12637478233771
B0042,108,1.3752493030002435,9.1596799745624,2.8398644143818084,-23.328136758563573,36.45122302798018,-31.762670989285567,28.292927025480726,-20.277637391612775
B0042,109,1.3671966130854505,10.2294986498248,3.30921677964944,-26.04369206007656,40.15656269490817,-35.013650548979236,31.305500631824287,-22.5762395341214
B0042,110,1.356887600783644,11.389516409624651,3.855906135446842,-28.965446327274158,44.083505644321384,-38.482705152618166,34.53108179256917,-25.054970901340635
B0042,111,1.3449320225969348,12.625979521244764,4.446509848041637,-32.08529594693715,48.268234510092896,-42.1816513112195,37.97443572058246,-27.703280319261104
B0042,112,1.3374691704584258,13.951414745542909,5.116544548611858,-35.43032424474576,52.70629580579679,-46.12141306080346,41.63930794318361,-30.52435656717944
B0043,1,1.713782642126885,1.722678185065869,-0.04037013012582115,0.046227593806443826,-0.04304969329005368,0.011615298298963178,0.0008541631077924194,0.01582722515292216
B0043,2,1.6955681658647108,1.7109155912118101,-0.04232991061378575,0.0248645988011013,-0.02380104516852296,0.006682744710559948,0.0055481278245168904,0.01368805899079081
B0043,3,1.6814906372051954,1.7008749167269124,-0.05103662626643838,0.018561521158732296,-0.002637767968451061,-0.008514908019846707,0.011823757474861836,0.012419743993139644
B0043,4,1.6786372409532953,1.698697796834565,-0.03747994174319948,0.0038223657583355236,0.006158167163513591,-0.0019257315501220317,0.004226510245258861,0.005138074139054452
B0043,5,1.6694168550864992,1.6841172572802394,-0.034847333141164505,0.009978162434505966,-0.00408467614654241,0.0025097531450569265,-0.0020507435962950227,0.013794435006089418
B0043,7,1.6611938521224778,1.6777786270477044,-0.027954239405777417,-0.001055696810052746,0.0025062300853467725,0.005900693060312628,-0.002546338886108619,0.006564576927585257
B0043,8,1.6506423382064332,1.6675860289950089,-0.030584062158640596,0.006617041283973829,0.003878804365562171,-0.004576482904470857,0.0063104445575379664,0.0014105639654589841
B0043,9,1.6424273190907783,1.6634793747074434,-0.02111169715727991,-0.005534501069985682,0.002596335332619121,-0.0004019133609992407,0.007292312461502282,-0.0038925919233837774
B0043,10,1.6353664801041328,1.651277116294668,-0.01515204298641493,0.0013941874246395551,-0.0032417099396852955,0.00731348980183595,-0.00590876738638055,-0.00031579320441201854
B0043,11,1.633232875930849,1.6395160554056294,-0.011125399973452554,0.005826101517761174,0.0029536268286123983,-0.005759301703857692,0.003657824413829576,-0.0018360306572589593
B0043,12,1.6258840554387932,1.6319941346610403,-0.0028104903748598733,-0.006685823360923812,0.007386021065976744,-0.007167121625717087,0.002086367496625128,0.0010809674780864408
B0043,13,1.617976174654771,1.6172080965383182,-0.005242585226379151,0.0021530385305085784,-0.00778777445296424,0.010494034186003743,-0.00028582794644693677,0.0014371929282633261
B0043,14,1.6136652707273988,1.6155003443920357,-0.0016937524139568987,0.00015583642978808638,0.00210508023040346,0.0006337887800093985,0.0006480688483311186,-0.0036840956360809853
B0043,15,1.605821026619692,1.6110650970369598,0.0028565739098431017,-0.0008206567519840339,-0.004108770008963723,0.005981465480589486,-0.010469335641339336,0.0013166524988069985
B0043,16,1.6033527961961531,1.6071408177525819,0.0022921580772171627,3.7212443288628775e-05,0.0031976950358258136,-0.002793449945938105,0.0005923539990943319,-0.0071139912613537104
B0043,17,1.5951342406182645,1.5983173277593323,-0.0012901388784157222,0.0010961611825890155,-0.0012114744758646866,-0.00018596392803871923,-0.0015088100109032288,-8.286112473077171e-05
B0043,18,1.5878135544728507,1.5918341526145325,0.0029231399413954286,-0.006512301792944668,0.0010381527843377242,0.0006909679736960598,-0.004275133256164582,0.002114576114718342
B0043,19,1.5800601969084245,1.585815990955789,-0.009538794078595883,0.005408484904766229,0.0005620011896944355,-2.026010015175088e-05,-0.0021709207121377422,3.6946568570723396e-06
B0043,20,1.575565087879128,1.5822073291816618,-0.005497139298069589,-0.0044779819528034835,0.007756785839477381,0.0022827315530386987,-0.001528985902477214,-0.00517765163327869
B0043,21,1.5950169012164208,1.569759953367838,0.015213048902160289,0.009747800148922294,-0.002472844647046832,0.0014313114223480706,0.003860137993781963,-0.00252250606586272
B0043,22,1.5898075522577595,1.5600291361368157,0.011265005022690648,-0.0017172034922020877,0.006367011622012953,0.01044495565325956,-0.00037306594058816487,0.0037917131622143023
B0043,23,1.5807953202097411,1.5583263271954173,-0.0013508613846467256,0.006887267569348103,0.013845295802442852,0.005869855336444067,0.0036907522996966445,-0.006473316701266483
B0043,24,1.5704333289187615,1.5560387400998286,-0.0087123511646139,0.018928757758036336,0.005017228023263003,-0.0007548213605649693,0.00423903603637287,-0.0043232605644272625
B0043,25,1.5643368431897877,1.556828972015544,-0.009413299125174576,0.02766504682462408,0.001565923568216049,-0.006876332033644324,-0.005723992944974543,0.00029052479517672266
B0043,26,1.558307017802491,1.5658958513608585,-0.00421242631542519,0.03137237955604088,-0.01445240664701646,-0.0032244604563232476,-0.01066533024516222,-0.0064065895396645004
B0043,27,1.5537149289772467,1.574637124020243,0.010704725941173582,0.019135949742838967,-0.024646972070833537,-0.01200301206164229,-0.011062740186272067,-0.0030501464968065582
B0043,28,1.549528250585513,1.5899244439870466,0.03654565608570902,-0.007580258618733361,-0.0416503936980325,-0.015078754551283343,-0.0032697107558225446,-0.009362731951335053
B0043,29,1.5424430535161062,1.6040266499807012,0.059516323642798345,-0.056856865299308855,-0.03157986944471848,-0.017370100207138618,-0.014209287481778072,-0.0010837977614298108
B0043,30,1.54256227031715,1.6247582929887892,0.0817756124883971,-0.09768294921211329,-0.04416849632707913,-0.017592236117297693,0.0033657340049803295,-0.007893687595523592
B0043,31,1.5309356452520158,1.643616575452919,0.07287071939322787,-0.1374978964748944,-0.03578642361352797,-0.004292463157070668,-0.005170701803552634,-0.002804164630468328
B0043,32,1.5247733176952427,1.6409244768507487,0.035151422368353176,-0.155107190481659,-0.0016076248736159515,-0.0035647405086974876,0.0007929833428847072,0.008183990912700945
B0043,33,1.5196742408779502,1.633687950000106,-0.02651432177905917,-0.1430086747485476,0.02380528577136776,0.011310560823412367,0.012807937771587279,0.007585502955264186
B0043,34,1.5123696925788683,1.6083279844142737,-0.10432701697236857,-0.10724306331011196,0.0669054721484576,0.010911407729374788,0.024287086482980405,0.013507822003456996
B0043,35,1.499914486202397,1.5669299835457642,-0.2224559975631042,-0.008859392974656186,0.09888564110622196,0.028975776772635662,0.026366127169917975,0.010072348064541613
B0043,36,1.4924106271188253,1.4935683509334399,-0.30786886941739,0.09112755794919734,0.13240097649674953,0.03599845638339698,0.024122789582874775,0.02306136511052287
B0043,37,1.492624987952706,1.395458263545406,-0.3469989907482127,0.1902628038063886,0.15694948288867067,0.050699808438815684,0.021944379466673828,0.024309240474900008
B0043,38,1.4924024018806028,1.2835362846424896,-0.30045280188932644,0.2548766224856837,0.1718314054180205,0.03287450915361014,0.033821988860283196,0.015914393129809225
B0043,39,1.4853020201751674,1.1510182587924662,-0.14970825583611508,0.2736958879775432,0.15330903225274722,0.027012058525776355,0.01958201111808264,0.0103930272656198
B0043,40,1.477208127101587,1.0013069851408378,0.11939972159733374,0.2185690152908037,0.09552557033939366,0.019515727422326275,0.010160444808330633,0.012730662424637761
B0043,41,1.4694738525181406,0.8490161088727738,0.4878768667597174,0.08819098813962664,0.04173146940189758,-0.004078705683840475,0.003993278043161254,0.0027438469079547963
B0043,42,0.057034391042653794,0.6858108168083052,-0.4853371994623853,-0.08726411815260726,-0.03564102929495166,-0.009550515333531814,-0.016583727295626138,0.005600163892702294
B0043,43,0.0571536334895882,0.544483394167123,-0.11090614500900375,-0.21839305227646263,-0.09559781968021423,-0.030810015158496983,-0.01495976708997756,-0.01666296134414474
B0043,44,0.05729366005937665,0.3946365448036868,0.16267062639975832,-0.27648679710066426,-0.14449542042776584,-0.03280943551431829,-0.026668674820353358,-0.019553183161751305
B0043,45,0.05744203185278054,0.26357885544881177,0.3093968859495801,-0.25783835635949276,-0.17265850617123904,-0.04687166240661171,-0.0238952241839655,-0.0142699603051075
B0043,46,0.06713062107721124,0.1634332037204419,0.3417526846787197,-0.17393424521319661,-0.16920693927285937,-0.04439437816766684,-0.030065480889439108,-0.020454223660938662
B0043,47,0.06714781920234739,0.07206099875093008,0.2810242317609947,-0.06499337071425725,-0.13515134699897996,-0.04192729915999981,-0.03172532552969393,-0.012140068788799408
B0043,48,0.06732001211690299,0.01826211846446224,0.1835052067168933,0.038023657306825075,-0.0984690273069819,-0.0352108752404897,-0.02298037997247058,-0.015810687733512078
B0043,49,0.06784038051613318,-0.020291346470750593,0.07856312882926775,0.12239240557229952,-0.06045501511699825,-0.023325902618090383,-0.019371941492153877,-0.009670948069689808
B0043,50,0.06799604927210635,-0.0376455310484457,0.0007342542334322053,0.15125904954940386,-0.018834406278182156,-0.01478430768016174,-0.0043875589268076295,-0.008345450459402862
B0043,51,0.06828011147886554,-0.03248261008938558,-0.05657407837938227,0.1606789518033764,0.007089385332147758,-0.0036955939173729043,3.661972176587034e-05,-0.006772562874593362
B0043,52,0.06844632943125976,-0.03015966129103187,-0.06313136747020053,0.12369360191556797,0.02164893728876638,0.0037300552207295517,0.00451218660923757,0.008152577275857704
B0043,53,0.06851361914788083,-0.0035422201640972206,-0.06609119471587721,0.07349620915587085,0.0468906179576499,0.013696375688331337,0.002447969455561562,0.0016158618880991933
B0043,54,0.06887402435616684,0.02366498142432183,-0.03297808717877769,0.0031721401944809916,0.059751804848986075,0.007002971229716178,0.005683899905859313,0.002576314049187886
B0043,55,0.056544389321695726,0.04314833959425424,-0.03498870063778332,-0.01611594319395749,0.03652182051199064,0.015570903882229932,0.0044932470563846015,0.007914722227896659
B0043,56,0.06918353164189846,0.055186214514346354,-0.014269632032398649,-0.027549963158061,0.019602081620406643,0.019830581840435863,0.004775482052269049,0.011608766922465057
B0043,57,0.059122086455436665,0.07972596374702767,-0.023058227439569243,-0.02361352813210464,0.011930463720464421,0.007592831669823844,0.010764991099370817,-0.004220408090614539
B0043,58,0.06956120084140223,0.08072924069064502,0.003357569536300166,-0.02794805636499967,0.0073926918986853725,-0.0024208084479845826,0.004758286346297583,0.0036922772999708462
B0043,59,0.07017897804376615,0.08080297945158865,0.005305563540010967,-0.01609294298606761,-0.009138598492827332,0.002708877879820643,0.005128425814073173,0.00146467295459393
B0043,60,0.07028148183862523,0.0824947033236455,0.00668478872255827,-0.0032847449300151843,-0.006917767249336003,-0.012581922883891553,0.0011269466032773545,0.002759478369799018
B0043,61,0.05787364202878375,0.0766593533376494,-0.0013131098796986674,-0.0053367299887132885,-0.012546318058581737,0.001753208116416448,0.0005007196678358109,-0.0018434810469892798
B0043,62,0.07056618554293374,0.07002284713966533,0.004539215687265091,0.00364029183136552,-0.002001067785478566,-0.0004058382350013086,-0.00521918662362931,-1.0076353880246905e-05
B0043,63,0.057989410208958,0.06501515333701924,0.0006095520988623716,0.00040289520043128887,-0.00741229742421146,-0.004972514895225556,0.005232066543427425,-0.0008854445322266119
B0043,64,0.07129266446800787,0.06120813425974503,0.01739982086562175,-0.0074350671166959325,0.0014669746473428011,-0.0007903414029807986,-0.002629495710074411,0.002072639042321395
B0043,65,0.07146546557664281,0.06023186723973484,-0.0017024358346370509,0.011572895319287175,0.00025659181531978334,0.0014725071950864679,-0.0015617896712535157,0.0011958296303529045
B0043,66,0.0716254973792324,0.0625783607921716,0.013104787649945436,0.00016200131484224006,-0.009550913889127141,0.004370589948118239,0.0038382143868958695,-0.0028775427063882186
B0043,67,0.07192596356272017,0.06780214957980102,0.014731766200522616,-0.007849206677005957,0.006814376426754926,-0.001961827584743379,-0.0050219600344888335,-0.00258933423093631
B0043,68,0.058840095111364746,0.0683139598913558,-0.004266601473695239,-0.00535066053717768,-0.001982666353658018,0.003823662060140857,0.0058925236705562566,-0.007590122027156662
B0043,69,0.07213853480103966,0.0672504038008167,0.007459108862617913,-0.0007898104597542708,-0.0014356037124561916,-0.00406961437987224,0.0007213841254443003,0.0030026666813979144
B0043,70,0.07231835711877917,0.0724540260473977,0.005213946190007459,-0.008824509883065358,0.0016369975862868624,-0.0018375082852780647,-0.0003696934202516672,0.004045099000811737
B0043,71,0.05938170626668099,0.07881658859830709,-0.02264590735540223,0.0037650969698388645,-0.0033487854824488187,0.004474285383303738,-0.0004188470158075224,-0.001260724712184619
B0043,72,0.07294488485625279,0.08818121711044913,-0.011242583961180053,-0.0043109037187150775,0.0027733734880956576,-0.0032017875872080385,0.008898245744102726,-0.008152676102249127
B0043,73,0.07306917734079586,0.09010642221754639,-0.025356188164259493,-0.005242407472231755,0.013926019988595767,-0.004697089136182928,0.0037642167553007446,0.0005682032690523896
B0043,74,0.07317054128128272,0.09416000036418637,-0.04300119438855646,0.020096249900217585,0.0026675394989976323,-0.007555025287154932,0.0036980275196372247,0.0031049437909665954
B0043,75,0.07347430293304898,0.10618785710359435,-0.05017274466459712,0.03882106129459497,0.007733561948021012,-0.030900176699853486,0.0037778931051957445,-0.001973149036937622
B0043,76,0.06010697591831878,0.1108637758418618,-0.07291889675940166,0.06617404026805006,0.006111557366184552,-0.05372301597927972,0.0034161863679685357,0.00018332893175987083
B0043,77,0.07383162509955737,0.11850638863785745,-0.05006344391043916,0.09509558506064841,-0.004654034772777299,-0.10222733604601947,0.015604077858887445,0.001570388388319223
B0043,78,0.060495215307428206,0.12781232837494794,-0.03877331073638974,0.10990191839651588,-0.010479563518043687,-0.16301931649086332,0.04280294909696303,-0.007749789696931057
B0043,79,0.060604010237618126,0.13532984415603388,0.02840707484843712,0.07241706406352186,-0.00897736128810354,-0.22808434606666037,0.08280423051482841,-0.021292495871683404
B0043,80,0.06073438432235217,0.16184063190201892,0.10952569382826294,0.02292555041301554,0.007915469755222029,-0.322336606029875,0.1455542804437169,-0.06469063587127159
B0043,81,0.06099653048237791,0.17502998440890782,0.20466999287475207,-0.05604009679213667,0.04101355921999161,-0.426776310704648,0.22453787270714107,-0.1014384711129286
B0043,82,0.061130459259873135,0.21448010110677085,0.30203895617188276,-0.1695151165443625,0.11658377787334354,-0.5758631758467844,0.3537944580406637,-0.1803885414229579
B0043,83,0.06129124410987595,0.2691890982710313,0.3372902346733549,-0.24894708556774497,0.23378325222638888,-0.751330912547715,0.513518467171746,-0.29221180999852486
B0043,84,0.06130329065804092,0.33548297244403447,0.29345393184257035,-0.2659635959218789,0.37297934733767457,-0.963898791905394,0.7229953958012492,-0.43374596882155586
B0043,85,0.061151661574090986,0.43268460109272416,0.14586643822124265,-0.22935711198448971,0.5772447887006061,-1.2117591376435932,0.972548604703569,-0.6260765213972884
B0043,86,0.061405387192057306,0.5504657243011346,-0.12527101601868026,-0.10160089953155917,0.8267979535945451,-1.4996776570120052,1.2789557034766192,-0.8682644214993522
B0043,87,0.06175780765942851,0.6920275474077511,-0.5109358102050534,0.09435864129614702,1.1558239777446362,-1.8567799502419426,1.6600416161593148,-1.1727782143828287
B0043,88,1.5250840516518187,0.8633904745753462,0.5172628663022846,0.28813909713607977,1.5472642761798125,-2.2609011507418892,2.0879099342232257,-1.5179814461076115
B0043,89,1.552568811301301,1.0866570209874906,0.15681493151728298,0.3822179850081411,2.0149247103404258,-2.7369904556140745,2.60840826771435,-1.9594636487407016
B0043,90,1.5427752626774387,1.3282537334968663,-0.14895285789268198,0.3196320313061877,2.571865593080968,-3.2635176888723723,3.1890989765434976,-2.4536045250720537
B0043,91,1.5331932831264679,1.6350916227616645,-0.32243513410476643,0.05524479540481999,3.21714680381796,-3.8542800026467643,3.867883165428868,-3.0654579676210103
B0043,92,1.5152721949172019,1.9800012819815982,-0.40750422852242485,-0.37754233309526253,3.976836800152754,-4.547417850605762,4.647895291398219,-3.756996766475129
B0043,93,1.5074989761997712,2.3760939213988017,-0.3699842996451845,-1.00164538941304,4.83621127368606,-5.297096246347302,5.5117776032247106,-4.547857886786403
B0043,94,1.4896288908647644,2.826132551909485,-0.2799305787294489,-1.7568813947754025,5.810084150091637,-6.159701625501203,6.490773949749945,-5.440848161959896
B0043,95,1.4780778852088083,3.340589403176417,-0.13718322963372073,-2.666479138215022,6.906841902899752,-7.087034281485907,7.587360428287405,-6.466017199898161
B0043,96,1.4700035345334466,3.920192891584099,0.038180837389979926,-3.69162012050577,8.134646186605627,-8.113409111178957,8.786011512642768,-7.603998662081224
B0043,97,1.4565623180137077,4.55592756124508,0.21136524487934302,-4.8142393336278415,9.502274628725877,-9.256038940263457,10.119091291136238,-8.86181813415659
B0043,98,1.445976962830235,5.275196899273612,0.38970293914729487,-6.047753062053085,11.009513114272465,-10.494067034017945,11.577240179823516,-10.263856073689212
B0043,99,1.4325855992469252,6.059491589329401,0.571881901576261,-7.3872460283684305,12.6558680636468,-11.847068531441893,13.18994857014682,-11.810289965713759
B0043,100,1.4197344854662965,6.92965490458685,0.7590917154059499,-8.851818505732437,14.465955410414463,-13.304926781937773,14.920157113585315,-13.498379370926015
B0043,101,1.401262575071573,7.884872459499814,0.9804548800991878,-10.48254604763386,16.456561270978177,-14.905964439203085,16.820385328477386,-15.352500877213426
B0043,102,1.3862945308535968,8.920712300046207,1.241543010309791,-12.268242770813549,18.611564359526405,-16.615248064512695,18.87418020510835,-17.378214508876212
B0043,103,1.384130256052478,10.05275271054698,1.5670601712665153,-14.235820714102593,20.9432292213855,-18.464354373486092,21.09357702319593,-19.572313782818767
B0043,104,1.3651743201871416,11.284783042659049,1.9220968992195642,-16.393322422992828,23.468384431288506,-20.444891935841984,23.479520558270522,-21.951396252478062
B0043,105,1.361508332192898,12.604956602561563,2.3514717013131166,-18.74136086426095,26.172335686510134,-22.558728620160732,26.050915603742464,-24.518081777574558
B0043,106,1.351001663879717,14.038584489495127,2.828334928198808,-21.291830039442047,29.093282030676367,-24.826943989556796,28.786452201181735,-27.276877956733877
B0043,107,1.3282588067265129,15.576627052417933,3.3524179005445087,-24.051834127110247,32.21223108581014,-27.24497110571615,31.72195406327049,-30.238166062547403
B0043,108,1.3257206687421472,17.22951659937958,3.9614255463238894,-27.039611334371468,35.55937591892849,-29.82178830687881,34.85346507402977,-33.416662828726196
B0043,109,1.3142909715978441,18.987508061381156,4.628834693808631,-30.254992860984935,39.12406653613743,-32.56007030490546,38.18521174897768,-36.79626690287196
B0043,110,1.3003260094811093,20.868828367709398,5.363675309500763,-33.711289181154584,42.913216822327925,-35.4515855491024,41.734508154603,-40.417027914456355
B0043,111,1.2881071401556836,22.88189607357609,6.149743915853209,-37.390464220411694,46.95218386322283,-38.523207031952204,45.481466595961045,-44.26351205614527
B0043,112,1.2767801501201566,25.008101831152693,7.019319558052305,-41.326777552976125,51.225614837226864,-41.76987828635099,49.4734173723106,-48.3530176093453
B0044,1,1.686525555152074,1.6199576537360127,0.0754845707584052,-0.00010136749958962837,-0.02006168414484088,-0.004038609766953145,-0.020402904944782276,0.03568789689950963
B0044,2,1.6624606531639186,1.6141861090709266,0.05282420581167542,0.0030988985442763437,-0.015683862259365095,-0.003926921487343339,-0.012475123597337375,0.024437346970216975
B0044,3,1.6534010755700512,1.6171892298247141,0.04119578678337563,-0.002835504478609032,-0.01057192057348296,0.0014890900254768177,-0.009314249552217813,0.0162486434312218
B0044,4,1.6452145903490936,1.6118710586843137,0.027159699697660654,0.0023031280571450016,-0.005623637541064345,0.0027789253136618055,-0.0031309121615916698,0.009856328190567198
B0044,5,1.635664062367341,1.6132423007069692,0.013604720902354444,0.012427616751652755,-0.003846002414158663,0.0006335686309409451,0.003546433461587683,-0.003944575779040086
B0044,7,1.6267769765146463,1.6104771516489835,0.011054189223846295,0.006162684819418515,0.0008962503458146895,0.00018852324004235105,0.002752055942244546,-0.00475387881146714
B0044,8,1.6159715504743064,1.601109395975362,0.0006633906138855623,0.00023489883875550872,0.010165376846081955,0.005074712355109253,0.004347688480384266,-0.0056239127394893725
B0044,9,1.6076028386649623,1.595262237161145,0.008403238484739388,-0.0016813143924706406,-0.003788039654884635,0.007830552643044969,0.0008059467928155819,0.0007702175275532583
B0044,10,1.6003360401431612,1.5945110803872802,-0.003869807858657324,0.0044850088748876905,0.006707258063396123,0.003638291497243538,-0.0030463391500595194,-0.0020894517729096148
B0044,11,1.5978700914991917,1.5824494893949606,0.009211484431408363,-0.0018008289909289285,0.003424492820059678,0.00044768756101460315,-0.007925732320475812,0.012063498501525952
B0044,12,1.5900310265163515,1.5803780154875855,-0.0021987349308388664,0.00435965927037403,1.7955754064737474e-05,0.0036362902594083597,0.004643640921050872,-0.0008058003457989192
B0044,13,1.5816311155652092,1.5796658817722449,-0.001520379370716555,0.006591727984545409,-0.0033173128768814106,-0.005475411792696368,0.008223907419964212,-0.0025372976705547827
B0044,14,1.5714556311034702,1.576086013963974,0.0023719112373532573,-0.008315568133928065,0.0039946673895396275,0.004769000746724757,-0.005619848805792752,-0.0018305453922484692
B0044,15,1.563220798569978,1.5727018606837353,-0.002161168460895362,0.005893832932438605,-0.003916934453717534,-0.00808758336883307,0.0014352589124933559,-0.00264446777191299
B0044,16,1.5606775388245586,1.5667570034277527,-0.0002706235749800906,0.0005042621852679196,-0.0013299949844817569,-0.006041281880771654,0.0032819947574449534,-0.0022238212019792384
B0044,17,1.5523886011314287,1.5604445115657968,-0.002440822273876906,0.0026402593504797796,-0.0035221700262188863,0.0006552020172497725,-0.004282078519579731,-0.0011063010775417563
B0044,18,1.5444592876561967,1.5530304172306417,0.0018195989534621924,-0.004481618102016631,-0.00665647396233619,0.0036495627874344135,0.001300491515003099,-0.004202690859977104
B0044,19,1.536558134180655,1.5480048414668206,-0.001187221462927248,-0.004441693983118406,-0.003852746341541203,0.001131778891629015,-0.009521152426738845,0.006424327943676311
B0044,20,1.5307255867941072,1.5431810655731295,-0.009646261357937535,0.0016893772085507255,-0.0028860055946024737,0.007444852567917281,-0.00992736177798197,0.0008699200830115241
B0044,21,1.545242808242328,1.5343948368923703,0.011331231179026012,-0.0029060350353647553,-0.000590305278146431,-0.0017860331379805545,0.0064948107979536365,-0.0016956972696276077
B0044,22,1.5397144491816253,1.5228680454841963,0.004674179679885864,0.002330473712662803,0.012515662259847073,-0.009555312646151172,0.003698958965272795,0.003182441632605279
B0044,23,1.5305357077773765,1.5096024469352134,-0.005187068719360787,0.01261885902874172,0.001393436387410459,0.00349782262130975,0.0030262410141839503,0.005583970417885073
B0044,24,1.5199735224097084,1.5039790228621053,-0.0042093016038032335,0.01249987519951956,0.0046759137272238795,0.0021381785861438437,-0.0019590786886327627,0.0028489122366703017
B0044,25,1.5136629526844203,1.5003393450062212,-0.008494280676012012,0.013374218940366119,-0.0019289510495792005,0.010599119557288686,-0.0018844877499900234,0.0016579885665466657
B0044,26,1.5012870006992953,1.510576800046303,0.00287014686362946,0.006286604024497191,-0.005952857552412293,0.000451121897893476,-0.0027940743728387734,-0.01015074029558466
B0044,27,1.5023814734911674,1.510647206597119,0.023130953586652795,0.0005536929534199572,-0.021023400084187894,-0.007805584071677633,0.0008752916736153045,-0.003996687251738909
B0044,28,1.4980955154277502,1.5213703601592234,0.04166617293840801,-0.010298808480605982,-0.03092473017571182,-0.015311334778994516,-0.006688797624254143,-0.0017173466976662616
B0044,29,1.4906542391377111,1.5425652454894112,0.051706453737592944,-0.04578228383785093,-0.038540662407867986,-0.0042594252029061344,-0.005070309431221641,-0.009964779295733093
B0044,30,1.4843971639436213,1.5532532484568935,0.04639566927235232,-0.06175201561810525,-0.038963326529840143,-0.01177288785372796,0.0016339398304688311,-0.0043974636998112895
B0044,31,1.4725321936230114,1.5726018976611758,0.04161952789222326,-0.10873906679971294,-0.022050329505150214,-0.006848358891649525,0.0011354983010871662,-0.005186975118655983
B0044,32,1.4663149382113208,1.5830808980287716,0.010635556155806074,-0.12616454796380647,0.002457882692504072,-0.015543561131920892,0.006052155049830175,0.005796555297331957
B0044,33,1.4671298468877776,1.5781345628787873,-0.035463052052957716,-0.12072790925745264,0.026262921764812718,0.003977501745366,0.011581071396319973,0.0033647503299811883
B0044,34,1.4593858997633138,1.5528604147455125,-0.10900139699058935,-0.08725861546519663,0.0602966716374259,0.0058791639183151225,0.025963852265246837,0.010645809570786978
B0044,35,1.4467901368505207,1.5123040328863322,-0.2101619847571173,-0.012977918524325777,0.0916372367899952,0.021728765031381478,0.034067523840873214,0.010192481503371171
B0044,36,1.4390669859638228,1.4478711408911304,-0.28801433949876115,0.08088244640803466,0.11754506088673122,0.026407246937558883,0.038367670243371295,0.01600776001685175
B0044,37,1.4389892550462602,1.3607366966925993,-0.3151106895178272,0.16601765005655317,0.1423430619899056,0.02472202488489654,0.04252084286642623,0.01775966799481226
B0044,38,1.4386198779578576,1.2503474927064606,-0.26283616361737805,0.2224312813428673,0.14645526059195135,0.028238919565190826,0.03260254895844268,0.02138053833148136
B0044,39,1.4313412096653504,1.1253710507656247,-0.12209733543506121,0.24681993488107057,0.12226209179894916,0.018188430727566127,0.03171507605579275,0.009081960793608223
B0044,40,1.422973037663468,0.9755310783099201,0.13605002068878824,0.18878101112731777,0.08213480279952945,0.018666227035556114,0.016787155003214545,0.005022742622538911
B0044,41,1.4150153099745097,0.8274498035477438,0.4756748882566737,0.07736821571238883,0.029850134109642913,0.0009821670531594327,-3.126549360185569e-05,0.0037213667130387993
B0044,42,0.0572172710622218,0.6705666473205463,-0.4757798129435619,-0.08107640039258393,-0.03769874158554048,-0.0014381212316173805,-0.016209847233912385,-0.0011464527522969611
B0044,43,0.0573587470253984,0.521304585019193,-0.11946284538473463,-0.20642908276253566,-0.08505067707489326,-0.013965183774186431,-0.022230543181909316,-0.01680750569674408
B0044,44,0.05749687545445231,0.37598233688448834,0.14002384493695344,-0.25575992500608663,-0.129829010987506,-0.023204250671490425,-0.04010091868919921,-0.009615200893935798
B0044,45,0.05763088809888528,0.2573088422141814,0.2751501649529546,-0.22816969469920254,-0.15529206991354733,-0.01696224156670223,-0.05012227168895265,-0.0242818410810937
B0044,46,0.055116913339787174,0.15108828084666637,0.323750751572222,-0.17883488722229174,-0.13983628627432165,-0.027717138649132625,-0.04519397282721615,-0.028139833987027237
B0044,47,0.06740755265748018,0.06720412867579006,0.29417241528623506,-0.0874449323003519,-0.11578272706088802,-0.021781173119423188,-0.0446489823387912,-0.024311176367737254
B0044,48,0.0675676530317139,0.008881530978323782,0.20506510216746562,0.019430719542271,-0.09181597117365542,-0.019336775341326534,-0.039124244460158254,-0.015532708563875933
B0044,49,0.055637310449156464,-0.022597584095551237,0.09207555637005238,0.10585014449256411,-0.0674104210600211,-0.007249488927580282,-0.030629208567522485,-0.014401687643747245
B0044,50,0.06822433276106823,-0.03828604358082932,0.015661481964615243,0.15166195671910893,-0.03060916859280301,-0.0027987914416061663,-0.011557091978712025,-0.0158480102114688
B0044,51,0.056052453431514465,-0.04018042281149148,-0.052499511465822546,0.15417415365973683,0.0017338742738655215,-0.0032848453001602307,-0.0014315320451536546,-0.0024592627604819142
B0044,52,0.06868220130105056,-0.01916674883858993,-0.07726317742386375,0.1428324687510254,0.020112346787049536,0.0033763327793515973,0.00152702859927323,-0.0027360492360244534
B0044,53,0.06874755353346529,0.008388042593862277,-0.07315617697061609,0.09473354818015643,0.031486132941460215,0.005590275581958555,0.007636172812242302,-0.005930441488436635
B0044,54,0.05651439891347486,0.021559331932039183,-0.06753874310915411,0.03885637721532705,0.032111165366700514,0.011717144675297456,0.00546993710692468,0.014339185845252175
B0044,55,0.05673307185387369,0.05268160245390685,-0.04336453899220302,0.00424223795708456,0.019446238040005552,0.005018872837269371,0.012747749668142468,0.005960910008548704
B0044,56,0.0694133756360175,0.06805325193774758,-0.010633740984143932,-0.028086998027738633,0.024742781366803177,-0.005308533701310092,0.01010714419842693,0.0105394709632988
B0044,57,0.05931766444664955,0.08816246634274783,-0.015766941928538163,-0.03464817241974389,0.014039462773232722,0.00010663778125689474,0.013757502733717364,-0.006333290717512198
B0044,58,0.06981707253622738,0.09240531077042013,0.0005718156366349231,-0.034981716671178734,0.00945688212847633,-0.001526258762144233,0.006049862172030241,-0.0021588226210027786
B0044,59,0.05746435089694075,0.08870865323378774,-0.007235221705735788,-0.02288274839663185,-0.000613398683597365,0.0010218440907121195,-0.0032601361728599116,0.0017253586500419434
B0044,60,0.07053774383993697,0.0856270884840804,0.010312613930544726,-0.009204789855987999,-0.009506190753014463,0.0023702961558795172,-0.008129598178135371,-0.000931675826524374
B0044,61,0.05805466052344494,0.07301772617927538,-0.007067300123666026,0.007205774632741414,-0.0042879851024830535,0.0008998830944906747,-0.012939676070422077,0.0012262380322005325
B0044,62,0.07083992015291063,0.06652068915043496,0.009562315997440545,0.004717137261040098,-0.0025519939733497214,-0.007684185173917855,0.002277544718953361,-0.002001587710828412
B0044,63,0.058171836130525824,0.060725076438792325,0.005822835425392205,-0.002642841177439324,-0.002949151368779359,-0.0019977007197010026,0.006567551254226884,-0.007353933603290905
B0044,64,0.05830515712798288,0.049497208387348834,0.0017299138690607017,0.00488907582284123,-0.001727060801047486,0.006300841228262579,-0.006505571094508607,0.004120749834681474
B0044,65,0.05845592669367763,0.048108829261563124,0.004523881406444174,0.002460387770885399,-0.000874248990323283,-0.0005784079524797246,0.005096466163827433,-0.00028098084760511745
B0044,66,0.05862986110638707,0.04826441003553161,-0.00011763683454222578,0.0034880932845077705,0.004752010022003391,-0.0015572151944504727,0.0011655522390787486,0.0026346476728676986
B0044,67,0.05890033218383382,0.05080204385843601,-0.00010168913543921549,0.0006099700414134292,-0.00011962186831950614,0.0013033065526871868,0.004065910885070823,0.00234041196855598
B0044,68,0.05906467702011044,0.058914887237271674,0.0013885885763392904,-0.001351354271917224,-0.0003638632934963444,0.00027035078274382504,-0.0010359236439636292,0.0012419917516798534
B0044,69,0.07240579982844073,0.07235153069896927,0.008245610167256842,-0.00043836229022053736,-0.0026055902653298584,-0.0041779204696354025,0.0015382366445955574,-0.002507704540556857
B0044,70,0.07255632846891659,0.07511886209984542,-4.8846241737052216e-05,-0.005541679605914353,-0.002651744500715642,0.006438123476482707,-0.003356822237361868,0.002598435594934096
B0044,71,0.05959222988909599,0.0858291510810173,-0.011250021857420625,-0.016189781178738434,0.002982282135570653,0.004636168161854403,-0.005676792859823394,-0.0007387754748921893
B0044,72,0.07321709022768585,0.09538737504739736,-0.014932978297231617,-0.0066466683981713,-0.000954849267489555,-0.0009191467202485638,0.005443634531988685,-0.0041602765520369666
B0044,73,0.05984100849986973,0.09585087918416912,-0.029949920486549705,-0.00804666722573335,0.0055137047901610645,-0.007840190164628906,0.0020336546896991066,0.002279547831188468
B0044,74,0.07344347056971572,0.10590337415312012,-0.03559463088853785,0.004748069799182437,0.015748729062109536,-0.016202332487254854,0.00397233590072409,-0.005132074853137997
B0044,75,0.07373739605923264,0.10847063050802885,-0.04336445436101563,0.02536732768817391,0.012342125089210601,-0.03178050089527398,-0.0018490033899499973,0.0045512715365066255
B0044,76,0.06032312489727431,0.1111386361025557,-0.06943344488804254,0.06267998483389817,0.013095580127924847,-0.06027414388206219,0.001550237936498991,0.0015662747848681831
B0044,77,0.07409611978234346,0.12056688219027156,-0.05171867603526305,0.09143531091506595,0.0009534435625603032,-0.08604742217262813,-0.0019703974983071556,0.000876978937040394
B0044,78,0.060717150532954955,0.11802368031779298,-0.04041317092843414,0.10490529847172664,-0.002024727572570041,-0.13136419668493973,0.007661635246993492,0.003928631800696636
B0044,79,0.06082844229397962,0.12409669883882257,0.011814677723290224,0.08847155254008998,-0.0034680142125804616,-0.1931898403831634,0.02203127665180723,0.011072091254008357
B0044,80,0.060928844447982224,0.11778385464313246,0.08960116802183019,0.041699880772377254,-0.0013430341706752323,-0.2568607156881398,0.06415198309358103,0.005895707894156675
B0044,81,0.061220387365620216,0.11354551454218487,0.1936315888446801,-0.051311707779756854,0.026844729867611095,-0.3478850563074026,0.1306647937114915,-0.004269475394949345
B0044,82,0.06133677582691605,0.10805651722413057,0.28548644977437226,-0.14823798752018663,0.07023260357164092,-0.4456996646969543,0.21673114547072408,-0.02523228787858882
B0044,83,0.0615021959933087,0.10133626625879733,0.3366236492841016,-0.23618223094603127,0.15441723469924223,-0.5796449835227926,0.34552403574390744,-0.06057177540571741
B0044,84,0.0615436456229027,0.1081397925772386,0.3084594400116486,-0.26202052198479103,0.25162709260382776,-0.7381146185301244,0.5137588546161364,-0.12030639355284077
B0044,85,0.061368282981907545,0.1173510667357901,0.16283929640814285,-0.22129829304280707,0.40319627939620967,-0.9119414726480096,0.7232380771416753,-0.2120166708908761
B0044,86,0.061633508888739995,0.12969428420721296,-0.11189590378184361,-0.08967748225000707,0.607773010655072,-1.1369437989940094,0.9896969443370467,-0.32701354516655173
B0044,87,0.061981030875948785,0.1542390303835509,-0.4921612071581283,0.10654145461581316,0.8529136918836289,-1.3977328020026396,1.316997051308428,-0.4788161880365743
B0044,88,1.4779954511171076,0.1938385237875152,0.4960834467617607,0.29937618444566805,1.169304510178131,-1.7108346852504217,1.7022613169219167,-0.6720338458119377
B0044,89,1.494119871447679,0.23422335234757796,0.12962373555815296,0.3831686006903501,1.5528323255127854,-2.0617872676088207,2.1600459929406184,-0.903986868079767
B0044,90,1.488007820113173,0.3005577206354352,-0.15497153395038166,0.2961661348536691,2.0183006250935605,-2.486570050843536,2.708324652982298,-1.19379972874378
B0044,91,1.4748338592717107,0.37860427733495705,-0.32382528197211224,0.020964041312922534,2.579339973299173,-2.9703221456025126,3.322341025876107,-1.5322680310608467
B0044,92,1.4604378044785566,0.47384402538551745,-0.36992086161284216,-0.4563846566762096,3.225327273355922,-3.5240068227708155,4.047267973575638,-1.935689126860617
B0044,93,1.452380841576719,0.5935768154607226,-0.3228361287140609,-1.0972042301601046,3.958424415143047,-4.149949900401623,4.87104287015638,-2.4006729999884535
B0044,94,1.4411028883649861,0.7298428608713126,-0.20499116342101367,-1.9010151166252351,4.814579085043633,-4.8735212873784,5.807596308957792,-2.9313877991622994
B0044,95,1.4300355978410688,0.8868378952750098,-0.07133099843072706,-2.8071732711934962,5.770446156198441,-5.658380864459093,6.846983390560899,-3.5373467101875775
B0044,96,1.413943296719903,1.0685556481373564,0.07240806691893532,-3.823386035377457,6.856375509541092,-6.561137032171534,8.028910209457683,-4.227783069861483
B0044,97,1.3972667497450317,1.2763904834843776,0.21152913366876208,-4.941067863330735,8.064331683055427,-7.558941321803479,9.333751087927995,-4.988726453330242
B0044,98,1.3865375876825874,1.5194419027930635,0.37732628654929656,-6.181896583560116,9.403009370202307,-8.664569810317378,10.786991620846415,-5.853765198902391
B0044,99,1.3724753685724698,1.7959814878877318,0.5516510812038162,-7.5581731507373275,10.899455304011221,-9.893543179315254,12.385253877384804,-6.8081500519319
B0044,100,1.3598593948812812,2.0953937387828105,0.7383627998549738,-9.054045833967692,12.522415248180831,-11.223424745195965,14.141614669698317,-7.860456482539567
B0044,101,1.3486733410392264,2.4308510561198196,0.951435647940948,-10.705805343127116,14.317696990450706,-12.691957949222942,16.055826937655162,-9.009373998843323
B0044,102,1.3334258933205057,2.800024359694796,1.2046260335970238,-12.528848474605528,16.27281319795995,-14.286454926865492,18.144124830948364,-10.272859127472401
B0044,103,1.3387793081075827,3.215890130178024,1.5191846833220883,-14.515140324038633,18.37968634491157,-16.00414012260956,20.407180279499087,-11.663881683219552
B0044,104,1.3153320403016995,3.670637070311739,1.8640301762681424,-16.714326647088,20.68253805437848,-17.88786754798404,22.864130706958957,-13.163809772604779
B0044,105,1.322963328110081,4.1578084546263065,2.2915119058167215,-19.108964583614746,23.17147507542286,-19.929571779485254,25.520792262996608,-14.78008800771471
B0044,106,1.3086991524155074,4.708823610314849,2.754503558037484,-21.69957586504713,25.830412440709335,-22.114434116815683,28.38481289486929,-16.555843369712893
B0044,107,1.2897499583900436,5.297034791342894,3.267725337203383,-24.518591537000482,28.70742268699169,-24.469368817931137,31.455224074298755,-18.4496965765726
B0044,108,1.2906172590904164,5.9339279811636985,3.868862306651298,-27.55031270482749,31.780792886024624,-27.000439608086864,34.75682147536387,-20.49903507725639
B0044,109,1.2752011253442166,6.617759923825261,4.513753993998689,-30.815457806069322,35.054893177360576,-29.68824824333082,38.26762475147824,-22.675124671973865
B0044,110,1.2686072657374579,7.370749615276989,5.237617677782656,-34.326354033025694,38.5627488611643,-32.573655957099724,42.02795464816396,-25.03045354657955
B0044,111,1.2565759973225976,8.164509975306308,6.022914510421805,-38.08183321708993,42.28843852242207,-35.64134055577077,46.02140108319186,-27.517514321211554
B0044,112,1.2486254509320867,9.018565150118445,6.888881862090601,-42.091397829059524,46.232560123069206,-38.889650672472754,50.27215829808913,-30.182491480954678
B0045,1,1.0819793880779518,0.6968653998903184,0.41460619578429825,-0.18152299804433228,0.007323980636956308,0.17868723445042378,-0.19173143496397677,0.15775100987763507
B0045,2,0.927952404748273,0.7120045506653515,0.22056648463048603,-0.12791911986104473,-0.0018455472944311664,0.1537426879338101,-0.14888239229297168,0.1202857407046721
B0045,3,0.885193608411576,0.7238941952295405,0.1466859987163152,-0.08751931044142759,-0.0048579893493158315,0.1312184496013176,-0.11417636064900615,0.08994862509289432
B0045,4,0.8581010699478283,0.7330279051136757,0.0971105102844466,-0.056812018859118185,-0.00822274918525251,0.1103791859830684,-0.08468821250374041,0.06730644893589546
B0045,5,0.8409352213456689,0.7407220592863095,0.06416897386122082,-0.03423804943106524,-0.009879912786730036,0.09256310736651513,-0.06135307977922737,0.048952122670324505
B0045,6,0.8245471942901911,0.7480470220623909,0.03718052133085771,-0.019856022393769813,-0.007471046277220773,0.07473463696245582,-0.04124426292810708,0.033156345394864145
B0045,7,0.7935960418803983,0.7517376914021225,1.69120502827775e-05,-0.00902780901780109,-0.006648767217398193,0.06112638572475672,-0.02831760431854895,0.024709233155284376
B0045,8,0.8183676087159205,0.7557592850992794,0.023914770808161456,-0.004664944318699721,-0.007918655223153229,0.051936617116380375,-0.01666594641324388,0.016006481515867237
B0045,9,0.7977644276409412,0.7576098251071125,0.0034863860661607914,-0.0018182015043109012,-0.00658016377154276,0.04119415344003934,-0.00763208790722467,0.011504516104020987
B0045,10,0.7993777411831636,0.7597959013209058,0.007773701015718217,-0.0022038178079679363,-0.005514833968927858,0.03320421727572602,-0.0012483110473580016,0.007570884286451828
B0045,11,0.7783107440628891,0.7606801116114148,-0.01079799561564321,-0.002145623380555262,-0.0034789778490853084,0.026019868337185382,0.0018043023187016608,0.006229058557453221
B0045,12,0.7803738231239117,0.7626274963290177,-0.0065096822883914905,-0.0012976337664787408,-0.003377622180582864,0.02238301812761802,0.0032925490737854366,0.00325569774305817
B0045,13,0.7713058245640294,0.7619195602089228,-0.013081490524668378,-0.00032978150164446476,-0.0026894844802149995,0.01659703145395201,0.006372027178036662,0.0025179621546063576
B0045,14,0.795279016979026,0.7611017645019983,0.013552748454465054,0.0010328957136546666,-0.0017666406856553212,0.01397360359999532,0.006217568036629266,0.0011670772542255977
B0045,15,0.7824128169919247,0.7581775641230925,0.005944757885409213,0.002211258594901508,-0.0010399669907775325,0.00993482480668725,0.00566623067952533,0.0015181478047622105
B0045,16,0.7649414992231182,0.7557355572006854,-0.004628204335469563,0.0014720815695852961,0.00018267233676728232,0.00799560547531831,0.004015650956378582,0.00016813595242571173
B0045,17,0.7544899426779375,0.7501505595012039,-0.006316419892975191,0.0021206942504903496,-0.00061682584939614,0.005176696072323619,0.004241239222617389,-0.00026600068125272086
B0045,18,0.7504048978314295,0.7455050997677207,0.00041295039131844394,3.2795569250727746e-05,-0.0006893862127974978,0.0019464071941086908,0.003140475497245281,5.655557454288375e-05
B0045,19,0.7407258109620256,0.7399378275239458,-0.000514966591331371,-6.849455134713815e-05,-0.0015996058530132085,0.002122473965623817,0.0012737497572500487,-0.0004251733275655733
B0045,21,0.7308525593793626,0.7331010026154389,-0.001712823125922262,-0.001122709491703358,-0.0018117130956195166,0.0011199357652882825,0.0009247794612092365,0.0003540872240172092
B0045,22,0.7287255851177903,0.7276065154988008,0.0034266885254435175,-0.002331413883347265,-0.0010001807659395106,0.0008918595288332988,0.0001090087791363466,2.3107410753003724e-05
B0045,23,0.7161023377036263,0.7223658309706188,-0.005636667246345913,-0.0005052884654746594,-0.00018956506675695851,-0.0003361678738978433,0.000576755736379997,-0.0001725603599088683
B0045,24,0.7129204834988017,0.7173471905085165,-0.0035478964018828916,-0.0015599763271186148,-0.0007932873853562077,0.0009072994324345829,0.0016373100980006754,-0.0010701564309982762
B0045,25,0.7141991829499618,0.7119524173102574,-0.0015197725270730562,0.0013777437934638884,0.0014582473000093923,-0.00016452618463086842,0.0004875488711137864,0.0006075243800858737
B0045,26,0.7190570819844222,0.708258780692957,0.005835539891127493,0.002242661699741276,0.00020918971081180607,0.0012728998982222688,0.000859913695456767,0.00037809638355979847
B0045,27,0.7173975428775917,0.7049207045938448,0.0061122495566278525,0.004218202761887064,0.0002490772428399834,0.0008625696533922159,0.0006206070127302373,0.00041413204570872375
B0045,28,0.7071027496463946,0.7012298404178167,0.0008012677748583688,0.002345856068462065,0.001793682691389743,0.00109116163526962,8.894966758608154e-05,-0.00024800860723545997
B0045,29,0.703531206505542,0.6986205579347529,0.0021343666415920455,0.0031474212111741798,-0.0004998765493597837,-0.0009097435907986774,0.0004748469804539552,0.0005636338837517423
B0045,30,0.6941108278958862,0.6989097001743959,-0.000608692769482707,-0.0009217758876899436,-8.306878431803509e-05,-0.0009574086892314756,-0.000982267069911876,-0.0012456590605838165
B0045,31,0.6914114388869608,0.6979186633266473,0.0017928434543007053,-0.004772746367894212,-0.0013313793165505524,-0.0007892065606392852,-0.0015681240271245142,0.00016138839874182064
B0045,32,0.6971551798505504,0.6987405506909942,0.009845840828575703,-0.007474479000779754,-0.0018341501941168505,-0.0010620952069837013,0.0006231155002050226,-0.0016836027536935745
B0045,33,0.6832460217432723,0.6991775498708379,-0.009142957561089607,-0.005588882642070536,-0.00045501060648346826,-0.00037505461960187,-0.0014185733879171368,0.0010489507198840078
B0045,34,0.6822029317493292,0.7011588464833522,-0.0183143442324827,-0.00016290939701916427,-0.0002397864854102272,-0.000531741004149113,0.0009867703880273872,-0.0006939039714546426
B0045,35,0.7289529213213379,0.7019326126211369,0.018746579436207403,0.005514563007673909,0.001725031933612344,0.000810461141799698,-0.0005323476598601217,0.0007560208163857308
B0045,36,0.7139321758287004,0.7032440228698118,0.0009545794094175093,0.0066118955512196285,0.0019082852137285596,0.00016778889244622032,0.0013670021227901554,-0.0003213982371295521
B0045,37,0.6957731747455482,0.7009006872207669,-0.014135148352912004,0.005257756164507551,0.0006552437687793786,0.0022644167469798937,-9.75710808562789e-05,0.0009277902935862748
B0045,38,0.7018312962317095,0.698712741426815,0.00010261234209102296,0.000793724137632721,0.0007065693430847983,0.0008543833732958298,0.0008688115844324914,-0.0002075459675848998
B0045,39,0.6911808244378487,0.6945152290753842,-0.001405913877732904,-0.00252856645237728,1.345302807507617e-05,-0.00017509344195048687,-0.00017779355163649797,0.0009395096788829382
B0045,40,0.6843279752855028,0.6904598414297399,-0.0004919350455976491,-0.0034554182471120006,-0.0013093581590901092,-0.0008445326499299028,0.0005572148751709694,-0.0005878368886855244
B0045,41,0.6741394908812485,0.6843138487235451,-0.005465802030165789,-0.0026355127220582496,-2.499348225710413e-05,-0.0011104486580418723,-0.0012489280131892085,0.0003113271045947471
B0045,42,0.6670070174301739,0.6781492126107564,-0.007487417407036606,-0.000839973862392342,-0.0010528528947045751,-0.0003658079138349146,-0.0005190951169065798,-0.0008770479359974699
B0045,43,0.6804085117374855,0.6724546383388809,0.009775764714041641,0.0004268439520492507,-0.00047641978406353313,-0.0004945410844177248,-0.0012455243429431945,-3.225002238091234e-05
B0045,44,0.6617864063235485,0.666336271899354,-0.00481339804290786,0.00013313213837669264,0.00024214371804861146,-0.0008538740729048231,-1.3762354881818176e-05,0.0007558930944180118
B0045,45,0.6623168733492338,0.6616246579313778,0.0002258152270815799,-0.0001365812608662287,0.00035842824104998855,0.0006286683339640346,-0.00026649446756836796,-0.0001176206004851276
B0045,46,0.6679358357181778,0.6581043624141013,0.009463950680035615,-9.730707587613775e-05,-7.473721651713673e-05,0.0016215920716986655,-0.00065273149857926,-0.0004292936080860049
B0045,47,0.6488990885270688,0.6529894904323137,-0.006611282679015152,0.0010375823393928426,-0.00034964459365285433,0.000724428855494319,-0.00026377580554614905,0.0013722900494506677
B0045,48,0.6503639129625527,0.6516362471727577,-0.001665232031508519,0.00013423244762115658,0.0005380314291495182,-0.0005128238766978304,0.001952647743515625,-0.0017191898526683603
B0045,49,0.6572077690202801,0.6486716886505549,0.007958085507173852,0.0008480309158180354,0.0008675411749657812,-0.0007077869588089046,-0.0006803079959809488,0.00025051778798819007
B0045,50,0.6363517458476216,0.6460874457450635,-0.010101634572730092,0.0005871498708518113,-0.00030426406159383756,0.00029541565361388,-0.0009977095622440057,0.0007853428610365384
B0045,51,0.6536449360948587,0.6454352020067663,0.009798826501220187,-0.00048780453528552597,-0.0010331722540543019,-0.00015843334963083368,0.0003229816372013208,-0.00023266384566617972
B0045,52,0.6391428272150887,0.6451352981007069,-0.003701666121753129,-0.0002441037639603203,-0.001208714952764315,2.1292787917519653e-05,-0.00014219766525603734,-0.0007170810867640613
B0045,53,0.6482206049496236,0.6448421270382609,0.006140113682388417,-0.0011730226292148375,-9.726898907728254e-05,-0.0006057012888535021,-0.0003806122508901508,-0.0005050305408098274
B0045,54,0.6287957471922729,0.6433658821044851,-0.012600123308834308,-0.0013748530488984349,-0.000611828543577912,0.0007198881788077762,-0.0007616424022433497,5.842430794782266e-05
B0045,55,0.6380571850193401,0.6420842000805036,-0.005227538829278276,0.00041947123169855567,0.0008147214741092756,-0.000637522079776357,0.00042180301065848023,0.0001820502157611155
B0045,56,0.6554825047832906,0.6404580163792878,0.011794563206466708,0.0017518514503720192,0.00010152787098118262,0.00023778943684285743,0.00020560981334889845,0.0009331466894854976
B0045,57,0.6484934835397033,0.638869753387521,0.005914273664748217,0.0017261235149621638,0.0019537904852999976,-0.0008898681499886463,0.0003364112775612873,0.0005829994314529688
B0045,58,0.6454071687844921,0.6374017100935604,0.0053181597924958504,0.0008675780127267519,0.00022127573541962222,0.001158203256652238,0.0006298612955176158,-0.00018961932633511188
B0045,59,0.6427008031845645,0.6341493591061519,0.007021806749308364,0.0002499403936439273,0.0016478102743838312,-0.0005569438375470869,0.00011148116528022675,7.73494121255572e-05
B0045,60,0.6352454880802477,0.6311013486878079,0.004074422533383414,-0.0004946619349325714,-0.00020068533201534364,0.0010473523547670045,-5.115245553214672e-05,-0.00023113568553112862
B0045,61,0.6156760019587869,0.6270787462706715,-0.011592769967430956,-0.0009096418712627683,0.00048112799171559287,-0.0008991029608274685,0.0009343071744736896,0.0005833354325533148
B0045,62,0.6170833682807023,0.6237438008859343,-0.009859428688859286,0.001810662948789625,0.0008699685886199604,0.0002886937300508437,0.0009715305065748925,-0.0007418595809853588
B0045,63,0.6434227390858672,0.6203697772845678,0.013720041022058904,0.007665293369427457,0.0016747375410984873,0.0010634393975151371,-0.0002111432444483664,-0.0008594062064334236
B0045,64,0.6278124433742752,0.6158308768341583,-0.002319474182501166,0.012455115922275634,0.001214439574072518,0.0003021472340643125,0.001485965804454102,-0.0011566277156585647
B0045,65,0.6290078315253372,0.6119925976540324,-0.006017046393752606,0.020843036905219214,0.001251870226596334,0.0023334038137416786,-0.00026777826608097153,-0.0011282523192587019
B0045,67,0.6266355568292261,0.608368088421055,-0.01298948510809502,0.030886288469525566,8.661048583594866e-05,0.000927503112170009,-0.0002071193394789135,-0.00043632911378895423
B0045,68,0.6495813516716594,0.6059453861903449,0.004728938760087667,0.04300984960834485,-0.003412507234851124,0.0015048627880203359,0.0012546656992689592,-0.003449844069003599
B0045,69,0.6337485177966306,0.6035607110800664,-0.01781802519798847,0.05668799095113648,-0.007571052203728127,0.00489847423896333,-0.0004966747025036518,-0.005512906279825516
B0045,70,0.6298550929085645,0.6018849127035844,-0.02968317672663099,0.07423932251800357,-0.014792905722685787,0.006617844216980353,-0.00032354223453814315,-0.008087361752002179
B0045,71,0.6183063778386736,0.6025545448747008,-0.05094454697460431,0.0967167639239729,-0.027642174984387306,0.012155446615037854,-0.0033783880913854816,-0.011155267416701007
B0045,72,0.6069476168507777,0.6039833578189484,-0.0720726412157334,0.12187992622230415,-0.04338482616057422,0.01879348611642293,-0.006582307558986211,-0.015669378250058142
B0046,1,1.7282392323598248,1.3987621151482015,0.23525059462994247,-0.005293392193948648,0.04699942126716305,0.049497500008820985,0.011482754507528798,-0.008459761365615482
B0046,2,1.5161488467923143,1.3974618839246633,0.02964960757824834,-0.0006692431283574024,0.039269158301505964,0.04951636682831587,0.008600069583285613,-0.0076789964827976695
B0046,3,1.503121190703977,1.3965782928152906,0.02404548638342253,0.0008223057806271427,0.034018679992292404,0.047488494572672464,0.0065385989440288434,-0.006370667961347678
B0046,4,1.48586566102824,1.3946865010790261,0.015025049997447667,0.003829648144168681,0.02849637068123094,0.04611822212126893,0.0012473271094974405,-0.003537458267536536
B0046,5,1.4694562316392716,1.3907470608618728,0.003527606300313825,0.007877098793219024,0.02221793849017255,0.04494311713317842,0.0014980813162571117,-0.0013546714057041359
B0046,6,1.4589554592644807,1.3897895535711773,1.5202286671319578e-05,0.007815732495037916,0.021067677695068468,0.04014241830125601,0.0007586817040569816,-0.0006338069303184622
B0046,7,1.4556853555098295,1.3888917104033816,0.0026216564567454093,0.010182495363914726,0.019522791376357717,0.03425469796033971,0.003294796666833007,-0.003082792856648535
B0046,8,1.456232262380321,1.3848682696513386,0.010191037806796048,0.009608793333638127,0.01738278358187064,0.033183614074862665,0.0002095031919640189,0.0007882606005059817
B0046,9,1.4440592236675138,1.383966140429199,0.004147475872465154,0.008259700341839376,0.0171270237268594,0.029410249608435923,0.0017460166667454288,-0.0005973831076017585
B0046,10,1.428294264765868,1.3821530949993257,-0.006927631030144369,0.010071031728982965,0.014513636922665503,0.02763903360235841,-0.0002613914026779049,0.0011064898284435403
B0046,11,1.4199848948034668,1.3828900156710158,-0.008861946886980047,0.012958591909178408,0.010675894583049383,0.023636967187660996,-7.53945136778046e-05,-0.0012392332570226193
B0046,12,1.4043226018516568,1.3811654139985567,-0.01774857292980624,0.010210307638789334,0.01028166249169496,0.019915058190062566,-6.601325703772863e-05,0.0005647456217292156
B0046,13,1.4234351301615986,1.3810126540233787,0.006252224089920781,0.009985936768899709,0.00855500167181594,0.01664682700230115,0.00019084393616033754,0.000791642556109095
B0046,14,1.4339948857967295,1.3818999178479794,0.022766555201136175,0.007644858848876912,0.007677678367062687,0.014438955028761826,-0.0006200037106485095,0.00018692409207000327
B0046,15,1.4185177047756572,1.3804569229006092,0.013216762338523152,0.006424482867489627,0.004614245562425115,0.014489850752218782,-0.0011647590703492416,0.0004801993156756764
B0046,16,1.4056313337829422,1.3790987591987849,0.003711828708123969,0.006030944041485649,0.006168360750593262,0.009834247827203874,-0.0001704828111803584,0.000957675969212263
B0046,17,1.3890214025155618,1.3759601328104527,-0.008304394297729315,0.005496581837572368,0.005245925502078157,0.010355705604894459,-1.1032680505926082e-05,0.00027848365341636886
B0046,18,1.3723339082737365,1.3722038845299327,-0.02205660701455975,0.008367147997272123,0.004568942412545369,0.00820683524945037,-0.00037023462044284347,0.0014139396475534715
B0046,19,1.3615778905990565,1.3655018433420372,-0.0263967003127101,0.00803872468432136,0.0065297615060253295,0.007063271851470484,0.0006459176202751208,0.00019507184428787505
B0046,21,1.4100282016237429,1.356607624300244,0.030080517200104396,0.01037482052891389,0.004591337676944776,0.0069029158810094806,0.0009138472553988817,0.0005571386788786075
B0046,22,1.3395671374926488,1.3461088033902304,-0.02377663894062209,0.0065626470412214945,0.004436338736593318,0.006116550161754652,-4.3276259461454644e-05,0.00016271331725501055
B0046,23,1.3291515487117478,1.3343581945647074,-0.013090641086018685,0.002581367047728964,0.002265965425348842,0.0034975672626985747,0.00024443319204883415,-0.0007053377320812058
B0046,24,1.3181687033905718,1.31868187621532,-0.002483686253655633,-0.0025733240702595322,0.00038388902292018463,0.003410032178361154,1.2260755222051517e-05,0.0007376555141663163
B0046,25,1.312423708466101,1.3044970790325308,0.007681579324610684,-0.0021497050066063912,0.0012112879970143189,0.0005231628795206198,4.3687243407774083e-05,0.0006166169717384399
B0046,26,1.2993237532162487,1.2908224203170844,0.005717786701435631,0.0008767469328093284,-0.0005308731889545015,0.0026506163356585957,-0.0016573275676616253,0.001444383672509847
B0046,27,1.2877483042174591,1.280122718234305,0.003553889881618864,0.0036790613425635842,0.0009410656178221598,0.0005177307637742821,-0.0003865553578859931,-0.0006796062688122905
B0046,28,1.2865282739749122,1.272124173642961,0.012080350327929763,0.004831979912022347,-0.0007810653508407282,-0.0009285353421368677,0.00024093161770372004,-0.0010395608358209174
B0046,29,1.2719636386987183,1.2664346417302972,0.005693107687317904,0.003021654912172657,-0.0005876806008497962,0.0010857304485294291,-0.002594129575386072,-0.0010896858947634788
B0046,30,1.2714495345417192,1.2625138286194566,0.012518512169026011,-0.0005963018906256061,-0.0019439383030063664,0.00045915572502339553,-0.0010933873023930185,-0.0004083344667494151
B0046,31,1.2615423884659074,1.2631564377780318,0.007828356232701632,-0.003989370143612467,-0.002188997634485238,-0.00312826382161126,0.0001409608245080826,-0.0002767347526586671
B0046,32,1.2421201619204132,1.2650743772730795,-0.012401375024642608,-0.0067104957901064945,-0.003663409781234109,0.0010559348261938613,-0.0004339311620972856,-0.0008009383882195879
B0046,33,1.2402537441669796,1.2678122665947593,-0.021727746213089528,-0.004276799671703764,-0.0020304461272166617,-0.0015062546703579942,0.0011721374485530508,0.0008105868400938904
B0046,34,1.2851130012242886,1.2704438930152826,0.009754420275601854,0.002374307499030862,0.0019109215663693237,-0.00226545267969575,0.001833721299619537,0.0010611902461225798
B0046,35,1.3043327841699193,1.2712520337361302,0.021584266110083704,0.0063086384770871555,0.0006102617812898855,0.0027485254412060265,0.0007463973488015492,0.0010826612579320602
B0046,36,1.2778639041619957,1.2708229800926054,-0.0041775392859892185,0.004396689439512547,0.0033399889214857747,0.002429814140906534,0.0010235379891940526,2.8432868142998663e-05
B0046,37,1.2723464591651539,1.2650312352379316,-0.0017416089944778633,0.002626807752577896,0.004179928473589056,0.00024004061823582778,5.73406488752923e-05,0.0019527154367142753
B0046,38,1.2477883952768762,1.2584078849929954,-0.014506495948913772,0.001340389823634241,0.0009354556190079861,0.00017946307846438659,0.0010487995511817916,0.0003828981885154097
B0046,39,1.2352499196655526,1.2474092191457817,-0.009592088725579795,-0.002892335899436248,-0.0011450020177854842,0.0003902107266377183,0.0007231939026838144,0.0003567225713268992
B0046,40,1.229251291851949,1.2351592002880643,-0.001498729461856376,-0.0023568738483936117,-0.002384177597586964,-0.0015144785158100983,0.00010643078006978016,0.00173992025035407
B0046,41,1.223890910501634,1.22513921343764,0.006614661179298066,-0.002978944196587615,-0.003058669306924157,-0.00045074941319667996,-0.00018708544761510912,-0.0011875157037846478
B0046,42,1.205423323571373,1.2115186272895053,-0.0012722961851094289,-0.0028532354890790186,-0.0005353012997429145,0.0007958971260794403,-0.0019139274116699218,-0.00031644039658756
B0046,43,1.1957824090008151,1.198436301961522,-0.0021727047821546723,0.00021879311116595443,-0.0011196561783290988,0.0007850291874190572,0.0010633129875604042,-0.0014286672166051912
B0046,44,1.1900729496698461,1.1848947420105669,0.0008585360727490395,0.000293638684845298,0.0011834589721335153,0.0007241964135709646,0.0008183266580419448,0.0013000509322858911
B0046,45,1.179201763233652,1.1738049861403705,-0.0016314296195263473,0.0038337927511632765,0.0006070884815800758,0.0016371371482279621,0.0005262798798388083,0.0004239085350732841
B0046,46,1.169504032514554,1.1650110366434432,-0.0012334076748037682,0.002781479687406421,0.002465600592782832,0.00040372582183162143,8.491694520615737e-05,-9.319410450791682e-06
B0046,47,1.16772376849918,1.1570485950248663,0.0057820255644794,0.004087761360901832,0.0014096585227154144,-0.00017994955440015894,0.0015190997576564316,-0.0019434220847484173
B0046,48,1.1579256145829042,1.1494001679810975,0.010803462583970021,-0.0014465170033914152,-0.0009058958085225216,-0.0003037714465321816,0.0002398420514414776,0.00013832632499919892
B0046,49,1.1499812813376982,1.1460043301846237,0.012194083343940981,-0.0064298409653593645,0.0004575197754568688,-0.0008150310897573283,-0.0012285064618398067,-0.00020127334283096134
B0046,50,1.150285902223034,1.1464046538960815,0.016092682663467407,-0.007885207557371886,-0.00203036418469114,0.00026719314893207776,-0.0006635681205374801,-0.0018994875165548903
B0046,51,1.1349452274085248,1.1458312337118322,0.0025744414146648253,-0.012289715770439906,0.0007208685606645382,-0.002389231410054123,-0.00019679697197377382,0.0006944279924390524
B0046,52,1.1380960963513609,1.1514056647845097,-0.0027860584954371125,-0.0095060536052178,0.0010133745014250135,-0.0003503517211323033,0.0002470528171147672,-0.001927531813823121
B0046,53,1.123711172150547,1.1562920095767597,-0.034176225426168286,-0.002310010307255013,0.0029141871771139875,0.0009998048589523413,-0.0011487121620768195,0.0011401185608486616
B0046,55,1.214119211354098,1.161171574654199,0.03530931238779533,0.010319171029436936,0.003318506404029833,0.0025925748962922234,3.058127766193087e-05,0.0013774907597240323
B0046,56,1.211944797522819,1.1659987115209347,0.013580976301238149,0.022865019702286805,0.005807348710098904,-0.00017738529811258937,0.0019099182843324524,0.0019602083588276657
B0046,57,1.1971248679331923,1.1707826840595417,-0.009084436962218624,0.026115299356395342,0.007023960915731645,0.00037314422749049655,0.0006660277155081895,0.001248188689429205
B0046,58,1.1822892151870987,1.1717672807309023,-0.020607111114611547,0.02002606820229256,0.006568443677859594,0.0008958376030927492,-0.00037525792029990767,0.004013954088459794
B0046,59,1.1645336676778397,1.173348050548905,-0.028991986732846177,0.008826734156089129,0.008980030604594959,-0.00047193445944555194,-0.000566077475807987,0.0034088511312026595
B0046,60,1.1535559567518647,1.1730570241459362,-0.02176646777585516,-0.006512425558117726,0.006839672824931035,0.0012355207388174397,-0.0003824389732198246,0.0010850714530387764
B0046,61,1.1601987101282065,1.1722803103680577,0.006722077802205183,-0.026686441449909584,0.008318367738618975,0.0003423688024117039,-0.000775221248507508,-2.751786337159967e-06
B0046,62,1.1711716308206082,1.1678377914286568,0.03245606251133605,-0.041375944516146006,0.011709951183688458,0.00021353160829491152,-0.00031446098756565655,0.0006446996818664198
B0046,63,1.1563410270783216,1.1636010865493933,0.014773763008532972,-0.036836207988489134,0.013251988125631914,0.0010814640516567425,0.001641066426007553,-0.0011721329929817428
B0046,64,1.141082456193516,1.1590854380674278,-0.01443191333399412,-0.024932859290816074,0.01810528923792765,0.004121304495360103,0.0008600827160099185,-0.0017248855847187504
B0046,65,1.1352383596118123,1.154981358175284,-0.045311169044582336,-0.0020176092439968332,0.025498360464653404,0.0030168217970644767,0.004383693996843493,-0.0053130964150811585
B0046,67,1.2530847858282803,1.1543516343901052,0.04636574607008477,0.01964372508482799,0.03312901219649062,0.0051306643875729495,0.007641159471139111,-0.013177155748183397
B0046,68,1.2050453590356518,1.1512063823111092,-0.02910045292247944,0.038770331455666975,0.04703294688187709,0.005499515076829405,0.00972660905996594,-0.018089972764990872
B0046,69,1.19119860196273,1.1515352403874706,-0.058978892187954504,0.04336277740487532,0.06423195506240575,0.006899924329443565,0.011978064887234035,-0.027830467847300987
B0046,70,1.17463817374538,1.1537505505032617,-0.08327196636972567,0.036816062942268295,0.087812431433927,0.003966916122043046,0.01714230955165982,-0.04157813035131471
B0046,71,1.1555432048235512,1.1582414068921176,-0.09347481067724489,0.007487446663963944,0.1188365782568025,-0.0006085961449476721,0.021422355156374914,-0.05636117522144481
B0046,72,1.1538041170229467,1.166587463213721,-0.0656079689251722,-0.048406216454280615,0.15877763351994914,-0.008261053427624095,0.024708526382365828,-0.07399426718254569
B0047,1,1.6743047446975208,1.9489903077645356,0.20199152684609878,0.28628970722253205,-0.468022492659059,-0.1878753664980387,0.8076397567319377,-0.9147086950554276
B0047,2,1.5243662105099023,1.8407860956310378,0.06455253834208666,0.25787439866169815,-0.40653392333546573,-0.1967652240462657,0.7572685744692208,-0.7928162494337403
B0047,3,1.5080762969973425,1.7438752144691394,0.057437998891031836,0.233252342084346,-0.35268305245789366,-0.2010639525402488,0.7083577617867051,-0.6811000154436387
B0047,4,1.4835577960067696,1.6588951689827587,0.04017774566282231,0.2134302698564048,-0.30460649327025996,-0.20263051547181743,0.6612519648272069,-0.5829603447680336
B0047,5,1.4671391666146525,1.5836073698548465,0.029772056934389352,0.195211921673068,-0.26082540187818654,-0.1998993548031951,0.6116489249524484,-0.49237635029287036
B0047,6,1.448858156982267,1.5178493643892423,0.01873119663172705,0.17936882211348926,-0.2248955597274634,-0.19412766549623828,0.5641031478482175,-0.4121711489357886
B0047,7,1.4458534180949325,1.4600196750339482,0.022767034926132645,0.16402767598331827,-0.19155274610991282,-0.18555094809792258,0.5175685015842209,-0.3414257753814561
B0047,8,1.431118266178283,1.4126337402284053,0.01596974956588941,0.14758062672683844,-0.1609182330909283,-0.17800311408556196,0.47381414673850875,-0.2799586500493247
B0047,9,1.4192745516578533,1.3718084805175708,0.012913694946103796,0.13168605299929517,-0.13519268382944494,-0.16736754180012192,0.431615513751304,-0.22618896506154557
B0047,10,1.3999974221808271,1.3390298341277103,0.001096774681794151,0.11769501579731574,-0.11319152192989977,-0.1545100763417332,0.3899490104502841,-0.1800716147234438
B0047,11,1.3885156686114437,1.3131501310001,-0.005816718090403776,0.10546894533673924,-0.0905685569769024,-0.1422031826270085,0.35050999473260597,-0.1420249448730208
B0047,12,1.3652234669528964,1.2903775914863072,-0.02443206851512762,0.09329550094892612,-0.07170757067777472,-0.12897079971863462,0.31596762240219417,-0.10930680906312577
B0047,13,1.4060442272970963,1.2757209708210289,0.019269843501074975,0.08559496479815046,-0.05576148468657955,-0.1154742796476567,0.2804807325665888,-0.0837865201792954
B0047,14,1.4057541613525781,1.2635676079201525,0.02246788105943208,0.07885777235226966,-0.04205707281388828,-0.10425888598704672,0.24930289504561584,-0.062126036347502585
B0047,15,1.3867662881727878,1.2558893821175514,0.009297590725849845,0.07036027243394792,-0.028700318373306593,-0.093585815996326,0.21927374705605726,-0.04576856989887787
B0047,16,1.3705053061420223,1.2490541447278485,0.003754578875831891,0.05978284287610358,-0.018192154458269102,-0.08426223233336412,0.19352655468381236,-0.03315842832442696
B0047,17,1.3497431114823601,1.2457674696349446,-0.006203927919151406,0.05200791699780479,-0.012449623640324975,-0.07266343920278888,0.16595304968152974,-0.022668334147023142
B0047,18,1.3251533367939783,1.2453557945702287,-0.018985867106567307,0.045356838231768185,-0.005230593739253789,-0.06718401403862623,0.1438685890736523,-0.018027410254321048
B0047,19,1.3111943869635805,1.243199177556338,-0.01859150918293933,0.039654934050663254,-0.0022767387720171563,-0.059259747762268083,0.11875332476918121,-0.01028505374096683
B0047,21,1.3394234405932892,1.2433097716149892,0.022085819048552027,0.03539934093766308,0.000791910133329361,-0.053980921892140536,0.09914778025903888,-0.007330259577004586
B0047,22,1.2849157142560723,1.2423317848217637,-0.013944061971205405,0.02713493213720724,0.001489889870264135,-0.04741947315055884,0.07965197847175016,-0.004329335947073571
B0047,23,1.281719159327807,1.2400364347336839,-0.0008191404344493035,0.02119949058784857,0.00223023678025493,-0.04219496647418109,0.06250394943481058,-0.0012368453214502988
B0047,24,1.2600051642942829,1.2384652979002804,-0.00441344497485818,0.013429078415589223,0.003032198644183097,-0.03816167112993692,0.04811466818414483,-0.0004609627485080376
B0047,25,1.266070385993126,1.2364121019908423,0.013680770526233671,0.011521675259189419,0.002122796769033734,-0.03380134410601702,0.0366323540361679,-0.0004979684907127236
B0047,26,1.2413590294280803,1.23342280543372,0.00023275149448299463,0.011100179985235718,0.000796761298023167,-0.03112826286990996,0.025963793202726813,0.0009710008957852003
B0047,27,1.2298873703485311,1.231621664677702,-0.00014715167958354738,0.009368131409351657,-4.66556084109866e-05,-0.02720176971839371,0.01654924761804619,-0.0002560963287394116
B0047,28,1.228088614506696,1.2299545981041118,0.008037756946571986,0.0074204001145598214,-0.0007807625282786065,-0.02643123218534135,0.009568045930477283,0.00031980814751918316
B0047,29,1.2139857189070042,1.229222871239899,0.004352231931697954,0.0031106981508713808,-0.003155936437806826,-0.022836463855018713,0.004007445899101789,-0.0007151279871896298
B0047,30,1.2173435064564189,1.2287435719408775,0.01834536008493333,-0.0060071535929226835,-0.003959242744986082,-0.01958897912715745,0.00037084929629123983,-0.0005608993688346757
B0047,31,1.2073445944515917,1.2300461946601038,0.012411633968230126,-0.010540599842886392,-0.0049507269731808735,-0.01670576483654374,-0.0015774154508596148,-0.0013387270332459187
B0047,32,1.18804049227045,1.2311181617154077,-0.012361408928053817,-0.010980566251951865,-0.003979140095318424,-0.012409890378745486,-0.0034734253272186433,0.0001267615922705429
B0047,33,1.186304749886542,1.232100500076626,-0.028383743276816566,-0.004491953322717281,-0.0020328472792090144,-0.007965067829727009,-0.0029108827934139787,-1.1255630829094605e-05
B0047,34,1.2613935471028506,1.2330230871404892,0.027958057735627376,0.004587410473657019,0.002053221409455703,-0.007640891234315315,0.000978754950023242,0.0004339066233802557
B0047,35,1.2648246158850653,1.234663041308735,0.020113250109590006,0.01061493184963337,0.002343352239188,-0.0029981811751856272,-0.0001524344973721926,0.00024065604311522077
B0047,36,1.2466494548982199,1.231785324539899,-0.002524750365207729,0.01053474525149555,0.005026099210973733,0.0007256707967284655,0.000637737924095025,0.0004646275478580305
B0047,37,1.2333924152795082,1.2285943373837158,-0.010982074977884192,0.008191205138045405,0.004170524231818232,0.0020407066754577017,0.0009621779034712564,0.0004155389434354245
B0047,38,1.2129250072037692,1.222354819406312,-0.01993946676002436,0.004020525624764892,0.0034043072561394353,0.001316644107494461,0.0013114391577202225,0.0004567384467874035
B0047,39,1.1999106597943647,1.213707272504478,-0.015279078831215556,-0.0005546258131431112,0.001451397376708787,1.6933201092337232e-05,0.0005393258580247822,2.9435544573629835e-05
B0047,40,1.1902559038393383,1.2031726489715404,-0.007758555035833005,-0.004909418235128167,-0.0004072076742854249,-0.00022450864781402478,7.875006447789276e-06,0.00037506950852435377
B0047,41,1.1892563795455853,1.190641258669428,0.006781243929899324,-0.005563481618952491,-0.0014320842974524593,-0.0018585401200400913,0.000417779790323296,0.0002702032473174679
B0047,42,1.167069685125939,1.1793964349378623,-0.0032764813496582346,-0.005286401984963037,-0.0017493546913405723,-0.00022337271226215627,-0.0017707572687128642,-2.0381731757669613e-05
B0047,43,1.1615348403090369,1.1666325066246004,-0.0009332775418621636,-0.0022843953184149834,-0.000231443396398991,0.00012272191343522,-0.00044720474980837406,-0.0013240671447225208
B0047,44,1.1555563844349988,1.1542525946859796,-0.0005239878833740841,0.0021022763404884657,0.0005966876081543791,-0.0009081137522024261,0.0005476193193362028,-0.0005106918006629303
B0047,45,1.1488524666097713,1.1436042809750144,0.0009501874902975594,0.0035448218744200412,0.00022647200762322965,-0.0006381857998363406,0.0013234479796351824,-0.00015855782913559705
B0047,46,1.143572986788779,1.1354685843578198,0.001381592913953519,0.005879170784306035,0.0008406643017831801,-0.000999438109989224,0.00017329641932435616,0.0008291162141808853
B0047,47,1.1418015379428537,1.1292765540955938,0.009746753767937514,0.002568100982243317,-0.0002639140737940989,0.001359374906023758,-0.0008177404897823103,-6.759115130832376e-05
B0047,48,1.136058647502255,1.1241271588642583,0.010262344899732708,0.0003422549997751295,-0.0002812185654298003,0.00022341871547891835,0.000287600485968786,0.001097088201265341
B0047,49,1.1236364680969286,1.121484386747291,0.007207470565397905,-0.006294407020363968,-0.0018993328989735591,-0.00020834702858978844,0.0010524854071300486,0.00229421243407256
B0047,50,1.1320498900328944,1.122276911433122,0.019653621196827023,-0.010370357127053951,-0.0012874130983752338,-0.0008232536965781199,-0.000870386951290339,0.003470768378342377
B0047,51,1.1170101762158153,1.1238977542237998,0.004772145278899731,-0.014179782478857192,-0.0016238511897601975,-0.0005749026611755952,-0.001229676173478409,0.005948489330885563
B0047,52,1.120043039721982,1.127695246740021,-6.461009700608317e-05,-0.012535991180534415,-0.0005713704433925043,-0.0014731136185324157,-0.00020223448228152906,0.0071951129157061516
B0047,53,1.1059773445917063,1.1315431139503114,-0.031183195989541203,-0.005336884648411345,0.00019133322248934291,0.000304469218708992,-0.00010754099137201611,0.010566049953115142
B0047,55,1.1907902374762016,1.137570058309076,0.030939456990862427,0.008236948289485492,0.0019368658675390127,-0.0005505413810240361,0.000859808653785426,0.011797640800150406
B0047,56,1.2012387088454022,1.1416580631027402,0.02031250836345779,0.019791545148465015,0.0009516633586515811,0.0015029501340657256,0.001270822686519025,0.015751156096562243
B0047,57,1.1906909549024802,1.1449265801029629,-0.0028334618013081078,0.026987742374937503,9.877989378791878e-05,0.0006966805512465858,0.0008361661186197626,0.01997846771598872
B0047,58,1.1764375730308343,1.1456128790426225,-0.018737647986440013,0.021785022742999365,0.0008932249701573999,0.0007415944766643536,0.0007608006852148278,0.025381699165121556
B0047,59,1.1628110372792353,1.1470378355684805,-0.025612573499134095,0.01115582704221797,0.0018133658326789938,-0.00033536850101240496,0.00043636189745808963,0.02831558901528572
B0047,60,1.1516152840582585,1.1442596302697305,-0.022065262757561807,-0.004109079089531564,-0.0002559513055577644,8.684899116744466e-05,-0.0016877206663188631,0.03538681870230004
B0047,61,1.1583673498348623,1.140407699003045,0.00365522938021423,-0.023157325116497117,-0.0005353844879842553,-0.002355953906142113,-0.0006093477810228838,0.04096243282365244
B0047,62,1.1692285288386206,1.133495310161877,0.026912961049449086,-0.03504488350800451,0.0003916785822216617,-0.0022937706683039583,-0.0031488538485400187,0.04891608714137034
B0047,63,1.1588148476218465,1.1266836686420905,0.018679131649869354,-0.035916589302502126,-0.0002468435794311187,-0.0026515228596080864,-0.003528841382547266,0.05579584453400925
B0047,64,1.1439588147705457,1.1191017719410579,-0.004836489507019791,-0.0237512063148378,-0.00013558509211802973,-0.005046341714807336,-0.004380020190816025,0.06300668574136833
B0047,65,1.1383941068159398,1.108709105535746,-0.02942299984411087,-0.004040528558776752,0.0015524382410681548,-0.0056573131709265105,-0.006200221118278811,0.07345362582808762
B0047,67,1.2213102850395667,1.0974395423534893,0.029817767094307286,0.02004340344986655,0.0015829795438475412,-0.005485129317928335,-0.007849011436833928,0.0857607333813304
B0047,68,1.2031062978889062,1.0870898079008628,-0.011649825486748169,0.04600027614046178,0.001458366330789594,-0.007467545665552257,-0.009572785322124472,0.09724800403473652
B0047,69,1.1897147112197684,1.075021749517547,-0.044435940039672314,0.06488482098676424,0.0022555256456870806,-0.005492658780470548,-0.011651778669773075,0.1091329926142459
B0047,70,1.177422568842014,1.064992808377699,-0.06751968096983023,0.0741137253121709,0.0032688770688995587,-0.004660969923342116,-0.013769425149218186,0.12099723419032875
B0047,71,1.158443027293818,1.0512013908725577,-0.08758688712148041,0.07214139700518216,0.0070407728980483855,-0.0044279048444449895,-0.01766171989199713,0.13773597845629293
B0047,72,1.1567087516841796,1.0382748693387684,-0.07320949669900666,0.05278303154756647,0.008264877747051088,0.00025631675389034363,-0.023680036429601353,0.15401918950728155
B0048,1,1.6579955793677608,1.2341843654619928,0.14651998139439504,1.6460917842214695,-1.91104093689089,0.9178879989540811,-0.47534557765501784,0.0996979635187485
B0048,2,1.5076933476098775,1.2435685576457425,0.012412309965220704,1.499528776147126,-1.716884488719435,0.7757889193567691,-0.37913559880552733,0.07241487180919016
B0048,3,1.4989223343608031,1.249829686679416,0.015517180936704598,1.3670708664586484,-1.5379847067983028,0.6461670358399968,-0.2935976472085956,0.05191991825102537
B0048,4,1.4782919502497789,1.2546024447764523,0.00781507458975853,1.2395153740235005,-1.3686696916577905,0.5311730559576923,-0.2234629631305068,0.037318655509651875
B0048,5,1.461856891390611,1.2594667628608005,0.0013922392643952318,1.1252558336407965,-1.2155242664871668,0.42994806383151607,-0.1626936238745651,0.024011881990455727
B0048,6,1.4509592706473475,1.2619363684124416,-0.0009503090685651304,1.0163737033809837,-1.0699317413435367,0.3404175477999466,-0.11295755504308047,0.01607125635581363
B0048,7,1.451746997147108,1.2647210784150458,0.009164012371489559,0.9155293713301894,-0.9360525457862083,0.26145987994895226,-0.07258737977732412,0.009512580490821414
B0048,8,1.444392866287476,1.2670007694677683,0.011953171956339343,0.8183665928350146,-0.8124093331816302,0.1949507182197121,-0.040183795203891176,0.004714742047467632
B0048,9,1.432738323965376,1.2688852799614403,0.008000897555147424,0.7314452055638385,-0.7012482217898302,0.14018181530457188,-0.017844533929783156,0.0033178811650964707
B0048,10,1.417241201438662,1.2708123089431775,-0.0015273538445919348,0.6543930201364534,-0.5992161718646005,0.08991907141893224,0.0005965773535019878,0.002263749176586579
B0048,11,1.4057559944573452,1.2731310865374366,-0.006793787560816798,0.5787562945300418,-0.5060876856148415,0.05345481903991664,0.012366022024675865,0.0009292453933593405
B0048,12,1.3902706269897063,1.2747541237010263,-0.01791120187231939,0.5130551057373706,-0.42263050419437853,0.022430226455966422,0.020545544720554372,2.7332349593099588e-05
B0048,13,1.4196659307880326,1.2757198979647493,0.014561392682554776,0.4533664573800409,-0.34754119347649465,0.0013796592330333455,0.022063526527252422,0.00011619035523856042
B0048,14,1.4190563985232272,1.2766746556489315,0.017905037368817163,0.39694295378734973,-0.27970901079981825,-0.016351938151315866,0.023148860380975758,0.0004458401672463071
B0048,15,1.404272356704056,1.2756777851479952,0.008673673511095598,0.34562768739118355,-0.2223094983816551,-0.02775603225458597,0.024232517788086556,0.00012622339586508617
B0048,16,1.3916140490958342,1.2757416497094354,0.0030806850817568943,0.2992093965729235,-0.17244062562007956,-0.03389566650399767,0.020130319808171152,-0.00021171004562926842
B0048,17,1.3749618350294734,1.2734466463186727,-0.005199879965114142,0.25655557407604457,-0.13163054489967488,-0.03674399409080324,0.017317328705166165,0.0012167048087899754
B0048,18,1.3545155713071164,1.271539637426843,-0.016519224473468604,0.21722494346103316,-0.09496372528799733,-0.036643915625522674,0.013709044650669112,0.00016881109987049506
B0048,19,1.3440223073315984,1.2684326312705259,-0.01764745241893047,0.18427504656264718,-0.0677408452103377,-0.0341188336986173,0.010835949119667716,-1.4188338420961693e-05
B0048,21,1.372384475860572,1.2647638554169331,0.021907697078593188,0.1556012928681415,-0.04787499417640073,-0.030015898198189152,0.008701655196220853,-0.0006991323985091148
B0048,22,1.3184105752674413,1.2609594432382378,-0.016432893907434968,0.12744502993076395,-0.03403176660063746,-0.026306484584940257,0.006378649770605974,0.0003985974017158079
B0048,23,1.3112727599578604,1.2578625043654057,-0.007094727929835212,0.09940842246614771,-0.020961973973930348,-0.02103122892077725,0.0029250940310813255,0.00016466990786554345
B0048,24,1.2970172419001187,1.2546716701144784,-0.006159193530159518,0.07917287296579717,-0.015987786346740373,-0.0169688437087456,0.0028234407885436327,-0.0005349183805235811
B0048,25,1.2995219526631718,1.2518109610632688,0.010084559184107446,0.06049789077832864,-0.01065939280310282,-0.014733032857809128,0.0022269378842216195,0.0002940294141525756
B0048,26,1.2826154066729571,1.2498615529430903,0.005421202489427663,0.04510368614760371,-0.008112450433602817,-0.011530928666282839,0.0008269974228209088,0.0010453467870145876
B0048,27,1.2752890152407,1.2508763859943255,0.007201149845459392,0.03503170788399764,-0.008982713205546477,-0.009344308186868933,0.0007089814923248597,-0.00020218855845920155
B0048,28,1.2735572473264072,1.2524225680167143,0.014016185033792263,0.023483475852942547,-0.007750180748448609,-0.006654029970502746,-0.0009609249998348715,-0.0009998458319694433
B0048,29,1.2594114333938535,1.2536253946706188,0.008617909431369877,0.012812843730679353,-0.007901464184410359,-0.007481391021607911,-0.00021723350974776025,-4.4625682438571826e-05
B0048,30,1.2631632585495876,1.2575663402883237,0.017225762281553533,0.003063729240230152,-0.008490044821677771,-0.005101791887467774,-0.0006044161863448636,-0.000496320328218544
B0048,31,1.2491717310136363,1.2620503863807866,0.0036712198409867597,-0.004201612692817427,-0.007868712523931768,-0.004255415331980791,-0.0005656060718158911,0.00034147146338714217
B0048,32,1.233984347835307,1.2679439817984317,-0.017376943925115115,-0.007754355942634948,-0.004244042613565046,-0.0032658721148489805,-0.00014967320486886855,-0.0011687460957354706
B0048,33,1.240031992028868,1.2723174278319482,-0.024390626673669275,-0.003610130337438134,-0.003256607277257623,-0.0007579134060659657,0.0010807378236348596,-0.00135089587205135
B0048,34,1.30370857198071,1.2762192470749896,0.02169653235073011,0.00358125332411553,0.0005717028185568509,0.0007850370724524386,0.00037319771015370117,0.00048160162546805464
B0048,35,1.315055963470538,1.2779971218905637,0.02147747454037427,0.008577130039426895,0.0016895923389803821,0.0013053017125925727,0.0005072811408137365,0.0035020617920527367
B0048,36,1.2888738300982074,1.2803440403740847,-0.0067899130692211625,0.008057868860910013,0.002461009649814727,0.003067612659682696,0.0011223765257853504,0.0006108351079283659
B0048,37,1.2877137595885193,1.2797433299151195,-0.004684551655020557,0.006698175365684331,0.0036183971838440665,0.0020346799288238184,0.0008154467243209017,-0.000511717862300772
B0048,38,1.2673379985315463,1.2771281929749723,-0.012320185008367002,0.0004991168559980435,0.0010223135559744303,0.00048651635666687365,0.0007445141886829352,-0.00022247035979761626
B0048,39,1.250594345697306,1.2699362484559835,-0.015874218668153642,-0.0025673164585609635,0.00014250423481203435,-0.002514936728621465,-4.3307323790741666e-05,0.001515372235175089
B0048,40,1.2487131179395878,1.2649499833723863,-0.003812771644001392,-0.0037521309930225186,-0.004068113615468914,-0.003909246796057272,-0.0002343000113881356,-0.0004603023214176921
B0048,41,1.248002326082933,1.2581306898137397,0.007121824212498376,-0.004700115574380317,-0.003968991603202911,-0.0070306708818044066,0.0006655674858489562,-0.0022159773176041
B0048,42,1.2300895244599586,1.2500506116486614,-0.0014059055384646026,-0.003245857136249998,-0.004105995074665404,-0.009933166489876221,-0.00019661694964214754,-0.0010735459295042765
B0048,43,1.2244197121500935,1.2449667131254964,0.0007008831283031693,-0.0013768687227847063,-0.0038218420325891044,-0.011396141143151068,-0.0017268394548248902,-0.0029261926743151694
B0048,44,1.2186682845116386,1.2405966037580793,-0.00020247432904934364,0.003921989886890345,-0.0052306423860364526,-0.014873173279101945,-0.00018409388961253785,-0.005359925167666
B0048,45,1.2037865236033616,1.237327518061082,-0.0087834204126045,0.00724656363796422,-0.006464735952569197,-0.018097087103406656,-0.0006875889196115948,-0.006754725610559149
B0048,46,1.1947642300832226,1.2358401379469615,-0.008206420063385896,0.005144394495750493,-0.006754954009702218,-0.022221454182959163,0.0008951306165279506,-0.009932604613900817
B0048,47,1.2052091893871497,1.2366363037361952,0.01253167833671739,0.0029535892725558247,-0.007078057985514129,-0.026951438526450707,-0.0012177394380174685,-0.011665145912843355
B0048,48,1.1955746593628465,1.2389694137201024,0.013228706333651011,-0.0005718475132964515,-0.009734316831145902,-0.03184665471254854,-0.0010290872224600625,-0.013441554306207451
B0048,49,1.1888497102149884,1.246005435565735,0.016571273836755024,-0.006698927622652373,-0.011093604854324054,-0.036090535828115645,-0.0017648984340393435,-0.0180790323363123
B0048,50,1.1915605250807406,1.2511617284322452,0.02577412668514231,-0.013781147135338886,-0.008495263505386989,-0.04276401977594614,-0.001294871667145913,-0.019040027843515637
B0048,51,1.1726587153109655,1.260279157143291,0.006859621766657049,-0.01758083781717465,-0.008005940615343156,-0.0455456571402124,-0.0015428750314223144,-0.02180475286637752
B0048,52,1.1841133872494156,1.2693505802125489,0.007636327488245391,-0.01391350505714604,-0.006329089523154065,-0.04885444592540645,-0.0006668258970531453,-0.02310965393176504
B0048,53,1.1576825122317769,1.2792155239625422,-0.037037735107926247,-0.005779144649771646,-0.0015686469992238889,-0.05333990720778931,-0.00045108780176051787,-0.02335648982067692
B0048,55,1.259355851168598,1.2912111190993671,0.03745764095169752,0.010929236667891258,0.00010664946602415639,-0.05527911745283567,0.0009439092274697115,-0.02601358675034993
B0048,56,1.265883375278026,1.3011613170703888,0.019734143709180155,0.024649152291467413,0.0028722952757231075,-0.05702961806276616,-0.00011430358082946336,-0.02538961139108133
B0048,57,1.2472598673184119,1.3112091704210467,-0.012798071995432826,0.029449911175350965,0.003916181355567574,-0.059799719747787396,-0.0002559981639604625,-0.02446160567345866
B0048,58,1.232808747256218,1.3221106443385453,-0.030136754034462535,0.023925719874200193,0.00406183527509919,-0.06189561330914971,-0.0008315692741125183,-0.02442551554635528
B0048,59,1.2319592783041904,1.3300462899676055,-0.024549905792971366,0.012847929907885913,0.001154506835390992,-0.06402625502053663,0.00011117699828335138,-0.0236244645230606
B0048,60,1.220785786262778,1.335801017587515,-0.02104683232777702,-0.004580522222451068,-0.003592522637433464,-0.06279221481144003,-0.0032854456526284033,-0.01971769359328628
B0048,61,1.2275441303266783,1.342079174187485,0.004931513494415586,-0.026563488946867306,-0.0059656864821206555,-0.06472246461742057,-0.004377090632977141,-0.017837826602958896
B0048,62,1.2386788414290355,1.345380468200087,0.029629308018818783,-0.038244215870522076,-0.015074468191052218,-0.061249824461511816,-0.00992958966398469,-0.01183283654119656
B0048,63,1.2283577755407058,1.3457169997270129,0.019583234386480054,-0.03696492208793531,-0.023289680325864832,-0.059219160940357965,-0.015270014064558806,-0.002198681082016685
B0048,64,1.2095481507570451,1.3439079531866989,-0.010884831227637814,-0.022537163315700392,-0.0348301931332285,-0.05245685532298801,-0.023032791186829417,0.00938203184782994
B0048,65,1.2082142070681048,1.339762453470197,-0.03373439648733435,0.00541969631727131,-0.048720111357951554,-0.04400467952067704,-0.03467814246966329,0.024169387208712822
B0048,67,1.2998734542832147,1.3317442147357772,0.03293952921571615,0.03864403526393149,-0.0670015969914242,-0.030394515509752147,-0.04975263662503399,0.04369442419363961
B0048,68,1.2691220651743778,1.320354061451348,-0.02091997546770231,0.07015719744985713,-0.08798561125551235,-0.012757334741569669,-0.06904878639963448,0.06932251416836857
B0048,69,1.2555144634690785,1.3064114779856915,-0.053786692319501464,0.10062326129202559,-0.11240229465662901,0.009637329913926592,-0.09342027063659668,0.0984516519347177
B0048,70,1.2519876926897657,1.28764241602787,-0.07161625134651825,0.12685654743106675,-0.14085205456250277,0.03927492131618246,-0.12555031528804697,0.13623242915984132
B0048,71,1.2374982003019996,1.263930684137254,-0.0882440227530465,0.146827411978465,-0.17719421000567012,0.07143053507133967,-0.1607968011690085,0.18154460310546452
B0048,72,1.2231273969878986,1.2347809055159522,-0.09292868171631911,0.15401880225458367,-0.21562009471277657,0.113516595532019,-0.20781503109771204,0.23717490128950122
B0049,1,0.8583727215167135,1.1872238858646014,-0.8414315499529156,-0.9766330792415571,1.49682513890018,-0.18008511469254462,0.17775487451772112,-0.005281433850503052
B0049,2,1.4209057149417375,1.1677014417173264,-0.31824513254509923,-0.6984952360696812,1.2515375133472808,-0.1390012914779005,0.1536705555258771,0.0037378643159696077
B0049,3,1.372852133389263,1.172662899535617,-0.42475491566958984,-0.38458635261884083,0.9857277795654978,-0.09194021818960059,0.11589319209796804,-0.00015025144640709793
B0049,4,1.3643742487429145,1.1394080474269095,-0.4768567738236525,-0.1333315058919314,0.7898464426544916,-0.046897008589251124,0.0940184022103775,-0.001813355356292879
B0049,5,2.378643730568756,1.139342861326315,0.5531664648297804,0.05040537810091417,0.6313037021600393,-0.0513026051286684,0.07606551905160834,-0.020337590165192158
B0049,6,1.0605357965671216,1.089641819750483,-0.6351704776592307,0.11485476734859343,0.4733339023042754,-0.024836092658067556,0.03725910165772571,0.005452775795464338
B0049,7,1.0069932376659496,1.0563108809573114,-0.5120394733277319,0.1075101533093337,0.333024625755272,-0.011783846863844198,0.018795793283838937,0.015175104538762082
B0049,8,0.9298775334359536,1.0260515105910637,-0.3780753037329047,0.0422518858436005,0.22585451165221676,-0.005515738008568626,0.017834550497842154,0.0014761166011136606
B0049,9,0.9232377029483808,0.9937096206580943,-0.1933680303947869,-0.010823135066409,0.1317277371465786,-0.007209020690101679,0.005412774870232135,0.003787756435027321
B0049,10,0.9053279121173716,0.9520518111592384,-0.0709323157169405,-0.029377577164981863,0.05324712648103215,-0.0014589394602294535,0.005429920332797325,-0.0036321134983163224
B0049,11,0.8595848360639872,0.9121045120661062,-0.012005369016052805,-0.0426968527244131,0.018893846835009137,-0.006137008744275537,-0.006158071872941552,-0.004416220451512724
B0049,12,0.8369614294820705,0.8751323442250007,0.02883330867792716,-0.04872329473211104,-0.015379326793786778,-0.01109293694468271,0.007257507922610492,0.0009338271613283482
B0049,13,0.8456824187653132,0.8407588196462209,0.05610744460894449,-0.016505571679224503,-0.0380484390816874,-0.003817322263470624,0.007389391931907304,-0.00020190436558337207
B0049,14,0.8071214007577537,0.8182128061941076,0.03039218113106875,-0.015536467513981429,-0.02846041859428527,-0.0008225186831571572,0.006489435934129108,-0.003153617667624713
B0049,15,0.7820744360746734,0.8143873900914851,0.0064811277155386515,-0.011312624115751211,-0.012899224400347364,-0.010828805844301792,-0.0016149855357106765,-0.0021384417867797113
B0049,16,0.7953019444133349,0.796209080972022,0.016747430450928767,0.011247649613014854,-0.03616601141978311,-0.0005000288674358269,-0.003967371962257364,0.011731195672631412
B0049,18,0.7752051154719997,0.789674668545486,0.019164466560935622,-0.008847455068067472,-0.03487630901212188,0.00030448014538698076,-0.0017485557949348013,0.011533820146682642
B0049,19,0.7711865903845158,0.7996761615859747,0.013465707579269263,0.0008806856721606558,-0.026756057447502823,-0.005851638547275759,0.0010107312547960256,-0.011238999660422794
B0049,20,0.7585098914517947,0.7823485566195136,0.02318117005954544,-0.0013628172710281185,-0.038271461308313715,-0.006500634695276493,-0.0117754574686584,0.010890535572016545
B0049,21,0.7349386490499009,0.7929949355449981,0.014240080006309679,0.008305467188549505,-0.04871652325998503,-0.03845102328310778,0.0002933719457028607,0.006272340969984323
B0049,22,0.7366758033690756,0.7942500588223946,0.03909048702006111,0.004200949436252387,-0.046209673482520607,-0.058342228907826706,-0.006006225929417959,0.009692436472200949
B0049,23,0.7093946599203638,0.7821501996003656,0.045807419623021095,-0.001357157670756915,-0.05032692406060324,-0.07748208229736747,-0.03184377409813935,0.04244697889348921
B0049,24,0.7186465009220309,0.7566857615322622,0.08537529030055163,0.006493541560451103,-0.08540037658260875,-0.09165982452254379,-0.01903994578923519,0.06619205449022926
B0049,25,0.6913885231046639,0.6995292282541281,0.07099254908113214,0.03852429943448541,-0.10796614631225487,-0.10656832130812434,-0.05844375715972864,0.15532067118967213
B0050,1,0.8631448527758341,1.249473806255705,0.38568030394179975,-0.31585345979132295,-0.2078292839058484,-0.0634038264891084,-0.14853434071679614,-0.03638834649989171
B0050,2,1.648789607776492,1.2215823395940872,1.3144944234825124,-0.5377873006752351,-0.16007607550803296,-0.06539238628813072,-0.1107234691816555,-0.013307923743022957
B0050,3,1.601636485397804,1.2148079173039412,1.1202920356932256,-0.5181935535678834,-0.06953492892138934,-0.06171130654966815,-0.044720342710658785,-0.03930333593885003
B0050,4,1.5517564797427017,1.2037714332006342,0.7110125258331176,-0.23229229103075916,-0.048856232021275404,-0.007036537975751448,-0.04659907047015164,-0.028243347874919143
B0050,5,0.03255841710834194,1.1635778138042943,-1.2038104259283116,0.07654114169155343,0.005093817385517266,0.015619048293696668,-0.04634960716962552,0.021886629171152812
B0050,6,2.6401491157387014,1.1534451624001205,1.08671085815384,0.3511030960705566,-0.011659466927758166,0.04612664750299701,0.012321892940074776,0.0021009253582018215
B0050,7,1.359027658891632,1.2162560323098925,-0.2833111874174963,0.4100743731677376,0.018732728479194105,0.03838335622461426,-0.01147287209600373,-0.02963477182998248
B0050,8,1.3742172692238257,1.168181904422304,-0.25539796289969063,0.3898219865823067,0.04636912984948845,-0.008439001598366505,0.02960909960043408,0.004072113211456553
B0050,9,1.3528030430821978,1.148149003075085,-0.12651495825552894,0.27697382456536074,0.008834784511832013,0.04564408146055401,0.002746632105439775,-0.0030303244333121744
B0050,10,1.3607406193458433,1.14087832532272,0.011992295687066862,0.1522489751406986,0.04820025906196507,0.0291435110669498,-0.034875895170272155,0.013153148182789204
B0050,11,0.5268786924650971,1.0975508246018437,-0.679079654427281,0.13109674218215936,-0.00854130892238326,-0.028308115223470025,0.027340650531958353,-0.01318044620994563
B0050,12,1.4002714246164416,1.0386853597619043,0.35884386036438964,0.02467924440067082,-0.008051217900608238,-0.00772073972773879,0.0029141090799029235,-0.009079191421774983
B0050,13,1.4289274755270827,0.9737764414317688,0.5642129113515241,-0.09706484250131182,-0.0014875963296762079,0.0020407564225912883,-0.03468820079823847,0.022138005886546425
B0050,14,0.07658354174014805,0.9146385672174242,-0.5662854744073207,-0.24436838616289489,-0.006180234225989656,0.0012272810636963201,0.0019052795920379033,-0.02435349120329565
B0050,15,0.5736933387569048,0.8522823826885365,0.1072368480006833,-0.31515297958437744,-0.044433595382779786,-0.013032423592658661,-0.0017040410791526058,-0.011502852232395075
B0050,16,0.3014742035427856,0.7941056750336172,-0.1116585331565081,-0.29264904458358953,-0.05368156399165537,0.0064113094844490985,-0.036678289863746036,-0.004375349279097095
B0050,18,0.17956542632321462,0.7655162465454579,-0.27086035900892497,-0.26258756419884854,0.0234194689675565,-0.05347265814691857,0.009124403170803548,-0.031574110887433005
B0050,19,1.179168781562907,0.7336550725312166,0.6218488125807394,-0.08993970504684506,0.03339616482424099,-0.0756821144688142,-0.009293849122332208,-0.034815599762722374
B0050,20,0.0961913170505672,0.7282473395149311,-0.6611268984796982,0.2066843703175757,0.031024821258298335,-0.11471933549929073,-0.02970543610909436,-0.06421354382150724
B0050,21,0.27808517709104497,0.7491870957655054,-0.7687607282952071,0.5451341324411624,0.051612241933994205,-0.19556078234526403,0.015495876141161557,-0.11902265844620906
B0051,1,0.6434735598158292,1.0145573849990943,-0.6548858138884645,-1.1468301730948047,1.988088424883736,-0.45125535064473915,-0.05524877397903571,-0.050952138378289547
B0051,2,1.2931804619982779,0.9910721639827675,-0.1315881192946164,-0.7991982175617649,1.616631395196015,-0.300983481825528,-0.04877722612793824,-0.033976052480767814
B0051,3,1.2288940261191657,0.9571622588807992,-0.356045625213034,-0.4434451333316781,1.312706273739194,-0.1984412224864613,-0.0334960080794691,-0.009546517481319851
B0051,4,1.2039031789717949,0.968577097474798,-0.49921073640888947,-0.13674851810224087,1.0386537504835704,-0.11341068228202468,-0.01191772641722074,-0.04204000585995605
B0051,5,2.330873478782131,0.9367335698919872,0.5821094170624797,0.07874360102747786,0.8119785275198389,-0.042818709662855656,-0.024830462451600158,-0.011042465021610208
B0051,6,1.0092808819126011,0.9184548965687901,-0.6576445008057412,0.17095225258024793,0.61017133763257,-0.03146352410470313,0.0026080752171528127,-0.0037976552020254784
B0051,7,0.9565659895125322,0.9158333177101308,-0.5179764549854079,0.1317700641524052,0.43234968109861466,-0.0011818347520592778,0.0006279781407790417,-0.004856761862680089
B0051,8,0.901956291365404,0.9138992666736843,-0.35551040000862827,0.03687785699893624,0.3077535747989976,0.01011205157272816,-0.004655784093815599,-0.006520274571128844
B0051,9,0.8897906666138162,0.8943004135490645,-0.17994602569131155,-0.02187103357060531,0.18507479545275718,0.005359487539153169,-0.0070313981322264124,0.013904427475945223
B0051,10,0.8830717036634559,0.8823949671255802,-0.034523453560163786,-0.08566203315895171,0.1060166218742662,0.0019654963037743487,0.014214476917936777,-0.0013343718280422543
B0051,11,0.8431270354481757,0.8689318781848568,0.02194560863553937,-0.08818876381357195,0.03146399745404526,0.01567486090105726,0.003918286586187529,-0.010618832477203978
B0051,12,0.826559103449663,0.8439165201068379,0.026792288790820688,-0.04768136083424221,-0.001264043793211779,-0.006381132755763254,0.01261945497753154,-0.0014426230146848211
B0051,13,0.8352681546837963,0.8201924823199135,0.06204128383016078,-0.031353853749478654,-0.026871046286806935,0.009125083660120575,0.0015953863838738154,0.000538818551067643
B0051,14,0.8025719464987874,0.8177646479368114,0.03983382069867779,-0.014704012708262193,-0.023564872256895502,-0.008560504213403215,-0.0085223897461283,0.00032525682269296774
B0051,15,0.7839218784699513,0.7947812969327697,0.0036238693339562347,0.013635397437628509,-0.03375782220426571,-0.009344931083704147,-0.0048013376879073935,0.01978540578168473
B0051,16,0.7910763493036002,0.7902985781075951,0.016071857765953802,0.020751888342703854,-0.027169667530594143,-0.006832313454505265,-0.0002212173586748411,-0.0018227765307795478
B0051,18,0.7654538269480236,0.7756858211388634,-0.0014305486030833793,0.006577570459178309,-0.029471765634973227,-0.0016521108178794291,0.013731363637680407,0.002013496813899438
B0051,19,0.773177347633947,0.7794921029982631,-0.005680810740511656,0.03214754010669395,-0.051259841350233704,0.012302041572068613,0.019919904426806394,-0.013743589335757601
B0051,20,0.7605293776416485,0.7755624921711448,-0.007482929506983705,0.004111267147931101,-0.02031733575846142,-0.012189642162076955,0.013533563650041795,0.0073119621471684215
B0051,21,0.7376430319247004,0.7798044421089565,-0.052005013671044854,0.022254772110760154,-0.024773710035724955,-0.0011970021349105029,0.01949603213627796,-0.005936488535742803
B0051,22,0.739179500257907,0.7780232140980816,-0.06434304023545688,0.02889853337666733,-0.025441155003590638,-0.0055884452601179645,0.000584463245050063,0.02704593009069103
B0051,23,0.7014575429842594,0.809428390373551,-0.12383400762293989,0.05494081084709065,-0.03412985792724768,-0.005666869171732871,0.015517358396243276,-0.014798281846152813
B0051,24,0.7047349480541781,0.8377357298666217,-0.1629375281974494,0.10608759941966388,-0.06544871113841559,0.00569826596667569,0.020523215952854456,-0.03692362375218787
B0051,25,0.677848893570423,0.8657724237725428,-0.24125336188655655,0.1682057511934841,-0.06813408047843249,-0.024453643403511867,0.044941474974312855,-0.06722967052989492
B0053,1,1.0691417886194299,1.0584573265237756,-0.1961310742237974,0.35491384518216096,-0.1701613480141023,0.012102015758086981,-0.013993251487443419,0.023954274832514288
B0053,2,1.1540727934432229,1.0619501021826685,-0.0725591918631023,0.2820543693846511,-0.12723547931459148,0.004678884776238341,-0.010214071833682543,0.015398179853195262
B0053,3,1.1501525413826983,1.0635357589202563,-0.044284547358650214,0.22445096778540793,-0.09838023799761894,0.0024138300552831804,-0.007764397401919244,0.010181167131768597
B0053,4,1.1305863853936766,1.0634903583957058,-0.03293526825056908,0.17118868426709097,-0.07214818890149055,-0.0007050428565498258,-0.003290415350140374,0.004986257889748423
B0053,5,1.121790272357562,1.0634727893584368,-0.017180060559411302,0.12832340485700125,-0.052372742131714514,-9.118325771552044e-05,-0.004449952804864345,0.004088016717657244
B0053,6,1.1135982401443856,1.0621261869073482,-0.006143056646821452,0.0959848492646013,-0.0358136123884747,-0.0028767307778457137,-0.0026800294800263303,0.0030006331076499887
B0053,7,1.0864654057095062,1.061714448795771,-0.01663687338389891,0.06747677907852107,-0.02353933384098856,-0.001947094752486686,-0.0019777170096219212,0.0013751967312199663
B0053,8,1.0647493568993147,1.0590484142975631,-0.026321080095841488,0.047274251355007346,-0.014539462321961948,-0.0008486798997952592,-0.0005474993814110278,0.000683412908359309
B0053,9,1.0809288094959644,1.0591220512425508,-0.00038277986900607974,0.033392421661832906,-0.009192777894150446,-0.0015091547581481044,0.0005647294164275276,-0.0010656803808680403
B0053,10,1.0852752041846463,1.0579546803016566,0.010399250450640066,0.02237784254541866,-0.0035961267624253514,-0.0021392003117138222,0.0013901114446329486,-0.0011113535716155444
B0053,11,1.0504799933740894,1.0540347441868472,-0.021070395131654145,0.0173217999354543,-0.00021891492953380871,0.0009253700264341279,-0.0017940306034223297,0.0012814198877861972
B0053,12,1.0853550177054305,1.053989209022542,0.019294453095562707,0.011069485431579828,0.0008159609761821684,1.1581604752168026e-05,0.00029664618959909507,-0.00012231870303717972
B0053,13,1.0508395690790722,1.0513225804999269,-0.01184169526295355,0.010624941812372127,0.0016086604228662917,-0.0009159223729197947,-0.00032471776831030814,0.0003657217450253792
B0053,14,1.060906788333118,1.0480208731214096,0.003965946887570295,0.005826238946722785,0.0015328519249348718,0.0008214183895063788,-0.00046718631959117657,0.0012066453546541122
B0053,15,1.070582461063814,1.046883800026565,0.017790332411149176,0.005175955142785454,-0.00013215854243870323,0.0003861125178027398,0.0006233882036839792,-0.00014496874752460806
B0053,16,1.024036665663697,1.0452238231412474,-0.02488563311400045,0.004350248644389044,0.000912248000017747,-0.00020178586425529247,0.00013855340256465948,-0.0015007884831814517
B0053,17,1.0670957253433857,1.0431645447874798,0.02323261939610753,0.0012803262138638548,0.0009229186512225687,-0.000774740278640059,-0.0008314154408113876,0.00010147197097779241
B0053,18,1.0279237850447498,1.0425651539164562,-0.012993924301813883,-0.001216143850019025,-5.278233030496298e-05,0.0012030293538701445,-0.002176990738894136,0.0005954430489466492
B0053,19,1.0325426399701008,1.0425668517239082,-0.006610093387545316,-0.0008558188340258667,-0.0003583660014120577,-0.002212314283905218,-0.00036531107283414166,0.0003776918680069115
B0053,20,1.055948784653705,1.044973163573032,0.01800326520873235,-0.0033535860607690833,-0.0021628015145750182,-0.00018231734822387742,0.00012351064240283317,-0.0014524498625688993
B0053,21,1.0445313831308718,1.045226484375442,0.002293883271041534,-0.002798731632238789,-0.0005384338026492154,0.000634592323635872,2.329415585318126e-05,-0.00030970554770931173
B0053,22,1.035313906812183,1.0464532399768365,-0.013411127949346327,0.0009870692040348996,-6.372303399713979e-05,0.0008987642919608171,0.0009967556431793314,-0.000547071285232783
B0053,23,1.076341053101982,1.0486081576493536,0.022287591393948442,0.0032240396169339555,0.0018390673140782144,0.00020114362748529667,0.0005288101343945039,-0.0003477567002151386
B0053,24,1.0352223140423542,1.046572331575067,-0.018858495982451776,0.0037728602862420824,0.0019690604938664073,0.0006483373345974043,3.910506800101572e-05,0.0010791153025104315
B0053,25,1.0514287056908256,1.0448160514010765,0.002542143062852459,0.00025542554859312957,0.001613088824938091,0.0003740256386695236,-0.00033271906521826567,0.002160690275394952
B0053,26,1.060332934638968,1.0438921040298548,0.018269695720609616,-0.0022959818273513657,-0.0010068359977473908,0.0013195681846058793,0.0006390159936474557,-0.0004846314911459012
B0053,27,1.0236966462748538,1.0382050200449822,-0.013691698086275439,-0.0020842360328855434,-7.275639551563451e-06,-0.0010390604615235159,0.0013526864867875238,0.0009612100272440161
B0053,28,1.0465884668750887,1.0331947039726321,0.01431534448303516,-0.0008464404542550168,0.00035168994147551845,-0.0007252840310325102,-0.0001794551477093189,0.00047790811836912123
B0053,29,1.0031121684812232,1.0282117945013984,-0.024599116187826578,0.0013889576515310699,-0.0006883860955907284,-0.0012676722910746146,-0.00010834875158765435,0.0001749397690996901
B0053,30,1.0461578935615607,1.0223731120999855,0.024303588789144653,0.001103552993819187,-0.0010357861811374914,-0.00033957367510670364,-0.0010210913673680902,0.0007740909107129685
B0053,31,1.0156263513525605,1.0177697583050698,-0.00012458162338636335,-0.0013060728075974086,-0.001389239838275393,0.0005000648225152578,0.0003396974877592744,-0.0001632749096831506
B0053,32,1.0250054893129452,1.0142678122269975,0.013164186149669114,-0.0026340779634268056,0.0003095483128476471,0.0008187817168335028,-0.0009466166039875853,2.585553470543896e-05
B0053,33,0.9801331625592913,1.0118033376656705,-0.030065736586991524,-0.0011446344784443291,0.0004140754528042702,-0.0008922314437365274,-0.00030499218942891003,0.0003233443108567139
B0053,34,1.036777776420363,1.0085178928156615,0.02597249650100887,0.0010786079276419445,0.00040918683307234925,0.001312339014296286,0.0001675410998003308,-0.0006802877394788536
B0053,35,1.026830062058722,1.0064671835878283,0.015545037422355313,0.0022145213963706005,0.0012610960941593205,0.0007078951609984377,0.0013428872120560308,-0.0007085587588553226
B0053,36,1.0150379662805102,1.005090531854525,0.004247012305101589,0.0033452642709172415,0.002445392439762837,-0.0007817821350445163,0.0012113294850938212,-0.000519781854552153
B0053,37,0.9904614739486177,1.003722950754944,-0.017652629093100006,0.0039846160084261095,0.0005021279517614383,-0.0009061744028002375,0.0011187596408190627,-0.00030817676548414315
B0053,38,1.0145765174582757,1.0039167753136085,0.009287426085036387,-0.0002582602789744865,0.002406651754261434,0.0006781159907244156,-0.0024889791892602426,0.001034787869312184
B0053,39,0.9811308944080389,1.0031892596428023,-0.02482501638817028,-0.002141454195226134,0.004138921249633756,0.00047411239074319415,0.000289941739560623,5.130137672078332e-06
B0053,40,1.0041687429386437,1.0050545138890676,-0.0031559760514947893,-0.005502096065645596,0.009964617357328436,-0.0016675311241154715,-0.00045678157341852335,-6.800338095917646e-05
B0053,41,1.007820487960787,1.0062449660023154,-0.0028806149920464533,-0.01307989408720551,0.0178296588384478,-0.0007122066157496752,0.0016991502793911191,-0.0012805713612592856
B0053,42,0.982454133084564,1.0076717407045717,-0.04881033043009972,-0.004856327173667472,0.028402461521558425,0.001366881086438458,0.0003855539028687034,-0.0017058463613953934
B0053,43,1.1096775355538027,1.007318328981882,0.04827171780587389,0.011056596240531631,0.041689405513211465,-0.0005304093945379013,0.0006704897833622316,0.001201406475201574
B0053,44,1.1136801589914762,1.0095543020958602,0.031727256505465935,0.015990985329817103,0.055913190705291785,-0.002305342316156374,0.003028765229385921,-0.00022899871634471535
B0053,45,1.0385009100572404,1.0103604229413345,-0.043507539890711065,0.0012766239396211413,0.07547049520333679,-0.010411476817693338,0.0064798974551977355,-0.0011675127464587465
B0053,46,1.0768815902180078,1.0102465275418724,0.007022607402954294,-0.024863885099884277,0.09341284593808552,-0.017537403915330402,0.009867717830426425,-0.0012668195474532721
B0053,47,1.0721705505837382,1.0100493055177135,0.018176976471879668,-0.052766884555544284,0.11480318043866745,-0.03234019979191368,0.016228265546468983,-0.001980093099243806
B0053,48,1.0124588999851116,1.0114375717934105,-0.03113337750714346,-0.07389471851108281,0.1366738258220366,-0.05080427997507983,0.025902087368931476,-0.005722208914302153
B0053,49,1.0279944857549583,1.0138339075009613,-0.00897306233784533,-0.09392028426113697,0.16627893414086004,-0.0761200158637067,0.04101188831169119,-0.014116881682548509
B0053,50,1.0304147279049998,1.0187097027061343,-0.0005675889299986426,-0.11080836437802685,0.19470634929274916,-0.10636603667728126,0.06327373413514685,-0.028533068196380348
B0053,51,1.0556163273995052,1.022660999114018,0.03640889263993308,-0.13298840047237406,0.22726305360331653,-0.14124211016761115,0.08838784131899455,-0.04487394865162613
B0053,52,1.0011115418162628,1.0300987063751743,-0.0058550582732606335,-0.15527038022377324,0.26339792909681153,-0.18461323508218042,0.12354317849705451,-0.0701895984538993
B0053,53,1.0466839215498662,1.0418443062078733,0.054932688886584466,-0.18017560328134308,0.3019565245225382,-0.2368130856381626,0.16933912906044485,-0.10440003820087795
B0053,54,1.047181656018543,1.0538213474281737,0.07252974074845743,-0.20425633540871152,0.34335127667284104,-0.2969671078550778,0.22490443294636142,-0.14620169850753878
B0053,55,1.0102740078425778,1.0704196790565081,0.05439399948678877,-0.23073561804734613,0.38668416450684473,-0.36141391273082857,0.2899372392824746,-0.19901154361481282
B0054,1,0.7399351039859233,0.7693275056220142,-0.666009537725782,0.7699777102520846,-0.3090024758738653,0.16415692018818023,-0.5989827717177283,0.6104677535306222
B0054,2,1.1665440238116096,0.8246945277121849,-0.17000860996764156,0.6373178183176833,-0.23285649362115618,0.12846398707118775,-0.5201097088156367,0.4990425028143809
B0054,3,1.1052521456138635,0.8715858640744388,-0.16406869445573175,0.5161903448684888,-0.1652420973398014,0.09521476784923792,-0.45304804829906886,0.4046200087004897
B0054,4,1.0960302257185877,0.9112053204579353,-0.12000011308071772,0.41802685610029633,-0.11541523864614929,0.07661011944420576,-0.39793211826826375,0.323535399508229
B0054,5,1.0754450685609742,0.9426447280775512,-0.09705528855978049,0.3358124718842628,-0.07093813796917132,0.05425739732286339,-0.34239775136289957,0.25312164899357575
B0054,6,1.0655493528023796,0.9695175818035725,-0.06759716470496391,0.2642083807742426,-0.03731853522127832,0.03995103931308036,-0.29865636424695136,0.1954444149237959
B0054,7,1.0568368579972396,0.9877537316752769,-0.045160954074120414,0.20606413040429503,-0.012464556836502544,0.030959401564976112,-0.2600947791526785,0.1497798842671647
B0054,8,1.0449064445364842,1.0047983878868234,-0.034652532143085876,0.16115039291135155,0.0054550474326778035,0.022594374464897985,-0.2203341592215767,0.10589493307307332
B0054,9,1.0458363976936966,1.0138912961050046,-0.015408327049497008,0.12378627245342061,0.021262444488922047,0.017158017879319813,-0.19340497547915858,0.0785516691620759
B0054,10,1.018187920878015,1.0228650340581398,-0.02854772482469659,0.0956331191859504,0.025962508414991266,0.012983797798035013,-0.16066154731095297,0.049952733461190245
B0054,11,1.0226409233672233,1.0260335542164112,-0.017717593426002348,0.07836998714683575,0.029538068674199044,0.009708089919284587,-0.13617355265434639,0.032882369389323006
B0054,12,1.03890961861509,1.0280307355376843,0.0054727025008842346,0.06204331582617404,0.02987817326133907,0.010525038306157286,-0.11819303652947148,0.021152689588296452
B0054,13,1.0173250354350074,1.0310410472200742,-0.01023978252408294,0.049784718835651866,0.029011639890036287,0.006907107873656347,-0.09923099223564376,0.01005129628115152
B0054,14,1.033183911994548,1.0299072540011331,0.010870685280776476,0.03865013655609419,0.027961813934648517,0.005297044551875312,-0.08067186644847574,0.0011688440023916355
B0054,15,1.0095232119739597,1.0313495713771257,-0.007479678083541102,0.03220841159942492,0.02317776769996746,0.003566838061299742,-0.06851742503163374,-0.004782273732053492
B0054,16,0.9862483259626477,1.0320766497110567,-0.02212006970340112,0.018014036162832047,0.021532633125564967,0.0006342350985590238,-0.056524893653828935,-0.007364264829304735
B0054,17,1.0080048320000436,1.0330191948912573,0.010774505657578336,0.005395029352556309,0.013069866396230652,-0.0014324564265765635,-0.04400683792684906,-0.008814470025422823
B0054,18,1.0153387761254196,1.0341567366160158,0.024471455986132897,-0.008598755486660245,0.011559639953919211,-0.001472855899033477,-0.037904346262467005,-0.006873098873903623
B0054,19,1.0106786853355956,1.0363531036218976,0.01599921733453547,-0.012438544201750668,0.004732021041312488,-0.0006752300763792858,-0.027340808146615516,-0.0059510743223734315
B0054,20,1.010409656585336,1.0413255119601752,0.0010430343059229172,-0.013648432437800003,0.008406442480313244,-0.0005871200146706868,-0.020961627614317357,-0.005168152178883935
B0054,21,0.9801433323963482,1.0468748144580902,-0.048987526327107796,-0.0079310506090497,0.008122969306356169,0.00014941752843165664,-0.015157588978029499,-0.0029277030250661777
B0054,22,1.1016641723624385,1.0494958618441788,0.04923910048429779,0.005623422518649692,0.00635975834624629,0.001250950348363889,-0.00984199322573805,-0.00046292816440622565
B0054,23,1.0826512239001271,1.0521397100078902,0.016544354749953753,0.009339764678530094,0.009057998255950087,0.0019839551258880516,-0.00471034297220751,-0.0017042161304195883
B0054,24,1.0575008387868343,1.0508564260109945,-0.007731821928034813,0.006899319318040495,0.009303437705067443,0.0010969457232534979,-0.0019470078651283732,-0.0009764603271053095
B0054,25,1.0385517331615322,1.042965382534513,-0.018505556591036455,0.005595477089098607,0.005084647434282456,0.003292521105650353,-0.002162267999441928,0.002281529464935032
B0054,26,1.0073294901291132,1.0356117639529803,-0.03412986303025009,0.0027394248408498492,0.0027602496970412344,0.00040220488063634534,-0.002178487479453812,0.0021241971869740504
B0054,27,1.0160400308540347,1.0252847719142777,-0.0073100748657313275,-0.0038360005945592373,0.001623496772907895,-0.0005125002094197176,-0.00012321434419882888,0.0009135520883719546
B0054,28,1.0158319636440951,1.015429450897499,0.009623328285296428,-0.006059381266477434,0.0003018019471249638,-0.0004076928360651102,-0.0007820943944661573,-0.002273449080915061
B0054,29,1.0015383803216271,1.0031767841537513,0.006081092315105665,-0.005041967711924743,-0.0006314599488145183,-0.000713170329667611,0.002107411819376362,-0.0034403100485227395
B0054,30,0.9812488615918239,0.9912160996951195,-0.0050061549277973785,-0.0016505503070002522,-0.003000740576495452,0.0009195729296712249,0.0008861601075821824,-0.002115525373508912
B0054,31,0.9987416030110134,0.9828924376578548,0.016874780774142704,0.002589586298849009,-0.003133566257438322,0.00045555831823608083,-0.002463399757799886,0.0015262059087149467
B0054,32,0.9584014230949642,0.975063860859796,-0.01564627300441945,-0.0021980431180017948,0.0010167159424974974,-0.0008273268245961119,0.002540394717409716,-0.0015479054903654358
B0054,33,0.9800846133894623,0.9681712212305877,0.007520836505257227,0.0017855610626391653,0.0008231206391291209,0.0006737461751373727,-0.002044812783346496,0.00315494051741587
B0054,34,0.9720372198962766,0.967558910849915,0.00320297174831118,0.0005241370457702492,0.0014623117246228645,0.002727453131852649,-0.000672567233820192,-0.002765997401883938
B0054,35,0.9693202807518411,0.9618700934958712,0.0028706162898171008,0.0014617826565882686,0.0032135137561164428,-0.0013710748908810125,0.0009780936829786927,0.0002972557336004946
B0054,36,0.9479786388506265,0.9614321009350083,-0.013057200068684193,0.00035834384307989757,0.0009256657757615567,-0.0014201094201254114,-0.00035595483658158614,9.579262394403475e-05
B0054,37,0.9638519569071228,0.9593271164391141,0.007344889123075214,-0.0010194511319248146,-0.0012790523177095123,0.0006298092314415015,0.0002763555409451253,-0.0014277099980032888
B0054,38,0.9682336695484697,0.9591732128657422,0.01443392078744983,-0.000505781238286919,-0.003760018300518885,0.0011735243673595224,-0.0015429270618791892,-0.0007382618976434706
B0054,39,0.9407020864603765,0.9563494709628579,-0.012873863057050716,-0.0031289228245207886,0.0005951384344025483,-0.00029799463573423765,-0.001355353278270503,0.0014136108705352602
B0054,40,0.9618442077038963,0.9555890599488133,0.007579185750145955,-0.0023915393229286494,0.002165300282004655,-0.0016056619495986258,0.0010708971648294,-0.0005630341867765335
B0054,41,0.9332340144199703,0.9538473389547195,-0.02620524835479031,0.002449544101057316,0.0006226978427912716,0.0013338112790027739,0.0009011802452138961,0.0002846903741509755
B0054,42,0.9313454737145217,0.9522956658836024,-0.026679832679240924,0.0030486722320040498,0.0012352297483190753,0.0008599093884563358,-0.000737008507254435,0.001322837673423089
B0054,43,0.9976429099116705,0.9495623808782704,0.03697210221726793,0.006840042798120725,0.0010934610174014956,0.00011063320830315176,0.002113584381304945,0.0009507053440678473
B0054,44,0.9833315262972037,0.9483373497179903,0.028008577768484127,0.0016453387513179023,0.0022134451344411376,0.0001093814200583028,0.0025722732136015712,0.00044516024417600456
B0054,45,0.9904370062777442,0.9489421012037427,0.0424184321298448,-0.0007631933669526675,0.0014442122563567321,0.0005025286415888372,-0.0021892635558166625,8.218891201585268e-05
B0054,46,0.9499871340436294,0.9476581238317188,0.008245453355484642,-0.0030549398884360205,-0.0014359688310817678,0.0001903344003941861,-0.001257087000296694,-0.0003587818251563448
B0054,47,0.9526027840900876,0.9472210542790411,0.015180218320049019,-0.005587703487651183,-0.0010752636501021068,-0.00034002521909752055,-0.0004548065327323114,-0.0023406896240408593
B0054,48,0.8850175175465715,0.9496964635358826,-0.054386595540928215,-0.004959833214475995,0.0007175929191250662,-0.002786014699453495,-0.0017888862322714937,-0.0014752091324247687
B0054,49,0.9937402750241768,0.9501924838971922,0.04687074790316212,-0.0002868271933471849,-0.0011328221296646017,0.0010735288358053442,-0.005177459506338332,0.0022006231558325253
B0054,50,0.995507330519279,0.952821706000761,0.04153801322142897,0.0020029046935521283,-0.001263213295354168,0.003157691890216676,-8.572343652523749e-05,-0.002664048618779801
B0054,51,0.975407870968116,0.9545262533066865,0.015352639598561818,0.0044562547615372315,0.0019151285603242094,-0.001442089697771881,0.0020995712739007443,-0.0014998868712946295
B0054,52,0.965960558373922,0.952750690000348,0.0031882471969680117,0.003955842156884654,0.0025213101704112356,0.0006600660108643327,0.0017195528671896721,0.0011648499481544262
B0054,53,0.9573702621688754,0.9520093876501797,-0.003964802346587452,0.004299379453588044,0.002790707143090239,0.001679934505890897,0.0002069071320875816,0.00034874861940919756
B0054,54,0.9294756591964932,0.9515718858180812,-0.02529592566873004,-0.000300593759778968,0.003253973141806202,0.0002009031599682428,0.0001103329009244897,-6.491636840315259e-05
B0054,55,0.9323553879823946,0.945587618901261,-0.012250921273015239,-0.0014977379088238364,-0.0013720872423941268,0.0006088117792872467,0.0011832818625380922,9.64218869321193e-05
B0054,56,0.954568378404969,0.9413788090396633,0.015524555394118702,-0.0020884100041384406,-0.0014313672967541612,0.0005943452862736324,0.0008272373151283627,-0.00023679133666325105
B0054,57,0.9330242104372937,0.9371673897539327,0.0006261368176718221,-0.0025152006854904734,5.8752440307701746e-05,0.00033746036544124187,-0.0034891304190851464,0.0008388021869811781
B0054,58,0.923294184000959,0.9332363452620056,-0.004268933234638723,-0.002057728655506991,-0.0009819731108599826,-0.002057025425337336,0.0017371822073751076,-0.0023136830061519786
B0054,59,0.9257799164262976,0.9300049921315648,-0.00050930618607064,-0.0004071950873169249,-0.00016763659086009062,-0.0006027734621204106,-0.0004955690181788085,-0.002042595328232567
B0054,60,0.9162765793280084,0.9242415378415773,-0.012555619130399622,0.004181375062966241,-0.0007281053126783084,-0.0006356524984387923,0.00045698800774564356,0.0013160554028715749
B0054,61,0.9387011679112469,0.9203780946816146,0.014981356119888314,-0.0011342566941382034,0.002010981778229031,-0.00024707478005507263,0.0005053849470729818,0.0022066818732466007
B0054,62,0.9158990586877171,0.9216871440930472,-0.007109177424876365,0.002630038168704393,-4.968028407463456e-05,-0.0016604798565844681,0.0026686929669741664,-0.0022674789293152873
B0054,63,0.9202608990433788,0.9179995058765168,0.0035010355123537232,-0.002380491802825752,0.0007395845464013726,0.002459579637449259,-0.0020464621896415,-1.1852496751808419e-05
B0054,64,0.9111253917360889,0.9175844250813844,-0.003988553129727515,-0.0018015433470993218,0.0003054072641758017,0.00030347546469930735,-0.00023797815333420215,-0.0010398413912473922
B0054,65,0.8980507043695345,0.9154640289368202,-0.015858968525200252,0.00028140933663733746,-0.0007335812868933014,-0.0016506840902979962,0.0018618047534180518,-0.001313304684098689
B0054,66,0.9278864624016372,0.9136878687577022,0.017670440220487523,-0.0010900970700864264,-0.0020016918522889194,-0.0010555227492050061,-4.227556905715143e-05,0.0007177406936583239
B0054,67,0.9118415396987224,0.9138266235042135,0.0010442129676480004,-0.00261333071575321,0.0020033602577315774,-0.0024575965426786826,0.00028500524536512824,-0.0002467349660325959
B0054,68,0.8936491649329469,0.9121454300214608,-0.019563963869847236,0.0021000787945565165,-0.002049514051368343,0.0014016749576844863,0.0006478284137297675,-0.0010323692563287323
B0054,69,0.9100864492604255,0.9112843878109416,-0.0038816268562058393,0.002189822247816909,-6.010266151158173e-05,0.00024612848484670085,0.0001037453129773787,0.00020409497575982137
B0054,70,0.9114904731460941,0.9095547343030537,3.560467636347846e-05,-0.000889597332637864,0.0008534775984226819,0.001246198153059059,-0.0008348936037267205,0.0015249494038168737
B0054,71,0.9337172811638196,0.908241582965507,0.021678889912901653,0.00042738519859145666,0.002905277008790158,0.0008182525680146208,9.249402966621593e-05,-0.00044660049814509116
B0054,72,0.8981517756068776,0.9058768872131425,-0.01087096106772299,0.0012628187543687523,-0.000315829864683065,0.001417171201752003,-0.0005436161523528218,0.0013253055930842986
B0054,73,0.9139367135371254,0.901918394431709,0.012043140359660504,-0.0031036331010765483,0.0023634606338535473,0.0003627693893755977,-7.788602596152559e-05,0.0004304678984376072
B0054,74,0.8764848617154279,0.8981622593540199,-0.021589940988473038,-0.0002663810182868958,-0.00016428701978971722,0.0005650987169048806,-0.0007065891007162427,0.00048470187245603123
B0054,75,0.8854917958581964,0.8954644920304687,-0.0073985630222224074,-0.0004391915619281043,-0.0023454055027866435,-0.0012038413233144347,0.0019044136387463405,-0.0004901083125411038
B0054,76,0.8819074622846708,0.8919637917117527,-0.008542931419425574,-0.00034641303050277235,0.0012180839202528568,-0.001026344778565806,-0.001053989010191336,-0.00030473501546441777
B0054,77,0.9045809105944795,0.8905977306903216,0.0173718186562363,-0.0007739101378070185,0.00012742820067851446,-0.0009442546004004872,-0.0018343134458897168,3.64112931567272e-05
B0054,78,0.8734606349455996,0.8890904999971153,-0.013602834455871125,0.0015699958248393572,-0.0020451847900287657,0.00030629886055891567,4.3806373061189674e-05,-0.001901946759204381
B0054,79,0.903131190986828,0.8873164132015492,0.01600413901844197,0.0017215151668391305,0.0012608568645180078,-0.0007665482160719313,-0.0014886701460557635,-0.0009165148385704578
B0054,80,0.8712217754060124,0.8843866230628515,-0.01356290173330498,-0.00018833157158004086,-0.0003527315467301497,0.00047234106448815574,-0.0005220897895774731,0.000988866027833857
B0054,81,0.8936499043476617,0.8816421715171545,0.010343309509197977,-0.0005447717997427581,0.0017257791622093668,0.0014383288956242263,0.00025285759761168577,-0.0012077704574540637
B0054,82,0.8835064014687892,0.879020928851879,0.003338406472282277,-0.0004529964200869042,0.00017628277837820945,-0.000656610400253107,0.0005151266681691662,0.0015652636093933271
B0054,83,0.8779403705367915,0.8763291447816391,0.0006553298078862171,-0.00014844362111853315,0.000992142230894893,0.00029748732811102666,-0.0012802774412636875,0.0010949875493157506
B0054,84,0.8599389109365094,0.873531128108622,-0.014259138572335824,0.001198665825553391,0.00024773489251787465,-0.0021980672476159743,0.0006790633756100155,0.0007395246777361972
B0054,85,0.8697358119609565,0.871108379866315,-0.0010852434438775968,0.001549692162277473,-0.002116537339006492,0.000306873597339467,0.00039266072957667574,-0.00042001350164369745
B0054,86,0.8638271814812677,0.8706198688990113,-0.0049120190079093035,-0.0017031569917721377,0.000734048981666529,6.124042896429597e-05,-0.000473266528220909,-0.0004995341822732855
B0054,87,0.8865694537789144,0.870934628757909,0.020160785481528422,-0.0014967104883744434,-0.0006970981078553588,-0.0005452414292151011,-0.0015095185318238238,-0.0002773918165192066
B0054,88,0.8690078572313327,0.8737391193098775,0.0007149285087050462,-0.0025178597296557927,-8.36924879753183e-05,-0.0017858373578331559,-0.00011631266075709301,-0.0009424882399971177
B0054,89,0.8474446088377652,0.8790085625977978,-0.02430460805871358,-0.004420608203534074,0.001141163708770926,-0.00020019789577539125,-0.0011168499186785426,-0.0026628532512380267
B0054,90,0.8799727721580702,0.8812819849143619,-0.0003706174940829506,-0.0013651757647217518,-0.0010876762453055349,0.0004517623511302673,-0.0006886745560493397,0.0017511690485991012
B0054,91,0.9110444582768508,0.8866302283904859,0.02178743088117659,0.0024541415276091143,-0.00039538492783641385,0.0002565922238479585,8.720016856074891e-05,0.00022425006588096082
B0054,92,0.9121724293355059,0.8926939712545472,0.014494687001130161,0.004611722355548633,0.001688781241764561,-0.0013749696206150103,0.002837774287228399,-0.0027795371327844027
B0054,93,0.8872043975884799,0.8961047180186339,-0.012827689073724594,0.0035598863264231693,0.0005522456727382771,-0.0005967006222238801,-0.0003617160560351912,0.0007736534085249133
B0054,94,0.8961236767959215,0.8991271160982462,-0.0026377636519274742,0.002146998925141301,-0.0035761565346187425,0.0015841473542037839,-0.000653774261831751,0.00013310894022508786
B0054,95,0.8851334001128452,0.9019501777660798,-0.00555656454243176,-0.003369528187830602,-0.00452522010566351,-0.002780807271560151,-0.0018624882838669278,0.00127783082684022
B0054,96,0.8793386645436118,0.9045763396312454,-0.006228843065509074,-0.0032457970737979898,-0.009907574328986661,-0.004450917011208243,-0.0023240407919604103,0.0009194972805675163
B0054,97,0.8461224238450626,0.9065983837709759,-0.03662684635418563,0.0007922598558076237,-0.013739527601599303,-0.005349168439580037,-0.004516675096705268,-0.0010360021469574571
B0054,98,0.8705933152969343,0.906755106980311,-0.006922720357970687,0.0029733206843140076,-0.020001390329665875,-0.00531968234557506,-0.007776320703741532,0.0008850014781002732
B0054,99,0.8440520909609104,0.9072115704029915,-0.03653169264391393,0.015303396440896113,-0.027796551830377197,-0.006123065253780807,-0.006727944309944434,-0.0012836216994034273
B0054,100,0.8536244678403578,0.908027662019407,-0.028417090467478864,0.02517630184905729,-0.03791551340298324,-0.004786528201103003,-0.005590969830666473,-0.0028693939935607315
B0054,101,0.8524519337958137,0.9100692523444202,-0.03707078080421778,0.04424733474332277,-0.0539551802004474,0.002064147521394355,-0.006389469982824056,-0.006513369691897995
B0054,102,0.8373919001793014,0.9121926529480543,-0.06231118258488485,0.0653080416227198,-0.0753919244430064,0.014395430066969682,-0.006453571984966855,-0.010347545290812485
B0055,1,0.7989997927037011,1.154022842816221,-0.5219954531835794,0.2331521052700305,-0.06888475812068728,-0.03358298461996978,0.030845984029685608,0.005442056901923026
B0055,2,1.319892156462878,1.1547504720238426,0.02336355174055467,0.18372179358121704,-0.046838492029399756,-0.01902561697480905,0.01677777790539035,0.007142669860210231
B0055,3,1.2769832801132017,1.1539610967854417,0.0041510220579643745,0.14466353892796932,-0.031535221494156496,-0.011221276140500449,0.01045617326259601,0.006507946419450666
B0055,4,1.2572591312230865,1.1590268700209603,0.006955787624815107,0.1101081454920457,-0.01982889376751245,-0.0056451125396993545,0.006792419251965766,-0.0001500851256848811
B0055,5,1.206763751299412,1.1549413933311357,-0.024960117189631505,0.08389344257579158,-0.010086675354425393,-0.004746312431923998,0.0024067795742349937,0.005315240600331878
B0055,6,1.2077322536103197,1.1561440784711023,-0.006203773788903316,0.0657032759205583,-0.009194807221192005,-0.0025112869814629788,0.002237276639877269,0.0015574903750543477
B0055,7,1.2009614290093835,1.151310234373684,0.0035084760155474314,0.049534856597413864,-0.006551225174544018,-0.002916689269481244,0.0048646158811179495,0.0012111604000540185
B0055,8,1.189059086549973,1.1488748202972574,0.00794526336517143,0.03690550514454996,-0.007605605918449009,0.0014167536135462533,0.0013368996010017814,0.00018545027834518884
B0055,9,1.169708782604433,1.144022168401506,0.0025138860648283353,0.023347558165233744,-0.0020770679303635095,0.0016901125461877254,-0.002174303244079776,0.00238642846027543
B0055,10,1.1483647194613424,1.1385656314560129,-0.010742717339910427,0.02272360560246769,-0.0040024572909707675,0.001754311239470339,0.002307070149102988,-0.002240724465115719
B0055,11,1.1527726060972296,1.1313761981253367,0.007974767925235646,0.015236287254264349,-0.0027333814032005363,-0.0003202858260923363,0.003119242597391506,-0.0018802226923020824
B0055,12,1.1318370471727228,1.12029487886557,-0.005239671023314547,0.01177437521413704,0.0006083639219559053,0.002546092157099586,0.001162503175216098,0.0006905047754371076
B0055,13,1.1326525803383347,1.115240131471945,0.004107438912753795,0.010593926793744308,0.00215726345930126,0.0007547004182870467,-0.0002675651640848266,6.668435859888582e-05
B0055,14,1.1160565716574584,1.1101506530884973,-0.0026244720933914856,0.009934624328141182,0.0022523926074833936,-0.0028158709076704226,0.001471111517369881,-0.002311866946999125
B0055,15,1.0984641825068853,1.1058245903730755,-0.008960387901006202,0.004455104744252716,0.0020008365424061592,-0.001614477836489352,-0.0007981546370218828,-0.002443328817171266
B0055,16,1.0925694103096681,1.1039934222975234,-0.003019039519031371,-0.0009535293240908347,-0.0025042717878158236,-0.0008922857135627459,-0.00428994253192735,0.00023505685817308073
B0055,17,1.109167680712031,1.1016567518801776,0.0235191193023891,-0.006712483301412994,-0.0035686802982139473,-0.004736972964588203,-0.0005280022883409435,-0.00046205167214415153
B0055,18,1.1075035028905713,1.1075808192895518,0.025244175029682264,-0.013711572484989916,-0.0038089539636188907,-0.0020459911969697973,-0.0025312450301500206,-0.003223728804715831
B0055,19,1.106751675424531,1.1105704057183303,0.015982419876677825,-0.012239754613215966,-0.004015203959424017,-0.0008434810296522337,-0.0031605293380774628,0.0004578187191871025
B0055,20,1.0726694124582825,1.1190788171835226,-0.031207103698890033,-0.007723498438820843,-0.004098570498307574,0.0005998182568969473,-0.0022580089905951295,-0.0017220413574310475
B0055,21,1.0776844021506693,1.123935738954947,-0.0480672082200943,0.000636933510266474,-0.0006415664022398715,0.0008546395794932171,0.0005338382129737948,0.00043202650623506506
B0055,22,1.1981714734535907,1.1310913245719296,0.05210043872913679,0.008172140259816248,0.0039043484305494136,0.00046617880938409824,0.0017206688765164801,0.000716373594661114
B0055,23,1.1625381552680927,1.133591274866244,0.009096016723561402,0.0089399607549762,0.003274955944100075,-0.0002756209253533204,0.004083241137981065,0.003828326636004932
B0055,24,1.1556827465844224,1.1362717626161574,0.002647440468541575,0.005669248217414077,0.0034930771991986023,0.005422756798932048,0.0021284317010238927,5.002946239170694e-05
B0055,25,1.137444098422356,1.1356219643143013,-0.009810817885432069,0.0031491491700651633,0.0028503861104899305,0.004133983234719905,0.00018303374305254919,0.0013163996405095584
B0055,26,1.1126375352125493,1.1303225487774125,-0.023818230392738966,0.0022823269918565057,0.00046205633349933033,0.00041435808704276924,0.0018251606097679175,0.0011493147465768026
B0055,27,1.098656067845981,1.126368219411229,-0.02453656393131823,-0.0010313230749437543,-0.0018480393089585867,0.001716478243990126,-0.0011026930671763505,-0.0009100104659555601
B0055,28,1.0985302758884639,1.1169334035406155,-0.009577606153972644,-0.0068255014537182855,0.0024013850185905642,-0.0023662263702111494,0.0006028645290931794,-0.0026380432608676774
B0055,29,1.1029370400968537,1.1060420597244218,0.0036600389537006133,-0.00304492029230764,-0.0022880459153669158,-0.0030069944164016677,0.001574252427801284,6.495697624952357e-07
B0055,30,1.0949644922735318,1.1007785166507937,0.005140792992630857,-0.003316607694389817,-0.0022689850716754684,-0.0010503557035402595,-0.002361744243485567,-0.0019571246906305447
B0055,31,1.0890679714830998,1.0921275201121416,0.001647318997407569,-0.00041259142016195,-0.0006170922023219884,-0.0006326671795473448,-0.003460772856898761,0.0004162560070940125
B0055,32,1.073323391636053,1.0832054572343852,-0.008876721521989893,-0.0007173643762626113,-0.00046041870979555565,-0.0021000049449630266,0.002023341647707912,0.0002491023041269163
B0055,33,1.095373856745309,1.0783818101849585,0.01456407110275105,-1.8281564659516667e-05,0.001412385303956771,-0.0003582264850269753,-0.0010458909061500502,0.0024379890750642484
B0055,34,1.0639517466243125,1.0744444286756114,-0.01527593322856708,0.0012329948453153137,0.0018409710046765418,0.0011624126634962807,-0.0010999518273889278,0.001646824501742935
B0055,35,1.085798072407703,1.0720727537318626,0.008929601127975436,0.0024787225376728984,0.0010724960865372089,0.0008726772022677278,0.00020105739020309624,0.0001707643104792069
B0055,36,1.0588748965507557,1.0663556542201889,-0.011508623979762083,0.00015004376048848646,0.001403583047206449,-8.41950766605179e-05,-0.00020222840421365573,0.002760663001351153
B0055,37,1.0813260035191288,1.0652383748129655,0.013516418241122168,0.0008514638284876084,0.0010054104026133407,-0.0006506800361219999,0.0002449998894878693,0.001120016366272508
B0055,38,1.061601862588323,1.0616327355945554,0.0007831066384332802,-0.0031963468674549695,0.0014573119351985874,-0.0023194885486841803,0.002462213178105052,0.0007823306721083316
B0055,39,1.0593920670581127,1.0626896476538257,-0.00022779260684332767,-0.0017935304529939915,0.0008761841737539768,-0.002618076589570747,-1.8408414466198667e-05,0.0004840433115097438
B0055,40,1.0742513141424725,1.0642496207806544,0.012579537306364658,0.0010442940806822479,-0.0021385702797792326,0.0004485289916462513,-0.0009475135534807167,-0.000984583187787716
B0055,41,1.0405614734131499,1.066984244432449,-0.024017071106538005,-0.0010602322393464315,0.00023332746097988485,0.0009339152148439591,-0.00023746342971032186,-0.00227524687546499
B0055,42,1.0575656535324895,1.0699725607158694,-0.012992244918135512,0.00038016017980553227,-0.0017967252610951105,0.002120911785671568,-2.0135194408564486e-05,-9.88737555003667e-05
B0055,43,1.0983528970914622,1.075201342250418,0.02018132309639183,0.004119913471882696,-0.0011491999569255857,-0.00014270290713282367,-7.068251389022648e-06,0.00014928934953681978
B0055,44,1.109758993739737,1.0810181482294354,0.027431012675143238,-0.0016729621832273973,0.0016036054400177717,0.0006131018154295078,0.0014977620201127668,-0.0007316743121854892
B0055,45,1.0793315779206873,1.0880904540838545,-0.0075496135718816065,-0.0016727556431900491,0.0015705529393709975,-0.0016306403424154597,-0.0007117819014634495,0.0012353623449661985
B0055,46,1.0716159094756148,1.0949357423873491,-0.022899924122819573,0.0014161232203179193,-0.0005886315271732836,-0.002654862431961935,0.002535492935772325,-0.0011280309862689662
B0055,47,1.0746464211019797,1.098862818557136,-0.023482450589642805,-0.00314461029650128,-0.00024601958832652426,0.0013996432839917684,0.00019407043644491248,0.0010629692941394459
B0055,48,1.08643683065179,1.1021747764328143,-0.017168487118642595,-0.00036175242891264234,0.0013535601855867137,0.000468372542788405,0.00028957595507145576,-0.000319214938535003
B0055,49,1.1340138347387958,1.1029004488279424,0.02768380515498872,0.0001944019130694285,0.0015408950590523915,-0.000610585956291464,0.001267418218376783,0.001037451431919183
B0055,50,1.1176964717951587,1.1013439846260842,0.011110365305666491,0.0020572088665333785,0.0023984770822059382,0.0007978823316139507,-0.0018426929430828832,0.0018312464597619552
B0055,51,1.1046468529644289,1.095635590157921,0.0041092528354824956,0.001874214199462499,0.0023518827013320645,-0.000434038636089697,-7.435065231986003e-05,0.0011843023109486992
B0055,52,1.089700148407426,1.0892219344543277,-0.0006149418359866198,-0.0009977652902708359,0.0016669894608487197,-0.0001025763184661219,0.002962540623251963,-0.0024360327125704725
B0055,53,1.075533547538172,1.0827290071708218,-0.005616497819983488,0.0028177213775399425,-0.003882375320011831,0.0013050921284027464,0.0005667319375025638,-0.0023861319421080306
B0055,54,1.0609866776144368,1.0695542764512147,-0.006122893644544881,-0.0046357586683627066,-0.00023936620568023464,-0.0019653449839004463,0.0016066878461534844,0.0027890768343761404
B0055,55,1.0518218041615568,1.064532518632287,-0.009504135515204059,0.00016614849429572511,-0.00019295029333347437,-0.0005547021074193036,-0.00037611490871940944,-0.0022489601124083725
B0055,56,1.0553857898132757,1.0552735303150216,0.0024347197682787654,0.0011348581123468548,-0.00277973235344107,0.00012650328935813295,-0.0012868781369577106,0.0004827888415075497
B0055,57,1.0533102333691788,1.0487996208172918,0.008054193874667099,-0.003010329189290459,-0.0006303867678845221,0.0007895482236795825,-0.0020591940213403556,0.0013667804578656997
B0055,58,1.0315365260084348,1.0424863235640924,-0.009800545549713435,0.00020065254895531437,-0.001086910597556544,-0.0010733182823666199,-0.00017031207225479434,0.0009806364542633403
B0055,59,1.0533401053259415,1.0378516413241696,0.011936326508712859,0.0033863337911491627,0.0004057546091162056,-0.00247961191934163,0.0033380820446429565,-0.0010984210067403687
B0055,60,1.0317876798810788,1.033782684469635,-0.0034249814526134334,-0.000134518385047057,-0.00017216203690473535,7.798576166090252e-06,0.0008923566154519871,0.000836502151016262
B0055,61,1.0354207912157296,1.0302404048379172,0.0019415675881355814,0.0010874804478043074,-0.0020223456473048586,0.0025190923978428746,0.00031902690820153837,0.0013355647345565853
B0055,62,1.0322251791310608,1.0284382777109455,0.0025058430636105676,-0.0012250230696755925,0.003149791838371114,-0.00017336444513628866,0.0002193427054249614,-0.0006896886164805341
B0055,63,1.011543397303472,1.0241832749430277,-0.016550413763753127,0.0005038336938848515,-0.0006526706916843623,0.0011892499598181688,0.0016486471681153453,0.0012214760796737368
B0055,64,1.0413760568150228,1.025137383420835,0.01711704747861991,-0.0008085465298471056,-0.001329834260849633,0.00036125707296598674,0.000720368115398175,0.00017838156079739507
B0055,65,1.02174193386881,1.0259129210089954,-0.002540650397801678,0.0015812212031073886,-0.00032713001437010945,-0.0008846007597886612,-0.0012378900655755695,-0.0007619370347482288
B0055,66,1.0133135547969283,1.0255103682268305,-0.010837126864963504,0.0003186369934581762,-0.001040362923375239,-0.0016372443296612863,-0.0002224685460706804,0.0012217523237861962
B0055,67,1.0299942559626907,1.0298453956581255,0.006368910097974036,-0.002504971273636025,-0.0004427983971518903,-0.0016799107848552847,0.0007510236168888182,-0.0023433928954613354
B0055,68,1.0189349807814327,1.0296330169023844,-0.011110096265683695,0.0013611759828027715,-0.001643331568401396,0.00011428221482250939,-0.0008133131630779958,0.0013932467536135651
B0055,69,1.0290879520854017,1.0308146828249536,-0.0048923552998240555,0.0008879927046268178,0.0016073193932001247,0.0009601718720110504,0.0007184721736996339,-0.0010083315227746212
B0055,70,1.0567629241900045,1.0310426932596222,0.020026077584278736,0.0019690145326573608,-0.0011113806312791827,0.002242213348046753,0.0025886928060660135,5.6133114793467845e-06
B0055,71,1.0291668536316647,1.0335607900906747,-0.00734324202826258,0.0016507520347879363,0.0005092021714124295,0.00042717815857991993,-0.0011446382807751032,0.0015068115456252458
B0055,72,1.0321298444901021,1.0312092674003583,-0.0018327120469094475,-2.6197241763880295e-05,0.0032817249144897406,-0.00020414523362307908,-0.002424050802989217,0.0021259575566751664
B0055,73,1.0409230283951276,1.0281471235321127,0.0109205769029932,0.0015569283211023309,-0.0018664743663859647,0.001292095840791407,0.0001147683898013529,0.0007580098182582482
B0055,74,1.011161098766987,1.0283311180928627,-0.015267398785201093,-0.0015908457557543174,-0.0012376423590368519,0.0035509762971853947,-0.0007761950234463109,-0.0018489136134648794
B0055,75,1.0337876112911784,1.0247760256557605,0.011145223422185732,-0.0003624283418244989,0.0024472829581654015,-0.00471557423368374,0.0016936448736721982,-0.0011965629893353272
B0055,76,1.003994224020383,1.0200856192145236,-0.01619212775188413,0.001580980549094806,-0.0009638920102908899,-0.002089893609604311,-0.00013534081007877743,0.0017088785350416577
B0055,77,1.0334195479955004,1.0196577122132229,0.016620661550059018,-0.0007347348678383662,-0.0005013194978254436,0.0021888645457647884,-0.001718060486459623,-0.0020935754071339466
B0055,78,1.0098936564116459,1.0147506474305,-0.0035198482084550617,-0.0007167961286795181,-0.002298821998137244,0.0005485576424724424,0.00019370256323455648,0.0009362151986832525
B0055,79,1.0126262447940628,1.0146359167189554,0.00013035228791813936,-0.0002685797848248373,-0.001099405592958093,0.0011176767293851332,-0.0009067268593907062,-0.0009829886209622531
B0055,80,0.9948742055727694,1.0098146193746227,-0.01704445326383268,-0.0010039710650079129,0.002987426147399543,-0.0008109598674844102,0.0019068522372136221,-0.0009753078806646529
B0055,81,1.0240799556179332,1.0089430551474021,0.01033906850406661,0.003628095181535483,-0.0011591795623195748,0.00358779227052556,-0.0022189126809600787,0.0009600368253441064
B0055,82,1.0208889510043027,1.007083632929293,0.009837192654473045,0.002334705487612992,0.00034699996264253075,0.0005420016050377083,6.346006266733265e-05,0.0006809583748059392
B0055,83,1.016100815944114,1.0065447127071117,0.006429452735828173,0.001365223401902607,0.0020608907988522024,-0.001195773019205137,-0.0008624135159090155,0.00175872291461886
B0055,84,0.9987875345106277,1.0047169688489377,-0.00771319708784033,0.0019499208240899932,-5.938485723734584e-05,0.0009023930133176422,-0.0002488503095036479,-0.0007603158172626151
B0055,85,1.0158868294923784,1.007532190851466,0.013555294464332752,-0.002284216851524863,0.0013432829242382245,-0.0012721004838205342,-0.0010748229298756786,-0.0019127984030458715
B0055,86,0.9963437517762594,1.0072236262423306,-0.004752413393115377,-0.004672346641714936,0.000925984155741644,-0.0005909510074270798,-0.002231445066984303,0.00044129759480139076
B0055,87,1.0053777381419529,1.010124675371722,-0.0010938866261423139,-0.006697175763973856,0.006682599095323983,-0.003173433375649894,-0.0004552211279769417,-9.819336911884627e-06
B0055,88,1.009132291002791,1.013239781363696,-0.00878937375788675,-0.004416492939968485,0.00847127362856281,-0.00020527998797190806,0.0030944001902280514,-0.002262017404806376
B0055,89,0.9984581240784203,1.0179725330006661,-0.03544367249128078,0.0009311997730386742,0.013489822705783796,0.0008358450429638932,0.001360631131331451,-0.0006882349797376105
B0055,90,1.0892389324114138,1.0201658192729237,0.03684195791920063,0.005093806190017845,0.022434764075101563,0.0019586077851695013,0.002814216882669582,-7.02397393002688e-05
B0055,91,1.0793936031703524,1.0227805212219996,0.01752345145885087,0.006637977479892666,0.02914350636680164,0.0001506757072393787,0.0020246856190627473,0.0011327853049704025
B0055,92,1.032614295314224,1.027928952299159,-0.028712737054680654,-0.005932043830254361,0.0380486768634575,-0.0001448508271599337,0.0015702946672765292,-0.00014399674813229604
B0055,93,1.0498572649026638,1.0320725444562946,-0.0016827262489870977,-0.026860885206002792,0.0499952468323433,-0.0046705156084877585,0.004026252825053643,-0.0030226521167959638
B0055,94,1.0453902697248563,1.0341827398433117,0.010020945629354622,-0.05129968645843403,0.05976556987289023,-0.010657825401784237,0.008345272392157682,-0.004966746115489986
B0055,95,1.0001607736713514,1.0334691343700635,-0.021884947046585158,-0.07368991531501487,0.07038765398166648,-0.014610596755899787,0.01147028577412008,-0.0049808412350912995
B0055,96,1.0084094786878157,1.0410695443938862,-0.0035312230933690386,-0.09647697130090246,0.09143479590409456,-0.02901744053290246,0.019754113312282898,-0.014823339905176655
B0055,97,1.003655158082039,1.0456105369329067,0.0032912601232669625,-0.12735613649472172,0.12040923507427867,-0.050408032439258905,0.03377988235324323,-0.02167158737077151
B0055,98,1.0285269676595319,1.0540646635667819,0.042186905267314494,-0.1631599019170189,0.15585761767184642,-0.0816522725928561,0.058609219076024205,-0.03737926335126623
B0055,99,0.9816844358987022,1.0654242539606196,0.010804259891345338,-0.20572088643339914,0.19973333298364043,-0.11684427408971489,0.08431469875205967,-0.05602694903748748
B0055,100,1.0127121434171131,1.0821774322736075,0.0622935647260169,-0.2573590882465794,0.25130909488659253,-0.16740487437539672,0.12917416182748254,-0.08747814759067318
B0055,101,1.0201379996149256,1.101043325974745,0.09414574717211585,-0.3193280205189465,0.3153759809233441,-0.23472304500324573,0.18471518006762144,-0.12109116892740363
B0055,102,0.9907591663373165,1.1319994347440827,0.09311777815708429,-0.3951576745958652,0.39706861686202055,-0.31734568615986203,0.2580411994579105,-0.1769645020126859
B0056,1,0.7852781208785192,1.2184723998611178,-0.5726457420293021,0.433891671401688,-0.40517114783050234,0.1418865499309975,-0.05487619365497802,0.023720583793551693
B0056,2,1.3443555553017368,1.2176683680719689,0.01253163384442804,0.36571660582653587,-0.3308627034218825,0.09340226369429361,-0.02437991191084733,0.01027929894344317
B0056,3,1.317502710734752,1.2146104563755107,0.007117210467821316,0.3073009508996389,-0.26472585376517904,0.05877310828571718,-0.012533826198577057,0.006960664456745832
B0056,4,1.2973654679476911,1.213504044121283,0.0036045122707278735,0.25782424809952253,-0.21036116324828774,0.03476378840360399,-0.0022917761411964154,0.0003218142595021755
B0056,5,1.263960414854898,1.2130153879831436,-0.021442546727350024,0.2216410280488288,-0.16345327346000557,0.010908305236338954,-9.005601832406954e-05,0.0033815696603899416
B0056,6,1.2589496187032136,1.2115858114194182,-0.011967414533990948,0.18354021395295989,-0.12710784126882105,0.0035960840396436736,-0.0003816705250861395,-0.0003155645051874418
B0056,7,1.2806197690202599,1.2076406227726617,0.021437003323200417,0.15261699296406298,-0.09813748088992465,-0.007373037899352493,-4.8461393618399724e-05,0.004484129986089748
B0056,8,1.2572786868607095,1.206264155819378,0.008838054499875092,0.12359103526613124,-0.07199823027794432,-0.012882916980670721,0.0033259359518253775,0.00014065246037139764
B0056,9,1.2226260041048898,1.2018347803110778,-0.01757866308281524,0.09881256629098996,-0.05243944710107315,-0.009746928403522885,-3.7396221633837076e-05,0.0017810922426750404
B0056,10,1.2292772249257495,1.2027681331068847,-0.0033245691132163507,0.08160115220497624,-0.0398571800291399,-0.009594234893102713,-0.0014975126614082273,-0.000818563768523013
B0056,11,1.2275780135689456,1.193255699149297,0.006105205408625505,0.06111756903465092,-0.03050214404427581,-0.0029406602512008113,-0.0007165324824909172,0.0012588766776376829
B0056,12,1.2133872888296768,1.1917103560725681,-0.004525868571120114,0.049073242173936785,-0.019085612451558574,-0.005395173268123781,0.0026966447672273084,-0.0010862999484343538
B0056,13,1.230223614493081,1.1880044364615259,0.015532817270308363,0.041502722578606044,-0.012678029164191456,-0.002498226462086056,-0.0019133354220497178,0.002273229150253949
B0056,14,1.1927530108462678,1.1850199912963146,-0.016685811924238136,0.033028766305350656,-0.008426710381640548,-0.003055962302114506,0.0030377694309343156,-0.000165031602227654
B0056,15,1.1867106635987799,1.1860364335505877,-0.014983664894747594,0.02557716743837417,-0.00635188953667952,-0.002975129215930096,-0.0008316032396332444,0.0002393494820824983
B0056,16,1.1914875140242167,1.1878530035857744,-0.002983629775823932,0.017979355312933133,-0.006290904074742711,-0.004190318321628808,0.0005921109315774882,-0.001472103655842948
B0056,17,1.214178606017816,1.192233732352747,0.02492923560079949,0.011428109499637231,-0.006217231879300087,-0.004475310520051162,-0.00218059380263758,-0.0015393352897603674
B0056,18,1.2094387558721402,1.200039010107846,0.02946855797328203,-0.0024373146664454586,-0.009119902755601515,-0.003840777320092448,-0.002564877509061938,-0.002105940006979816
B0056,19,1.207072299940321,1.2064461096796206,0.02122989244656936,-0.008307968828175133,-0.005667094974564498,-0.0020953284281539043,-0.0019947920607081998,-0.0025385179398719556
B0056,20,1.162961249391913,1.2148398021491866,-0.034494082144060446,-0.00978573212741202,-0.004964510469845003,-0.0011942474434737127,2.1986731910058472e-05,-0.0014619672831019722
B0056,21,1.17887968705904,1.2241561018319338,-0.04034568478615855,-0.0018657152857871721,-0.0038426876333053713,0.0002780566089242777,-0.0007570510339589158,0.0012566673545418264
B0056,22,1.2945104146044433,1.2292115235822076,0.04626049676402538,0.011854081558818053,0.001366699472938594,0.0023599082176969386,-0.00021653306171209798,0.0036742378922627644
B0056,23,1.2602567563003473,1.2355875065560233,0.00432882241840589,0.008911555204760108,0.008027966207450667,0.0023065852211146937,0.002061881079605174,-0.0009675605132722588
B0056,24,1.2408721291565108,1.23492420661113,-0.014569378536397377,0.007628737528451927,0.003672551987027991,0.00422302916724373,0.0021362796448126855,0.0028567026573793337
B0056,25,1.252197340273113,1.2323553000350493,0.0096555851050548,0.004149515644590313,0.0016123356068582697,0.0003486040535275614,0.0022062827096979865,0.0018697170042971613
B0056,26,1.2279025700477384,1.227263539092308,0.0014043753286502214,-0.0009690684839224736,0.0007997564562179588,-0.0018103609475909443,0.0010989226957521516,0.0001154058291295211
B0056,27,1.1917170308946994,1.219818965419455,-0.019753571852352495,-0.004722014045311062,-0.0010615675694861109,0.00031257568387174243,-0.0005882319811278854,-0.0022891247826677284
B0056,28,1.1858570240011006,1.2093252109116792,-0.013630414703546923,-0.0036452073797662104,-0.0014051802127473699,-0.0038106797231567484,0.0016090203958550816,-0.002585725300647668
B0056,29,1.1840938286611427,1.201452902616904,-0.004814074759037545,-0.004360271198411123,-0.0024131740861739674,-0.0013870434600403616,-0.0035775931115934237,-0.000806917351262425
B0056,30,1.2059829135917657,1.1917681744981932,0.019654488785803084,0.0007179124565467226,-0.004442979489463755,-7.249168681926094e-05,-0.0011930107660396293,-0.0004491802504072215
B0056,31,1.165428493679393,1.1864332229440406,-0.017118648814657036,1.353402705371162e-05,-0.0007057714600893682,-0.0017849265475592148,-0.002386145218787204,0.0009772287669405205
B0056,32,1.1790060613193858,1.181407518328744,-0.0045989564238347125,0.003291946597779191,0.0012520570413540873,-0.0005282330845512268,0.00010913064662953793,-0.001927401789776806
B0056,33,1.2013113747183153,1.1754299476462848,0.021555817273784524,-0.0017840578462489066,0.00348719205752264,0.0010888868716059778,0.0021576629501877443,-0.0006240742716895947
B0056,34,1.165597803317432,1.172177305654199,-0.013429632472281168,0.0003730778812647021,0.0007995391321921825,0.003920993469291023,0.0023731597369072086,-0.0006166400668490019
B0056,35,1.180303335055002,1.1680861738640562,0.004256449281646154,0.002361359407106976,0.0015764777575372976,0.0017852409707198671,0.0035546914785128583,-0.0013170577095862404
B0056,36,1.1658134189695046,1.165977668789791,-0.0030084927144744243,0.0006459643614890735,0.0006728644499594373,-0.0002778632562297093,0.002356933143540686,-0.0005536557876061235
B0056,37,1.1763960515773761,1.1626525232705616,0.015468595166241762,-0.0024206070491454754,-0.0008112919041355328,-0.0014779150507212352,-0.000620178074878356,0.003604925220369837
B0056,38,1.1458325512940766,1.1647266980034643,-0.011387086589807416,-0.0016740902938814195,-0.0036973893652510505,-0.002106343866510971,0.0026799584842070005,-0.0027091950308772666
B0056,39,1.167557759980296,1.1629473270518549,0.006654648146926339,-0.0006012231662136939,-0.003932994379264782,0.0006745716456005104,-0.0018566727355601251,0.003672103431272611
B0056,40,1.145636654711916,1.1718959867476468,-0.016902812136433628,-0.004248060109538121,-0.0017680453995116932,-0.00022727699404092756,3.434605350083534e-05,-0.003147483402143862
B0056,41,1.1443667002824445,1.1773578713968444,-0.02864266458317878,-0.002454765853871,0.0011249061456799886,-0.001295611352760405,0.0005363708681486931,-0.002259406288929029
B0056,42,1.1605177686388095,1.1851367645045614,-0.024213250298807682,0.0006262005496600204,0.002322322112377784,-0.0031602449482269024,0.0008282340547747628,-0.001022257310533836
B0056,43,1.2272013042602479,1.1914786474152828,0.030091570794573766,0.004026525085516693,0.0015047369866038089,0.0008073919169619084,-0.001529865851630693,0.0008222978368090948
B0056,44,1.2454797202045476,1.1995962372272584,0.040388422771650744,0.002343702936933585,0.0016797267449696464,0.0013750771821245459,-0.0005047140140979668,0.000601267251858496
B0056,45,1.1722288849037228,1.2119075842930738,-0.03872392413164542,1.1971615106026609e-05,-0.001155288091405562,0.0012092823521991892,0.0001968798466583996,-0.0012176209730276517
B0056,46,1.1953514999944956,1.2221124777995327,-0.020273550665161916,-0.004868482056351745,-0.0004032561265744344,-0.00025680378145777674,-0.0025371908476121375,0.0015783056442911292
B0056,47,1.1919514716203925,1.2271702323376543,-0.03093040201519341,-0.005144957326180991,0.0016367163219094044,-0.0012575038720298978,0.0021659463511036333,-0.0016885601995440705
B0056,48,1.2296223665252586,1.2329748117375863,-0.0013014767724120779,-0.0013429065929090214,-0.00017593019809640127,-0.0013609410944568706,0.0003996871788657723,0.00042912218687882404
B0056,49,1.2774519419396988,1.2337539680585896,0.038398291767076334,0.0033944994617683697,-0.0003956028975376583,0.0029156606889111456,-0.0017397928564325301,0.0011249175649869637
B0056,50,1.2433879751668584,1.230279453094162,0.004979307101403971,0.0021325676442856033,0.0026226134747266102,-0.0004046636357142628,0.0010658908099487907,0.0027128065773675356
B0056,51,1.230802542912592,1.2259061708586356,-0.0036952071808447097,0.0035602836800487556,0.0020355794012783413,0.0005097533244585321,0.003476545120593476,-0.0009905823731699097
B0056,52,1.2162358534094664,1.2169189081123468,-0.004384413918318862,0.0012401483438438572,-0.0010169627562585583,0.0020123732744831983,-9.07261967753911e-05,0.0015565264906439384
B0056,53,1.2088335726499548,1.207568636103606,0.004409460238589999,6.3773220830113e-05,-0.002049438497091567,0.00028109464848610484,-0.000163207988190647,-0.0012767451245506945
B0056,54,1.1946181162240357,1.1992591053572907,0.006280357332337699,-0.004631186318843738,-0.00026504972684788456,-0.001669950653558256,-0.002384606899072028,-0.0019705528939885425
B0056,55,1.1734248134794991,1.1853974052114078,-0.005175135960436744,-0.0032998200869817,0.00036450844416142453,0.00012697607663827483,-0.003322884302342599,-0.0006662358975250633
B0056,56,1.1404596305913128,1.1766462285603179,-0.027422969350994603,-0.0028531427826585815,-0.0019394450452664739,-0.0022729702141461,0.0012982750081366454,-0.0029963455286613244
B0056,57,1.1821716406845988,1.166117568848542,0.02117242057718776,0.0004807233370014204,-0.005949800875497358,-0.0006050708520426007,0.002373840027289572,-0.0014180403857241685
B0056,58,1.1480663382055174,1.1581348330820282,-0.012221847637592967,0.001781663499816208,0.0013298802693174152,-0.0021160418840104624,0.0006532700587883701,0.0005045808610496204
B0056,59,1.1825381935034152,1.1554398767453224,0.025090671857615956,0.002159388130557816,0.002419872366620881,0.0013094826525409536,-0.0032187525681008885,-0.0006623456895401485
B0056,60,1.1552092862846601,1.1494107113747074,0.0007379346673677816,0.002076729623044723,0.0026003343209451578,0.0005915651637533835,0.000978380803375737,-0.0011863696354874865
B0056,61,1.1216816712671696,1.146538192674259,-0.02646267888400518,0.0011959107718494482,0.0012702895885484348,-0.0015063947123381677,0.0017763093529693198,-0.0011299574402217239
B0056,62,1.162666262561457,1.142282594752698,0.018167507958187668,0.0008567473181938752,-9.447650778482086e-05,0.0016213692278892627,-0.0021917893264003525,0.0020243091604113172
B0056,63,1.124695615744926,1.1420698334024366,-0.01679344466886721,-0.0015193021980843436,0.0005820994230945641,-0.0007319565727915004,0.0005555558591546561,0.0005328305793041144
B0056,64,1.1664177948797931,1.1420481542667638,0.029923715752468764,-0.0029042124997358853,-0.0022227701252871945,-0.00012484505331512757,-0.0003161249267418787,1.3877481689247069e-05
B0056,65,1.1346745156379465,1.1434172641644889,-0.0013420803096295896,-0.002097137522616051,-0.0016399194010203778,-0.001813745801618808,-0.0003862694294793843,-0.0014635959979901845
B0056,66,1.1012231317092755,1.1440529032991247,-0.03492731519680538,-0.006796945356232326,-0.0006324606580495342,0.0001819513714668181,-0.0024778733197997876,0.0018228716844886075
B0056,67,1.1560733948472832,1.1479596124055944,0.011633863853803859,-0.0012780833706815908,-0.0011893520178828914,-0.00278747621545547,0.0020220284553486567,-0.00028719823170760125
B0056,68,1.1385609898764002,1.1517298123482707,-0.013936135073324389,0.0035383104795320853,-0.003596222566199556,0.002739065792309374,-0.0016309333177107967,-0.0002829077281832928
B0056,69,1.1757265448773706,1.1548851761450405,0.016732602036372717,0.003052045844577806,0.0018228525906695528,-0.00042680851701878215,-0.001173787673187136,0.0008344644528477739
B0056,70,1.1969385632452556,1.1562811587527173,0.033800920921565385,0.0033753708769273007,0.002410098156980972,0.0006109750356734255,-7.666285081969143e-05,0.0005367023219742882
B0056,71,1.1267457988726266,1.1547934502234214,-0.032756609931815305,-0.0018635941797433403,0.006044213004504142,-0.002543348961889049,0.003651225579348647,-0.0005795367849880884
B0056,72,1.1601031368559531,1.1513904394965337,0.004398182444190759,-0.0005362220321496876,0.0022298709046177844,0.0017476353252070217,-0.001177905686176243,0.0020511364293546662
B0056,73,1.1361458729690275,1.1481481865444987,-0.013764620742661347,2.5429463156930316e-05,0.00226218365515167,-0.0011391339896072582,0.0016486181699900762,-0.0010347900695446767
B0056,74,1.1397253894261876,1.1430766590803145,-0.002083897203427836,0.00024223545363999242,-0.0019498800648886508,0.0008515969924676529,0.0013431508380000717,-0.0017544756133899319
B0056,75,1.1560010024767575,1.135648925328635,0.021791795275252115,-0.00032143362130511124,-0.000634241300759532,-0.0024295889001753213,-0.0004266122750371831,0.002372158001993414
B0056,76,1.126818619026835,1.1299857603217969,0.00047376455223253585,-0.000110195240618424,-0.004635915330063621,-0.00019441974141039676,0.0012977168908518894,1.9076501475080017e-06
B0056,77,1.116688355680394,1.1263812689132904,-0.006681482097148416,-6.611197205551184e-06,0.0013663218192685271,-0.0013976442034332,-0.001649922541228076,-0.001323574921685539
B0056,78,1.1330613197666846,1.119529338570305,0.01744299112583115,-0.002697905577327818,0.0023841471476345713,-0.0010752998755650758,-0.00282763347893072,0.00030568192137195164
B0056,79,1.0893839897995972,1.1158190718430996,-0.02484234471570716,-0.0027322345857296033,-0.00035654886746275494,0.0008244708422087955,0.0006184704268507212,5.310498920928586e-05
B0056,80,1.1120836459259367,1.1154875180330572,-0.0015720586169692245,0.0001334076773369871,-0.0008738943293188794,-0.002989264711874682,0.0035586890146387974,-0.00166075104248628
B0056,81,1.1279950254648337,1.1136814951032588,0.01155479354905893,0.004509399611539557,0.00559094327421907,-0.0074534448833293125,-0.0007210052800431777,0.0008328441644473247
B0056,82,1.1386774565024178,1.113223960761562,0.022564729876267352,0.0040947876253647425,0.005095707973714469,-0.010734912183511415,0.0013031363250837246,0.0031300461820543968
B0056,83,1.1271136962200643,1.1190531637846493,0.014822117631257356,0.001917808579451205,0.009001036680367919,-0.015100411944015476,-0.0007542845838051698,-0.0018257338521868816
B0056,84,1.1101508869653747,1.118776992342515,0.0038412325235315727,-0.0023069683293617032,0.00983920190980548,-0.023383148571622672,0.004995695612167519,-0.0016121184202822652
B0056,85,1.1344632260422465,1.1199711760278546,0.030741752838927695,-0.005107942611085946,0.011780951670511026,-0.027972954422061685,0.004582067306870852,0.00046817529573826215
B0056,86,1.108458756302863,1.124433040739434,0.0020727077423237667,-0.00854559184325193,0.023341350751216322,-0.037119805692816074,0.012858296408420346,-0.008581241698519057
B0056,87,1.0768220870214844,1.1283287023581237,-0.0420885693230094,-0.007154361153879015,0.04582012182752609,-0.053612931597467765,0.018733509161691864,-0.013204384099579055
B0056,88,1.128398212919817,1.1314321834374328,-0.014137743947272895,-0.001322876934978709,0.07191845254004316,-0.07412185427169261,0.033040252583122584,-0.01841020041313152
B0056,89,1.1066350346531368,1.1344393114105478,-0.06596951354866197,0.007033765106469217,0.10869615721580594,-0.09777733687805774,0.05053876480847112,-0.03032611335472739
B0056,90,1.271609072217319,1.1423499842665217,0.07073494678016738,0.008842843704190669,0.15954964917587933,-0.13791603756934662,0.0742824619616438,-0.04623477624521291
B0056,91,1.2415767175377967,1.1548605652797272,0.022229566669056934,-0.004441842312429825,0.22291664379389697,-0.18632866164183737,0.1088881077418826,-0.07654766209043107
B0056,92,1.174652904422814,1.1678391680743605,-0.04949884979315212,-0.03462909689638887,0.29948858217045937,-0.2539730736429834,0.15990914911279158,-0.11448297459871319
B0056,93,1.1989389885187762,1.1893088145151436,-0.012997329941929817,-0.09016326136750974,0.3946467995992149,-0.33437308086550555,0.2228002003042783,-0.17028315375818578
B0056,94,1.1461398965188563,1.2187276473150868,-0.04236443246384436,-0.16089452027249002,0.5050296996673354,-0.43183071009469526,0.2994130464749795,-0.24194083406071543
B0056,95,1.129224378671885,1.256237324060584,-0.027468085091715156,-0.24697135757560013,0.6372488345219423,-0.5515473155846274,0.3929368207168875,-0.3312118423031329
B0056,96,1.1103432888019913,1.296700043651103,-0.0041354768171587624,-0.3572934346305127,0.7973636624176538,-0.6927994580941292,0.5110766306481946,-0.44056867827207274
B0056,97,1.153909472897475,1.3514421159031624,0.08877589450705328,-0.4850777809090651,0.984672809904281,-0.8539998029042665,0.6443221598210277,-0.5762259233896998
B0056,98,1.1302191455340138,1.419709824192613,0.12432930645160747,-0.6290852291209598,1.195733008221677,-1.043755429454719,0.8059511634749219,-0.7426634981601821
B0056,99,1.1258719408034097,1.4905562207075713,0.19336896520508098,-0.8035933315347067,1.4402808686251731,-1.2626838762997261,0.9956677539369629,-0.9277246597594087
B0056,100,1.1430108283920968,1.5817746542308206,0.30377771508483215,-1.0045498808120747,1.7139707418536347,-1.5089841396225945,1.2137150935095802,-1.156693355800556
B0056,101,1.1372731775310292,1.683858153429207,0.4143725572193344,-1.2518190822661406,2.0305495961167828,-1.7803097312778937,1.4525042807804678,-1.4118825964104817
B0056,102,1.1290590137779504,1.8030357911900725,0.5513181802726778,-1.540961561156814,2.385664134079205,-2.09331630092271,1.7347690236587825,-1.7114502532705589
